Customer_ID,Full_Name,Gender,DOB,Age,Education,Occupation,Employer,Employment_Type,Industry,Annual_Income,Monthly_Income,Bank,IFSC,Account_Number,Account_Type,City,District,State,PIN,Customer_Segment,Savings_Balance,Credit_Card_Holder,Account_Open_Date,Nominee_Relation
CUST_00000001,Daksh Bakshi,Male,1995-02-22,31,Master's,Financial risk analyst,Dewan Ltd,Self-Employed Professional,Automobile,245527.83,20460.65,HDFC Bank,HDFC0001409,403832645883,Savings,Chennai,Chennai,Tamil Nadu,600242,Mass Market,13387.6,False,2011-08-22,Sibling
CUST_00000002,Chameli Sami,Female,1958-04-06,68,Bachelor's,Chief Financial Officer,Kaul PLC,Self-Employed Professional,Banking & Finance,587362.14,48946.85,IndusInd Bank,INDB0002424,566392613993,Savings,Mumbai,Mumbai City,Maharashtra,400195,Mass Market,62768.31,True,2019-08-19,Father
CUST_00000003,Hardik Saini,Male,1968-01-24,58,Diploma,Theme park manager,Ahuja-Dutta,Salaried - Govt,Education,302316.24,25193.02,IndusInd Bank,INDB0001434,317158893990,Savings,Kolkata,Kolkata,West Bengal,700559,Mass Market,46665.26,True,2021-03-03,Daughter
CUST_00000004,Onkar Mall,Male,1964-09-08,61,Bachelor's,Legal secretary,Chanda Group,Self-Employed Professional,Manufacturing,395978.46,32998.21,State Bank of India,SBIN0003615,566854953850,Savings,Surat,Surat,Gujarat,395259,Mass Market,45246.26,False,2011-07-20,Father
CUST_00000005,Orinder Lalla,Male,1998-07-21,28,High School,Pensioner,N/A,Retired,Government/Services,8543819.85,711984.99,Punjab National Bank,PUNB0002674,517010168081,Savings,Mysuru,Mysuru,Karnataka,570967,HNI,1039688.92,False,2021-09-03,Mother
CUST_00000006,David Radhakrishnan,Male,1960-09-14,65,High School,Hospital doctor,"Pathak, Handa and Boase",Salaried - Private,Services,561914.57,46826.21,Kotak Mahindra Bank,KKBK0001711,605645347792,Salary,Mysuru,Mysuru,Karnataka,570180,Mass Market,20890.94,True,2010-09-25,Daughter
CUST_00000007,Ishaan Mann,Male,2007-10-22,18,Bachelor's,"Exhibitions officer, museum/gallery",Rai LLC,Salaried - Private,Manufacturing,8291009.46,690917.45,IDFC FIRST Bank,IDFB0006925,312933106111,Salary,Bengaluru,Bengaluru Urban,Karnataka,560777,HNI,2372947.78,False,2017-04-03,Father
CUST_00000008,Rajata Gaba,Female,1975-11-06,50,High School,"Engineer, manufacturing systems","Loke, Bora and Garg",Salaried - Private,Manufacturing,316638.74,26386.56,HDFC Bank,HDFC0004814,211095701426,Savings,Howrah,Howrah,West Bengal,711564,Mass Market,30373.44,False,2018-07-18,Sibling
CUST_00000009,Jason Gade,Male,1980-08-18,45,Diploma,Geophysicist/field seismologist,"Kanda, Nair and Bhalla",Salaried - Govt,Retail & E-commerce,516922.73,43076.89,ICICI Bank,ICIC0007065,329159142739,Current,Hyderabad,Hyderabad,Telangana,500723,Mass Market,7442.2,False,2013-08-31,Sibling
CUST_00000010,Amol Mutti,Male,1977-06-16,49,High School,Brewing technologist,Murty and Sons,Self-Employed Business,Healthcare,1912212.9,159351.07,IndusInd Bank,INDB0005010,607507949295,Savings,Howrah,Howrah,West Bengal,711755,Affluent,358508.14,True,2020-06-26,Sibling
CUST_00000011,Rudra Shanker,Male,1964-01-13,62,Master's,Corporate treasurer,Yohannan LLC,Salaried - Govt,Agriculture,206694.51,17224.54,Axis Bank,UTIB0006313,945433611429,Savings,Mumbai,Mumbai City,Maharashtra,400941,Mass Market,24701.71,False,2021-12-13,Spouse
CUST_00000012,Upadhriti Rastogi,Female,1975-06-03,51,Bachelor's,Corporate investment banker,"Tak, Chand and Batta",Self-Employed Business,Retail & E-commerce,230229.58,19185.8,Bank of Baroda,BARB0005386,332212511873,Salary,Ahmedabad,Ahmedabad,Gujarat,380771,Mass Market,54066.87,False,2023-10-11,Son
CUST_00000013,Faraj Dutta,Male,1997-10-08,28,Bachelor's,"Pharmacist, hospital","Bhatt, Rajan and Raj",Salaried - Private,Government,359567.23,29963.94,Canara Bank,CNRB0003340,251461507038,Savings,Madurai,Madurai,Tamil Nadu,625674,Mass Market,3855.6,True,2019-07-14,Daughter
CUST_00000014,Vivaan Wadhwa,Male,1969-09-03,56,Diploma,Surgeon,Contractor Ltd,Salaried - Govt,Manufacturing,4294620.94,357885.08,IDFC FIRST Bank,IDFB0008019,743806247029,Salary,Howrah,Howrah,West Bengal,711324,HNI,1261804.14,True,2024-02-26,Father
CUST_00000015,Kiaan Oak,Male,1962-05-29,64,Diploma,"Presenter, broadcasting",Setty Inc,Salaried - Private,Agriculture,8541714.88,711809.57,Canara Bank,CNRB0002489,154785667210,Salary,Bengaluru,Bengaluru Urban,Karnataka,560742,HNI,1730147.89,False,2025-04-05,Father
CUST_00000016,Karan Tella,Male,1996-03-16,30,Master's,"Runner, broadcasting/film/video",Misra Ltd,Salaried - Govt,Automobile,2212964.34,184413.69,Bank of Baroda,BARB0002040,518264390725,Savings,Kanpur,Kanpur Nagar,Uttar Pradesh,208357,Affluent,177201.39,True,2018-02-14,Daughter
CUST_00000017,Hardik Dua,Male,1976-01-15,50,Master's,"Designer, television/film set","Wali, Acharya and Naik",Self-Employed Business,Information Technology,394513.87,32876.16,HDFC Bank,HDFC0009797,395282771728,Savings,Ahmedabad,Ahmedabad,Gujarat,380400,Mass Market,32471.0,True,2017-10-25,Son
CUST_00000018,Daksh Patil,Male,2002-04-10,24,Master's,Information systems manager,Bhardwaj and Sons,Salaried - Private,Healthcare,475267.96,39605.66,Canara Bank,CNRB0001053,894370590668,Current,Hyderabad,Hyderabad,Telangana,500619,Mass Market,28544.96,False,2024-01-18,Spouse
CUST_00000019,Balveer Chada,Male,1994-08-23,31,Bachelor's,Broadcast presenter,"Dass, Dave and Soman",Salaried - Private,Automobile,195492.52,16291.04,Kotak Mahindra Bank,KKBK0009317,317363871943,Savings,Delhi,East Delhi,Delhi,110880,Mass Market,46498.2,False,2025-02-23,Father
CUST_00000020,Fitan Lanka,Male,1984-01-12,42,Diploma,Training and development officer,Kakar-Zacharia,Self-Employed Business,Agriculture,240855.85,20071.32,IndusInd Bank,INDB0001009,454759765684,Current,Noida,Gautam Buddha Nagar,Uttar Pradesh,201214,Mass Market,37730.05,False,2022-01-31,Mother
CUST_00000021,Harish Muni,Male,1977-05-05,49,Bachelor's,Midwife,Varughese-Seth,Self-Employed Professional,Manufacturing,485850.87,40487.57,Axis Bank,UTIB0001949,190532572167,Savings,Noida,Gautam Buddha Nagar,Uttar Pradesh,201878,Mass Market,28848.17,False,2011-12-09,Daughter
CUST_00000022,Isaiah Bhatt,Male,1974-03-06,52,High School,Theatre stage manager,"Karpe, Kannan and Amble",Self-Employed Business,Healthcare,258337.77,21528.15,ICICI Bank,ICIC0008787,705362105548,Savings,Delhi,East Delhi,Delhi,110640,Mass Market,4976.59,False,2011-02-19,Daughter
CUST_00000023,Ayushman Karnik,Male,1960-02-11,66,High School,Ambulance person,Bobal-Varkey,Salaried - Govt,Government,450972.57,37581.05,Axis Bank,UTIB0009835,902107756371,Salary,Madurai,Madurai,Tamil Nadu,625419,Mass Market,14728.75,True,2013-10-22,Son
CUST_00000024,Watika Kala,Female,1984-08-18,41,High School,"Teacher, English as a foreign language","Solanki, Kibe and Solanki",Salaried - Private,Automobile,568371.32,47364.28,Punjab National Bank,PUNB0008177,670799496139,Savings,Noida,Gautam Buddha Nagar,Uttar Pradesh,201353,Mass Market,66045.77,False,2022-12-02,Father
CUST_00000025,Ikshita Chandra,Female,1961-08-24,64,Bachelor's,Plant breeder/geneticist,Sampath-Roy,Salaried - Govt,Banking & Finance,219103.16,18258.6,Punjab National Bank,PUNB0001344,708117155426,Current,Madurai,Madurai,Tamil Nadu,625325,Mass Market,67496.75,False,2017-06-21,Spouse
CUST_00000026,Avi Chaudhari,Male,1959-10-05,66,Diploma,"Librarian, academic",Kothari and Sons,Salaried - Private,Banking & Finance,2214798.47,184566.54,State Bank of India,SBIN0004750,178728590908,Salary,Coimbatore,Coimbatore,Tamil Nadu,641785,Affluent,404834.57,False,2013-01-16,Son
CUST_00000027,Udarsh Dey,Male,1978-07-14,48,High School,Health promotion specialist,Krish-Borra,Self-Employed Business,Education,183862.76,15321.9,IndusInd Bank,INDB0003167,730855031651,Salary,Noida,Gautam Buddha Nagar,Uttar Pradesh,201903,Mass Market,9407.42,False,2017-02-02,Son
CUST_00000028,Chandran Bedi,Male,1990-07-01,36,High School,"Sound technician, broadcasting/film/video",Chander and Sons,Salaried - Govt,Government,453823.73,37818.64,Axis Bank,UTIB0002545,821970820395,Salary,Howrah,Howrah,West Bengal,711533,Mass Market,18371.66,True,2012-08-29,Son
CUST_00000029,Xavier Srivastava,Male,1967-09-19,58,Bachelor's,Oncologist,Gala Group,Salaried - Govt,Real Estate,1783703.21,148641.93,State Bank of India,SBIN0002612,542641960943,Savings,Ahmedabad,Ahmedabad,Gujarat,380354,Affluent,277323.44,True,2010-01-13,Father
CUST_00000030,Robert Lanka,Male,2004-10-03,21,Diploma,Unemployed,N/A,Unemployed,None,554659.55,46221.63,Axis Bank,UTIB0009786,252250635901,Salary,Kolkata,Kolkata,West Bengal,700385,Mass Market,48073.12,False,2022-07-24,Son
CUST_00000031,Luke Sampath,Male,1992-10-22,33,Bachelor's,"Surveyor, commercial/residential","Sur, Dubey and Gupta",Salaried - Private,Education,1105390.25,92115.85,HDFC Bank,HDFC0008260,704971771246,Savings,Bengaluru,Bengaluru Urban,Karnataka,560767,Affluent,59726.39,True,2014-09-30,Daughter
CUST_00000032,Barkha Bhat,Female,1995-06-24,31,Master's,Barista,Sood PLC,Self-Employed Business,Information Technology,186491.78,15540.98,HDFC Bank,HDFC0004872,547390899554,Savings,Lucknow,Lucknow,Uttar Pradesh,226318,Mass Market,69767.26,False,2024-09-15,Son
CUST_00000033,Zilmil Dugar,Female,1959-07-26,67,Master's,Rural practice surveyor,Grewal Inc,Self-Employed Business,Information Technology,341741.05,28478.42,ICICI Bank,ICIC0007209,389439657508,Savings,Lucknow,Lucknow,Uttar Pradesh,226533,Mass Market,64132.98,True,2019-07-09,Sibling
CUST_00000034,Jacob Raval,Male,1962-11-03,63,Master's,"Teacher, early years/pre",Baral PLC,Self-Employed Professional,Telecom,220814.13,18401.18,IndusInd Bank,INDB0008973,306823277527,Current,Hyderabad,Hyderabad,Telangana,500159,Mass Market,46895.53,False,2011-04-25,Daughter
CUST_00000035,Nakul Lal,Male,1967-03-23,59,Bachelor's,Interior and spatial designer,Lanka Group,Self-Employed Business,Telecom,1854628.33,154552.36,IndusInd Bank,INDB0001998,446809914267,Savings,Mumbai,Mumbai City,Maharashtra,400698,Affluent,330993.63,True,2012-02-04,Son
CUST_00000036,Netra Shankar,Female,1973-01-15,53,Master's,"Buyer, industrial",Shanker PLC,Self-Employed Business,Agriculture,6286202.23,523850.19,IndusInd Bank,INDB0003579,188080452706,Salary,New Delhi,New Delhi,Delhi,110709,HNI,1453184.22,False,2025-12-21,Spouse
CUST_00000037,Daksha Borah,Female,1984-07-19,42,Bachelor's,Risk manager,Deo-Palla,Self-Employed Business,Automobile,337744.84,28145.4,Axis Bank,UTIB0007615,726594012825,Savings,Madurai,Madurai,Tamil Nadu,625708,Mass Market,8860.68,True,2024-02-03,Spouse
CUST_00000038,Jason Pingle,Male,1971-06-03,55,Bachelor's,Primary school teacher,"Mittal, Wadhwa and Anand",Salaried - Private,Services,192810.1,16067.51,HDFC Bank,HDFC0007868,742773523346,Salary,Surat,Surat,Gujarat,395309,Mass Market,4726.42,False,2020-09-07,Sibling
CUST_00000039,Mason Chawla,Male,2005-05-26,21,High School,Contractor,D’Alia-Chhabra,Salaried - Govt,Telecom,988477.85,82373.15,Punjab National Bank,PUNB0004910,534932502545,Savings,Delhi,East Delhi,Delhi,110568,Affluent,299156.19,True,2021-11-16,Mother
CUST_00000040,Faras Magar,Male,1971-04-02,55,Bachelor's,"Engineer, materials","Oza, Jani and Lalla",Salaried - Govt,Banking & Finance,2356533.74,196377.81,State Bank of India,SBIN0008508,177738827541,Savings,Madurai,Madurai,Tamil Nadu,625371,Affluent,256520.14,False,2018-02-01,Father
CUST_00000041,Jeremiah Behl,Male,1961-05-28,65,Bachelor's,Pharmacologist,Basu-Aggarwal,Salaried - Private,Retail & E-commerce,584312.33,48692.69,HDFC Bank,HDFC0005002,410824752082,Salary,Delhi,East Delhi,Delhi,110953,Mass Market,63026.55,True,2015-05-03,Daughter
CUST_00000042,Dhruv Lala,Male,1965-01-02,61,High School,Private music teacher,"Sane, Andra and Choudhury",Salaried - Private,Telecom,480130.29,40010.86,Kotak Mahindra Bank,KKBK0009666,830178040304,Savings,Hyderabad,Hyderabad,Telangana,500999,Mass Market,50194.41,False,2011-03-16,Father
CUST_00000043,Falguni Banik,Female,1999-12-24,26,Bachelor's,Television floor manager,"Divan, Sani and Datta",Salaried - Govt,Manufacturing,284047.02,23670.59,HDFC Bank,HDFC0002753,708779044123,Salary,Delhi,East Delhi,Delhi,110388,Mass Market,27986.01,False,2010-09-02,Daughter
CUST_00000044,Qabil Baral,Male,2003-04-28,23,High School,"Engineer, materials","Krish, Chauhan and Pandya",Salaried - Private,Education,539293.45,44941.12,Punjab National Bank,PUNB0004335,798737479634,Savings,Warangal,Warangal,Telangana,506357,Mass Market,53367.02,True,2022-06-25,Spouse
CUST_00000045,Samar Dubey,Male,2004-09-18,21,Bachelor's,Fast food restaurant manager,Goel Group,Salaried - Private,Banking & Finance,347371.99,28947.67,Bank of Baroda,BARB0005533,100189351213,Savings,Ahmedabad,Ahmedabad,Gujarat,380752,Mass Market,46957.06,True,2010-05-25,Mother
CUST_00000046,Ojas Sabharwal,Male,1998-04-19,28,Bachelor's,Fish farm manager,Dutta-Chokshi,Salaried - Govt,Healthcare,1785648.54,148804.05,Canara Bank,CNRB0008007,110999011248,Savings,Bengaluru,Bengaluru Urban,Karnataka,560807,Affluent,115173.77,False,2016-02-14,Father
CUST_00000047,Anirudh Singhal,Male,1968-03-02,58,Bachelor's,Pensioner,N/A,Retired,Government/Services,343031.37,28585.95,IndusInd Bank,INDB0001590,507311484139,Savings,Delhi,East Delhi,Delhi,110230,Mass Market,48960.04,False,2023-01-24,Spouse
CUST_00000048,Veda Palla,Female,1972-06-20,54,Bachelor's,Pensioner,N/A,Retired,Government/Services,3888012.62,324001.05,Kotak Mahindra Bank,KKBK0006974,146646362417,Savings,Ahmedabad,Ahmedabad,Gujarat,380798,HNI,545658.73,True,2022-09-22,Father
CUST_00000049,Ishaan Kapoor,Male,1957-11-02,68,Bachelor's,"Engineer, automotive",Narasimhan-Mallick,Salaried - Private,Automobile,534847.63,44570.64,HDFC Bank,HDFC0006794,717530897084,Salary,Kolkata,Kolkata,West Bengal,700342,Mass Market,3698.85,True,2023-10-30,Father
CUST_00000050,Liam Panchal,Male,1989-12-11,36,Bachelor's,Office manager,"Yadav, Narula and Bala",Salaried - Govt,Healthcare,1923127.88,160260.66,Bank of Baroda,BARB0001406,908224199827,Savings,Surat,Surat,Gujarat,395921,Affluent,371392.37,True,2011-11-05,Sibling
CUST_00000051,Leena Gokhale,Female,1986-10-12,39,Master's,Unemployed,N/A,Unemployed,None,336247.6,28020.63,Axis Bank,UTIB0005371,963972176017,Savings,Mysuru,Mysuru,Karnataka,570993,Mass Market,58678.15,False,2025-09-25,Spouse
CUST_00000052,Anjali Chopra,Female,1987-08-11,38,Bachelor's,Location manager,"Murthy, Sarin and Vaidya",Self-Employed Professional,Real Estate,785622.96,65468.58,Axis Bank,UTIB0004269,484229076692,Savings,Hyderabad,Hyderabad,Telangana,500328,Affluent,411021.16,False,2011-11-07,Spouse
CUST_00000053,Girish Kumar,Male,1958-12-01,67,Master's,Press photographer,Venkatesh PLC,Salaried - Private,Automobile,560260.43,46688.37,Axis Bank,UTIB0007528,406352552364,Savings,Mysuru,Mysuru,Karnataka,570459,Mass Market,8663.93,False,2020-12-27,Sibling
CUST_00000054,Indira Patla,Female,1979-01-09,47,Bachelor's,Lawyer,"Murthy, Dash and Mital",Salaried - Govt,Agriculture,303148.52,25262.38,Bank of Baroda,BARB0009785,224672594992,Salary,Hyderabad,Hyderabad,Telangana,500694,Mass Market,25992.51,False,2018-02-11,Mother
CUST_00000055,Tara Narain,Female,1977-07-09,49,Bachelor's,Hotel manager,"Datta, Handa and Salvi",Salaried - Private,Information Technology,204174.68,17014.56,HDFC Bank,HDFC0008119,900348631876,Savings,Surat,Surat,Gujarat,395720,Mass Market,42115.61,False,2020-08-21,Daughter
CUST_00000056,Sachi Ghosh,Female,1988-08-05,37,Bachelor's,Illustrator,Acharya-Modi,Salaried - Private,Banking & Finance,499834.47,41652.87,Bank of Baroda,BARB0004114,148338665100,Savings,Kolkata,Kolkata,West Bengal,700632,Mass Market,47129.92,True,2014-08-04,Daughter
CUST_00000057,Upasna Nagy,Female,1980-10-09,45,High School,Private music teacher,"Kala, Vaidya and Solanki",Self-Employed Business,Automobile,746427.81,62202.32,Axis Bank,UTIB0006967,174866852259,Current,Vadodara,Vadodara,Gujarat,390421,Affluent,83935.09,True,2022-09-12,Sibling
CUST_00000058,Frado Chad,Male,1971-05-11,55,Master's,Pensioner,N/A,Retired,Government/Services,40135127.41,3344593.95,HDFC Bank,HDFC0005920,441480490974,Savings,Howrah,Howrah,West Bengal,711512,Ultra HNI,10653970.47,False,2020-08-14,Sibling
CUST_00000059,Oliver Chander,Male,1999-02-20,27,Bachelor's,Farm manager,"Mukherjee, Kar and Issac",Self-Employed Business,Manufacturing,386902.54,32241.88,IndusInd Bank,INDB0003085,560385447606,Savings,Kolkata,Kolkata,West Bengal,700730,Mass Market,2828.82,True,2012-05-10,Daughter
CUST_00000060,Arin Konda,Male,2007-09-28,18,High School,Tree surgeon,Shah Group,Salaried - Govt,Manufacturing,1650063.78,137505.32,Bank of Baroda,BARB0009977,103580822352,Savings,Warangal,Warangal,Telangana,506315,Affluent,434869.02,True,2024-03-05,Son
CUST_00000061,Indali Rajagopalan,Female,1982-04-20,44,Diploma,Pensioner,N/A,Retired,Government/Services,587349.11,48945.76,IDFC FIRST Bank,IDFB0006279,587328413513,Salary,Kanpur,Kanpur Nagar,Uttar Pradesh,208318,Mass Market,5150.67,False,2013-11-26,Daughter
CUST_00000062,Aahana Chhabra,Other,1997-01-22,29,High School,English as a foreign language teacher,Vasa Group,Salaried - Govt,Real Estate,6375543.62,531295.3,ICICI Bank,ICIC0002389,663859569104,Salary,Ahmedabad,Ahmedabad,Gujarat,380938,HNI,1721737.14,False,2010-10-21,Father
CUST_00000063,Jeet Dara,Male,1980-04-30,46,Bachelor's,"Psychologist, forensic","Wali, Nadig and Savant",Self-Employed Business,Automobile,298004.54,24833.71,Kotak Mahindra Bank,KKBK0004680,318212526070,Salary,New Delhi,New Delhi,Delhi,110147,Mass Market,71380.04,False,2019-10-20,Father
CUST_00000064,Zayyan Sandhu,Male,1999-10-09,26,Bachelor's,Sports therapist,Dutt-Soman,Salaried - Private,Real Estate,374753.33,31229.44,IDFC FIRST Bank,IDFB0002193,557222530916,Savings,Madurai,Madurai,Tamil Nadu,625813,Mass Market,27794.71,True,2017-03-14,Son
CUST_00000065,Krishna Malhotra,Female,1996-05-28,30,Doctorate,"Scientist, research (life sciences)",Khare-Maharaj,Self-Employed Professional,Real Estate,310001.6,25833.47,Bank of Baroda,BARB0004997,817893352516,Salary,Mumbai,Mumbai City,Maharashtra,400897,Mass Market,61407.04,True,2017-01-14,Son
CUST_00000066,Mekhala Keer,Female,1970-09-24,55,Master's,Pensioner,N/A,Retired,Government/Services,1704147.35,142012.28,Axis Bank,UTIB0003881,669924601388,Current,Noida,Gautam Buddha Nagar,Uttar Pradesh,201670,Affluent,217297.21,False,2015-02-12,Father
CUST_00000067,Banjeet Devi,Male,1964-06-12,62,High School,Music therapist,"Dua, Kala and Bhatt",Salaried - Private,Banking & Finance,2377097.03,198091.42,Canara Bank,CNRB0003184,610248199023,Savings,Surat,Surat,Gujarat,395727,Affluent,110166.76,True,2016-08-21,Sibling
CUST_00000068,Oni Shukla,Female,1978-03-20,48,Master's,"Engineer, maintenance",Ramachandran-Bahri,Self-Employed Business,Agriculture,354224.19,29518.68,Bank of Baroda,BARB0009976,916727364232,Savings,Lucknow,Lucknow,Uttar Pradesh,226365,Mass Market,21958.72,False,2023-09-15,Father
CUST_00000069,Sachi Sood,Female,1956-11-30,69,Doctorate,Unemployed,N/A,Unemployed,None,502974.71,41914.56,Kotak Mahindra Bank,KKBK0009540,789276095704,Salary,Coimbatore,Coimbatore,Tamil Nadu,641550,Mass Market,70967.9,True,2015-08-18,Spouse
CUST_00000070,Robert Saini,Male,1984-07-30,42,High School,Pensioner,N/A,Retired,Government/Services,276029.98,23002.5,Kotak Mahindra Bank,KKBK0004841,466239227673,Savings,Vadodara,Vadodara,Gujarat,390182,Mass Market,51034.15,False,2021-10-02,Father
CUST_00000071,Imaran Sura,Male,1968-01-05,58,High School,Press photographer,Balakrishnan-Ramachandran,Self-Employed Professional,Healthcare,504373.72,42031.14,Axis Bank,UTIB0007275,270484216305,Salary,Chennai,Chennai,Tamil Nadu,600524,Mass Market,39971.94,False,2015-05-19,Son
CUST_00000072,Samaksh Gandhi,Male,2000-04-14,26,Master's,Conference centre manager,"Walla, Bala and Ramesh",Salaried - Private,Retail & E-commerce,192088.72,16007.39,IndusInd Bank,INDB0008633,166210246191,Savings,Coimbatore,Coimbatore,Tamil Nadu,641498,Mass Market,57125.02,False,2019-06-21,Daughter
CUST_00000073,Amara Chacko,Female,1990-01-04,36,Diploma,Control and instrumentation engineer,Gopal-Bedi,Salaried - Private,Telecom,327246.77,27270.56,State Bank of India,SBIN0007232,106343579654,Savings,Surat,Surat,Gujarat,395871,Mass Market,45063.99,True,2014-03-01,Son
CUST_00000074,Omisha Kakar,Female,1980-03-28,46,Diploma,Leisure centre manager,Mall-Sama,Salaried - Govt,Government,1313777.01,109481.42,IndusInd Bank,INDB0009947,764860371203,Salary,Coimbatore,Coimbatore,Tamil Nadu,641324,Affluent,298834.68,False,2014-01-14,Mother
CUST_00000075,Banjeet Singhal,Male,1957-08-13,68,Master's,"Solicitor, Scotland",Palla and Sons,Salaried - Private,Government,372837.02,31069.75,Canara Bank,CNRB0001475,471037316428,Savings,Kolkata,Kolkata,West Bengal,700960,Mass Market,73542.38,True,2020-05-26,Son
CUST_00000076,Anmol Balasubramanian,Male,2005-12-15,20,Diploma,"Engineer, communications",Dua and Sons,Salaried - Private,Healthcare,233779.25,19481.6,IDFC FIRST Bank,IDFB0009751,750232365798,Savings,Mumbai,Mumbai City,Maharashtra,400758,Mass Market,13088.9,False,2012-01-08,Son
CUST_00000077,Dakshesh Kamdar,Male,1980-10-10,45,High School,Furniture conservator/restorer,Ganesh-Contractor,Salaried - Private,Healthcare,1453130.95,121094.25,Canara Bank,CNRB0003977,383683812395,Savings,Howrah,Howrah,West Bengal,711316,Affluent,317023.1,True,2022-06-11,Son
CUST_00000078,Finn Mukhopadhyay,Male,1962-03-24,64,High School,Agricultural engineer,Prashad-Ranganathan,Salaried - Private,Retail & E-commerce,217255.06,18104.59,Punjab National Bank,PUNB0007211,925828823896,Savings,Howrah,Howrah,West Bengal,711954,Mass Market,10806.42,False,2025-01-23,Spouse
CUST_00000079,Hardik Borra,Male,1987-05-19,39,Bachelor's,Financial manager,Mitra Ltd,Salaried - Govt,Real Estate,196511.1,16375.93,State Bank of India,SBIN0009837,486340553307,Savings,Madurai,Madurai,Tamil Nadu,625170,Mass Market,60356.96,False,2019-08-10,Sibling
CUST_00000080,Darpan Barman,Male,1974-08-26,51,Master's,Pensioner,N/A,Retired,Government/Services,296288.61,24690.72,State Bank of India,SBIN0001508,374661490981,Salary,Chennai,Chennai,Tamil Nadu,600736,Mass Market,60852.69,False,2016-11-08,Father
CUST_00000081,Qasim Biswas,Male,1982-11-26,43,Diploma,Licensed conveyancer,Salvi Group,Salaried - Private,Education,439667.0,36638.92,ICICI Bank,ICIC0008758,227429355441,Savings,Coimbatore,Coimbatore,Tamil Nadu,641816,Mass Market,28930.7,False,2011-09-09,Mother
CUST_00000082,Pratyush Sharaf,Male,1993-05-13,33,Diploma,"Presenter, broadcasting",Vig Ltd,Self-Employed Professional,Retail & E-commerce,1521019.4,126751.62,ICICI Bank,ICIC0002876,217300018982,Savings,Pune,Pune,Maharashtra,411689,Affluent,262845.39,True,2014-04-28,Sibling
CUST_00000083,Wyatt Shroff,Male,1979-03-31,47,Diploma,"Therapist, drama",Naidu-Korpal,Salaried - Private,Government,188429.9,15702.49,Bank of Baroda,BARB0004249,748866464070,Savings,Chennai,Chennai,Tamil Nadu,600813,Mass Market,25511.78,False,2023-04-16,Mother
CUST_00000084,Caleb Mallick,Male,2002-06-04,24,High School,Financial planner,Raghavan-Nayar,Self-Employed Business,Automobile,465222.97,38768.58,IDFC FIRST Bank,IDFB0002983,961424120992,Savings,Pune,Pune,Maharashtra,411645,Mass Market,59609.5,True,2010-06-17,Son
CUST_00000085,Nicholas Gopal,Male,1981-12-11,44,Bachelor's,Marine scientist,Oak-Mammen,Self-Employed Professional,Automobile,233583.73,19465.31,Punjab National Bank,PUNB0002129,810842688886,Savings,Ahmedabad,Ahmedabad,Gujarat,380969,Mass Market,22715.64,False,2024-01-31,Son
CUST_00000086,Lakshit Anne,Male,1983-06-16,43,Bachelor's,"Engineer, aeronautical",Khurana Ltd,Salaried - Private,Real Estate,34230992.77,2852582.73,HDFC Bank,HDFC0008102,499263542423,Savings,Kanpur,Kanpur Nagar,Uttar Pradesh,208256,Ultra HNI,7456216.21,True,2016-07-02,Son
CUST_00000087,Jai Soni,Male,1990-03-05,36,High School,Recycling officer,Badal-Chander,Salaried - Private,Healthcare,252816.91,21068.08,IndusInd Bank,INDB0005425,987408586371,Savings,Lucknow,Lucknow,Uttar Pradesh,226546,Mass Market,67463.88,False,2014-09-16,Sibling
CUST_00000088,Samaksh Kohli,Male,1972-07-09,54,Bachelor's,Unemployed,N/A,Unemployed,None,347099.35,28924.95,IDFC FIRST Bank,IDFB0005397,198503450940,Salary,Warangal,Warangal,Telangana,506349,Mass Market,72771.34,False,2019-04-22,Son
CUST_00000089,Warjas Wali,Male,1974-06-22,52,High School,Statistician,Pandey-Setty,Self-Employed Professional,Services,6631397.99,552616.5,IDFC FIRST Bank,IDFB0007209,131509583569,Savings,Lucknow,Lucknow,Uttar Pradesh,226286,HNI,1600386.65,False,2014-05-02,Son
CUST_00000090,Jeremiah Kashyap,Male,1962-11-17,63,Diploma,"Engineer, automotive",Dar-Wason,Salaried - Private,Education,281812.09,23484.34,Punjab National Bank,PUNB0005232,406404422214,Savings,Hyderabad,Hyderabad,Telangana,500629,Mass Market,10383.09,False,2025-03-18,Father
CUST_00000091,George Handa,Male,1967-11-08,58,Bachelor's,Radio broadcast assistant,Vohra-Mandal,Salaried - Private,Banking & Finance,403687.56,33640.63,Axis Bank,UTIB0007658,711983781912,Savings,Madurai,Madurai,Tamil Nadu,625587,Mass Market,5783.12,True,2025-09-08,Sibling
CUST_00000092,Gunbir Minhas,Male,1968-06-06,58,Doctorate,Editorial assistant,Atwal-Walla,Salaried - Private,Telecom,1058353.18,88196.1,Canara Bank,CNRB0008342,120585489939,Salary,Mysuru,Mysuru,Karnataka,570326,Affluent,322601.09,False,2012-01-10,Son
CUST_00000093,Arin Bhagat,Male,1985-05-13,41,Bachelor's,Computer games developer,"Swaminathan, Chauhan and Arora",Salaried - Private,Telecom,8712707.5,726058.96,Axis Bank,UTIB0006016,738506846386,Savings,Surat,Surat,Gujarat,395666,HNI,2426556.51,False,2019-03-09,Daughter
CUST_00000094,Vrinda Srinivas,Female,1979-07-02,47,High School,Educational psychologist,Krishnan Group,Salaried - Private,Retail & E-commerce,1634051.6,136170.97,Bank of Baroda,BARB0006419,870310160681,Savings,Lucknow,Lucknow,Uttar Pradesh,226413,Affluent,386731.51,False,2011-10-29,Mother
CUST_00000095,Bachittar Rattan,Male,1982-03-01,44,High School,Technical author,"Bera, Doshi and Dixit",Salaried - Private,Education,1797355.0,149779.58,HDFC Bank,HDFC0004155,230204286982,Savings,New Delhi,New Delhi,Delhi,110321,Affluent,259226.17,False,2022-12-23,Sibling
CUST_00000096,Max Chada,Male,2008-04-04,18,Master's,Commissioning editor,"Saha, Kara and Virk",Salaried - Private,Real Estate,374325.51,31193.79,Kotak Mahindra Bank,KKBK0009595,411800842026,Salary,Bengaluru,Bengaluru Urban,Karnataka,560403,Mass Market,24000.58,False,2016-02-01,Father
CUST_00000097,Timothy Mishra,Male,2001-04-22,25,Master's,"Pilot, airline",Bhasin-Chaudhary,Salaried - Private,Retail & E-commerce,560718.29,46726.52,ICICI Bank,ICIC0005952,877449847333,Savings,Delhi,East Delhi,Delhi,110146,Mass Market,47569.37,False,2025-02-27,Spouse
CUST_00000098,Hemang Kakar,Male,1970-05-12,56,Diploma,Ceramics designer,Khatri and Sons,Salaried - Private,Agriculture,1716130.96,143010.91,Kotak Mahindra Bank,KKBK0003068,640104129762,Salary,Bengaluru,Bengaluru Urban,Karnataka,560687,Affluent,263384.44,False,2018-10-31,Mother
CUST_00000099,Farhan Agate,Male,1977-11-02,48,Diploma,"Therapist, music",Manne-Bali,Salaried - Private,Real Estate,660358.38,55029.86,Canara Bank,CNRB0008216,303326783773,Salary,Pune,Pune,Maharashtra,411982,Affluent,277955.87,False,2013-09-14,Son
CUST_00000100,Lohit Setty,Male,1960-04-22,66,Master's,Facilities manager,Hora-Sandal,Salaried - Private,Banking & Finance,829479.59,69123.3,HDFC Bank,HDFC0007565,179421446737,Salary,Mumbai,Mumbai City,Maharashtra,400252,Affluent,208914.92,True,2011-11-02,Daughter
CUST_00000101,Isaiah Dixit,Male,2003-10-25,22,Bachelor's,Curator,Bhasin and Sons,Self-Employed Professional,Manufacturing,471458.35,39288.2,HDFC Bank,HDFC0005066,710394101616,Savings,Kolkata,Kolkata,West Bengal,700894,Mass Market,41618.88,True,2022-09-06,Daughter
CUST_00000102,Maanas Sarna,Male,1963-01-27,63,Master's,Industrial buyer,"Rau, Magar and Tella",Salaried - Govt,Government,374042.44,31170.2,Canara Bank,CNRB0008253,436849259207,Savings,Nagpur,Nagpur,Maharashtra,440857,Mass Market,71151.68,False,2018-08-22,Spouse
CUST_00000103,Theodore Buch,Male,1987-09-08,38,Bachelor's,Podiatrist,"Naidu, Krishna and Bal",Salaried - Private,Education,2277812.91,189817.74,Axis Bank,UTIB0005335,188735863186,Salary,New Delhi,New Delhi,Delhi,110277,Affluent,276053.27,False,2011-06-18,Daughter
CUST_00000104,Aishani Luthra,Female,1986-07-22,40,High School,Economist,Venkataraman-Sathe,Salaried - Govt,Banking & Finance,358134.88,29844.57,ICICI Bank,ICIC0001043,595675808653,Current,Lucknow,Lucknow,Uttar Pradesh,226133,Mass Market,55760.43,False,2024-08-27,Father
CUST_00000105,Gautam Sarin,Male,1989-08-06,36,High School,Unemployed,N/A,Unemployed,None,824392.83,68699.4,Kotak Mahindra Bank,KKBK0005632,179259461026,Salary,Coimbatore,Coimbatore,Tamil Nadu,641906,Affluent,418336.75,False,2017-11-13,Sibling
CUST_00000106,Chakradev Singhal,Male,1974-09-10,51,Bachelor's,"Lecturer, further education",Cheema-Dyal,Salaried - Private,Services,517198.45,43099.87,Axis Bank,UTIB0007965,697493414595,Savings,Madurai,Madurai,Tamil Nadu,625252,Mass Market,2338.14,True,2015-04-12,Mother
CUST_00000107,Yug Mani,Male,1991-01-15,35,Master's,Oncologist,"Bansal, Sha and Chakrabarti",Salaried - Private,Healthcare,489750.52,40812.54,HDFC Bank,HDFC0001977,968296026728,Savings,Warangal,Warangal,Telangana,506549,Mass Market,35011.91,False,2015-01-12,Spouse
CUST_00000108,Neel D’Alia,Male,2007-01-10,19,High School,Operations geologist,"Agarwal, Shere and Sachdev",Salaried - Private,Real Estate,564235.28,47019.61,Kotak Mahindra Bank,KKBK0007594,400401507048,Savings,Lucknow,Lucknow,Uttar Pradesh,226182,Mass Market,28454.75,False,2010-11-13,Daughter
CUST_00000109,Pratyush Tara,Male,1989-02-09,37,Bachelor's,Arts development officer,Loke PLC,Salaried - Private,Information Technology,3529836.73,294153.06,Bank of Baroda,BARB0006280,377470837308,Savings,Mumbai,Mumbai City,Maharashtra,400334,HNI,1270710.66,False,2012-02-05,Sibling
CUST_00000110,Maanas Sarma,Male,2002-05-20,24,Bachelor's,Radio producer,Balakrishnan Ltd,Salaried - Private,Services,977830.07,81485.84,IDFC FIRST Bank,IDFB0001339,941811753545,Savings,Hyderabad,Hyderabad,Telangana,500881,Affluent,409221.72,True,2019-09-28,Father
CUST_00000111,Jagdish Dutt,Male,1972-10-04,53,Bachelor's,"Administrator, education","Reddy, Chander and Kar",Salaried - Govt,Real Estate,505721.6,42143.47,IndusInd Bank,INDB0008245,408877180672,Savings,Delhi,East Delhi,Delhi,110750,Mass Market,35090.08,True,2025-11-15,Son
CUST_00000112,Dakshesh Shenoy,Male,2005-10-28,20,Bachelor's,"Designer, exhibition/display",Manne-Upadhyay,Salaried - Private,Banking & Finance,541949.96,45162.5,Canara Bank,CNRB0006700,466826061886,Savings,Vadodara,Vadodara,Gujarat,390207,Mass Market,71066.43,True,2021-04-14,Father
CUST_00000113,Sarthak Subramanian,Male,2007-07-20,19,Bachelor's,Financial planner,Dhillon-Rajagopal,Salaried - Private,Retail & E-commerce,480708.34,40059.03,Bank of Baroda,BARB0009117,827087359039,Savings,Kolkata,Kolkata,West Bengal,700565,Mass Market,50101.45,True,2013-01-18,Spouse
CUST_00000114,Ekansh Boase,Male,1970-12-19,55,Bachelor's,Patent examiner,Tripathi-Loke,Salaried - Private,Retail & E-commerce,515964.76,42997.06,Kotak Mahindra Bank,KKBK0006296,545699699578,Salary,Nagpur,Nagpur,Maharashtra,440990,Mass Market,15033.76,True,2023-02-16,Daughter
CUST_00000115,Lohit Misra,Male,2000-02-17,26,Diploma,TEFL teacher,"Suri, Dixit and Sekhon",Self-Employed Professional,Real Estate,2094395.76,174532.98,Bank of Baroda,BARB0001888,667741343954,Salary,Vadodara,Vadodara,Gujarat,390874,Affluent,208873.41,True,2018-08-13,Son
CUST_00000116,Orinder Natarajan,Male,1985-04-16,41,Master's,Speech and language therapist,Shah-Nagy,Salaried - Private,Automobile,267312.23,22276.02,Canara Bank,CNRB0001845,392932052116,Savings,Delhi,East Delhi,Delhi,110548,Mass Market,3936.85,False,2023-11-30,Sibling
CUST_00000117,Jagdish Rajagopal,Male,1968-09-29,57,Bachelor's,Paediatric nurse,Nadkarni Ltd,Self-Employed Business,Real Estate,1215271.23,101272.6,HDFC Bank,HDFC0001472,795669368396,Savings,Madurai,Madurai,Tamil Nadu,625262,Affluent,153769.37,False,2017-07-26,Mother
CUST_00000118,Rayaan Raju,Male,2007-12-22,18,Bachelor's,"Designer, blown glass/stained glass",Bansal-Date,Salaried - Private,Agriculture,363173.14,30264.43,State Bank of India,SBIN0007684,345213466367,Current,Mysuru,Mysuru,Karnataka,570220,Mass Market,23496.0,False,2018-01-13,Sibling
CUST_00000119,Noah Chaudhry,Male,2002-01-14,24,Master's,Printmaker,Vora Group,Salaried - Private,Healthcare,2039739.46,169978.29,Canara Bank,CNRB0005781,875279701940,Savings,Warangal,Warangal,Telangana,506954,Affluent,220085.4,True,2010-03-31,Son
CUST_00000120,Ekbal Rout,Male,2001-11-13,24,Bachelor's,"Designer, fashion/clothing",Singh LLC,Salaried - Private,Real Estate,530670.7,44222.56,Axis Bank,UTIB0008483,261281455424,Savings,Kolkata,Kolkata,West Bengal,700713,Mass Market,73861.36,True,2015-06-02,Daughter
CUST_00000121,Rushil Buch,Male,2000-11-14,25,High School,"Social research officer, government",Nadig-Sura,Self-Employed Business,Telecom,422136.92,35178.08,ICICI Bank,ICIC0002143,947295030873,Savings,Howrah,Howrah,West Bengal,711906,Mass Market,22006.03,False,2023-12-16,Daughter
CUST_00000122,Anita Biswas,Female,1968-10-22,57,Diploma,Holiday representative,Chana Group,Salaried - Private,Manufacturing,558007.83,46500.65,State Bank of India,SBIN0005634,429535879738,Savings,Noida,Gautam Buddha Nagar,Uttar Pradesh,201557,Mass Market,65793.98,False,2025-08-26,Daughter
CUST_00000123,Chandresh Sawhney,Male,1965-04-03,61,High School,Hydrographic surveyor,Batra LLC,Self-Employed Business,Real Estate,340918.18,28409.85,Punjab National Bank,PUNB0006446,939889089976,Savings,Howrah,Howrah,West Bengal,711429,Mass Market,39880.99,True,2022-09-26,Father
CUST_00000124,Nandini Parmer,Female,1976-02-02,50,High School,Dancer,Wali Group,Salaried - Govt,Telecom,343504.16,28625.35,Axis Bank,UTIB0007274,554302504239,Savings,Pune,Pune,Maharashtra,411862,Mass Market,23074.64,False,2019-01-20,Son
CUST_00000125,Gautam Garde,Male,1965-09-15,60,Bachelor's,Travel agency manager,Khosla-Tank,Salaried - Private,Telecom,573468.49,47789.04,Bank of Baroda,BARB0007325,830094678828,Savings,Delhi,East Delhi,Delhi,110137,Mass Market,55477.76,True,2024-08-08,Father
CUST_00000126,Ekbal Kata,Male,1980-07-28,46,Bachelor's,Forest/woodland manager,Kumer-Andra,Salaried - Private,Agriculture,430674.0,35889.5,IDFC FIRST Bank,IDFB0006439,211109516823,Salary,Noida,Gautam Buddha Nagar,Uttar Pradesh,201638,Mass Market,26399.8,True,2024-05-19,Son
CUST_00000127,Viraj Mani,Male,1991-10-28,34,Bachelor's,"Designer, industrial/product",Sathe LLC,Salaried - Private,Information Technology,362627.48,30218.96,ICICI Bank,ICIC0007717,821000167049,Salary,New Delhi,New Delhi,Delhi,110580,Mass Market,19987.35,False,2025-10-19,Mother
CUST_00000128,Netra Samra,Female,1992-06-25,34,Diploma,"Programmer, multimedia",Issac-Rajagopalan,Salaried - Govt,Retail & E-commerce,218464.47,18205.37,IDFC FIRST Bank,IDFB0007512,188690373106,Savings,Vadodara,Vadodara,Gujarat,390979,Mass Market,68963.89,False,2023-08-27,Daughter
CUST_00000129,Damyanti Khalsa,Female,1976-06-05,50,Bachelor's,Mechanical engineer,"Merchant, Merchant and Bains",Salaried - Private,Government,546637.25,45553.1,Punjab National Bank,PUNB0008994,696452343376,Salary,Nagpur,Nagpur,Maharashtra,440170,Mass Market,55452.42,False,2025-08-24,Father
CUST_00000130,Siya Maharaj,Female,1957-01-11,69,Master's,Artist,"Taneja, Mangat and Karpe",Salaried - Private,Automobile,272907.97,22742.33,Kotak Mahindra Bank,KKBK0004727,201991584928,Current,Kolkata,Kolkata,West Bengal,700878,Mass Market,74099.76,False,2019-09-18,Sibling
CUST_00000131,Patrick Kanda,Male,1989-09-10,36,Bachelor's,Pensioner,N/A,Retired,Government/Services,418537.0,34878.08,HDFC Bank,HDFC0008269,860923742690,Savings,Hyderabad,Hyderabad,Telangana,500147,Mass Market,68830.65,False,2019-12-07,Mother
CUST_00000132,Ekapad Chatterjee,Male,2003-07-22,23,Master's,Unemployed,N/A,Unemployed,None,6004028.05,500335.67,State Bank of India,SBIN0005806,509561481457,Salary,Kolkata,Kolkata,West Bengal,700350,HNI,2210289.57,True,2020-05-04,Daughter
CUST_00000133,Nilima Sastry,Female,1958-05-06,68,High School,Medical sales representative,"Deep, Chana and Merchant",Salaried - Govt,Government,230638.09,19219.84,IDFC FIRST Bank,IDFB0003950,289708635239,Salary,Mangaluru,Dakshina Kannada,Karnataka,575991,Mass Market,7617.58,False,2015-03-25,Son
CUST_00000134,Sarthak Gill,Male,1967-01-16,59,Bachelor's,"Solicitor, Scotland",Wali-Thaker,Salaried - Private,Services,406586.34,33882.19,Axis Bank,UTIB0009153,743870697885,Savings,New Delhi,New Delhi,Delhi,110572,Mass Market,59722.79,False,2024-08-12,Sibling
CUST_00000135,Gayathri Kurian,Female,2004-02-09,22,Bachelor's,Race relations officer,Nigam-Contractor,Salaried - Private,Manufacturing,545441.53,45453.46,Canara Bank,CNRB0005183,111453993673,Salary,Lucknow,Lucknow,Uttar Pradesh,226793,Mass Market,3552.67,False,2017-06-29,Daughter
CUST_00000136,Bishakha Dhaliwal,Female,1995-10-19,30,Bachelor's,Unemployed,N/A,Unemployed,None,502219.08,41851.59,ICICI Bank,ICIC0002210,428941115748,Savings,Howrah,Howrah,West Bengal,711567,Mass Market,31340.96,False,2013-08-11,Mother
CUST_00000137,Sneha Pau,Female,1961-04-20,65,Doctorate,Nutritional therapist,Lalla PLC,Self-Employed Professional,Education,356969.94,29747.49,Bank of Baroda,BARB0008916,358156110078,Savings,Howrah,Howrah,West Bengal,711688,Mass Market,55843.51,True,2011-12-24,Mother
CUST_00000138,Qarin Lala,Male,1986-12-26,39,Diploma,Meteorologist,Kaur Group,Salaried - Private,Telecom,197679.14,16473.26,Kotak Mahindra Bank,KKBK0001359,536618772435,Current,Hyderabad,Hyderabad,Telangana,500679,Mass Market,3304.8,False,2010-05-27,Sibling
CUST_00000139,Nihal Kant,Male,1990-04-07,36,Bachelor's,"Psychologist, forensic","Mittal, Rege and Dada",Self-Employed Professional,Telecom,578983.7,48248.64,State Bank of India,SBIN0009138,417410688547,Savings,Madurai,Madurai,Tamil Nadu,625921,Mass Market,59403.19,True,2012-03-27,Mother
CUST_00000140,Anjali Modi,Female,2008-05-12,18,Master's,Commercial art gallery manager,Keer PLC,Salaried - Private,Education,250154.26,20846.19,Axis Bank,UTIB0005106,931839664317,Savings,New Delhi,New Delhi,Delhi,110742,Mass Market,74355.31,False,2012-03-03,Sibling
CUST_00000141,Vasana Prabhakar,Female,1991-06-14,35,Bachelor's,"Sound technician, broadcasting/film/video",Dubey-Sachdeva,Salaried - Govt,Information Technology,276881.32,23073.44,Kotak Mahindra Bank,KKBK0008222,735798459372,Savings,Vadodara,Vadodara,Gujarat,390234,Mass Market,14886.55,False,2020-06-23,Spouse
CUST_00000142,Yash Reddy,Male,2005-05-29,21,Bachelor's,Health service manager,Prabhakar and Sons,Salaried - Private,Manufacturing,587023.1,48918.59,Punjab National Bank,PUNB0007807,319797700469,Current,Delhi,East Delhi,Delhi,110643,Mass Market,66516.37,False,2017-02-03,Daughter
CUST_00000143,Jacob Patil,Male,1961-10-09,64,Bachelor's,Mental health nurse,"Parmer, Bhat and Rao",Self-Employed Professional,Manufacturing,244636.28,20386.36,ICICI Bank,ICIC0005210,632336233214,Savings,Warangal,Warangal,Telangana,506923,Mass Market,61555.82,False,2014-05-31,Spouse
CUST_00000144,Darsh Sha,Male,1961-05-16,65,Bachelor's,"Engineer, petroleum","Bail, Bedi and Nath",Salaried - Govt,Real Estate,218424.47,18202.04,HDFC Bank,HDFC0003306,897473738038,Savings,Howrah,Howrah,West Bengal,711192,Mass Market,66054.64,False,2013-11-24,Son
CUST_00000145,Dev Jha,Male,1960-03-04,66,Master's,Pensioner,N/A,Retired,Government/Services,2057128.93,171427.41,State Bank of India,SBIN0005332,235448546713,Savings,Lucknow,Lucknow,Uttar Pradesh,226788,Affluent,312096.79,True,2022-03-29,Sibling
CUST_00000146,Hemang Kalita,Male,1998-11-10,27,Bachelor's,"Exhibitions officer, museum/gallery",Divan-Agate,Salaried - Private,Automobile,1492576.32,124381.36,Kotak Mahindra Bank,KKBK0007242,803611924651,Savings,Ahmedabad,Ahmedabad,Gujarat,380791,Affluent,82418.49,False,2014-06-09,Father
CUST_00000147,Elijah De,Male,1984-09-06,41,Master's,Ecologist,Bal and Sons,Salaried - Private,Real Estate,428811.27,35734.27,State Bank of India,SBIN0006374,773945892375,Savings,Madurai,Madurai,Tamil Nadu,625164,Mass Market,62201.71,False,2010-03-28,Sibling
CUST_00000148,Jagat Naik,Male,1957-06-06,69,Diploma,Geochemist,Date Ltd,Self-Employed Business,Real Estate,1785213.3,148767.77,Kotak Mahindra Bank,KKBK0007689,250824974697,Salary,Mumbai,Mumbai City,Maharashtra,400411,Affluent,390232.69,False,2016-09-25,Son
CUST_00000149,Deepa Bhatt,Female,1981-05-11,45,Bachelor's,Medical illustrator,"Chopra, Seth and Thakur",Self-Employed Professional,Banking & Finance,496140.99,41345.08,HDFC Bank,HDFC0004846,692221269274,Salary,Delhi,East Delhi,Delhi,110564,Mass Market,13578.17,False,2013-07-18,Mother
CUST_00000150,Anthony Verma,Male,1972-04-13,54,Master's,Airline pilot,Srinivas Group,Salaried - Private,Automobile,492273.47,41022.79,IndusInd Bank,INDB0007866,918566393823,Salary,Delhi,East Delhi,Delhi,110770,Mass Market,13735.47,False,2016-10-26,Spouse
CUST_00000151,Chatura Swaminathan,Male,1993-08-18,32,High School,"Producer, radio",Buch LLC,Salaried - Private,Real Estate,592098.19,49341.52,IDFC FIRST Bank,IDFB0007686,135561213146,Savings,Ahmedabad,Ahmedabad,Gujarat,380554,Mass Market,48122.39,False,2019-09-25,Son
CUST_00000152,Bachittar Date,Male,1970-11-25,55,Bachelor's,Textile designer,"Nair, Raj and Wali",Salaried - Private,Education,1574279.84,131189.99,Punjab National Bank,PUNB0002627,855832329275,Savings,Vadodara,Vadodara,Gujarat,390760,Affluent,435196.8,False,2014-09-20,Mother
CUST_00000153,Yashawini Sani,Female,1961-10-06,64,High School,Pensioner,N/A,Retired,Government/Services,208491.56,17374.3,State Bank of India,SBIN0007523,307343331995,Salary,Mysuru,Mysuru,Karnataka,570193,Mass Market,23970.34,False,2021-03-24,Sibling
CUST_00000154,Hritik Sani,Male,1980-01-28,46,Bachelor's,Estate agent,Nori-Setty,Salaried - Private,Education,199211.65,16600.97,IDFC FIRST Bank,IDFB0001349,963505659547,Current,Ahmedabad,Ahmedabad,Gujarat,380228,Mass Market,65622.19,False,2016-05-18,Daughter
CUST_00000155,Charvi Munshi,Female,1978-10-14,47,Bachelor's,Freight forwarder,Dua-Som,Salaried - Private,Education,644256.45,53688.04,HDFC Bank,HDFC0004394,338741697466,Savings,Coimbatore,Coimbatore,Tamil Nadu,641892,Affluent,58849.42,False,2011-01-28,Father
CUST_00000156,Chaman Chander,Female,1979-01-20,47,Bachelor's,Microbiologist,Bhasin PLC,Salaried - Private,Services,598792.29,49899.36,State Bank of India,SBIN0005542,693263798805,Savings,Hyderabad,Hyderabad,Telangana,500212,Mass Market,33111.24,True,2025-04-21,Sibling
CUST_00000157,Omya Das,Female,1977-12-16,48,Bachelor's,Pharmacologist,"Behl, Mani and Muni",Salaried - Private,Information Technology,465809.71,38817.48,ICICI Bank,ICIC0001243,969122032652,Savings,Madurai,Madurai,Tamil Nadu,625431,Mass Market,49779.32,False,2015-08-17,Spouse
CUST_00000158,Zehaan Kala,Male,1964-08-25,61,Bachelor's,Pensioner,N/A,Retired,Government/Services,448180.9,37348.41,ICICI Bank,ICIC0005347,237664005555,Savings,Kolkata,Kolkata,West Bengal,700863,Mass Market,31024.39,False,2017-09-18,Spouse
CUST_00000159,Chatura Palla,Male,2000-07-16,26,Master's,Mental health nurse,Mallick PLC,Salaried - Private,Real Estate,193076.31,16089.69,Canara Bank,CNRB0006931,750744401927,Savings,Mysuru,Mysuru,Karnataka,570615,Mass Market,49571.68,False,2013-08-14,Father
CUST_00000160,Upadhriti Bal,Female,1988-04-03,38,Bachelor's,Pensioner,N/A,Retired,Government/Services,544821.73,45401.81,IDFC FIRST Bank,IDFB0001710,962116944078,Salary,Warangal,Warangal,Telangana,506758,Mass Market,58691.57,False,2020-07-10,Spouse
CUST_00000161,Lila Balakrishnan,Female,1965-12-26,60,Bachelor's,Insurance broker,Panchal-Ahuja,Salaried - Private,Information Technology,566756.1,47229.67,Canara Bank,CNRB0007580,853450108054,Salary,Mysuru,Mysuru,Karnataka,570829,Mass Market,47015.47,False,2012-11-25,Son
CUST_00000162,Ekbal Rattan,Male,1960-03-23,66,High School,Airline pilot,Wali and Sons,Self-Employed Professional,Banking & Finance,264220.39,22018.37,HDFC Bank,HDFC0006277,261526407509,Savings,Bengaluru,Bengaluru Urban,Karnataka,560381,Mass Market,37886.4,False,2016-01-08,Daughter
CUST_00000163,Utkarsh Om,Male,1964-10-15,61,Diploma,Insurance underwriter,"Nair, Chad and Ben",Self-Employed Professional,Automobile,371192.46,30932.71,IDFC FIRST Bank,IDFB0009984,459540958538,Savings,Howrah,Howrah,West Bengal,711564,Mass Market,2848.3,True,2012-06-28,Daughter
CUST_00000164,Aryan Bumb,Male,1970-10-01,55,Bachelor's,Photographer,Sathe-Sachdeva,Salaried - Private,Services,541251.41,45104.28,Bank of Baroda,BARB0002624,872205467773,Savings,Mangaluru,Dakshina Kannada,Karnataka,575766,Mass Market,58929.12,False,2014-05-16,Daughter
CUST_00000165,Dakshesh Pai,Male,1978-12-13,47,Diploma,Unemployed,N/A,Unemployed,None,389533.02,32461.09,Axis Bank,UTIB0008046,551952938516,Salary,Surat,Surat,Gujarat,395508,Mass Market,47125.37,False,2014-07-14,Son
CUST_00000166,Yagnesh Vyas,Male,1991-04-12,35,Diploma,Armed forces technical officer,Rana PLC,Salaried - Govt,Telecom,327263.31,27271.94,HDFC Bank,HDFC0006120,445430321140,Savings,Warangal,Warangal,Telangana,506256,Mass Market,4423.83,True,2010-11-17,Sibling
CUST_00000167,Harsh Mitra,Male,2005-09-25,20,Bachelor's,"Copywriter, advertising",Mann-Narang,Self-Employed Professional,Real Estate,960270.44,80022.54,HDFC Bank,HDFC0002494,193766746282,Savings,Mysuru,Mysuru,Karnataka,570198,Affluent,116993.03,False,2011-12-03,Sibling
CUST_00000168,Yadavi Sani,Female,1965-09-27,60,High School,Pensioner,N/A,Retired,Government/Services,407344.46,33945.37,Punjab National Bank,PUNB0003131,166814103555,Salary,Vadodara,Vadodara,Gujarat,390225,Mass Market,53761.42,False,2016-01-31,Son
CUST_00000169,Jyoti Tella,Female,1985-08-23,40,Diploma,Manufacturing systems engineer,Ranganathan Ltd,Self-Employed Business,Retail & E-commerce,555823.0,46318.58,Bank of Baroda,BARB0001842,417691853029,Salary,Warangal,Warangal,Telangana,506206,Mass Market,41974.24,False,2010-09-05,Daughter
CUST_00000170,Aditya Sharaf,Male,2004-06-23,22,Bachelor's,Intelligence analyst,"Sanghvi, Ravel and Sahni",Self-Employed Professional,Agriculture,205347.88,17112.32,Axis Bank,UTIB0003535,631101638339,Savings,Chennai,Chennai,Tamil Nadu,600458,Mass Market,20038.54,False,2014-08-19,Daughter
CUST_00000171,Tanmayi Bail,Female,2006-10-26,19,Diploma,Unemployed,N/A,Unemployed,None,256489.52,21374.13,Punjab National Bank,PUNB0002882,408218044268,Salary,Coimbatore,Coimbatore,Tamil Nadu,641965,Mass Market,59647.99,False,2012-10-01,Daughter
CUST_00000172,Victor Pathak,Male,1961-03-10,65,Bachelor's,Claims inspector/assessor,Sarin PLC,Self-Employed Professional,Services,598460.24,49871.69,IDFC FIRST Bank,IDFB0001430,395036212198,Salary,Mumbai,Mumbai City,Maharashtra,400379,Mass Market,73159.9,True,2016-05-28,Sibling
CUST_00000173,Chaaya Randhawa,Female,2001-11-05,24,High School,"Librarian, academic",Nath and Sons,Salaried - Private,Manufacturing,374301.64,31191.8,Punjab National Bank,PUNB0006751,297594719776,Salary,Delhi,East Delhi,Delhi,110171,Mass Market,65383.89,False,2011-03-23,Father
CUST_00000174,Dakshesh Wali,Male,1983-02-09,43,Diploma,Magazine journalist,Divan-Keer,Salaried - Private,Telecom,11604367.66,967030.64,State Bank of India,SBIN0002503,683025110578,Savings,Coimbatore,Coimbatore,Tamil Nadu,641529,Ultra HNI,21941724.41,True,2011-08-24,Son
CUST_00000175,Lavanya Hora,Female,1965-08-16,60,Bachelor's,"Designer, ceramics/pottery","Borra, Goel and Tak",Self-Employed Business,Retail & E-commerce,5605079.04,467089.92,ICICI Bank,ICIC0007062,891612454760,Savings,Vadodara,Vadodara,Gujarat,390710,HNI,981338.37,False,2017-06-03,Spouse
CUST_00000176,Udarsh Naidu,Male,2001-07-09,25,Bachelor's,Interpreter,Sarraf Inc,Salaried - Govt,Information Technology,836821.83,69735.15,ICICI Bank,ICIC0003579,781845110195,Current,Nagpur,Nagpur,Maharashtra,440183,Affluent,336329.99,True,2017-07-02,Mother
CUST_00000177,Max Maharaj,Male,1987-05-06,39,Master's,Management consultant,"Borah, Mukherjee and Shenoy",Salaried - Private,Real Estate,1486100.14,123841.68,Bank of Baroda,BARB0008957,587938676045,Salary,Howrah,Howrah,West Bengal,711320,Affluent,148892.43,True,2017-03-25,Daughter
CUST_00000178,Ayush Pillay,Male,1999-10-30,26,Bachelor's,Camera operator,"Chana, Tripathi and Rajagopalan",Salaried - Govt,Banking & Finance,344254.25,28687.85,Punjab National Bank,PUNB0008043,409713913259,Savings,Kanpur,Kanpur Nagar,Uttar Pradesh,208783,Mass Market,72767.1,False,2017-05-27,Mother
CUST_00000179,Ansh Sengupta,Male,2003-11-06,22,Bachelor's,"Teacher, music","Guha, Nagy and Soni",Salaried - Private,Information Technology,5848800.51,487400.04,Axis Bank,UTIB0007475,761358158184,Savings,Mumbai,Mumbai City,Maharashtra,400309,HNI,895705.97,True,2018-01-08,Mother
CUST_00000180,Azaan Seshadri,Male,1961-12-27,64,Diploma,Lobbyist,"Chad, Thaman and Gera",Self-Employed Business,Education,284459.99,23705.0,ICICI Bank,ICIC0005186,457725451521,Salary,Bengaluru,Bengaluru Urban,Karnataka,560609,Mass Market,47051.58,False,2010-08-17,Sibling
CUST_00000181,Theodore Sarna,Male,1983-11-04,42,High School,Travel agency manager,Patla LLC,Salaried - Private,Government,1794848.15,149570.68,ICICI Bank,ICIC0003116,685748530791,Salary,Madurai,Madurai,Tamil Nadu,625672,Affluent,239852.35,False,2024-09-07,Sibling
CUST_00000182,Rishi Rege,Male,1996-11-08,29,Master's,"Therapist, sports",Natt Inc,Salaried - Private,Retail & E-commerce,293294.84,24441.24,HDFC Bank,HDFC0007505,915450068702,Savings,Pune,Pune,Maharashtra,411119,Mass Market,6167.34,False,2015-04-11,Son
CUST_00000183,Sanya Mander,Female,1969-09-14,56,High School,Toxicologist,Nath Inc,Salaried - Private,Banking & Finance,572227.51,47685.63,Punjab National Bank,PUNB0008033,544844364378,Savings,Howrah,Howrah,West Bengal,711217,Mass Market,25079.4,True,2019-04-28,Son
CUST_00000184,Ekavir Palla,Male,1972-09-24,53,Doctorate,Pensioner,N/A,Retired,Government/Services,579760.95,48313.41,State Bank of India,SBIN0006321,981206485371,Salary,Kanpur,Kanpur Nagar,Uttar Pradesh,208470,Mass Market,48655.76,False,2020-06-30,Spouse
CUST_00000185,Rohan Dayal,Male,1987-07-13,39,Bachelor's,Chartered accountant,Puri-Narasimhan,Self-Employed Professional,Government,192588.91,16049.08,HDFC Bank,HDFC0004986,746116310824,Salary,Kolkata,Kolkata,West Bengal,700505,Mass Market,24478.89,False,2023-01-04,Mother
CUST_00000186,Chakradhar Sampath,Male,1983-01-13,43,Bachelor's,Pensioner,N/A,Retired,Government/Services,462492.89,38541.07,Punjab National Bank,PUNB0004630,956129010748,Salary,New Delhi,New Delhi,Delhi,110622,Mass Market,34393.77,True,2010-04-17,Sibling
CUST_00000187,Nilima Gole,Female,2006-01-14,20,Master's,Pensioner,N/A,Retired,Government/Services,388813.4,32401.12,HDFC Bank,HDFC0009693,312643624935,Salary,Surat,Surat,Gujarat,395844,Mass Market,47102.85,False,2015-06-20,Sibling
CUST_00000188,Xavier Handa,Male,1968-05-19,58,Master's,"Copywriter, advertising",Brahmbhatt LLC,Self-Employed Professional,Healthcare,270583.56,22548.63,Axis Bank,UTIB0002684,379801847378,Savings,Chennai,Chennai,Tamil Nadu,600716,Mass Market,50098.64,False,2023-07-05,Father
CUST_00000189,Chandresh Tripathi,Male,1996-09-01,29,High School,Secretary/administrator,Nayar PLC,Self-Employed Professional,Automobile,11928481.55,994040.13,HDFC Bank,HDFC0003902,950194325949,Savings,Lucknow,Lucknow,Uttar Pradesh,226872,Ultra HNI,24475006.24,False,2012-02-05,Daughter
CUST_00000190,Riya Dube,Female,1965-01-15,61,Bachelor's,Diagnostic radiographer,"Sarma, Bassi and Roy",Self-Employed Professional,Services,1327452.58,110621.05,Canara Bank,CNRB0006295,446291261920,Salary,Delhi,East Delhi,Delhi,110169,Affluent,180813.26,False,2015-10-30,Son
CUST_00000191,Kashish Sawhney,Female,1988-05-04,38,Bachelor's,"Production assistant, radio",Walla and Sons,Salaried - Private,Real Estate,816376.3,68031.36,Kotak Mahindra Bank,KKBK0005500,162669670656,Savings,Vadodara,Vadodara,Gujarat,390175,Affluent,267795.64,True,2014-12-14,Mother
CUST_00000192,Wahab Hari,Male,1975-09-22,50,Bachelor's,"Teacher, English as a foreign language",Shenoy-Manda,Self-Employed Professional,Real Estate,368451.32,30704.28,Canara Bank,CNRB0001616,503971266742,Savings,Hyderabad,Hyderabad,Telangana,500760,Mass Market,19340.72,True,2022-06-13,Spouse
CUST_00000193,Zayan Wable,Male,1978-05-14,48,Bachelor's,"Designer, television/film set",Devi LLC,Self-Employed Professional,Services,374667.5,31222.29,IDFC FIRST Bank,IDFB0009307,608457480605,Salary,Pune,Pune,Maharashtra,411929,Mass Market,29724.36,False,2010-11-01,Daughter
CUST_00000194,Wridesh Prabhu,Male,1985-06-05,41,High School,"Civil engineer, contracting","Varty, Dash and Mane",Salaried - Private,Automobile,347505.57,28958.8,Axis Bank,UTIB0006267,622289523089,Savings,New Delhi,New Delhi,Delhi,110561,Mass Market,44352.58,False,2011-05-06,Spouse
CUST_00000195,Gaurika Mahajan,Female,1979-12-17,46,Master's,Scientific laboratory technician,Sarkar Inc,Self-Employed Professional,Retail & E-commerce,2538567.63,211547.3,HDFC Bank,HDFC0009266,291753655750,Savings,Mumbai,Mumbai City,Maharashtra,400824,HNI,811133.77,False,2025-02-20,Son
CUST_00000196,Janya Seshadri,Female,2002-07-31,24,Diploma,Pensioner,N/A,Retired,Government/Services,572463.13,47705.26,Canara Bank,CNRB0009586,772260083878,Savings,Delhi,East Delhi,Delhi,110481,Mass Market,27668.46,False,2024-11-19,Mother
CUST_00000197,Sarthak Bera,Male,1977-03-18,49,Diploma,Midwife,Raju Inc,Salaried - Private,Government,1570490.3,130874.19,Bank of Baroda,BARB0006543,760045839791,Savings,Nagpur,Nagpur,Maharashtra,440762,Affluent,174523.08,False,2015-12-31,Mother
CUST_00000198,Akshay Nagar,Male,2004-12-24,21,Bachelor's,Legal executive,Devan Inc,Salaried - Private,Banking & Finance,466069.5,38839.12,Punjab National Bank,PUNB0002548,845425775966,Savings,Howrah,Howrah,West Bengal,711358,Mass Market,15245.0,False,2014-08-04,Sibling
CUST_00000199,Warinder Dewan,Male,1996-01-16,30,Bachelor's,"Psychotherapist, child",Ahluwalia-Buch,Salaried - Private,Automobile,6074946.92,506245.58,IDFC FIRST Bank,IDFB0003463,187331124984,Savings,Delhi,East Delhi,Delhi,110417,HNI,2092584.35,True,2010-04-22,Sibling
CUST_00000200,Hritik Doctor,Male,1985-02-16,41,Master's,Transport planner,"Sampath, Choudhry and Mani",Salaried - Govt,Telecom,2191571.63,182630.97,Bank of Baroda,BARB0003112,879944763170,Savings,Mysuru,Mysuru,Karnataka,570672,Affluent,141231.91,False,2013-10-20,Son
CUST_00000201,Darsh Batta,Male,1968-12-31,57,Master's,Writer,Bhatnagar-Choudhry,Self-Employed Business,Automobile,279485.63,23290.47,Punjab National Bank,PUNB0003093,871677274007,Savings,Mangaluru,Dakshina Kannada,Karnataka,575786,Mass Market,58978.36,False,2023-05-21,Son
CUST_00000202,Yahvi Wason,Female,1957-06-18,69,Bachelor's,"Scientist, biomedical","Khurana, Dhawan and Manne",Self-Employed Professional,Agriculture,442020.92,36835.08,Punjab National Bank,PUNB0001298,440859761513,Savings,New Delhi,New Delhi,Delhi,110449,Mass Market,34979.04,True,2016-11-13,Son
CUST_00000203,Qushi Khosla,Female,1986-04-07,40,Master's,"Embryologist, clinical","Chada, Viswanathan and Patel",Salaried - Private,Education,189928.21,15827.35,Axis Bank,UTIB0003253,182269863100,Savings,Hyderabad,Hyderabad,Telangana,500619,Mass Market,48863.92,False,2011-01-31,Daughter
CUST_00000204,Zehaan Tripathi,Male,1985-05-28,41,Diploma,Newspaper journalist,Bassi-Ram,Salaried - Private,Telecom,388642.08,32386.84,IndusInd Bank,INDB0001618,472210151899,Savings,Delhi,East Delhi,Delhi,110257,Mass Market,74108.34,False,2025-09-11,Father
CUST_00000205,Jonathan Babu,Male,1975-03-02,51,Bachelor's,Broadcast journalist,Khosla-Chawla,Self-Employed Professional,Healthcare,596327.52,49693.96,IDFC FIRST Bank,IDFB0003712,584133794547,Savings,Pune,Pune,Maharashtra,411473,Mass Market,11372.78,False,2022-05-05,Sibling
CUST_00000206,Ojas Deol,Male,1958-11-30,67,Diploma,Sports coach,Gill-Shetty,Salaried - Private,Telecom,555560.17,46296.68,Axis Bank,UTIB0008277,411860132678,Savings,Noida,Gautam Buddha Nagar,Uttar Pradesh,201646,Mass Market,16006.31,True,2025-09-09,Father
CUST_00000207,Wriddhish Gopal,Male,1998-10-12,27,High School,Biomedical scientist,"Shankar, Bansal and Memon",Salaried - Govt,Manufacturing,516149.73,43012.48,Canara Bank,CNRB0004178,844609207085,Savings,Lucknow,Lucknow,Uttar Pradesh,226887,Mass Market,19060.98,False,2013-03-23,Mother
CUST_00000208,Harish Barman,Male,1973-01-04,53,Bachelor's,Insurance claims handler,"Rao, Solanki and Kulkarni",Salaried - Private,Government,461184.52,38432.04,IndusInd Bank,INDB0009641,998344199423,Salary,Madurai,Madurai,Tamil Nadu,625241,Mass Market,74572.17,False,2010-08-02,Mother
CUST_00000209,Ikshita Mangal,Female,1975-02-28,51,Bachelor's,Art gallery manager,"Narula, Mahajan and Dash",Salaried - Private,Information Technology,582202.62,48516.89,Canara Bank,CNRB0007081,882124667398,Salary,Mysuru,Mysuru,Karnataka,570185,Mass Market,14797.11,True,2022-10-15,Father
CUST_00000210,Tejas Ratta,Male,1995-03-27,31,High School,Nature conservation officer,Grover-Taneja,Salaried - Private,Manufacturing,1225628.74,102135.73,Canara Bank,CNRB0009410,200663178163,Salary,Coimbatore,Coimbatore,Tamil Nadu,641457,Affluent,315964.69,False,2021-01-26,Spouse
CUST_00000211,Qarin Venkataraman,Male,1970-06-21,56,Bachelor's,Charity fundraiser,"Samra, Brar and Sani",Salaried - Private,Government,47080038.72,3923336.56,State Bank of India,SBIN0007495,510177997256,Salary,Coimbatore,Coimbatore,Tamil Nadu,641183,Ultra HNI,14419014.0,False,2019-08-22,Mother
CUST_00000212,Gautam Memon,Male,1973-04-20,53,High School,Cartographer,Merchant-Mohan,Self-Employed Professional,Education,526948.4,43912.37,State Bank of India,SBIN0006221,211372049245,Salary,Ahmedabad,Ahmedabad,Gujarat,380240,Mass Market,59088.05,True,2017-02-18,Spouse
CUST_00000213,Tanay Ganesan,Male,1992-06-14,34,Diploma,Make,Basak-Pandit,Salaried - Private,Manufacturing,573522.29,47793.52,Canara Bank,CNRB0003273,876353311207,Savings,Lucknow,Lucknow,Uttar Pradesh,226730,Mass Market,42427.56,True,2019-11-02,Spouse
CUST_00000214,Teerth Maharaj,Male,1989-11-03,36,Bachelor's,Barista,Ravi LLC,Salaried - Govt,Banking & Finance,6176922.47,514743.54,State Bank of India,SBIN0005193,701937603321,Salary,Kolkata,Kolkata,West Bengal,700894,HNI,2483531.83,True,2018-03-17,Mother
CUST_00000215,Gauri Balasubramanian,Female,1964-01-11,62,High School,Translator,"Sarma, Banerjee and Date",Self-Employed Business,Education,548749.21,45729.1,Kotak Mahindra Bank,KKBK0002996,362198087367,Salary,Howrah,Howrah,West Bengal,711164,Mass Market,65368.14,False,2011-01-28,Spouse
CUST_00000216,Qadim Pathak,Male,1976-07-03,50,High School,Tax adviser,Dube Ltd,Salaried - Private,Real Estate,471879.46,39323.29,IDFC FIRST Bank,IDFB0009782,791560323940,Current,Madurai,Madurai,Tamil Nadu,625247,Mass Market,27265.28,False,2017-03-13,Mother
CUST_00000217,Reva Prabhu,Female,1979-09-05,46,High School,Camera operator,"Devan, Wagle and Peri",Self-Employed Business,Government,6101670.58,508472.55,State Bank of India,SBIN0006780,728098440767,Salary,Kolkata,Kolkata,West Bengal,700780,HNI,1673131.17,True,2016-05-14,Sibling
CUST_00000218,Liam Krish,Male,2006-07-10,20,Bachelor's,Agricultural engineer,"Grewal, Tata and Vasa",Salaried - Private,Banking & Finance,208632.37,17386.03,IndusInd Bank,INDB0006908,699259862247,Savings,Pune,Pune,Maharashtra,411994,Mass Market,3884.27,False,2016-03-11,Son
CUST_00000219,Dhriti Lala,Female,1996-11-17,29,Bachelor's,Pensioner,N/A,Retired,Government/Services,310962.78,25913.57,State Bank of India,SBIN0007338,512235425357,Savings,Hyderabad,Hyderabad,Telangana,500465,Mass Market,38948.36,True,2021-04-06,Spouse
CUST_00000220,Hredhaan Mangal,Male,1992-09-02,33,Diploma,Recycling officer,Das and Sons,Salaried - Govt,Retail & E-commerce,243850.44,20320.87,Axis Bank,UTIB0002698,738968732973,Salary,Ahmedabad,Ahmedabad,Gujarat,380145,Mass Market,6478.52,False,2023-08-24,Mother
CUST_00000221,Upkaar Gera,Male,2003-04-23,23,High School,Unemployed,N/A,Unemployed,None,471914.8,39326.23,IndusInd Bank,INDB0006546,807868630522,Savings,Delhi,East Delhi,Delhi,110812,Mass Market,73808.56,True,2017-02-13,Son
CUST_00000222,Caleb Nagarajan,Male,1991-04-25,35,Diploma,Bookseller,"Mannan, Mital and Dugar",Salaried - Private,Automobile,206162.56,17180.21,ICICI Bank,ICIC0003209,886250029907,Current,Noida,Gautam Buddha Nagar,Uttar Pradesh,201400,Mass Market,39187.82,False,2021-05-22,Father
CUST_00000223,Harita Pathak,Female,1983-01-18,43,Bachelor's,Community development worker,Dewan and Sons,Salaried - Private,Information Technology,401357.41,33446.45,Axis Bank,UTIB0001686,663972481559,Savings,Howrah,Howrah,West Bengal,711359,Mass Market,33104.09,False,2022-08-24,Spouse
CUST_00000224,Agastya Patel,Male,1985-05-26,41,High School,"Merchandiser, retail",Dayal-Chadha,Salaried - Private,Automobile,527565.92,43963.83,Axis Bank,UTIB0005687,154893296571,Salary,Surat,Surat,Gujarat,395227,Mass Market,55553.85,True,2011-01-20,Mother
CUST_00000225,Rushil Srinivas,Male,1983-12-05,42,Bachelor's,Outdoor activities/education manager,"Borah, Dass and Nadig",Salaried - Private,Government,499321.73,41610.14,Bank of Baroda,BARB0008204,471027814103,Savings,Delhi,East Delhi,Delhi,110808,Mass Market,12009.01,True,2020-04-11,Son
CUST_00000226,Umang Shukla,Male,1991-12-14,34,Diploma,Unemployed,N/A,Unemployed,None,2327237.96,193936.5,Punjab National Bank,PUNB0009507,981613852331,Savings,Mangaluru,Dakshina Kannada,Karnataka,575534,Affluent,245141.62,False,2015-07-06,Spouse
CUST_00000227,Gavin Dayal,Male,1979-02-03,47,Master's,Automotive engineer,Vasa and Sons,Salaried - Private,Government,243020.44,20251.7,IDFC FIRST Bank,IDFB0003956,424465341900,Salary,Ahmedabad,Ahmedabad,Gujarat,380181,Mass Market,25701.34,False,2014-11-12,Mother
CUST_00000228,Faris Naidu,Male,2005-03-08,21,Bachelor's,Equality and diversity officer,Venkataraman-Mander,Salaried - Private,Automobile,509706.95,42475.58,Kotak Mahindra Bank,KKBK0006021,763340157198,Current,Kolkata,Kolkata,West Bengal,700806,Mass Market,67122.18,False,2023-07-14,Son
CUST_00000229,Jeremiah Hegde,Male,1989-08-11,36,Bachelor's,Structural engineer,Dass-Mitter,Salaried - Private,Retail & E-commerce,533166.06,44430.51,Canara Bank,CNRB0001693,490462379884,Current,Howrah,Howrah,West Bengal,711754,Mass Market,4805.12,False,2019-10-31,Spouse
CUST_00000230,Chakradhar Thakkar,Male,1989-12-01,36,Bachelor's,"Therapist, drama","Dube, Garg and Nazareth",Self-Employed Business,Banking & Finance,437852.11,36487.68,Bank of Baroda,BARB0006952,982671983350,Savings,New Delhi,New Delhi,Delhi,110246,Mass Market,6865.6,True,2023-06-24,Daughter
CUST_00000231,Anvi Balakrishnan,Female,1960-10-30,65,Bachelor's,Technical author,Kade-Saha,Self-Employed Professional,Automobile,215612.65,17967.72,Canara Bank,CNRB0001570,173556597858,Savings,Madurai,Madurai,Tamil Nadu,625475,Mass Market,54291.61,False,2019-11-21,Mother
CUST_00000232,Alexander Tank,Male,2002-10-22,23,High School,Pensioner,N/A,Retired,Government/Services,1235852.54,102987.71,Bank of Baroda,BARB0001530,270102587051,Savings,Lucknow,Lucknow,Uttar Pradesh,226480,Affluent,168614.23,False,2018-09-23,Son
CUST_00000233,Matthew Subramanian,Male,1969-05-02,57,High School,"Optician, dispensing",Setty-Bora,Salaried - Private,Banking & Finance,457327.14,38110.6,IDFC FIRST Bank,IDFB0003255,501705971417,Savings,Howrah,Howrah,West Bengal,711765,Mass Market,57799.2,True,2021-01-06,Mother
CUST_00000234,Farhan Sarraf,Male,1978-03-17,48,Master's,"Psychologist, forensic",Oak PLC,Salaried - Private,Education,1724394.42,143699.54,HDFC Bank,HDFC0001424,305023162379,Savings,Kanpur,Kanpur Nagar,Uttar Pradesh,208496,Affluent,202775.86,True,2012-04-19,Daughter
CUST_00000235,Nathaniel Pai,Male,2007-04-18,19,Bachelor's,"Conservator, furniture",Varma-Cherian,Salaried - Govt,Banking & Finance,197619.51,16468.29,Kotak Mahindra Bank,KKBK0005264,592650091135,Salary,Madurai,Madurai,Tamil Nadu,625392,Mass Market,72699.68,False,2015-02-08,Sibling
CUST_00000236,Viraj Das,Male,1970-07-05,56,Master's,Firefighter,Chatterjee Inc,Salaried - Govt,Real Estate,494190.74,41182.56,Axis Bank,UTIB0003009,594239290138,Salary,Delhi,East Delhi,Delhi,110189,Mass Market,61259.19,True,2014-08-23,Sibling
CUST_00000237,Rehaan Sahota,Male,1969-07-05,57,Master's,"Designer, jewellery",Munshi-Gupta,Salaried - Private,Retail & E-commerce,361472.29,30122.69,Punjab National Bank,PUNB0002063,695067706602,Savings,Warangal,Warangal,Telangana,506971,Mass Market,34076.56,False,2022-03-17,Father
CUST_00000238,Zaid Varma,Male,1980-11-13,45,High School,Insurance account manager,Bajaj-Chana,Salaried - Private,Telecom,1762459.46,146871.62,ICICI Bank,ICIC0006922,346998225159,Salary,Bengaluru,Bengaluru Urban,Karnataka,560911,Affluent,164362.72,False,2025-02-13,Father
CUST_00000239,Yashawini Shankar,Female,2006-11-04,19,Master's,"Engineer, structural","Pandit, Bava and Bedi",Salaried - Private,Education,1428971.1,119080.93,Canara Bank,CNRB0001430,707140427507,Salary,Surat,Surat,Gujarat,395922,Affluent,386799.42,False,2014-07-02,Daughter
CUST_00000240,Wahab Mangal,Male,1984-07-01,42,High School,Clinical cytogeneticist,Desai-Lalla,Salaried - Govt,Healthcare,47495522.66,3957960.22,IDFC FIRST Bank,IDFB0002412,439584802361,Savings,Howrah,Howrah,West Bengal,711638,Ultra HNI,2992995.92,True,2021-08-21,Son
CUST_00000241,Tamanna Pau,Female,1958-12-17,67,Master's,Arts development officer,"Hayer, Patil and Mani",Salaried - Private,Government,533095.27,44424.61,IDFC FIRST Bank,IDFB0002208,805736260017,Savings,Mysuru,Mysuru,Karnataka,570577,Mass Market,55494.51,False,2011-03-06,Sibling
CUST_00000242,Zayyan Seshadri,Male,1996-05-01,30,Diploma,Health service manager,"Dani, Dave and Chatterjee",Salaried - Govt,Agriculture,546795.62,45566.3,Punjab National Bank,PUNB0003102,708941592508,Salary,New Delhi,New Delhi,Delhi,110543,Mass Market,48449.27,True,2016-04-20,Daughter
CUST_00000243,Omkaar Pau,Male,1995-11-04,30,High School,"Engineer, civil (contracting)","Upadhyay, Ratti and Tella",Salaried - Private,Information Technology,2385257.91,198771.49,HDFC Bank,HDFC0009488,431369678216,Savings,New Delhi,New Delhi,Delhi,110430,Affluent,89671.24,False,2010-08-24,Sibling
CUST_00000244,Anirudh Devan,Male,1993-09-09,32,Bachelor's,Public relations account executive,"Shan, Dixit and Varma",Self-Employed Professional,Education,258970.39,21580.87,Punjab National Bank,PUNB0009501,413081322878,Salary,Mysuru,Mysuru,Karnataka,570301,Mass Market,27943.07,False,2012-03-27,Sibling
CUST_00000245,Nathaniel Gaba,Male,1977-01-11,49,High School,Warehouse manager,"Mistry, Nayar and Tripathi",Self-Employed Professional,Agriculture,493208.19,41100.68,Kotak Mahindra Bank,KKBK0003050,433396932384,Current,Mangaluru,Dakshina Kannada,Karnataka,575756,Mass Market,16781.08,True,2023-04-02,Father
CUST_00000246,Yash Mistry,Male,1981-04-15,45,High School,Adult guidance worker,Narula-Choudhary,Salaried - Private,Services,2393401.81,199450.15,IDFC FIRST Bank,IDFB0003526,822289806797,Savings,Vadodara,Vadodara,Gujarat,390142,Affluent,197323.81,False,2025-09-04,Spouse
CUST_00000247,Nikita Bala,Female,1987-08-18,38,Bachelor's,Geochemist,"Kari, Behl and Srinivasan",Salaried - Private,Banking & Finance,472159.62,39346.64,State Bank of India,SBIN0005336,330429848664,Savings,Kolkata,Kolkata,West Bengal,700609,Mass Market,2234.93,True,2012-09-23,Sibling
CUST_00000248,Sachi Divan,Female,1999-04-23,27,High School,Financial manager,Choudhary and Sons,Salaried - Govt,Agriculture,449776.72,37481.39,Kotak Mahindra Bank,KKBK0005949,368362204552,Savings,Howrah,Howrah,West Bengal,711564,Mass Market,6734.31,False,2010-04-21,Spouse
CUST_00000249,Naksh Sahota,Male,1964-06-23,62,Bachelor's,"Engineer, electronics",Thaker-Sinha,Self-Employed Professional,Telecom,1085677.3,90473.11,State Bank of India,SBIN0003589,557154624621,Savings,Lucknow,Lucknow,Uttar Pradesh,226308,Affluent,380019.76,True,2023-12-18,Mother
CUST_00000250,Azaan Devi,Male,1983-07-25,43,Diploma,"Surveyor, mining",Sridhar-Vora,Self-Employed Professional,Services,2019506.94,168292.24,ICICI Bank,ICIC0006121,889679065378,Savings,Vadodara,Vadodara,Gujarat,390981,Affluent,256907.62,True,2016-01-11,Mother
CUST_00000251,Gabriel Sharaf,Male,2004-01-04,22,Bachelor's,"Lighting technician, broadcasting/film/video","Pandya, Lalla and Sule",Salaried - Private,Government,431254.62,35937.89,ICICI Bank,ICIC0007070,716392146155,Current,Mysuru,Mysuru,Karnataka,570347,Mass Market,55703.41,False,2013-01-28,Son
CUST_00000252,Jatin Mallick,Male,1985-08-11,40,Bachelor's,Equality and diversity officer,Mani-Johal,Salaried - Govt,Banking & Finance,813005.14,67750.43,Kotak Mahindra Bank,KKBK0008366,255683626158,Salary,Bengaluru,Bengaluru Urban,Karnataka,560397,Affluent,213961.96,True,2021-01-16,Son
CUST_00000253,Yash Nadig,Male,1981-07-17,45,Bachelor's,"Surveyor, minerals","Mahal, Mani and Dara",Salaried - Private,Services,320494.74,26707.9,Bank of Baroda,BARB0005067,275674087343,Savings,Vadodara,Vadodara,Gujarat,390838,Mass Market,3912.36,False,2019-03-05,Mother
CUST_00000254,Ranveer Rana,Male,1999-02-19,27,Bachelor's,Dancer,Basak-Mani,Salaried - Private,Education,4370655.37,364221.28,ICICI Bank,ICIC0009163,666918371818,Salary,Lucknow,Lucknow,Uttar Pradesh,226415,HNI,1302279.31,False,2025-04-13,Son
CUST_00000255,Balveer Pal,Male,2004-08-16,21,Master's,Furniture conservator/restorer,"Srinivas, Kala and Jaggi",Salaried - Private,Information Technology,236061.59,19671.8,HDFC Bank,HDFC0007442,604682041068,Salary,Chennai,Chennai,Tamil Nadu,600697,Mass Market,7883.91,False,2023-03-31,Mother
CUST_00000256,Krishna Magar,Male,1963-09-29,62,Bachelor's,Warden/ranger,"Khatri, Kibe and Bedi",Self-Employed Professional,Information Technology,886034.7,73836.22,State Bank of India,SBIN0005609,754960583409,Savings,Lucknow,Lucknow,Uttar Pradesh,226649,Affluent,294090.06,False,2020-09-18,Spouse
CUST_00000257,Isaiah Kaul,Male,1959-05-04,67,Master's,Patent attorney,Sodhi-Chaudhry,Salaried - Private,Banking & Finance,298518.57,24876.55,Bank of Baroda,BARB0003194,391552927358,Savings,Surat,Surat,Gujarat,395474,Mass Market,21104.51,False,2020-11-24,Spouse
CUST_00000258,Ekantika Ahluwalia,Female,2006-09-24,19,Diploma,"Designer, industrial/product",Soni-Sood,Salaried - Private,Government,1409531.72,117460.98,State Bank of India,SBIN0004189,707147416489,Savings,Hyderabad,Hyderabad,Telangana,500495,Affluent,360684.22,False,2020-05-29,Daughter
CUST_00000259,Maanas Nagi,Male,1971-06-11,55,High School,Barrister's clerk,Kata PLC,Self-Employed Business,Real Estate,403616.69,33634.72,IndusInd Bank,INDB0005582,850001111711,Savings,Bengaluru,Bengaluru Urban,Karnataka,560199,Mass Market,32009.98,False,2021-10-26,Son
CUST_00000260,Anirudh Gill,Male,1978-04-29,48,Bachelor's,Pensioner,N/A,Retired,Government/Services,573465.43,47788.79,Punjab National Bank,PUNB0006555,930498955541,Savings,New Delhi,New Delhi,Delhi,110716,Mass Market,5814.83,True,2023-05-27,Daughter
CUST_00000261,Anita Ranganathan,Female,1997-07-22,29,Doctorate,Electronics engineer,"Mann, Barad and Andra",Salaried - Private,Government,263201.01,21933.42,IndusInd Bank,INDB0001659,138849282100,Savings,Delhi,East Delhi,Delhi,110923,Mass Market,43269.11,False,2014-10-10,Son
CUST_00000262,Damyanti Nayak,Female,1971-05-25,55,Bachelor's,Speech and language therapist,"Tak, Desai and Thaman",Salaried - Private,Agriculture,243523.67,20293.64,Canara Bank,CNRB0003440,252537935638,Savings,Vadodara,Vadodara,Gujarat,390426,Mass Market,18448.14,False,2017-06-27,Father
CUST_00000263,Inaya Chowdhury,Female,1973-10-17,52,Bachelor's,Proofreader,"Kurian, Grewal and Atwal",Salaried - Govt,Government,541258.67,45104.89,IDFC FIRST Bank,IDFB0005902,471917215429,Savings,Kanpur,Kanpur Nagar,Uttar Pradesh,208676,Mass Market,54765.44,False,2021-10-14,Mother
CUST_00000264,Manbir Hans,Male,1965-09-23,60,High School,"Optician, dispensing",Varma-Narang,Salaried - Private,Real Estate,249625.31,20802.11,State Bank of India,SBIN0007035,840157038122,Salary,Mysuru,Mysuru,Karnataka,570697,Mass Market,71035.96,False,2011-05-22,Mother
CUST_00000265,Champak Goyal,Male,2007-08-16,18,Bachelor's,Publishing rights manager,Kothari-Ahuja,Salaried - Private,Telecom,409081.39,34090.12,State Bank of India,SBIN0008775,961809200976,Savings,Madurai,Madurai,Tamil Nadu,625152,Mass Market,6545.94,False,2014-03-04,Daughter
CUST_00000266,Jacob Sekhon,Male,1995-10-12,30,High School,Landscape architect,Apte-Lal,Self-Employed Professional,Real Estate,288620.75,24051.73,ICICI Bank,ICIC0009589,892975625286,Savings,Kolkata,Kolkata,West Bengal,700941,Mass Market,14023.56,False,2020-06-16,Sibling
CUST_00000267,Kamya Bhatia,Female,1991-04-24,35,Bachelor's,"Psychologist, occupational",Dutta-Ravi,Salaried - Private,Education,2183247.34,181937.28,State Bank of India,SBIN0002800,117999281655,Savings,Lucknow,Lucknow,Uttar Pradesh,226528,Affluent,398231.37,False,2020-12-22,Father
CUST_00000268,Nimrat Dalal,Female,1989-10-19,36,Bachelor's,Hotel manager,Kant-Kanda,Salaried - Private,Government,374851.18,31237.6,Axis Bank,UTIB0007723,952558822963,Savings,Kanpur,Kanpur Nagar,Uttar Pradesh,208844,Mass Market,68373.08,False,2025-04-25,Spouse
CUST_00000269,William Dua,Male,1980-04-02,46,Bachelor's,Trading standards officer,Sagar-Sinha,Self-Employed Business,Telecom,505756.98,42146.42,ICICI Bank,ICIC0009498,715070849168,Savings,Vadodara,Vadodara,Gujarat,390589,Mass Market,72406.8,False,2022-02-12,Daughter
CUST_00000270,Ikbal Kota,Male,1991-12-18,34,Bachelor's,"Therapist, occupational",Vora Group,Salaried - Govt,Government,515123.95,42927.0,Punjab National Bank,PUNB0003837,475951918053,Current,Vadodara,Vadodara,Gujarat,390890,Mass Market,30905.84,False,2018-06-14,Sibling
CUST_00000271,Pratyush Brahmbhatt,Male,2004-04-10,22,Bachelor's,Clinical research associate,Tiwari and Sons,Self-Employed Professional,Automobile,540015.29,45001.27,Kotak Mahindra Bank,KKBK0008932,406001469648,Savings,Hyderabad,Hyderabad,Telangana,500404,Mass Market,68148.46,False,2019-03-01,Mother
CUST_00000272,Falan Gala,Male,1973-08-29,52,Diploma,"Scientist, product/process development",Dada-Jha,Salaried - Private,Telecom,1777726.59,148143.88,Axis Bank,UTIB0009011,625347689741,Savings,Vadodara,Vadodara,Gujarat,390914,Affluent,110841.71,False,2021-06-20,Sibling
CUST_00000273,Yash Chand,Male,2003-04-27,23,Master's,Product designer,Setty and Sons,Self-Employed Business,Manufacturing,586193.18,48849.43,Kotak Mahindra Bank,KKBK0002996,845492406305,Current,Howrah,Howrah,West Bengal,711938,Mass Market,32496.55,False,2018-03-18,Mother
CUST_00000274,Vedant Bhardwaj,Male,1985-08-24,40,High School,Insurance account manager,"Bains, Randhawa and Kumar",Self-Employed Business,Healthcare,248138.03,20678.17,Kotak Mahindra Bank,KKBK0001689,188966559419,Savings,Surat,Surat,Gujarat,395771,Mass Market,2920.35,False,2023-01-23,Mother
CUST_00000275,Ikbal Bora,Male,1958-12-18,67,Bachelor's,Local government officer,"Bhatt, Bhasin and Biswas",Self-Employed Business,Telecom,487228.53,40602.38,Canara Bank,CNRB0004505,398665917986,Salary,Hyderabad,Hyderabad,Telangana,500211,Mass Market,15681.07,False,2025-10-10,Daughter
CUST_00000276,Warinder Balay,Male,1971-07-12,55,Bachelor's,Education administrator,Salvi LLC,Salaried - Private,Telecom,525087.5,43757.29,IDFC FIRST Bank,IDFB0004920,152580956926,Savings,Madurai,Madurai,Tamil Nadu,625338,Mass Market,35526.36,False,2025-11-19,Spouse
CUST_00000277,Sai Sen,Female,2001-10-19,24,Diploma,Multimedia programmer,Buch-Zacharia,Salaried - Private,Banking & Finance,2086760.78,173896.73,Bank of Baroda,BARB0006411,618477104921,Savings,Mangaluru,Dakshina Kannada,Karnataka,575889,Affluent,90254.99,True,2012-02-17,Father
CUST_00000278,Owen Dani,Male,1965-11-19,60,Bachelor's,Soil scientist,Wadhwa-Datta,Self-Employed Professional,Information Technology,440790.0,36732.5,IndusInd Bank,INDB0003587,819007192634,Salary,Lucknow,Lucknow,Uttar Pradesh,226766,Mass Market,27723.37,False,2021-08-23,Father
CUST_00000279,Jasmit Aggarwal,Female,1995-11-27,30,Bachelor's,Hydrogeologist,Samra-Wali,Salaried - Private,Manufacturing,316543.69,26378.64,Punjab National Bank,PUNB0005676,167198619879,Savings,Mangaluru,Dakshina Kannada,Karnataka,575687,Mass Market,52101.89,True,2016-01-26,Father
CUST_00000280,Jyoti Kota,Female,1980-07-18,46,Diploma,"Designer, fashion/clothing",Gulati-Chowdhury,Self-Employed Business,Agriculture,450010.4,37500.87,State Bank of India,SBIN0003868,296871013927,Savings,Pune,Pune,Maharashtra,411906,Mass Market,52672.99,True,2010-07-08,Son
CUST_00000281,Shaurya Babu,Male,1969-02-11,57,High School,Broadcast engineer,Bandi Group,Salaried - Private,Healthcare,574088.02,47840.67,Kotak Mahindra Bank,KKBK0001613,426457316675,Salary,Mysuru,Mysuru,Karnataka,570391,Mass Market,65597.93,False,2019-07-25,Son
CUST_00000282,Arjun Konda,Male,1995-02-03,31,Diploma,Operational investment banker,Kaur-Zacharia,Self-Employed Business,Automobile,415385.07,34615.42,IndusInd Bank,INDB0009590,250059974723,Savings,Lucknow,Lucknow,Uttar Pradesh,226297,Mass Market,10102.23,False,2013-06-23,Spouse
CUST_00000283,Baghyawati Dey,Female,1982-10-17,43,Bachelor's,Horticultural consultant,Nagar PLC,Salaried - Private,Retail & E-commerce,3241476.51,270123.04,ICICI Bank,ICIC0008518,381957238581,Savings,New Delhi,New Delhi,Delhi,110854,HNI,1287351.7,False,2019-07-26,Mother
CUST_00000284,Oeshi Khalsa,Female,1972-04-16,54,Diploma,Customer service manager,"Verma, Kant and Sachdev",Self-Employed Business,Manufacturing,562523.47,46876.96,IDFC FIRST Bank,IDFB0004164,770768643085,Salary,Howrah,Howrah,West Bengal,711627,Mass Market,57039.22,True,2014-10-22,Mother
CUST_00000285,Bhavani Gill,Female,1989-02-20,37,Bachelor's,Physiotherapist,"Tandon, Batta and Padmanabhan",Salaried - Private,Banking & Finance,1106738.16,92228.18,Bank of Baroda,BARB0002562,624589933523,Savings,Ahmedabad,Ahmedabad,Gujarat,380106,Affluent,399101.54,False,2025-01-23,Mother
CUST_00000286,Rayaan Vohra,Male,1973-03-04,53,High School,Pension scheme manager,Dixit-Mital,Salaried - Private,Government,376882.55,31406.88,Axis Bank,UTIB0008319,395295136297,Savings,Surat,Surat,Gujarat,395696,Mass Market,23992.36,True,2016-01-09,Sibling
CUST_00000287,Warjas Khosla,Male,2000-09-29,25,Bachelor's,Hydrologist,"Dhawan, Sheth and Bhardwaj",Salaried - Private,Services,8877205.45,739767.12,State Bank of India,SBIN0005285,497944539920,Savings,Chennai,Chennai,Tamil Nadu,600783,HNI,1802389.83,False,2018-12-31,Spouse
CUST_00000288,Sathvik Wagle,Male,1963-07-30,63,High School,Financial manager,Jani-Narayanan,Salaried - Private,Real Estate,662406.48,55200.54,Kotak Mahindra Bank,KKBK0003616,853360527876,Current,Hyderabad,Hyderabad,Telangana,500754,Affluent,283122.73,False,2020-05-06,Mother
CUST_00000289,Umang Prabhakar,Male,1961-05-31,65,High School,"Engineer, aeronautical",Loyal Group,Self-Employed Business,Retail & E-commerce,228271.86,19022.65,IDFC FIRST Bank,IDFB0004618,624559683664,Current,Delhi,East Delhi,Delhi,110865,Mass Market,8851.58,False,2020-10-11,Daughter
CUST_00000290,Anmol Bora,Male,1966-05-22,60,Master's,Theatre manager,"Kalla, Srinivas and Joshi",Self-Employed Business,Retail & E-commerce,397327.47,33110.62,Bank of Baroda,BARB0009998,619316508315,Savings,Chennai,Chennai,Tamil Nadu,600796,Mass Market,33421.2,True,2023-11-29,Daughter
CUST_00000291,Osha Mitter,Female,2006-05-05,20,Bachelor's,"Administrator, local government",Gupta Ltd,Self-Employed Business,Banking & Finance,434977.62,36248.14,IndusInd Bank,INDB0008319,875362599556,Savings,Ahmedabad,Ahmedabad,Gujarat,380677,Mass Market,48085.45,False,2011-11-17,Spouse
CUST_00000292,Wriddhish Kibe,Male,1992-10-03,33,Bachelor's,"Engineer, energy",Khatri-Nagy,Salaried - Private,Information Technology,384820.17,32068.35,IndusInd Bank,INDB0009281,727933481969,Current,New Delhi,New Delhi,Delhi,110435,Mass Market,49612.37,False,2022-05-29,Daughter
CUST_00000293,Sachi Shukla,Female,1984-05-04,42,Bachelor's,Mechanical engineer,Lal-Parsa,Salaried - Govt,Real Estate,286844.46,23903.71,HDFC Bank,HDFC0004365,743029266317,Savings,Noida,Gautam Buddha Nagar,Uttar Pradesh,201622,Mass Market,28415.28,False,2018-03-16,Son
CUST_00000294,Yuvraj Shukla,Male,1961-09-25,64,High School,"Psychotherapist, child",Jani-Prabhakar,Salaried - Private,Information Technology,4918237.25,409853.1,Canara Bank,CNRB0003161,557470916067,Savings,Kanpur,Kanpur Nagar,Uttar Pradesh,208159,HNI,1412286.22,False,2015-01-03,Daughter
CUST_00000295,Arin Kant,Male,1995-02-16,31,Diploma,"Administrator, sports",Sahni-Merchant,Salaried - Govt,Real Estate,183218.89,15268.24,Kotak Mahindra Bank,KKBK0001356,380873461000,Savings,Nagpur,Nagpur,Maharashtra,440323,Mass Market,17992.02,False,2012-06-09,Daughter
CUST_00000296,Nitesh Karpe,Male,1976-05-07,50,Diploma,Financial trader,Nazareth-Kurian,Self-Employed Business,Banking & Finance,395320.44,32943.37,State Bank of India,SBIN0007941,870278886192,Current,Mangaluru,Dakshina Kannada,Karnataka,575161,Mass Market,23424.68,True,2022-03-19,Spouse
CUST_00000297,Yash Swaminathan,Male,1980-07-22,46,Bachelor's,Management consultant,Dey Ltd,Salaried - Private,Real Estate,393113.01,32759.42,State Bank of India,SBIN0005703,299324565738,Savings,Delhi,East Delhi,Delhi,110483,Mass Market,65818.24,False,2018-09-29,Son
CUST_00000298,Hiral Bhargava,Other,1983-11-02,42,High School,Cabin crew,"Bava, Ahuja and Sachar",Salaried - Private,Real Estate,357167.83,29763.99,Bank of Baroda,BARB0007154,847668980598,Current,Delhi,East Delhi,Delhi,110221,Mass Market,32004.54,False,2012-03-14,Father
CUST_00000299,Jack Bir,Male,1993-05-11,33,Diploma,Acupuncturist,Tiwari Group,Self-Employed Business,Agriculture,8641106.95,720092.25,Bank of Baroda,BARB0009664,899410868608,Savings,Chennai,Chennai,Tamil Nadu,600874,HNI,403286.72,True,2015-12-21,Spouse
CUST_00000300,Wyatt Sura,Male,1957-06-05,69,High School,Ship broker,"Sabharwal, Arora and Badal",Salaried - Govt,Manufacturing,228084.81,19007.07,Canara Bank,CNRB0009920,685937168273,Savings,Kolkata,Kolkata,West Bengal,700353,Mass Market,30020.24,False,2018-06-21,Son
CUST_00000301,Laksh Wason,Male,2007-05-28,19,High School,Adult guidance worker,"Sani, Gola and Chhabra",Salaried - Private,Retail & E-commerce,727813.8,60651.15,ICICI Bank,ICIC0005516,898327940253,Savings,Bengaluru,Bengaluru Urban,Karnataka,560928,Affluent,82072.01,False,2024-09-08,Sibling
CUST_00000302,Falan Khosla,Male,1966-08-01,60,Bachelor's,Secretary/administrator,Pandya-Loke,Salaried - Private,Government,184255.1,15354.59,IDFC FIRST Bank,IDFB0001256,324371953252,Current,Bengaluru,Bengaluru Urban,Karnataka,560708,Mass Market,48435.01,False,2022-09-19,Spouse
CUST_00000303,Balveer Prakash,Male,2006-06-17,20,Master's,Psychiatric nurse,"Kohli, Kara and Mital",Self-Employed Professional,Real Estate,559030.39,46585.87,IDFC FIRST Bank,IDFB0001797,912799944114,Savings,Pune,Pune,Maharashtra,411549,Mass Market,6850.4,True,2020-12-10,Father
CUST_00000304,Banjeet Balay,Male,1961-06-20,65,Bachelor's,Museum education officer,Soni-Bhalla,Salaried - Private,Agriculture,422423.95,35202.0,Axis Bank,UTIB0001924,650357691607,Savings,Hyderabad,Hyderabad,Telangana,500935,Mass Market,5192.95,False,2020-03-09,Sibling
CUST_00000305,Frederick Butala,Male,1982-08-02,44,Bachelor's,Politician's assistant,"Narula, Chandran and Wable",Self-Employed Professional,Services,1846487.09,153873.92,Punjab National Bank,PUNB0006253,431729976873,Salary,New Delhi,New Delhi,Delhi,110523,Affluent,221972.43,True,2024-09-14,Mother
CUST_00000306,Ishwar Kakar,Male,2003-06-12,23,Bachelor's,Tax adviser,Madan-Batra,Salaried - Private,Manufacturing,2080360.27,173363.36,State Bank of India,SBIN0003869,845717962258,Current,Howrah,Howrah,West Bengal,711148,Affluent,393024.94,True,2024-10-13,Mother
CUST_00000307,Logan Bali,Male,1965-12-05,60,Bachelor's,International aid/development worker,Johal PLC,Salaried - Private,Automobile,476346.06,39695.5,Bank of Baroda,BARB0009592,865873132760,Savings,Howrah,Howrah,West Bengal,711252,Mass Market,52253.57,True,2012-04-22,Mother
CUST_00000308,Rushil Bose,Male,1972-02-29,54,High School,"Surveyor, rural practice",Ramachandran Ltd,Self-Employed Business,Government,244873.09,20406.09,ICICI Bank,ICIC0009813,364026752906,Savings,Coimbatore,Coimbatore,Tamil Nadu,641978,Mass Market,3857.69,False,2024-05-05,Sibling
CUST_00000309,Noah Rajagopalan,Male,1995-11-16,30,Diploma,Counselling psychologist,"Brar, Tella and Pal",Salaried - Private,Healthcare,310711.35,25892.61,Canara Bank,CNRB0001944,553386995357,Savings,Kolkata,Kolkata,West Bengal,700497,Mass Market,51429.81,True,2010-11-10,Father
CUST_00000310,Tejas Kata,Male,2000-03-11,26,Doctorate,"Librarian, public","Ranganathan, Narain and Balan",Salaried - Private,Manufacturing,239032.25,19919.35,Axis Bank,UTIB0006411,188676926429,Savings,Lucknow,Lucknow,Uttar Pradesh,226194,Mass Market,37448.05,False,2020-02-23,Daughter
CUST_00000311,Umang Swaminathan,Male,1968-06-18,58,Master's,Surgeon,Sankaran-Grewal,Salaried - Private,Telecom,193001.43,16083.45,Axis Bank,UTIB0001844,513469894146,Savings,Mumbai,Mumbai City,Maharashtra,400292,Mass Market,30323.03,False,2020-11-15,Daughter
CUST_00000312,Ranveer Chada,Male,1996-09-25,29,Bachelor's,Hotel manager,Borah Inc,Salaried - Private,Telecom,558034.94,46502.91,IndusInd Bank,INDB0004555,329692249128,Current,Surat,Surat,Gujarat,395115,Mass Market,10478.14,True,2014-04-15,Father
CUST_00000313,Sachi Dube,Female,1995-01-17,31,Bachelor's,Investment analyst,Chhabra-Chand,Self-Employed Business,Education,21536217.51,1794684.79,HDFC Bank,HDFC0008846,370215467820,Savings,Coimbatore,Coimbatore,Tamil Nadu,641345,Ultra HNI,24106116.16,True,2010-01-31,Daughter
CUST_00000314,Mitesh Saxena,Male,1975-04-25,51,Bachelor's,Geophysicist/field seismologist,Deo Inc,Salaried - Private,Retail & E-commerce,407516.02,33959.67,Kotak Mahindra Bank,KKBK0007236,686118082741,Salary,Surat,Surat,Gujarat,395367,Mass Market,57618.83,True,2012-12-30,Mother
CUST_00000315,Udarsh Vala,Male,1977-10-24,48,Diploma,Agricultural engineer,Pandya PLC,Salaried - Private,Agriculture,323828.15,26985.68,Canara Bank,CNRB0008635,980891814797,Current,Lucknow,Lucknow,Uttar Pradesh,226308,Mass Market,21728.08,False,2011-06-28,Mother
CUST_00000316,Nicholas Rajan,Male,1957-04-01,69,Bachelor's,Patent attorney,Chad-Kibe,Salaried - Private,Retail & E-commerce,443018.41,36918.2,Bank of Baroda,BARB0001749,912699183945,Savings,New Delhi,New Delhi,Delhi,110367,Mass Market,37689.54,False,2019-02-24,Daughter
CUST_00000317,Hamsini Rai,Female,1965-06-01,61,Bachelor's,Geophysical data processor,Loyal-Tailor,Salaried - Govt,Services,264551.09,22045.92,IDFC FIRST Bank,IDFB0007841,268771565771,Savings,Coimbatore,Coimbatore,Tamil Nadu,641335,Mass Market,30845.06,False,2012-05-02,Son
CUST_00000318,Fiyaz Saran,Male,1970-12-13,55,Bachelor's,Hydrographic surveyor,Bose-Patel,Salaried - Private,Services,9311855.04,775987.92,Axis Bank,UTIB0009180,819624530104,Savings,Surat,Surat,Gujarat,395881,HNI,1916500.79,False,2014-01-10,Son
CUST_00000319,Jatin Tandon,Male,1987-06-20,39,Bachelor's,"Engineer, building services",Chhabra-Deshmukh,Salaried - Private,Telecom,1096381.62,91365.14,Canara Bank,CNRB0008550,903881442358,Current,Ahmedabad,Ahmedabad,Gujarat,380243,Affluent,400836.23,True,2014-11-16,Sibling
CUST_00000320,Rudra Natarajan,Male,2000-05-05,26,Doctorate,Museum/gallery conservator,Sarraf-Natt,Salaried - Private,Agriculture,1659716.74,138309.73,Canara Bank,CNRB0004015,675777869916,Savings,Mumbai,Mumbai City,Maharashtra,400937,Affluent,200131.96,True,2016-11-21,Sibling
CUST_00000321,Ekanta Mital,Female,1973-04-10,53,Bachelor's,"Engineer, control and instrumentation",Murthy-Goel,Salaried - Govt,Information Technology,422457.19,35204.77,State Bank of India,SBIN0007756,356111913411,Current,Mangaluru,Dakshina Kannada,Karnataka,575254,Mass Market,65187.13,True,2025-06-07,Spouse
CUST_00000322,Odika Manne,Female,1994-10-18,31,Bachelor's,Recycling officer,"Kibe, Nanda and Puri",Salaried - Govt,Education,3923606.32,326967.19,IndusInd Bank,INDB0008471,166027394237,Salary,Kanpur,Kanpur Nagar,Uttar Pradesh,208599,HNI,629454.84,True,2014-06-26,Spouse
CUST_00000323,Shravya Patla,Female,1962-07-12,64,Master's,"Surveyor, rural practice",Gole Ltd,Salaried - Private,Information Technology,1406974.3,117247.86,IndusInd Bank,INDB0007739,117230768734,Savings,Warangal,Warangal,Telangana,506117,Affluent,254173.0,False,2022-04-13,Daughter
CUST_00000324,Agastya Shenoy,Male,2005-08-11,20,Bachelor's,"Engineer, manufacturing systems",Manne-Biswas,Self-Employed Professional,Telecom,1846558.38,153879.86,Bank of Baroda,BARB0003937,675939282671,Savings,New Delhi,New Delhi,Delhi,110296,Affluent,103774.05,True,2023-02-07,Daughter
CUST_00000325,Tara Tata,Female,1963-11-04,62,Diploma,Immunologist,Krishnan Ltd,Salaried - Private,Agriculture,2467360.97,205613.41,Kotak Mahindra Bank,KKBK0006807,973026512093,Salary,Kolkata,Kolkata,West Bengal,700482,HNI,2495423.8,False,2012-06-19,Son
CUST_00000326,Siddharth Purohit,Male,1960-06-14,66,High School,"Therapist, sports",Rattan-Warrior,Self-Employed Professional,Real Estate,1932857.04,161071.42,IDFC FIRST Bank,IDFB0004984,868757197171,Salary,Coimbatore,Coimbatore,Tamil Nadu,641800,Affluent,107140.11,False,2018-02-08,Spouse
CUST_00000327,Shaurya Bansal,Male,1997-09-12,28,Bachelor's,Media buyer,"Yadav, Chada and Chopra",Self-Employed Business,Automobile,217213.98,18101.17,State Bank of India,SBIN0002531,518352484747,Savings,Howrah,Howrah,West Bengal,711157,Mass Market,37596.83,False,2022-04-20,Sibling
CUST_00000328,Peter Ganesan,Male,1990-03-26,36,Bachelor's,Armed forces operational officer,"Ratta, Narula and Sani",Salaried - Private,Information Technology,226619.2,18884.93,ICICI Bank,ICIC0002354,810533231606,Current,Vadodara,Vadodara,Gujarat,390978,Mass Market,61001.17,False,2011-09-12,Spouse
CUST_00000329,Chandran Kuruvilla,Male,1968-02-23,58,Master's,"Scientist, physiological","Kant, Sehgal and Prasad",Salaried - Govt,Agriculture,212282.07,17690.17,State Bank of India,SBIN0004764,863937745035,Salary,Lucknow,Lucknow,Uttar Pradesh,226147,Mass Market,38545.57,False,2016-04-04,Spouse
CUST_00000330,Yamini Dora,Female,1974-07-15,52,High School,Agricultural consultant,Cheema-Merchant,Salaried - Private,Automobile,304022.01,25335.17,Kotak Mahindra Bank,KKBK0009897,823974762167,Savings,Mumbai,Mumbai City,Maharashtra,400970,Mass Market,18964.06,False,2016-08-27,Mother
CUST_00000331,Chaman D’Alia,Female,1999-10-23,26,Bachelor's,Curator,Muni-Oza,Self-Employed Business,Information Technology,380103.53,31675.29,Axis Bank,UTIB0003362,426747958508,Savings,New Delhi,New Delhi,Delhi,110680,Mass Market,18500.12,False,2017-04-14,Son
CUST_00000332,Harshil Verma,Male,1981-09-14,44,Bachelor's,Publishing copy,Sarma Ltd,Salaried - Govt,Automobile,553236.81,46103.07,IndusInd Bank,INDB0006435,930577295063,Savings,New Delhi,New Delhi,Delhi,110612,Mass Market,38725.13,False,2021-02-23,Sibling
CUST_00000333,Nathaniel Bhavsar,Male,1972-03-19,54,High School,Colour technologist,Oza Ltd,Self-Employed Professional,Retail & E-commerce,479860.11,39988.34,State Bank of India,SBIN0002600,355280350219,Salary,Mysuru,Mysuru,Karnataka,570719,Mass Market,62045.04,False,2011-10-02,Daughter
CUST_00000334,Fitan Kohli,Male,1983-06-04,43,High School,Sub,Narayanan PLC,Self-Employed Professional,Services,388612.08,32384.34,Bank of Baroda,BARB0006347,795911943199,Savings,Warangal,Warangal,Telangana,506602,Mass Market,22752.01,False,2016-10-27,Father
CUST_00000335,Vihaan Kata,Male,1998-01-24,28,Bachelor's,Educational psychologist,Sankaran Group,Salaried - Private,Retail & E-commerce,394674.24,32889.52,IndusInd Bank,INDB0007150,303718235716,Savings,Kolkata,Kolkata,West Bengal,700890,Mass Market,5420.19,False,2010-06-20,Daughter
CUST_00000336,Hardik Sengupta,Male,1987-05-21,39,Master's,Neurosurgeon,Kala and Sons,Salaried - Private,Manufacturing,491179.7,40931.64,Axis Bank,UTIB0002204,392410126704,Savings,Delhi,East Delhi,Delhi,110828,Mass Market,25087.72,True,2014-06-15,Sibling
CUST_00000337,Azad Chaudry,Male,1998-02-26,28,Master's,Software engineer,Pau LLC,Salaried - Private,Healthcare,2205369.86,183780.82,Bank of Baroda,BARB0006188,217513312700,Current,Bengaluru,Bengaluru Urban,Karnataka,560415,Affluent,223526.97,True,2013-02-25,Son
CUST_00000338,Deepa Lala,Female,1991-06-18,35,High School,Recruitment consultant,"Munshi, Rama and Ramanathan",Self-Employed Professional,Retail & E-commerce,342812.5,28567.71,Kotak Mahindra Bank,KKBK0002674,195058393769,Salary,Delhi,East Delhi,Delhi,110559,Mass Market,48187.97,True,2019-05-23,Daughter
CUST_00000339,Owen Pandey,Male,2000-07-18,26,Bachelor's,Waste management officer,Mishra PLC,Self-Employed Professional,Agriculture,8183887.21,681990.6,IndusInd Bank,INDB0007685,126213443527,Salary,Mysuru,Mysuru,Karnataka,570667,HNI,2396622.69,True,2019-06-11,Spouse
CUST_00000340,Ekalinga Munshi,Male,1962-09-25,63,Bachelor's,Industrial/product designer,Goswami LLC,Salaried - Govt,Services,331221.2,27601.77,IDFC FIRST Bank,IDFB0006315,524616436327,Savings,Pune,Pune,Maharashtra,411523,Mass Market,71846.39,True,2021-02-03,Son
CUST_00000341,Rishi Sahota,Male,1987-08-09,38,Diploma,"Teacher, special educational needs",Sampath-Grewal,Salaried - Private,Banking & Finance,201989.11,16832.43,IndusInd Bank,INDB0004977,673687201701,Savings,Delhi,East Delhi,Delhi,110273,Mass Market,58032.44,False,2017-10-14,Father
CUST_00000342,Harini Ganesan,Female,1982-01-20,44,Master's,Counselling psychologist,Murty Group,Salaried - Private,Manufacturing,378358.36,31529.86,Kotak Mahindra Bank,KKBK0005397,261031741156,Savings,Bengaluru,Bengaluru Urban,Karnataka,560545,Mass Market,66251.44,False,2019-11-29,Mother
CUST_00000343,Praneel Andra,Male,1981-10-16,44,Diploma,"Engineer, broadcasting (operations)",Tiwari-Talwar,Salaried - Private,Government,490210.93,40850.91,Kotak Mahindra Bank,KKBK0008933,184965906196,Savings,Surat,Surat,Gujarat,395352,Mass Market,25040.8,True,2016-07-18,Sibling
CUST_00000344,Xalak Sagar,Female,1993-07-06,33,High School,"Producer, radio",Ganesh-Butala,Self-Employed Business,Automobile,334470.11,27872.51,Canara Bank,CNRB0004203,217930617759,Savings,Delhi,East Delhi,Delhi,110106,Mass Market,6240.71,False,2019-01-17,Son
CUST_00000345,Imaran Master,Male,1958-04-23,68,Master's,Equality and diversity officer,"Mani, Ganguly and Shankar",Salaried - Private,Retail & E-commerce,321685.13,26807.09,IDFC FIRST Bank,IDFB0007224,582451708045,Savings,Surat,Surat,Gujarat,395935,Mass Market,3410.92,True,2019-01-19,Sibling
CUST_00000346,Yug Vaidya,Male,1962-06-29,64,Bachelor's,Clothing/textile technologist,Peri-Barman,Salaried - Govt,Services,184168.0,15347.33,ICICI Bank,ICIC0005922,762802209928,Current,Coimbatore,Coimbatore,Tamil Nadu,641421,Mass Market,35878.95,False,2022-02-27,Father
CUST_00000347,Thomas Kamdar,Male,2008-01-16,18,Bachelor's,"Civil engineer, consulting","Kota, Mishra and Bali",Salaried - Private,Government,1991258.67,165938.22,Punjab National Bank,PUNB0005775,863365472754,Current,Kanpur,Kanpur Nagar,Uttar Pradesh,208900,Affluent,258518.42,True,2017-03-12,Father
CUST_00000348,Owen Chahal,Male,1979-06-05,47,Bachelor's,Commercial/residential surveyor,Kadakia Ltd,Self-Employed Business,Retail & E-commerce,291544.79,24295.4,Bank of Baroda,BARB0005592,966795243734,Savings,Howrah,Howrah,West Bengal,711216,Mass Market,3281.32,False,2019-05-29,Daughter
CUST_00000349,Pushti Sangha,Female,1965-03-27,61,Bachelor's,Corporate treasurer,Jhaveri Inc,Salaried - Private,Education,180568.52,15047.38,IDFC FIRST Bank,IDFB0009939,848097090995,Savings,Nagpur,Nagpur,Maharashtra,440572,Mass Market,23885.44,False,2019-02-13,Sibling
CUST_00000350,Zinal Mand,Female,1987-08-17,38,Master's,Dispensing optician,Master-Mann,Salaried - Private,Education,2009757.14,167479.76,Canara Bank,CNRB0005773,863779539580,Savings,Mysuru,Mysuru,Karnataka,570789,Affluent,362150.45,True,2019-03-01,Son
CUST_00000351,Champak Deshmukh,Male,2006-08-22,19,High School,Paramedic,Malhotra Ltd,Salaried - Private,Healthcare,383312.37,31942.7,Kotak Mahindra Bank,KKBK0004965,822639765311,Savings,Delhi,East Delhi,Delhi,110908,Mass Market,56563.44,True,2012-01-12,Son
CUST_00000352,Ekaja Krish,Female,1964-03-17,62,Master's,IT technical support officer,Ramaswamy Group,Self-Employed Professional,Banking & Finance,31779293.31,2648274.44,Canara Bank,CNRB0008851,540587383200,Savings,Kolkata,Kolkata,West Bengal,700909,Ultra HNI,24143672.06,True,2012-04-10,Mother
CUST_00000353,Krish Sachdeva,Male,1976-02-08,50,High School,Call centre manager,"Chander, Rau and Varma",Salaried - Private,Telecom,508155.18,42346.26,IndusInd Bank,INDB0002392,942283328121,Savings,Madurai,Madurai,Tamil Nadu,625780,Mass Market,44215.78,False,2021-12-30,Mother
CUST_00000354,Qarin Sha,Male,2005-12-27,20,Bachelor's,Land,"Agate, Chander and Shanker",Self-Employed Professional,Healthcare,324980.73,27081.73,IDFC FIRST Bank,IDFB0001725,845799730128,Savings,Howrah,Howrah,West Bengal,711915,Mass Market,68976.47,False,2020-02-27,Son
CUST_00000355,Rachita Bhatnagar,Female,1997-12-15,28,Bachelor's,Occupational therapist,Sanghvi and Sons,Salaried - Private,Banking & Finance,183293.47,15274.46,State Bank of India,SBIN0002615,341629441437,Savings,Coimbatore,Coimbatore,Tamil Nadu,641483,Mass Market,48057.29,False,2017-11-30,Son
CUST_00000356,Neel Mander,Male,1974-02-28,52,Master's,Technical brewer,Sundaram LLC,Salaried - Govt,Real Estate,390253.5,32521.12,IDFC FIRST Bank,IDFB0009199,478604566605,Savings,Pune,Pune,Maharashtra,411207,Mass Market,51612.28,True,2024-04-21,Mother
CUST_00000357,Arunima Batra,Female,1961-10-13,64,Bachelor's,Psychiatric nurse,Dash and Sons,Salaried - Govt,Government,198437.98,16536.5,HDFC Bank,HDFC0002901,257754796139,Savings,Surat,Surat,Gujarat,395451,Mass Market,14099.73,False,2017-01-22,Son
CUST_00000358,Aadi Sangha,Male,1967-02-14,59,High School,Consulting civil engineer,"Mittal, Dutt and Mahal",Self-Employed Business,Education,41725714.96,3477142.91,IndusInd Bank,INDB0008912,621186981193,Savings,Mysuru,Mysuru,Karnataka,570839,Ultra HNI,21637053.2,False,2011-06-30,Sibling
CUST_00000359,Pranit Krishna,Male,1960-11-22,65,Master's,Unemployed,N/A,Unemployed,None,2366058.72,197171.56,Canara Bank,CNRB0006225,426706026108,Savings,Nagpur,Nagpur,Maharashtra,440217,Affluent,277815.91,True,2020-08-18,Spouse
CUST_00000360,Fitan Ben,Male,1977-03-16,49,High School,Industrial/product designer,"Kaur, Sanghvi and Chand",Salaried - Govt,Retail & E-commerce,17604305.99,1467025.5,HDFC Bank,HDFC0003692,369468350490,Current,New Delhi,New Delhi,Delhi,110438,Ultra HNI,20229687.67,False,2021-04-04,Daughter
CUST_00000361,Aachal Kala,Female,1981-05-21,45,Bachelor's,Unemployed,N/A,Unemployed,None,891008.59,74250.72,Bank of Baroda,BARB0008570,977169140360,Salary,Kolkata,Kolkata,West Bengal,700290,Affluent,240760.04,True,2012-02-15,Sibling
CUST_00000362,Isaiah Venkataraman,Male,1991-12-12,34,Bachelor's,Acupuncturist,Oza Inc,Salaried - Private,Automobile,504083.3,42006.94,Bank of Baroda,BARB0007481,907579231498,Savings,Coimbatore,Coimbatore,Tamil Nadu,641706,Mass Market,38419.38,True,2025-10-22,Son
CUST_00000363,Siddharth Deo,Male,1981-06-07,45,Master's,Estate manager/land agent,Chakraborty-Chaudry,Salaried - Private,Government,273271.87,22772.66,State Bank of India,SBIN0004519,405826515645,Salary,Mangaluru,Dakshina Kannada,Karnataka,575204,Mass Market,25481.91,False,2011-08-27,Daughter
CUST_00000364,Raksha Mistry,Female,1963-09-26,62,High School,Contracting civil engineer,"Dhar, Biswas and Wali",Salaried - Private,Healthcare,381973.86,31831.15,Punjab National Bank,PUNB0006340,603357601215,Savings,Mysuru,Mysuru,Karnataka,570786,Mass Market,50357.68,True,2019-01-05,Son
CUST_00000365,Fitan Sarraf,Male,1974-11-10,51,Master's,Unemployed,N/A,Unemployed,None,499623.33,41635.28,IndusInd Bank,INDB0006134,527765732491,Savings,Kolkata,Kolkata,West Bengal,700456,Mass Market,29135.86,False,2013-05-29,Mother
CUST_00000366,Forum Sabharwal,Female,1988-08-16,37,Master's,Probation officer,Chadha Inc,Salaried - Govt,Real Estate,510770.62,42564.22,IDFC FIRST Bank,IDFB0003826,842229354111,Savings,Hyderabad,Hyderabad,Telangana,500788,Mass Market,20323.1,True,2012-03-29,Father
CUST_00000367,David Rajagopalan,Male,1974-11-17,51,Diploma,"Pilot, airline",Dey-Kota,Salaried - Private,Retail & E-commerce,3173707.99,264475.67,HDFC Bank,HDFC0004908,225865648725,Savings,Delhi,East Delhi,Delhi,110810,HNI,1462511.61,True,2014-06-07,Father
CUST_00000368,Brijesh Kothari,Male,1985-05-14,41,High School,Tourism officer,"Mane, Bala and Mitra",Self-Employed Business,Agriculture,579192.85,48266.07,Bank of Baroda,BARB0007852,252885484746,Savings,Howrah,Howrah,West Bengal,711290,Mass Market,44458.43,False,2013-04-15,Son
CUST_00000369,Girindra Ramanathan,Male,1971-12-20,54,Bachelor's,Audiological scientist,Talwar Group,Salaried - Private,Automobile,555519.61,46293.3,IndusInd Bank,INDB0003838,282771957811,Salary,Lucknow,Lucknow,Uttar Pradesh,226243,Mass Market,71091.33,True,2011-10-21,Father
CUST_00000370,Yahvi Bobal,Female,1984-01-23,42,Bachelor's,"Administrator, charities/voluntary organisations",Nadig-Deo,Salaried - Private,Retail & E-commerce,428274.73,35689.56,Canara Bank,CNRB0001878,494559413628,Savings,Pune,Pune,Maharashtra,411239,Mass Market,15587.92,False,2016-03-10,Father
CUST_00000371,Shivansh Pau,Male,1984-12-31,41,High School,Drilling engineer,Bora-Badal,Salaried - Private,Government,6252595.33,521049.61,IndusInd Bank,INDB0009281,643970792573,Salary,Howrah,Howrah,West Bengal,711525,HNI,1259765.35,False,2019-05-25,Sibling
CUST_00000372,Abhimanyu Lala,Male,1967-10-27,58,Bachelor's,Best boy,Toor-Mangat,Self-Employed Professional,Real Estate,243669.93,20305.83,Canara Bank,CNRB0003740,718830358261,Savings,Mumbai,Mumbai City,Maharashtra,400399,Mass Market,65939.47,False,2020-01-21,Spouse
CUST_00000373,Zashil Sagar,Male,1978-08-15,47,Bachelor's,Operational investment banker,Yadav PLC,Salaried - Private,Manufacturing,501529.64,41794.14,Axis Bank,UTIB0009808,285923423266,Savings,Kanpur,Kanpur Nagar,Uttar Pradesh,208860,Mass Market,2000.85,False,2019-11-09,Son
CUST_00000374,Liam Chacko,Male,1972-09-18,53,Master's,Sales promotion account executive,Dugal PLC,Salaried - Private,Agriculture,307655.86,25637.99,IndusInd Bank,INDB0002854,227013839735,Savings,Warangal,Warangal,Telangana,506655,Mass Market,18820.42,False,2015-03-25,Spouse
CUST_00000375,Bhavini Mukherjee,Female,1992-11-30,33,Diploma,Field trials officer,Konda Inc,Self-Employed Professional,Telecom,2127165.68,177263.81,Canara Bank,CNRB0009951,213495175185,Savings,Coimbatore,Coimbatore,Tamil Nadu,641995,Affluent,219051.68,True,2024-10-16,Spouse
CUST_00000376,Devika Setty,Female,1988-06-05,38,Master's,Automotive engineer,Gill-Dar,Salaried - Private,Real Estate,558814.88,46567.91,Kotak Mahindra Bank,KKBK0006711,581409926304,Current,Bengaluru,Bengaluru Urban,Karnataka,560314,Mass Market,60888.63,False,2010-03-16,Sibling
CUST_00000377,Ekapad Apte,Male,1965-02-14,61,Bachelor's,"Loss adjuster, chartered","Varughese, Lad and Ganesan",Self-Employed Professional,Services,408688.72,34057.39,Punjab National Bank,PUNB0008015,775022751100,Savings,New Delhi,New Delhi,Delhi,110933,Mass Market,53780.42,False,2015-12-13,Father
CUST_00000378,Krish Dalal,Male,1996-09-11,29,Master's,Air traffic controller,Sanghvi-Magar,Salaried - Private,Information Technology,432652.63,36054.39,IDFC FIRST Bank,IDFB0006747,407228806626,Salary,Delhi,East Delhi,Delhi,110820,Mass Market,23648.87,False,2018-05-19,Mother
CUST_00000379,Karan Bose,Male,1982-05-23,44,Bachelor's,Sales promotion account executive,Bhakta-Tata,Salaried - Govt,Manufacturing,571828.44,47652.37,IDFC FIRST Bank,IDFB0005380,846895479712,Salary,Bengaluru,Bengaluru Urban,Karnataka,560868,Mass Market,62407.96,False,2023-10-01,Son
CUST_00000380,Fiyaz Pillai,Male,1964-10-13,61,Master's,"Civil engineer, contracting","D’Alia, Kari and Upadhyay",Self-Employed Professional,Information Technology,2151043.63,179253.64,Kotak Mahindra Bank,KKBK0003078,371152842541,Salary,Delhi,East Delhi,Delhi,110948,Affluent,159628.64,True,2010-01-16,Father
CUST_00000381,Abeer Konda,Male,1958-12-31,67,Diploma,Unemployed,N/A,Unemployed,None,1862105.75,155175.48,Bank of Baroda,BARB0009019,731970815033,Savings,Warangal,Warangal,Telangana,506484,Affluent,340822.7,False,2015-10-28,Son
CUST_00000382,Falan Gola,Male,2004-12-30,21,Bachelor's,Animal technologist,"Saini, Kapur and Nagy",Salaried - Private,Banking & Finance,1921999.08,160166.59,HDFC Bank,HDFC0007600,922553296534,Savings,Warangal,Warangal,Telangana,506565,Affluent,203742.02,False,2013-12-21,Son
CUST_00000383,Nathaniel Madan,Male,1999-07-14,27,Bachelor's,Unemployed,N/A,Unemployed,None,278688.83,23224.07,Punjab National Bank,PUNB0001040,954135455024,Salary,Mangaluru,Dakshina Kannada,Karnataka,575569,Mass Market,53455.58,False,2019-02-22,Sibling
CUST_00000384,Darpan Thakkar,Male,1991-08-07,34,Master's,Associate Professor,Kapoor PLC,Salaried - Private,Automobile,481750.66,40145.89,Punjab National Bank,PUNB0002037,687532962937,Savings,Kolkata,Kolkata,West Bengal,700539,Mass Market,64972.75,False,2025-09-13,Father
CUST_00000385,Sai Biswas,Male,2002-03-08,24,Bachelor's,Heritage manager,Narang-Chadha,Salaried - Private,Real Estate,883091.77,73590.98,Kotak Mahindra Bank,KKBK0006289,412795354062,Savings,Vadodara,Vadodara,Gujarat,390691,Affluent,173915.14,False,2018-11-06,Father
CUST_00000386,Aayush Pillay,Male,1967-01-14,59,Bachelor's,"Surveyor, rural practice",Kibe-Shetty,Salaried - Private,Services,420133.31,35011.11,Canara Bank,CNRB0006631,851164674526,Current,Mumbai,Mumbai City,Maharashtra,400201,Mass Market,62796.62,True,2015-11-22,Sibling
CUST_00000387,Yatin Hayre,Male,1994-09-03,31,High School,Sports coach,Dora Inc,Salaried - Govt,Real Estate,308846.17,25737.18,State Bank of India,SBIN0003035,581714871195,Savings,Noida,Gautam Buddha Nagar,Uttar Pradesh,201538,Mass Market,27765.97,True,2024-11-30,Father
CUST_00000388,Amaira Kaul,Female,1984-10-01,41,Bachelor's,Acupuncturist,Agarwal-Puri,Salaried - Private,Telecom,1114364.98,92863.75,ICICI Bank,ICIC0005945,199961152446,Salary,Surat,Surat,Gujarat,395184,Affluent,223106.75,True,2023-08-01,Mother
CUST_00000389,Mitesh Chawla,Male,1967-04-10,59,Bachelor's,Pensioner,N/A,Retired,Government/Services,462021.24,38501.77,ICICI Bank,ICIC0001848,788897041424,Savings,Hyderabad,Hyderabad,Telangana,500539,Mass Market,48156.6,True,2025-09-23,Sibling
CUST_00000390,Ubika Swamy,Female,2006-07-23,20,High School,Curator,"Mammen, Chander and Bassi",Salaried - Private,Banking & Finance,361447.95,30120.66,HDFC Bank,HDFC0001017,624902647083,Savings,Bengaluru,Bengaluru Urban,Karnataka,560707,Mass Market,73566.92,False,2024-09-27,Father
CUST_00000391,Samuel Pradhan,Male,1980-06-07,46,Master's,Chartered accountant,"Chandran, Tiwari and Deol",Salaried - Private,Agriculture,489911.69,40825.97,Canara Bank,CNRB0001152,864538807153,Savings,Ahmedabad,Ahmedabad,Gujarat,380980,Mass Market,53432.47,True,2020-03-12,Son
CUST_00000392,Ronith Borde,Male,1987-05-15,39,Diploma,Biomedical engineer,De-Khalsa,Salaried - Private,Telecom,292784.18,24398.68,ICICI Bank,ICIC0008826,349412308447,Salary,Kolkata,Kolkata,West Bengal,700848,Mass Market,22984.7,False,2014-09-01,Spouse
CUST_00000393,Nisha Ramaswamy,Female,1993-01-08,33,Bachelor's,"Journalist, newspaper",Sethi-Magar,Salaried - Private,Banking & Finance,579597.75,48299.81,Punjab National Bank,PUNB0007022,430201333423,Savings,Delhi,East Delhi,Delhi,110892,Mass Market,23702.23,False,2013-09-26,Father
CUST_00000394,Harrison Deshpande,Male,1997-02-20,29,Bachelor's,Television/film/video producer,Dugal Inc,Salaried - Private,Automobile,585306.46,48775.54,ICICI Bank,ICIC0002120,720753806333,Salary,Nagpur,Nagpur,Maharashtra,440765,Mass Market,20315.19,False,2012-08-18,Father
CUST_00000395,Viraj Murthy,Male,1977-09-25,48,Diploma,Social worker,Johal-Seth,Salaried - Private,Real Estate,543760.17,45313.35,Punjab National Bank,PUNB0004490,923036336754,Savings,Delhi,East Delhi,Delhi,110730,Mass Market,71111.56,True,2014-12-07,Sibling
CUST_00000396,Libni Dar,Female,1961-04-22,65,Bachelor's,Industrial buyer,"Baria, Kale and Narang",Self-Employed Business,Real Estate,426786.07,35565.51,Axis Bank,UTIB0002420,211225019785,Salary,New Delhi,New Delhi,Delhi,110703,Mass Market,53183.19,True,2012-05-16,Sibling
CUST_00000397,Jeet Parekh,Male,1977-03-14,49,Bachelor's,Artist,"Mistry, Lad and Ghosh",Salaried - Private,Government,582184.03,48515.34,Punjab National Bank,PUNB0008035,968934176751,Salary,New Delhi,New Delhi,Delhi,110383,Mass Market,31129.58,True,2010-07-01,Sibling
CUST_00000398,Samaksh Sethi,Male,1985-07-02,41,Master's,Statistician,Chandra Group,Salaried - Private,Banking & Finance,362104.77,30175.4,Axis Bank,UTIB0005668,128735375961,Salary,Hyderabad,Hyderabad,Telangana,500630,Mass Market,8761.66,False,2011-08-19,Daughter
CUST_00000399,Ekaraj Dara,Male,1957-03-25,69,Diploma,Environmental education officer,Hora Group,Salaried - Private,Agriculture,616297.49,51358.12,Axis Bank,UTIB0007418,809938947274,Savings,Mumbai,Mumbai City,Maharashtra,400606,Affluent,285781.6,False,2015-12-15,Son
CUST_00000400,Brijesh Lad,Male,2004-04-13,22,Bachelor's,Cabin crew,Bhattacharyya and Sons,Salaried - Private,Banking & Finance,548537.42,45711.45,Axis Bank,UTIB0009185,755575571743,Savings,Mangaluru,Dakshina Kannada,Karnataka,575112,Mass Market,55926.79,True,2024-06-09,Mother
CUST_00000401,Tristan Dave,Male,1961-05-22,65,Diploma,Learning disability nurse,Basak Group,Salaried - Private,Retail & E-commerce,372755.02,31062.92,ICICI Bank,ICIC0007337,562002675857,Savings,Vadodara,Vadodara,Gujarat,390799,Mass Market,55489.54,False,2010-10-23,Father
CUST_00000402,Tarak Rana,Male,1982-05-23,44,Master's,Museum/gallery exhibitions officer,"Sandhu, Gera and Pandya",Self-Employed Business,Real Estate,2081370.85,173447.57,HDFC Bank,HDFC0001273,175537151055,Savings,Pune,Pune,Maharashtra,411320,Affluent,423084.2,True,2013-06-08,Spouse
CUST_00000403,Girik Maharaj,Male,1971-02-25,55,Bachelor's,Database administrator,Korpal Ltd,Self-Employed Professional,Information Technology,208752.66,17396.06,Bank of Baroda,BARB0009300,788425223074,Current,Howrah,Howrah,West Bengal,711818,Mass Market,29091.24,False,2014-09-21,Son
CUST_00000404,Samesh Srinivas,Male,1959-10-12,66,Bachelor's,Health service manager,Devan-Saini,Salaried - Private,Banking & Finance,556045.36,46337.11,IndusInd Bank,INDB0009808,270149626499,Salary,Hyderabad,Hyderabad,Telangana,500417,Mass Market,50651.8,False,2013-03-11,Spouse
CUST_00000405,Jeet Bahl,Male,2008-01-09,18,Diploma,Mechanical engineer,Sundaram-Padmanabhan,Self-Employed Professional,Agriculture,365869.12,30489.09,Axis Bank,UTIB0003545,458786063830,Current,Kolkata,Kolkata,West Bengal,700417,Mass Market,49400.53,True,2024-08-07,Sibling
CUST_00000406,Yashasvi Nagy,Female,1976-10-16,49,Diploma,Education administrator,Nagar PLC,Salaried - Private,Government,306439.35,25536.61,Axis Bank,UTIB0001948,195539313082,Savings,Kolkata,Kolkata,West Bengal,700564,Mass Market,38692.08,False,2013-07-03,Daughter
CUST_00000407,Meera Bhardwaj,Female,1998-08-19,27,High School,Public house manager,"Parmar, Kaul and Dutta",Self-Employed Professional,Services,455172.96,37931.08,State Bank of India,SBIN0006067,914609608952,Savings,New Delhi,New Delhi,Delhi,110112,Mass Market,20997.27,True,2011-08-09,Sibling
CUST_00000408,Jai Lata,Male,1984-05-05,42,High School,Banker,Rama LLC,Self-Employed Professional,Healthcare,2065426.23,172118.85,State Bank of India,SBIN0003684,672719737558,Savings,Hyderabad,Hyderabad,Telangana,500480,Affluent,324053.72,True,2024-12-17,Father
CUST_00000409,Gabriel Goda,Male,1968-11-25,57,Diploma,"Investment banker, corporate","Parmer, Bala and Pandey",Salaried - Govt,Telecom,329892.11,27491.01,Kotak Mahindra Bank,KKBK0002934,465198304316,Salary,Howrah,Howrah,West Bengal,711636,Mass Market,27826.61,False,2025-02-27,Spouse
CUST_00000410,Ekavir Guha,Male,2000-02-02,26,Master's,Pensioner,N/A,Retired,Government/Services,328858.48,27404.87,Kotak Mahindra Bank,KKBK0002262,600347143930,Current,Ahmedabad,Ahmedabad,Gujarat,380611,Mass Market,38911.29,False,2022-12-19,Daughter
CUST_00000411,Yatin More,Male,1965-09-24,60,Bachelor's,Applications developer,Bhalla and Sons,Salaried - Govt,Healthcare,261422.49,21785.21,Punjab National Bank,PUNB0003577,947204272532,Salary,Mangaluru,Dakshina Kannada,Karnataka,575790,Mass Market,64693.62,False,2019-08-17,Sibling
CUST_00000412,Aishani Vyas,Female,1981-06-13,45,Master's,Learning disability nurse,"Jaggi, De and Oak",Self-Employed Professional,Banking & Finance,436429.64,36369.14,Axis Bank,UTIB0009336,147255671923,Salary,Mumbai,Mumbai City,Maharashtra,400147,Mass Market,13706.67,True,2021-06-21,Son
CUST_00000413,Ojasvi Bhargava,Female,1957-09-30,68,Diploma,Theatre director,"Dhar, Choudhry and Vora",Salaried - Private,Retail & E-commerce,180836.7,15069.73,Bank of Baroda,BARB0003458,705742274133,Salary,Kolkata,Kolkata,West Bengal,700429,Mass Market,54467.99,False,2023-10-08,Father
CUST_00000414,Balhaar Prakash,Male,1993-03-22,33,High School,Occupational hygienist,"Chaudhuri, Nayar and Mittal",Salaried - Private,Government,249614.23,20801.19,Punjab National Bank,PUNB0005444,185152008721,Savings,Ahmedabad,Ahmedabad,Gujarat,380614,Mass Market,67032.45,False,2015-02-28,Sibling
CUST_00000415,Farhan Sarkar,Male,1997-10-04,28,High School,"Radiographer, therapeutic","Nadig, Ghosh and Parikh",Salaried - Private,Information Technology,435256.13,36271.34,ICICI Bank,ICIC0004656,670390288563,Savings,Pune,Pune,Maharashtra,411170,Mass Market,19910.72,True,2013-07-28,Son
CUST_00000416,Gagan Radhakrishnan,Male,1972-07-21,54,Diploma,Pensioner,N/A,Retired,Government/Services,413888.95,34490.75,Kotak Mahindra Bank,KKBK0006090,195895027289,Savings,Noida,Gautam Buddha Nagar,Uttar Pradesh,201477,Mass Market,32351.58,False,2021-01-05,Father
CUST_00000417,Eesha Goel,Female,1994-06-26,32,Bachelor's,"Teacher, primary school",Bali-Gopal,Salaried - Private,Manufacturing,353022.4,29418.53,IDFC FIRST Bank,IDFB0005979,786076254724,Savings,Coimbatore,Coimbatore,Tamil Nadu,641477,Mass Market,65548.47,False,2019-08-21,Daughter
CUST_00000418,Indrajit Chawla,Male,2005-04-14,21,Bachelor's,Counsellor,Brahmbhatt-Khanna,Salaried - Private,Real Estate,239993.63,19999.47,Axis Bank,UTIB0009954,975144607348,Savings,Chennai,Chennai,Tamil Nadu,600106,Mass Market,52521.38,False,2015-07-20,Son
CUST_00000419,Nathaniel Ganesh,Male,1989-09-01,36,Master's,Chartered management accountant,"Nayak, Sekhon and Apte",Salaried - Private,Information Technology,356094.1,29674.51,Axis Bank,UTIB0009872,797272580412,Salary,Pune,Pune,Maharashtra,411101,Mass Market,3323.05,True,2014-03-30,Sibling
CUST_00000420,Jeet Bir,Male,1974-10-28,51,Bachelor's,Clinical cytogeneticist,"Agarwal, Bava and Raju",Salaried - Govt,Government,286374.4,23864.53,Kotak Mahindra Bank,KKBK0002703,680701888065,Salary,Coimbatore,Coimbatore,Tamil Nadu,641603,Mass Market,2728.45,False,2017-01-04,Spouse
CUST_00000421,Shaurya Ganesan,Male,2002-07-29,24,Master's,"Research officer, government",Panchal-Prashad,Self-Employed Business,Healthcare,1473170.39,122764.2,Kotak Mahindra Bank,KKBK0002524,674862063406,Salary,Howrah,Howrah,West Bengal,711569,Affluent,183451.36,False,2011-08-16,Sibling
CUST_00000422,Wriddhish Kar,Male,1965-01-22,61,Master's,"Buyer, retail",Menon Inc,Self-Employed Business,Banking & Finance,211793.89,17649.49,IDFC FIRST Bank,IDFB0002565,248199683790,Salary,Kolkata,Kolkata,West Bengal,700706,Mass Market,30311.3,False,2015-02-06,Daughter
CUST_00000423,Damini Borah,Female,1974-05-16,52,Diploma,Mining engineer,Borde PLC,Salaried - Private,Information Technology,1300928.89,108410.74,Bank of Baroda,BARB0003141,418844506762,Current,Warangal,Warangal,Telangana,506920,Affluent,266704.39,True,2025-01-25,Son
CUST_00000424,Chakradhar Nigam,Male,1987-06-24,39,High School,Visual merchandiser,Balasubramanian-Sankar,Salaried - Private,Telecom,1380250.02,115020.84,Punjab National Bank,PUNB0006211,398297323586,Savings,Chennai,Chennai,Tamil Nadu,600307,Affluent,448872.94,True,2025-01-28,Father
CUST_00000425,Fitan Saraf,Male,1964-10-09,61,Bachelor's,Chiropractor,Jha-Gupta,Salaried - Private,Services,335221.16,27935.1,HDFC Bank,HDFC0003546,280842423019,Salary,Lucknow,Lucknow,Uttar Pradesh,226421,Mass Market,35889.41,False,2016-07-19,Son
CUST_00000426,Libni Manda,Female,1972-01-24,54,High School,Chief Operating Officer,Ramaswamy PLC,Salaried - Private,Banking & Finance,383275.53,31939.63,IndusInd Bank,INDB0006870,950251631900,Salary,Coimbatore,Coimbatore,Tamil Nadu,641415,Mass Market,2387.88,False,2018-10-17,Son
CUST_00000427,Yatan Dube,Male,1959-06-11,67,High School,"Accountant, chartered certified",Chahal-Menon,Self-Employed Professional,Manufacturing,508423.19,42368.6,HDFC Bank,HDFC0002481,985440215860,Salary,Hyderabad,Hyderabad,Telangana,500320,Mass Market,56877.53,False,2023-03-08,Mother
CUST_00000428,Wriddhish Iyengar,Male,1961-08-25,64,Bachelor's,"Engineer, maintenance",Manne Inc,Salaried - Govt,Healthcare,905785.81,75482.15,HDFC Bank,HDFC0005066,495001270301,Salary,Kolkata,Kolkata,West Bengal,700793,Affluent,127990.08,False,2017-07-30,Mother
CUST_00000429,Devika Morar,Female,1997-05-24,29,Bachelor's,Public affairs consultant,Lanka-Chand,Salaried - Govt,Manufacturing,553433.73,46119.48,ICICI Bank,ICIC0001509,546470855281,Savings,Kanpur,Kanpur Nagar,Uttar Pradesh,208866,Mass Market,44252.89,True,2020-04-08,Daughter
CUST_00000430,Rishi Goyal,Male,1975-11-21,50,Bachelor's,Museum/gallery curator,Grover-Sehgal,Salaried - Private,Education,311807.26,25983.94,HDFC Bank,HDFC0008570,980905984396,Savings,New Delhi,New Delhi,Delhi,110112,Mass Market,19629.55,True,2010-09-18,Spouse
CUST_00000431,Urvi Shroff,Female,1970-04-19,56,Bachelor's,Geophysical data processor,"Bhatia, Dora and Chatterjee",Salaried - Private,Education,472385.58,39365.47,ICICI Bank,ICIC0004246,541624314568,Salary,Vadodara,Vadodara,Gujarat,390745,Mass Market,29944.31,False,2011-05-16,Sibling
CUST_00000432,Pooja Sachdev,Female,2007-01-19,19,Diploma,Theme park manager,Bhat Group,Self-Employed Professional,Banking & Finance,574408.76,47867.4,IDFC FIRST Bank,IDFB0005240,997293523296,Savings,Bengaluru,Bengaluru Urban,Karnataka,560166,Mass Market,48455.32,True,2023-02-03,Father
CUST_00000433,Shaurya Wason,Male,1992-04-24,34,Bachelor's,Public relations officer,"Keer, Soni and Mistry",Salaried - Private,Automobile,291146.71,24262.23,Canara Bank,CNRB0003110,464251396965,Salary,Bengaluru,Bengaluru Urban,Karnataka,560572,Mass Market,50323.73,False,2011-04-07,Spouse
CUST_00000434,Anika Thakkar,Female,1986-04-17,40,Bachelor's,"Scientist, forensic","Din, Dara and Sen",Salaried - Private,Healthcare,473558.51,39463.21,IDFC FIRST Bank,IDFB0008096,898098061664,Savings,Howrah,Howrah,West Bengal,711130,Mass Market,28889.35,True,2012-10-07,Son
CUST_00000435,Fiyaz Kakar,Male,1998-08-15,27,High School,Computer games developer,Sampath Inc,Self-Employed Business,Automobile,414081.61,34506.8,Bank of Baroda,BARB0003831,333448408697,Salary,Delhi,East Delhi,Delhi,110386,Mass Market,4845.49,True,2025-10-23,Son
CUST_00000436,Urishilla Jaggi,Female,2008-06-07,18,Master's,Data scientist,"Kuruvilla, Nagarajan and Bhavsar",Salaried - Private,Healthcare,9970798.32,830899.86,State Bank of India,SBIN0005026,424902586755,Salary,Lucknow,Lucknow,Uttar Pradesh,226663,HNI,2133372.89,True,2011-05-24,Son
CUST_00000437,Rushil Nanda,Male,2001-02-14,25,High School,"Scientist, product/process development",Arora-Virk,Salaried - Private,Information Technology,23065569.98,1922130.83,HDFC Bank,HDFC0005583,251968893471,Salary,Kolkata,Kolkata,West Bengal,700758,Ultra HNI,19208229.98,False,2022-07-04,Daughter
CUST_00000438,Dayita Sachdeva,Other,1964-05-20,62,Diploma,Tax adviser,"Chaudhry, Cherian and Chaudhuri",Salaried - Private,Education,234633.88,19552.82,IndusInd Bank,INDB0001319,520861283872,Savings,Surat,Surat,Gujarat,395657,Mass Market,3637.09,False,2022-07-28,Son
CUST_00000439,Pooja Roy,Female,1970-05-03,56,Bachelor's,"Radiographer, diagnostic","Solanki, Barad and Gera",Salaried - Private,Retail & E-commerce,277447.64,23120.64,IDFC FIRST Bank,IDFB0009231,526583042771,Salary,Hyderabad,Hyderabad,Telangana,500126,Mass Market,3049.85,False,2014-05-29,Mother
CUST_00000440,Ekbal Ratti,Male,1958-08-16,67,Bachelor's,Learning disability nurse,"Khanna, Bawa and Soman",Salaried - Private,Services,1715147.16,142928.93,Axis Bank,UTIB0001480,992905510710,Savings,Hyderabad,Hyderabad,Telangana,500928,Affluent,275358.14,False,2024-09-24,Son
CUST_00000441,Quincy Bahri,Male,1974-03-02,52,Bachelor's,Unemployed,N/A,Unemployed,None,1396128.85,116344.07,IndusInd Bank,INDB0006856,743243689144,Savings,Chennai,Chennai,Tamil Nadu,600202,Affluent,332958.8,True,2022-09-12,Father
CUST_00000442,Nachiket Mand,Male,2000-05-29,26,Master's,Pensioner,N/A,Retired,Government/Services,401624.54,33468.71,Axis Bank,UTIB0005366,995645376775,Current,Mumbai,Mumbai City,Maharashtra,400689,Mass Market,17449.42,False,2023-09-24,Son
CUST_00000443,Chandran Kari,Male,1963-08-05,63,Master's,Probation officer,Luthra-Saha,Self-Employed Professional,Retail & E-commerce,202406.16,16867.18,ICICI Bank,ICIC0003885,749556041080,Salary,Vadodara,Vadodara,Gujarat,390814,Mass Market,35197.8,False,2019-09-05,Mother
CUST_00000444,Chaitanya Guha,Male,1979-07-25,47,Bachelor's,Pensioner,N/A,Retired,Government/Services,390150.97,32512.58,IDFC FIRST Bank,IDFB0001462,871820453098,Salary,Vadodara,Vadodara,Gujarat,390677,Mass Market,52434.53,False,2024-08-12,Father
CUST_00000445,Samar Sundaram,Male,1996-01-29,30,High School,Midwife,Varma and Sons,Salaried - Govt,Services,255329.52,21277.46,Axis Bank,UTIB0009064,441630823827,Savings,Delhi,East Delhi,Delhi,110138,Mass Market,53475.16,False,2011-01-19,Spouse
CUST_00000446,Zehaan Raval,Male,1963-08-29,62,Master's,"Scientist, research (physical sciences)","Balakrishnan, Ghose and Hans",Salaried - Private,Information Technology,507223.09,42268.59,Axis Bank,UTIB0004584,675611207737,Salary,Noida,Gautam Buddha Nagar,Uttar Pradesh,201439,Mass Market,46507.91,False,2024-01-01,Daughter
CUST_00000447,Irya Bhardwaj,Female,1969-07-29,57,Master's,"Programmer, multimedia",Patel Ltd,Salaried - Govt,Education,348792.62,29066.05,ICICI Bank,ICIC0006582,296352752006,Savings,Ahmedabad,Ahmedabad,Gujarat,380122,Mass Market,13219.45,True,2013-03-09,Father
CUST_00000448,Raksha Shetty,Female,1982-11-10,43,Bachelor's,Community pharmacist,"Balasubramanian, Khurana and Pradhan",Salaried - Govt,Services,201835.53,16819.63,ICICI Bank,ICIC0002817,679161225398,Savings,Ahmedabad,Ahmedabad,Gujarat,380482,Mass Market,4317.29,False,2017-10-26,Sibling
CUST_00000449,Udant Goel,Male,2006-07-10,20,Bachelor's,Public relations account executive,"Palla, Padmanabhan and Gade",Self-Employed Business,Automobile,1786281.74,148856.81,Bank of Baroda,BARB0002655,432158000589,Salary,Ahmedabad,Ahmedabad,Gujarat,380261,Affluent,134492.73,False,2023-05-27,Sibling
CUST_00000450,Kai Chana,Male,1971-06-04,55,Bachelor's,Nature conservation officer,Gaba PLC,Salaried - Private,Government,2395028.22,199585.69,Canara Bank,CNRB0006198,878137275338,Salary,Ahmedabad,Ahmedabad,Gujarat,380781,Affluent,62010.4,False,2022-06-23,Daughter
CUST_00000451,Jalsa Kant,Female,1990-04-02,36,Bachelor's,"Engineer, maintenance",Rout-Varghese,Self-Employed Business,Healthcare,320817.2,26734.77,Bank of Baroda,BARB0006026,859066728501,Current,Hyderabad,Hyderabad,Telangana,500281,Mass Market,6892.21,False,2010-04-28,Sibling
CUST_00000452,Aarna Som,Female,2003-12-23,22,Master's,Early years teacher,"Anand, Kapur and Krishnan",Salaried - Private,Information Technology,209834.65,17486.22,IDFC FIRST Bank,IDFB0007415,136797058268,Savings,Delhi,East Delhi,Delhi,110928,Mass Market,17387.9,False,2019-09-25,Daughter
CUST_00000453,Michael Maharaj,Male,1978-08-19,47,Diploma,Mudlogger,Sharaf-Krishnan,Salaried - Private,Education,241855.74,20154.65,IDFC FIRST Bank,IDFB0002705,649483890039,Salary,Delhi,East Delhi,Delhi,110863,Mass Market,73034.61,False,2013-06-28,Spouse
CUST_00000454,Nidhi Verma,Female,1999-06-12,27,Bachelor's,Occupational psychologist,"Chaudry, Amble and Vaidya",Salaried - Private,Education,1187257.05,98938.09,Punjab National Bank,PUNB0006234,796505772923,Savings,Mangaluru,Dakshina Kannada,Karnataka,575786,Affluent,169753.35,True,2025-12-27,Sibling
CUST_00000455,Rachit Mandal,Male,1972-02-14,54,Bachelor's,Clinical cytogeneticist,Bhatt-Nayar,Self-Employed Professional,Telecom,268412.91,22367.74,Punjab National Bank,PUNB0008317,387811752671,Savings,Chennai,Chennai,Tamil Nadu,600809,Mass Market,61058.73,False,2025-10-23,Spouse
CUST_00000456,Nicholas Malhotra,Male,1970-03-07,56,Master's,Hydrogeologist,Doctor PLC,Salaried - Private,Retail & E-commerce,383505.96,31958.83,Kotak Mahindra Bank,KKBK0002770,103094152811,Savings,Pune,Pune,Maharashtra,411548,Mass Market,24076.62,False,2022-03-31,Sibling
CUST_00000457,Ayush Raval,Male,1990-12-07,35,Bachelor's,Counselling psychologist,"Bal, Tank and Merchant",Salaried - Govt,Government,442079.36,36839.95,ICICI Bank,ICIC0007783,483878647484,Savings,Kolkata,Kolkata,West Bengal,700948,Mass Market,21975.75,True,2014-02-24,Son
CUST_00000458,Shaurya Ravel,Male,1976-10-14,49,Diploma,Animal technologist,"Gupta, Oza and Kapadia",Self-Employed Business,Services,355815.06,29651.26,Axis Bank,UTIB0003664,179247676042,Salary,Pune,Pune,Maharashtra,411120,Mass Market,35465.49,False,2020-12-24,Mother
CUST_00000459,Wazir Parmer,Male,1982-12-21,43,Bachelor's,"Doctor, hospital","Golla, Memon and Chatterjee",Self-Employed Business,Manufacturing,405969.54,33830.79,HDFC Bank,HDFC0002215,286151648791,Current,Kolkata,Kolkata,West Bengal,700849,Mass Market,63327.89,False,2017-07-13,Spouse
CUST_00000460,Kai Goswami,Male,2005-10-25,20,High School,Legal executive,"Chakraborty, Kapadia and Pant",Salaried - Private,Agriculture,1486624.33,123885.36,HDFC Bank,HDFC0006536,875167451981,Salary,Pune,Pune,Maharashtra,411769,Affluent,243272.35,True,2013-07-28,Father
CUST_00000461,Nikita Salvi,Female,1997-07-24,29,Bachelor's,Learning disability nurse,Lad-Menon,Salaried - Private,Services,500227.72,41685.64,Bank of Baroda,BARB0003573,207604202561,Savings,Ahmedabad,Ahmedabad,Gujarat,380294,Mass Market,11198.15,False,2017-06-02,Son
CUST_00000462,Daniel Singhal,Male,1959-05-26,67,Bachelor's,Television production assistant,"Bobal, Sodhi and Hayer",Salaried - Govt,Telecom,450793.0,37566.08,IndusInd Bank,INDB0009849,826988776523,Savings,Warangal,Warangal,Telangana,506343,Mass Market,18777.35,True,2018-01-03,Spouse
CUST_00000463,Rayaan Wagle,Male,1972-02-11,54,High School,Audiological scientist,Devan and Sons,Salaried - Govt,Information Technology,297030.09,24752.51,Bank of Baroda,BARB0009043,156494238598,Savings,Ahmedabad,Ahmedabad,Gujarat,380537,Mass Market,17965.82,False,2015-06-26,Spouse
CUST_00000464,Vasudha Dhar,Female,1973-01-18,53,Diploma,Pensioner,N/A,Retired,Government/Services,6741579.57,561798.3,Kotak Mahindra Bank,KKBK0008869,203936811868,Savings,Mumbai,Mumbai City,Maharashtra,400274,HNI,700302.36,False,2021-06-13,Sibling
CUST_00000465,Banjeet Sura,Male,1973-11-23,52,High School,"Editor, film/video",Bhardwaj-Agrawal,Salaried - Govt,Manufacturing,2032667.5,169388.96,HDFC Bank,HDFC0008758,228178012164,Salary,Warangal,Warangal,Telangana,506582,Affluent,120049.26,True,2017-03-26,Son
CUST_00000466,Henry Ganguly,Male,1986-07-22,40,Master's,"Designer, interior/spatial",Chakrabarti-Dayal,Salaried - Private,Automobile,180274.42,15022.87,Kotak Mahindra Bank,KKBK0002493,699757249248,Salary,Kolkata,Kolkata,West Bengal,700479,Mass Market,65558.84,False,2019-10-31,Son
CUST_00000467,Tanish Raval,Male,1978-11-26,47,Bachelor's,Publishing rights manager,Agrawal-Barad,Salaried - Private,Retail & E-commerce,327512.14,27292.68,ICICI Bank,ICIC0008303,387954437064,Savings,Lucknow,Lucknow,Uttar Pradesh,226369,Mass Market,8845.69,False,2018-07-16,Father
CUST_00000468,Rachit Atwal,Male,2002-12-18,23,Diploma,Set designer,Badami Ltd,Salaried - Private,Manufacturing,561542.51,46795.21,IDFC FIRST Bank,IDFB0002009,925282822134,Savings,Bengaluru,Bengaluru Urban,Karnataka,560784,Mass Market,36169.04,False,2010-01-25,Mother
CUST_00000469,Jeet Kara,Male,1992-08-25,33,Bachelor's,Local government officer,Dayal-Chauhan,Salaried - Private,Agriculture,599814.24,49984.52,Bank of Baroda,BARB0004727,166802211551,Savings,Howrah,Howrah,West Bengal,711648,Mass Market,58169.77,False,2016-02-20,Sibling
CUST_00000470,Michael Ganesh,Male,1960-01-01,66,High School,Armed forces technical officer,Mannan-Shah,Salaried - Private,Real Estate,394443.92,32870.33,IDFC FIRST Bank,IDFB0004860,428463045436,Current,Mysuru,Mysuru,Karnataka,570974,Mass Market,46904.43,False,2021-08-23,Sibling
CUST_00000471,Om Saraf,Male,2002-10-02,23,High School,Contractor,Suri-Parmer,Salaried - Private,Information Technology,364035.02,30336.25,IndusInd Bank,INDB0009467,730503133233,Savings,New Delhi,New Delhi,Delhi,110875,Mass Market,63260.17,True,2021-12-31,Son
CUST_00000472,Fitan Raval,Male,1957-08-08,69,Diploma,Environmental manager,"Deep, Kakar and Bains",Salaried - Private,Healthcare,800867.4,66738.95,ICICI Bank,ICIC0004471,313925709865,Savings,New Delhi,New Delhi,Delhi,110533,Affluent,293327.8,True,2019-06-08,Spouse
CUST_00000473,Frado Dasgupta,Male,1975-08-29,50,Master's,Applications developer,Kumer-Warrior,Salaried - Private,Automobile,825875.33,68822.94,Bank of Baroda,BARB0004308,261607706036,Savings,Warangal,Warangal,Telangana,506844,Affluent,359108.57,False,2019-12-20,Spouse
CUST_00000474,Arjun Chokshi,Male,1990-07-28,36,Master's,Advertising account planner,D’Alia Group,Salaried - Private,Banking & Finance,188045.3,15670.44,Bank of Baroda,BARB0007510,458853340277,Savings,Warangal,Warangal,Telangana,506994,Mass Market,62360.67,False,2017-02-09,Spouse
CUST_00000475,Diya Krishnan,Female,1981-04-06,45,Diploma,"Designer, ceramics/pottery",Andra LLC,Salaried - Private,Telecom,583826.78,48652.23,IDFC FIRST Bank,IDFB0009561,562918815025,Current,Mysuru,Mysuru,Karnataka,570253,Mass Market,50754.36,True,2016-09-25,Father
CUST_00000476,Chandresh Venkatesh,Male,1970-08-22,55,Bachelor's,Trading standards officer,"Devan, Sahota and Cheema",Salaried - Private,Services,2304890.63,192074.22,IDFC FIRST Bank,IDFB0002641,219936653222,Salary,Mysuru,Mysuru,Karnataka,570988,Affluent,403942.05,True,2018-03-09,Daughter
CUST_00000477,Daniel Mandal,Male,1962-07-14,64,Master's,Claims inspector/assessor,Issac-Iyengar,Salaried - Private,Retail & E-commerce,1871243.09,155936.92,Bank of Baroda,BARB0005327,818904697611,Current,Kanpur,Kanpur Nagar,Uttar Pradesh,208723,Affluent,299075.82,True,2022-06-12,Son
CUST_00000478,Harrison Parmar,Male,1993-03-01,33,High School,Hotel manager,Baral PLC,Salaried - Private,Information Technology,324222.41,27018.53,ICICI Bank,ICIC0005512,256349582652,Current,Kolkata,Kolkata,West Bengal,700505,Mass Market,62923.74,True,2017-12-10,Mother
CUST_00000479,Hemang Srivastava,Male,1973-10-15,52,Master's,"Accountant, chartered",Chakraborty Inc,Salaried - Private,Telecom,248372.22,20697.69,Axis Bank,UTIB0001807,622894013914,Savings,Warangal,Warangal,Telangana,506120,Mass Market,45450.54,False,2023-05-13,Mother
CUST_00000480,Xiti Dixit,Female,2005-12-12,20,Bachelor's,Sales promotion account executive,Chaudhuri LLC,Salaried - Govt,Manufacturing,377803.31,31483.61,Kotak Mahindra Bank,KKBK0005593,640490910445,Salary,Bengaluru,Bengaluru Urban,Karnataka,560237,Mass Market,50319.7,False,2020-04-22,Mother
CUST_00000481,Vedant Minhas,Male,1970-05-03,56,Master's,Arts administrator,Ghosh Inc,Self-Employed Business,Telecom,700089.94,58340.83,Canara Bank,CNRB0006257,900021067068,Savings,Kolkata,Kolkata,West Bengal,700292,Affluent,52751.18,False,2023-08-20,Son
CUST_00000482,Pranit Munshi,Male,1978-09-30,47,Bachelor's,Commercial art gallery manager,Bath Inc,Self-Employed Business,Education,2236515.48,186376.29,Bank of Baroda,BARB0008937,670197681926,Salary,Ahmedabad,Ahmedabad,Gujarat,380627,Affluent,175551.23,True,2023-08-19,Father
CUST_00000483,Frederick Narasimhan,Male,1975-03-10,51,High School,Primary school teacher,"Loyal, Chander and Pradhan",Salaried - Private,Banking & Finance,528998.65,44083.22,Kotak Mahindra Bank,KKBK0009303,247761414072,Salary,Mumbai,Mumbai City,Maharashtra,400297,Mass Market,10752.05,False,2023-01-14,Father
CUST_00000484,Gavin Comar,Male,1977-06-08,49,Bachelor's,"Programmer, multimedia",Rajan-Sridhar,Salaried - Private,Information Technology,362214.45,30184.54,Axis Bank,UTIB0001541,153500039669,Savings,Vadodara,Vadodara,Gujarat,390303,Mass Market,14001.6,False,2022-10-18,Mother
CUST_00000485,Geetika Chowdhury,Female,1963-06-30,63,Diploma,Barrister's clerk,Chawla Group,Self-Employed Professional,Retail & E-commerce,571253.06,47604.42,Canara Bank,CNRB0009275,797489556056,Savings,Mangaluru,Dakshina Kannada,Karnataka,575131,Mass Market,61931.61,False,2024-07-30,Father
CUST_00000486,Warhi Sarma,Female,1966-01-11,60,Bachelor's,Museum education officer,Balakrishnan-De,Salaried - Private,Retail & E-commerce,527151.45,43929.29,Canara Bank,CNRB0008308,623429729263,Savings,Surat,Surat,Gujarat,395267,Mass Market,60471.59,False,2017-09-23,Mother
CUST_00000487,Yagnesh Chowdhury,Male,2002-09-25,23,High School,Unemployed,N/A,Unemployed,None,208238.36,17353.2,HDFC Bank,HDFC0005670,521024693954,Salary,Mumbai,Mumbai City,Maharashtra,400974,Mass Market,45423.86,False,2017-01-18,Daughter
CUST_00000488,Azad Lal,Male,1990-08-24,35,Bachelor's,"Administrator, charities/voluntary organisations","Vohra, Kapur and Nigam",Salaried - Govt,Education,252460.03,21038.34,Axis Bank,UTIB0004688,326248978305,Savings,Warangal,Warangal,Telangana,506625,Mass Market,43462.12,False,2018-04-22,Spouse
CUST_00000489,Charvi Sant,Female,1990-12-30,35,Master's,Unemployed,N/A,Unemployed,None,587283.93,48940.33,State Bank of India,SBIN0008767,245648849791,Savings,New Delhi,New Delhi,Delhi,110329,Mass Market,33480.07,True,2013-12-23,Mother
CUST_00000490,Oscar Rajan,Male,1964-05-02,62,Bachelor's,"Surveyor, insurance","Bhagat, Apte and Dugar",Salaried - Private,Services,437867.53,36488.96,Kotak Mahindra Bank,KKBK0005511,604008868230,Savings,Hyderabad,Hyderabad,Telangana,500577,Mass Market,20458.64,True,2018-02-02,Mother
CUST_00000491,Vrinda Tandon,Female,2001-10-15,24,Master's,Cabin crew,Nagi-Khosla,Salaried - Private,Automobile,332275.11,27689.59,IndusInd Bank,INDB0007506,214179502934,Savings,Nagpur,Nagpur,Maharashtra,440778,Mass Market,60817.16,True,2015-04-18,Mother
CUST_00000492,Liam Bedi,Male,1982-12-14,43,Bachelor's,Statistician,"Radhakrishnan, Rau and Keer",Salaried - Private,Agriculture,998229.65,83185.8,IDFC FIRST Bank,IDFB0005631,852901221143,Salary,Mysuru,Mysuru,Karnataka,570165,Affluent,202396.51,False,2011-04-06,Mother
CUST_00000493,Tristan Sem,Male,1961-03-08,65,Bachelor's,Research scientist (physical sciences),Mutti-Dani,Salaried - Private,Manufacturing,3301692.62,275141.05,Punjab National Bank,PUNB0005536,818381155849,Salary,Hyderabad,Hyderabad,Telangana,500253,HNI,2360873.79,False,2025-09-09,Daughter
CUST_00000494,Aditya Chauhan,Male,1977-07-29,49,Bachelor's,Animal technologist,"Acharya, Chand and Modi",Salaried - Private,Education,455692.03,37974.34,State Bank of India,SBIN0007620,450729307132,Savings,New Delhi,New Delhi,Delhi,110771,Mass Market,72894.02,False,2024-03-28,Son
CUST_00000495,Harshil Shan,Male,2005-12-29,20,Bachelor's,Medical physicist,Kapoor Group,Salaried - Private,Manufacturing,574162.51,47846.88,Kotak Mahindra Bank,KKBK0007857,526939501321,Savings,Nagpur,Nagpur,Maharashtra,440825,Mass Market,50309.77,True,2015-04-24,Daughter
CUST_00000496,Warjas Patla,Male,1993-10-24,32,Bachelor's,Clothing/textile technologist,Kapadia Inc,Self-Employed Business,Education,1701295.84,141774.65,Punjab National Bank,PUNB0004643,687063266109,Savings,Kanpur,Kanpur Nagar,Uttar Pradesh,208467,Affluent,199383.18,True,2015-06-18,Daughter
CUST_00000497,Madhav Vig,Male,1976-01-15,50,Bachelor's,Claims inspector/assessor,Gala Group,Self-Employed Professional,Manufacturing,209445.42,17453.78,ICICI Bank,ICIC0003967,204341008026,Savings,Noida,Gautam Buddha Nagar,Uttar Pradesh,201858,Mass Market,30853.93,False,2012-03-31,Mother
CUST_00000498,Samarth Chhabra,Male,1969-10-28,56,Master's,"Engineer, building services",Dara Group,Salaried - Private,Telecom,250645.54,20887.13,IndusInd Bank,INDB0003999,851391314460,Savings,Vadodara,Vadodara,Gujarat,390191,Mass Market,66191.11,False,2013-06-13,Father
CUST_00000499,Girish Nigam,Male,1962-03-18,64,Bachelor's,Patent examiner,Dasgupta Group,Self-Employed Professional,Retail & E-commerce,4075389.63,339615.8,Axis Bank,UTIB0006031,965094342411,Current,Surat,Surat,Gujarat,395366,HNI,2260981.72,False,2017-04-26,Daughter
CUST_00000500,Zayyan Desai,Male,2006-09-11,19,Bachelor's,"Accountant, chartered management","Bava, Sant and Subramanian",Salaried - Private,Manufacturing,1556329.23,129694.1,Canara Bank,CNRB0002929,157855514041,Savings,Mysuru,Mysuru,Karnataka,570299,Affluent,320975.23,False,2024-10-15,Daughter
CUST_00000501,Hema Ghose,Female,1994-07-27,32,High School,"Conservation officer, historic buildings",Ram Ltd,Self-Employed Business,Banking & Finance,534759.68,44563.31,Bank of Baroda,BARB0009680,552252994280,Savings,Mumbai,Mumbai City,Maharashtra,400240,Mass Market,33485.02,False,2019-08-10,Father
CUST_00000502,Naveen Thaman,Male,2002-05-30,24,Master's,Personal assistant,"Kothari, Mahal and Rao",Salaried - Private,Retail & E-commerce,309556.68,25796.39,Bank of Baroda,BARB0008496,444212526725,Savings,New Delhi,New Delhi,Delhi,110599,Mass Market,43832.08,True,2025-06-01,Mother
CUST_00000503,Manan Sethi,Male,1998-06-07,28,High School,Unemployed,N/A,Unemployed,None,5403180.26,450265.02,ICICI Bank,ICIC0006134,162854694491,Savings,Pune,Pune,Maharashtra,411380,HNI,1929578.79,False,2012-03-18,Father
CUST_00000504,Yashvi Mistry,Female,2000-06-02,26,Master's,Sports development officer,Kalla-Iyer,Salaried - Private,Healthcare,1078671.21,89889.27,IDFC FIRST Bank,IDFB0003595,965391144066,Savings,Bengaluru,Bengaluru Urban,Karnataka,560729,Affluent,446132.92,False,2013-05-10,Son
CUST_00000505,Maanav Pai,Male,2004-06-24,22,Bachelor's,Consulting civil engineer,"Gokhale, Thakur and Naidu",Salaried - Private,Automobile,3776992.92,314749.41,Bank of Baroda,BARB0007609,522957213576,Savings,Mumbai,Mumbai City,Maharashtra,400646,HNI,1707782.15,True,2021-05-13,Father
CUST_00000506,Patrick Srinivasan,Male,1986-11-23,39,Bachelor's,Pensions consultant,"Walla, Mangal and Sami",Salaried - Private,Telecom,355620.81,29635.07,Punjab National Bank,PUNB0001230,456018456552,Salary,Chennai,Chennai,Tamil Nadu,600792,Mass Market,57281.66,True,2022-12-06,Spouse
CUST_00000507,Chatresh Bakshi,Male,1976-05-26,50,High School,Astronomer,"Bhalla, Iyengar and Loke",Salaried - Private,Automobile,433028.77,36085.73,Axis Bank,UTIB0004707,440781387392,Savings,New Delhi,New Delhi,Delhi,110492,Mass Market,13900.4,True,2022-01-01,Daughter
CUST_00000508,Gaurika Mangat,Female,1992-02-14,34,Master's,Dancer,Merchant and Sons,Salaried - Private,Services,544732.0,45394.33,Kotak Mahindra Bank,KKBK0003736,426613873331,Savings,Warangal,Warangal,Telangana,506845,Mass Market,69631.86,True,2022-01-21,Daughter
CUST_00000509,Amol Parmer,Male,1998-11-29,27,Bachelor's,"Civil engineer, consulting","Kapur, Ramachandran and Khanna",Salaried - Private,Services,424966.0,35413.83,IndusInd Bank,INDB0006535,474236775995,Salary,Lucknow,Lucknow,Uttar Pradesh,226868,Mass Market,2825.09,True,2018-03-05,Father
CUST_00000510,Maanas Batta,Male,2004-10-02,21,Bachelor's,Naval architect,Munshi-Bhagat,Salaried - Private,Healthcare,6535909.84,544659.15,Bank of Baroda,BARB0001313,345794184954,Salary,New Delhi,New Delhi,Delhi,110851,HNI,978002.28,True,2010-03-17,Spouse
CUST_00000511,Ladli Jain,Female,1988-11-09,37,Bachelor's,Probation officer,Pillai PLC,Salaried - Govt,Services,358970.92,29914.24,IndusInd Bank,INDB0003768,499960935218,Salary,Pune,Pune,Maharashtra,411997,Mass Market,62762.54,True,2018-09-29,Sibling
CUST_00000512,Guneet Hari,Male,1971-11-24,54,Master's,Pensioner,N/A,Retired,Government/Services,369024.63,30752.05,Kotak Mahindra Bank,KKBK0009761,154215951069,Salary,Nagpur,Nagpur,Maharashtra,440210,Mass Market,26634.16,True,2012-11-02,Sibling
CUST_00000513,Baljiwan Grover,Male,2006-08-16,19,Bachelor's,"Scientist, audiological",Purohit Inc,Salaried - Private,Information Technology,365684.95,30473.75,State Bank of India,SBIN0002897,587121341878,Savings,Kolkata,Kolkata,West Bengal,700660,Mass Market,26411.29,False,2016-11-08,Mother
CUST_00000514,Kevin De,Male,1964-12-21,61,Bachelor's,Freight forwarder,Narayanan Group,Self-Employed Business,Real Estate,877019.83,73084.99,ICICI Bank,ICIC0004366,854605103833,Savings,Pune,Pune,Maharashtra,411530,Affluent,109699.79,True,2021-05-09,Sibling
CUST_00000515,Faras Baral,Male,1964-08-06,62,Bachelor's,IT trainer,"Behl, Mitra and Swaminathan",Salaried - Private,Banking & Finance,344602.44,28716.87,IndusInd Bank,INDB0005423,768394826945,Savings,Delhi,East Delhi,Delhi,110950,Mass Market,52892.95,False,2022-08-21,Spouse
CUST_00000516,Praneel Bora,Male,1997-05-08,29,Master's,"Investment banker, corporate","Kannan, Gour and Verma",Self-Employed Business,Agriculture,276597.38,23049.78,IDFC FIRST Bank,IDFB0002928,225768267912,Savings,Mysuru,Mysuru,Karnataka,570303,Mass Market,32025.19,False,2011-02-03,Daughter
CUST_00000517,Zayyan Dutta,Male,1978-03-23,48,Master's,Software engineer,Chanda-Palla,Self-Employed Professional,Education,1314585.89,109548.82,Kotak Mahindra Bank,KKBK0009571,323222849485,Salary,Vadodara,Vadodara,Gujarat,390519,Affluent,112526.79,True,2013-07-16,Mother
CUST_00000518,Hredhaan Narula,Male,1973-10-24,52,Diploma,Hospital doctor,Wali Group,Salaried - Private,Healthcare,16248060.32,1354005.03,State Bank of India,SBIN0009980,856806282952,Current,Lucknow,Lucknow,Uttar Pradesh,226340,Ultra HNI,24733682.86,False,2025-12-11,Spouse
CUST_00000519,Aayush Contractor,Male,1991-05-16,35,Bachelor's,Product designer,Kohli Inc,Self-Employed Business,Information Technology,376426.11,31368.84,HDFC Bank,HDFC0002809,730652520041,Savings,Noida,Gautam Buddha Nagar,Uttar Pradesh,201192,Mass Market,47215.47,True,2020-12-02,Daughter
CUST_00000520,Naveen Raj,Male,2004-03-16,22,Bachelor's,Clothing/textile technologist,Kunda-Zachariah,Self-Employed Business,Banking & Finance,572461.88,47705.16,HDFC Bank,HDFC0005192,356170475909,Salary,Lucknow,Lucknow,Uttar Pradesh,226370,Mass Market,52303.4,False,2021-08-01,Son
CUST_00000521,Amaira Varughese,Female,1999-05-01,27,High School,Minerals surveyor,"Trivedi, Sehgal and Sur",Self-Employed Business,Information Technology,553763.62,46146.97,HDFC Bank,HDFC0003862,146704077606,Savings,Warangal,Warangal,Telangana,506920,Mass Market,74413.28,True,2010-09-14,Sibling
CUST_00000522,Inaya Nagi,Female,1983-04-25,43,Diploma,Chief Operating Officer,Yogi PLC,Self-Employed Business,Retail & E-commerce,232901.18,19408.43,Bank of Baroda,BARB0002898,108787026740,Salary,New Delhi,New Delhi,Delhi,110436,Mass Market,73478.06,False,2010-02-12,Mother
CUST_00000523,Bhavini Kade,Female,1991-06-11,35,Diploma,"Engineer, production","Samra, Chawla and Jha",Self-Employed Professional,Real Estate,433323.05,36110.25,IDFC FIRST Bank,IDFB0005395,906931908046,Savings,Mysuru,Mysuru,Karnataka,570934,Mass Market,51824.87,True,2018-08-09,Mother
CUST_00000524,Teerth Bora,Male,1995-06-03,31,Bachelor's,"Designer, exhibition/display",Sharaf Ltd,Salaried - Private,Healthcare,277999.79,23166.65,HDFC Bank,HDFC0007566,398313562175,Salary,Howrah,Howrah,West Bengal,711919,Mass Market,47649.1,False,2015-04-23,Son
CUST_00000525,Caleb Borah,Male,1959-06-06,67,High School,Food technologist,"Bobal, Kari and Kuruvilla",Salaried - Private,Automobile,536767.49,44730.62,ICICI Bank,ICIC0002852,865073311572,Salary,Mumbai,Mumbai City,Maharashtra,400206,Mass Market,5284.77,True,2016-07-09,Son
CUST_00000526,Umang Ravel,Male,1979-02-10,47,Master's,Adult guidance worker,Dani-Warrior,Salaried - Private,Services,185746.61,15478.88,Canara Bank,CNRB0008178,770793406340,Savings,Howrah,Howrah,West Bengal,711726,Mass Market,7956.71,False,2010-02-04,Spouse
CUST_00000527,Azad Bath,Male,1993-01-11,33,Bachelor's,"Buyer, industrial",Thakkar-Cherian,Salaried - Private,Automobile,253351.82,21112.65,ICICI Bank,ICIC0008914,636529023947,Salary,Mysuru,Mysuru,Karnataka,570551,Mass Market,23603.04,False,2014-08-21,Spouse
CUST_00000528,Nidhi Chadha,Female,1971-03-29,55,High School,Primary school teacher,Rana-Balasubramanian,Self-Employed Business,Banking & Finance,416846.22,34737.18,Kotak Mahindra Bank,KKBK0006148,873147199968,Savings,Madurai,Madurai,Tamil Nadu,625994,Mass Market,38520.33,True,2017-08-01,Mother
CUST_00000529,Imaran Deshpande,Male,1995-06-01,31,Diploma,Sports administrator,Dhawan-Misra,Self-Employed Business,Agriculture,240178.21,20014.85,IndusInd Bank,INDB0002560,827708540626,Savings,Coimbatore,Coimbatore,Tamil Nadu,641454,Mass Market,54174.47,False,2020-11-01,Sibling
CUST_00000530,Rachit Apte,Male,1985-05-16,41,Bachelor's,"Surveyor, building control",Dasgupta Inc,Self-Employed Business,Automobile,1817449.92,151454.16,Bank of Baroda,BARB0003435,774257430881,Current,Mumbai,Mumbai City,Maharashtra,400758,Affluent,321853.27,True,2010-01-30,Father
CUST_00000531,Ronith Yogi,Male,1985-01-23,41,Diploma,Chartered certified accountant,Kade-Padmanabhan,Salaried - Private,Agriculture,446158.87,37179.91,Canara Bank,CNRB0009123,284122738154,Savings,Mysuru,Mysuru,Karnataka,570428,Mass Market,45322.68,False,2013-05-22,Father
CUST_00000532,Ekavir Dyal,Male,1966-03-03,60,Bachelor's,Warehouse manager,Hari-Contractor,Salaried - Govt,Retail & E-commerce,236522.03,19710.17,Kotak Mahindra Bank,KKBK0001824,346990380779,Salary,Howrah,Howrah,West Bengal,711936,Mass Market,8892.58,False,2012-11-25,Father
CUST_00000533,Avni Shenoy,Female,1990-02-09,36,Bachelor's,"Buyer, industrial",Bhavsar-Krishna,Salaried - Private,Banking & Finance,486154.46,40512.87,Canara Bank,CNRB0008277,730506616227,Savings,Noida,Gautam Buddha Nagar,Uttar Pradesh,201977,Mass Market,58926.92,True,2011-07-28,Son
CUST_00000534,Widisha Narayanan,Female,1975-03-03,51,Bachelor's,Farm manager,Mane PLC,Salaried - Private,Real Estate,406925.75,33910.48,Punjab National Bank,PUNB0002944,649672795354,Current,Mumbai,Mumbai City,Maharashtra,400513,Mass Market,64134.0,False,2011-02-12,Son
CUST_00000535,Gunbir Nadkarni,Male,1981-11-09,44,High School,Land/geomatics surveyor,"Mohan, Dua and Patla",Salaried - Govt,Information Technology,434996.82,36249.74,IndusInd Bank,INDB0009996,967973787199,Savings,Hyderabad,Hyderabad,Telangana,500770,Mass Market,30377.02,True,2022-12-03,Sibling
CUST_00000536,Tanish Ganguly,Male,1956-11-10,69,High School,Fine artist,Sarin LLC,Salaried - Private,Real Estate,27764142.28,2313678.52,Punjab National Bank,PUNB0006953,159379258572,Salary,Coimbatore,Coimbatore,Tamil Nadu,641439,Ultra HNI,14233050.63,False,2023-06-10,Daughter
CUST_00000537,Ekalinga Narula,Male,2002-03-25,24,Master's,"Psychologist, counselling",Parmer-Mody,Salaried - Private,Services,349135.56,29094.63,IDFC FIRST Bank,IDFB0008751,824632528681,Salary,Vadodara,Vadodara,Gujarat,390563,Mass Market,51093.03,True,2017-10-16,Spouse
CUST_00000538,Chatura Gill,Male,1990-02-26,36,Bachelor's,Ceramics designer,Dey-Yohannan,Salaried - Private,Banking & Finance,471237.29,39269.77,Axis Bank,UTIB0001035,488013174302,Salary,Warangal,Warangal,Telangana,506818,Mass Market,53144.64,False,2013-02-21,Spouse
CUST_00000539,Balvan Borra,Male,2002-12-20,23,Bachelor's,"Runner, broadcasting/film/video","Balasubramanian, Ravel and Kala",Salaried - Govt,Information Technology,190789.65,15899.14,ICICI Bank,ICIC0009067,919122659797,Savings,Kolkata,Kolkata,West Bengal,700360,Mass Market,22771.52,False,2024-07-01,Daughter
CUST_00000540,Kalpit Zacharia,Male,1981-02-21,45,Master's,Database administrator,Ramanathan-Kapoor,Salaried - Private,Education,584661.58,48721.8,Axis Bank,UTIB0002978,337910678876,Savings,Noida,Gautam Buddha Nagar,Uttar Pradesh,201833,Mass Market,9887.25,False,2024-04-05,Mother
CUST_00000541,Maanav Desai,Male,1980-10-04,45,High School,"Sales professional, IT",Ranganathan LLC,Salaried - Private,Banking & Finance,425946.83,35495.57,Bank of Baroda,BARB0001761,799764532583,Savings,Mysuru,Mysuru,Karnataka,570568,Mass Market,41737.18,False,2018-01-13,Sibling
CUST_00000542,Kashvi Gandhi,Female,1995-12-16,30,High School,Counselling psychologist,Dutta-Gola,Salaried - Private,Services,285971.01,23830.92,IndusInd Bank,INDB0003205,649600571250,Savings,Nagpur,Nagpur,Maharashtra,440853,Mass Market,24467.28,False,2019-01-23,Spouse
CUST_00000543,Eta Sule,Female,2005-05-31,21,Master's,Architect,Sura and Sons,Salaried - Govt,Agriculture,1256680.45,104723.37,Bank of Baroda,BARB0008912,662315891156,Savings,New Delhi,New Delhi,Delhi,110848,Affluent,306386.21,True,2011-01-03,Father
CUST_00000544,Reva Kaur,Female,1958-11-01,67,Bachelor's,"Engineer, maintenance","Patel, Rama and Singh",Salaried - Private,Banking & Finance,2559099.3,213258.27,Bank of Baroda,BARB0006273,561213614140,Savings,Coimbatore,Coimbatore,Tamil Nadu,641507,HNI,1063123.62,False,2024-09-07,Mother
CUST_00000545,Aradhana Baral,Female,2007-07-26,19,Diploma,Jewellery designer,Verma Ltd,Self-Employed Professional,Manufacturing,497626.59,41468.88,Canara Bank,CNRB0003185,551565044693,Savings,Warangal,Warangal,Telangana,506828,Mass Market,35155.41,False,2023-04-10,Sibling
CUST_00000546,Karan Ghosh,Male,1976-03-07,50,High School,Multimedia specialist,Brahmbhatt-Varughese,Salaried - Govt,Agriculture,5271578.02,439298.17,Axis Bank,UTIB0004291,783800509229,Savings,Warangal,Warangal,Telangana,506788,HNI,530277.2,False,2014-01-10,Father
CUST_00000547,Isaac Varty,Male,1977-09-12,48,Bachelor's,Unemployed,N/A,Unemployed,None,328985.99,27415.5,ICICI Bank,ICIC0009255,862539194528,Savings,Vadodara,Vadodara,Gujarat,390218,Mass Market,31251.4,False,2023-01-28,Mother
CUST_00000548,Orinder Sur,Male,1997-10-19,28,Bachelor's,Trade mark attorney,Thaker and Sons,Self-Employed Professional,Agriculture,452258.06,37688.17,Canara Bank,CNRB0007839,923234607258,Salary,Warangal,Warangal,Telangana,506927,Mass Market,6485.58,False,2017-01-14,Spouse
CUST_00000549,Ishwar Bose,Male,1983-05-07,43,Master's,Health visitor,Doctor and Sons,Salaried - Private,Agriculture,432758.83,36063.24,HDFC Bank,HDFC0001414,260549615498,Savings,Nagpur,Nagpur,Maharashtra,440157,Mass Market,44466.78,True,2012-07-08,Father
CUST_00000550,Daniel Karpe,Male,1978-02-26,48,Bachelor's,Lawyer,"Comar, Subramaniam and Srinivas",Salaried - Private,Manufacturing,975895.68,81324.64,ICICI Bank,ICIC0005695,377813046063,Savings,New Delhi,New Delhi,Delhi,110807,Affluent,73426.12,False,2017-08-30,Mother
CUST_00000551,Gaurika Roy,Female,1957-10-10,68,Bachelor's,Armed forces logistics/support/administrative officer,Dyal and Sons,Salaried - Private,Education,1572502.01,131041.83,IndusInd Bank,INDB0001529,994893726897,Savings,Noida,Gautam Buddha Nagar,Uttar Pradesh,201730,Affluent,81712.11,False,2020-01-27,Sibling
CUST_00000552,Anmol Din,Male,1959-07-07,67,Diploma,Further education lecturer,Varughese Group,Salaried - Private,Telecom,361764.02,30147.0,IndusInd Bank,INDB0004675,811858242266,Savings,Kolkata,Kolkata,West Bengal,700623,Mass Market,45484.63,False,2019-08-04,Sibling
CUST_00000553,Adya Mander,Female,2005-10-31,20,Bachelor's,"Engineer, technical sales",Sinha-Subramaniam,Self-Employed Business,Manufacturing,380272.33,31689.36,State Bank of India,SBIN0007251,556931067925,Salary,Vadodara,Vadodara,Gujarat,390155,Mass Market,47996.8,False,2012-09-23,Spouse
CUST_00000554,Samesh Dhar,Male,1997-11-25,28,Master's,"Education officer, environmental","Vaidya, Lalla and Ganesh",Salaried - Private,Telecom,2347692.45,195641.04,Kotak Mahindra Bank,KKBK0004327,589068433210,Salary,Madurai,Madurai,Tamil Nadu,625821,Affluent,120861.41,True,2021-08-02,Sibling
CUST_00000555,Onveer Setty,Male,1987-08-11,38,Bachelor's,Broadcast presenter,Radhakrishnan Group,Salaried - Govt,Automobile,7509105.22,625758.77,Punjab National Bank,PUNB0009955,764596582306,Salary,Madurai,Madurai,Tamil Nadu,625298,HNI,1410683.7,False,2012-02-12,Mother
CUST_00000556,Abhiram Jain,Male,1983-10-10,42,Doctorate,Retail merchandiser,"Saini, Doctor and Char",Salaried - Private,Real Estate,1104602.55,92050.21,ICICI Bank,ICIC0002220,908200296039,Savings,Mysuru,Mysuru,Karnataka,570141,Affluent,102871.86,False,2012-11-02,Son
CUST_00000557,Anirudh Wali,Male,1982-10-07,43,High School,Commercial/residential surveyor,Subramaniam Ltd,Salaried - Govt,Manufacturing,5312436.78,442703.07,IndusInd Bank,INDB0005329,276652290637,Savings,Hyderabad,Hyderabad,Telangana,500438,HNI,854298.83,True,2012-02-01,Son
CUST_00000558,Aachal Sankar,Female,1983-09-27,42,Master's,Metallurgist,Wagle Group,Salaried - Govt,Telecom,515909.01,42992.42,ICICI Bank,ICIC0001654,754220714413,Salary,Nagpur,Nagpur,Maharashtra,440730,Mass Market,42492.15,False,2013-09-02,Sibling
CUST_00000559,Warda Raj,Female,1974-10-28,51,Bachelor's,Teaching laboratory technician,Sandal and Sons,Salaried - Private,Manufacturing,6512465.07,542705.42,Canara Bank,CNRB0006866,959306479813,Savings,Vadodara,Vadodara,Gujarat,390325,HNI,1670687.99,False,2014-01-27,Father
CUST_00000560,Jackson Chacko,Male,1971-05-01,55,High School,Speech and language therapist,Kurian-Gulati,Salaried - Private,Agriculture,500750.75,41729.23,HDFC Bank,HDFC0009276,555951024426,Savings,Kolkata,Kolkata,West Bengal,700457,Mass Market,40208.3,False,2010-02-01,Father
CUST_00000561,Aarush Virk,Male,1962-09-25,63,Bachelor's,Actor,Jha-Mutti,Salaried - Private,Education,264963.46,22080.29,Punjab National Bank,PUNB0006424,423672162075,Savings,Madurai,Madurai,Tamil Nadu,625643,Mass Market,30229.62,False,2016-07-16,Son
CUST_00000562,Chatresh Dubey,Male,1978-10-01,47,Bachelor's,Textile designer,Lal-Wason,Salaried - Private,Agriculture,532441.58,44370.13,State Bank of India,SBIN0002879,480830190882,Savings,Noida,Gautam Buddha Nagar,Uttar Pradesh,201757,Mass Market,12608.85,True,2016-10-10,Daughter
CUST_00000563,Qadim Majumdar,Male,2008-02-24,18,Bachelor's,Occupational psychologist,Sachdev PLC,Salaried - Govt,Services,1604172.62,133681.05,Axis Bank,UTIB0001653,517990241677,Savings,Mysuru,Mysuru,Karnataka,570362,Affluent,433916.41,True,2022-07-16,Daughter
CUST_00000564,Wyatt Gola,Male,1975-11-06,50,High School,"Surveyor, building control",Kulkarni-Mohanty,Salaried - Govt,Telecom,199145.77,16595.48,Kotak Mahindra Bank,KKBK0001404,670849841086,Salary,Vadodara,Vadodara,Gujarat,390922,Mass Market,71055.87,False,2019-03-30,Daughter
CUST_00000565,Rushil Devi,Male,2001-01-14,25,High School,Commissioning editor,"Karpe, Sekhon and Edwin",Salaried - Private,Real Estate,231779.19,19314.93,Canara Bank,CNRB0001718,313251689808,Savings,Vadodara,Vadodara,Gujarat,390184,Mass Market,39855.0,False,2011-08-09,Spouse
CUST_00000566,Sai Nigam,Male,1998-03-24,28,Doctorate,Visual merchandiser,"Ben, Dyal and Ramachandran",Self-Employed Professional,Healthcare,3483429.82,290285.82,IndusInd Bank,INDB0009736,787226251992,Savings,Bengaluru,Bengaluru Urban,Karnataka,560786,HNI,1202492.9,True,2025-06-06,Sibling
CUST_00000567,Aarnav Chand,Male,1999-05-23,27,Bachelor's,Public affairs consultant,"Saran, Chakrabarti and Bhatt",Salaried - Govt,Education,385650.51,32137.54,Bank of Baroda,BARB0002702,689293477076,Savings,Kolkata,Kolkata,West Bengal,700864,Mass Market,32327.34,True,2014-03-18,Sibling
CUST_00000568,Qasim Buch,Male,1988-04-04,38,High School,Pensioner,N/A,Retired,Government/Services,486035.64,40502.97,ICICI Bank,ICIC0001389,887951372538,Savings,Ahmedabad,Ahmedabad,Gujarat,380189,Mass Market,25021.55,True,2021-08-04,Spouse
CUST_00000569,Sai Verma,Male,1971-07-01,55,High School,"Therapist, speech and language",Gill Ltd,Self-Employed Professional,Information Technology,409710.13,34142.51,ICICI Bank,ICIC0005127,179706364742,Current,Coimbatore,Coimbatore,Tamil Nadu,641517,Mass Market,36681.56,True,2017-11-28,Son
CUST_00000570,Abdul Jaggi,Male,2000-10-22,25,Diploma,"Scientist, marine",Hayer-Bandi,Self-Employed Professional,Real Estate,19626820.59,1635568.38,Bank of Baroda,BARB0008094,118538815076,Salary,Kolkata,Kolkata,West Bengal,700647,Ultra HNI,22109068.69,True,2022-07-17,Spouse
CUST_00000571,Jack Gara,Male,1991-08-20,34,Bachelor's,Unemployed,N/A,Unemployed,None,515646.35,42970.53,IDFC FIRST Bank,IDFB0002036,919290612257,Salary,Nagpur,Nagpur,Maharashtra,440968,Mass Market,26396.07,True,2015-10-03,Spouse
CUST_00000572,Aadi Dugar,Male,1961-02-14,65,Master's,Health and safety adviser,Pandit-Rana,Self-Employed Business,Retail & E-commerce,707311.19,58942.6,IndusInd Bank,INDB0002738,964533265186,Savings,Hyderabad,Hyderabad,Telangana,500388,Affluent,326820.22,True,2016-06-27,Son
CUST_00000573,Harish Vasa,Male,1957-05-29,69,Bachelor's,Broadcast presenter,Mane Ltd,Salaried - Govt,Government,15408692.55,1284057.71,Bank of Baroda,BARB0001504,273834453435,Savings,Chennai,Chennai,Tamil Nadu,600864,Ultra HNI,17535489.04,True,2023-04-11,Son
CUST_00000574,Owen Palan,Male,2006-09-01,19,Master's,Health and safety inspector,Hayer Group,Self-Employed Business,Agriculture,9935649.1,827970.76,Kotak Mahindra Bank,KKBK0003360,844309485120,Savings,Ahmedabad,Ahmedabad,Gujarat,380666,HNI,837462.32,False,2024-11-15,Daughter
CUST_00000575,Aarnav Lal,Male,1965-09-14,60,Bachelor's,Risk manager,Bora PLC,Salaried - Private,Healthcare,421749.24,35145.77,HDFC Bank,HDFC0001684,727086828207,Savings,Kolkata,Kolkata,West Bengal,700412,Mass Market,13786.42,False,2014-09-16,Father
CUST_00000576,Dalbir Varghese,Male,2006-04-29,20,Diploma,Soil scientist,"Krishna, Savant and Purohit",Self-Employed Professional,Telecom,329029.38,27419.12,Punjab National Bank,PUNB0004469,256820219736,Savings,New Delhi,New Delhi,Delhi,110326,Mass Market,58955.52,True,2019-01-04,Daughter
CUST_00000577,Keya Nori,Female,2006-07-24,20,Bachelor's,Proofreader,"Sharma, Bala and Subramaniam",Self-Employed Professional,Manufacturing,1698194.26,141516.19,Axis Bank,UTIB0002877,835218334212,Savings,Nagpur,Nagpur,Maharashtra,440572,Affluent,245271.07,True,2011-11-11,Sibling
CUST_00000578,Bahadurjit Raja,Male,1989-07-15,37,Bachelor's,English as a second language teacher,"Karpe, Mutti and Sachar",Salaried - Govt,Agriculture,182715.03,15226.25,HDFC Bank,HDFC0005762,175899310230,Savings,Hyderabad,Hyderabad,Telangana,500302,Mass Market,38225.46,False,2025-04-14,Sibling
CUST_00000579,Yauvani Wason,Female,1957-02-11,69,High School,General practice doctor,Mani Inc,Salaried - Govt,Services,3725510.43,310459.2,Canara Bank,CNRB0006420,238972851068,Savings,Chennai,Chennai,Tamil Nadu,600391,HNI,1390463.93,False,2016-05-19,Daughter
CUST_00000580,Onveer Borra,Male,1985-06-05,41,Bachelor's,"Editor, magazine features",Murthy-Pandya,Salaried - Govt,Banking & Finance,953329.74,79444.15,Axis Bank,UTIB0006206,596007997151,Salary,Vadodara,Vadodara,Gujarat,390775,Affluent,59025.8,False,2013-07-01,Mother
CUST_00000581,Lipika Goswami,Female,2005-10-29,20,Bachelor's,Energy manager,Iyengar-Keer,Self-Employed Business,Telecom,494941.17,41245.1,IDFC FIRST Bank,IDFB0003496,725199285280,Savings,Surat,Surat,Gujarat,395538,Mass Market,68652.03,True,2021-10-07,Father
CUST_00000582,Kevin Jhaveri,Male,1968-07-09,58,High School,Fisheries officer,"Parekh, Dugal and Chhabra",Salaried - Private,Information Technology,413156.19,34429.68,Punjab National Bank,PUNB0005033,343892553084,Savings,Howrah,Howrah,West Bengal,711960,Mass Market,44923.39,False,2011-12-02,Mother
CUST_00000583,Balveer Tailor,Male,1988-07-04,38,High School,Special educational needs teacher,Subramaniam LLC,Salaried - Private,Healthcare,269877.77,22489.81,Punjab National Bank,PUNB0008863,591614190375,Savings,Surat,Surat,Gujarat,395598,Mass Market,22679.76,False,2019-12-06,Daughter
CUST_00000584,Xiti Maharaj,Female,1982-02-11,44,High School,Sales promotion account executive,Rao-Kapadia,Salaried - Govt,Banking & Finance,515435.43,42952.95,ICICI Bank,ICIC0002343,408558151403,Savings,New Delhi,New Delhi,Delhi,110369,Mass Market,70090.96,True,2022-01-01,Sibling
CUST_00000585,Eesha Bhagat,Female,1983-12-06,42,Bachelor's,Pharmacologist,Zachariah-Bali,Salaried - Govt,Automobile,465207.97,38767.33,HDFC Bank,HDFC0002235,121011431776,Current,Nagpur,Nagpur,Maharashtra,440692,Mass Market,70017.05,False,2018-01-14,Son
CUST_00000586,Ronith Ghosh,Male,1980-05-14,46,Master's,Community arts worker,"Vasa, Sharma and Mutti",Salaried - Private,Services,556902.0,46408.5,Axis Bank,UTIB0001600,385836919742,Savings,Kanpur,Kanpur Nagar,Uttar Pradesh,208893,Mass Market,20701.98,True,2021-01-10,Father
CUST_00000587,Abha Kade,Female,1976-04-29,50,Bachelor's,Chiropractor,Pathak-Lad,Self-Employed Professional,Retail & E-commerce,498376.98,41531.42,Bank of Baroda,BARB0004658,949937252385,Savings,Hyderabad,Hyderabad,Telangana,500575,Mass Market,57480.4,True,2012-12-29,Daughter
CUST_00000588,Karan Khalsa,Male,1970-08-11,55,Master's,Video editor,Pau-Gour,Salaried - Govt,Agriculture,4705730.13,392144.18,HDFC Bank,HDFC0007500,651318604571,Salary,Nagpur,Nagpur,Maharashtra,440344,HNI,2041970.92,False,2017-12-24,Daughter
CUST_00000589,Jagrati Saini,Female,1993-01-08,33,Bachelor's,Microbiologist,Rattan-Mammen,Salaried - Private,Automobile,486310.12,40525.84,ICICI Bank,ICIC0009423,590229159265,Savings,New Delhi,New Delhi,Delhi,110679,Mass Market,43979.42,False,2017-03-18,Daughter
CUST_00000590,Dominic Karnik,Male,1998-12-02,27,Bachelor's,Geophysicist/field seismologist,Sankaran Group,Salaried - Govt,Automobile,1018004.44,84833.7,ICICI Bank,ICIC0008921,494875750948,Savings,Mumbai,Mumbai City,Maharashtra,400879,Affluent,212130.14,True,2013-02-19,Son
CUST_00000591,Falguni Solanki,Female,1998-06-23,28,Master's,"Editor, commissioning",Tata-Desai,Salaried - Private,Education,2214591.52,184549.29,HDFC Bank,HDFC0005331,354989782496,Savings,Nagpur,Nagpur,Maharashtra,440311,Affluent,388449.68,False,2025-12-05,Daughter
CUST_00000592,Nakul Sur,Male,1972-03-14,54,Diploma,"Surveyor, planning and development","Batta, Rao and Chaudhary",Salaried - Private,Retail & E-commerce,225785.72,18815.48,Bank of Baroda,BARB0008695,602158565152,Savings,Mumbai,Mumbai City,Maharashtra,400764,Mass Market,20143.41,False,2021-01-17,Mother
CUST_00000593,Bhanumati Kale,Female,1998-11-25,27,Master's,Publishing copy,"Char, Sengupta and Natt",Salaried - Private,Banking & Finance,2143015.69,178584.64,IndusInd Bank,INDB0005480,915334568012,Savings,Hyderabad,Hyderabad,Telangana,500485,Affluent,355860.38,False,2014-02-26,Sibling
CUST_00000594,Radha Kurian,Female,1974-06-29,52,Bachelor's,Paramedic,Panchal Ltd,Salaried - Private,Government,451204.52,37600.38,Punjab National Bank,PUNB0002275,377096957188,Savings,Kolkata,Kolkata,West Bengal,700628,Mass Market,39271.64,True,2025-05-29,Son
CUST_00000595,Ira Yohannan,Female,1965-09-05,60,Master's,Higher education careers adviser,Nair-Uppal,Salaried - Private,Retail & E-commerce,4899051.9,408254.33,Punjab National Bank,PUNB0008976,631685415257,Salary,Nagpur,Nagpur,Maharashtra,440242,HNI,1790858.85,False,2017-10-19,Son
CUST_00000596,Vansha Brar,Female,1976-05-30,50,Diploma,Historic buildings inspector/conservation officer,Dhillon-Ganesh,Self-Employed Business,Healthcare,476117.18,39676.43,Axis Bank,UTIB0002263,806584574469,Salary,Hyderabad,Hyderabad,Telangana,500253,Mass Market,56164.37,True,2020-03-31,Father
CUST_00000597,Pahal Sama,Female,1989-05-31,37,High School,"Teacher, music",Bora-Buch,Salaried - Private,Healthcare,1455856.29,121321.36,Punjab National Bank,PUNB0002938,351947547483,Savings,Howrah,Howrah,West Bengal,711837,Affluent,389639.21,True,2012-08-04,Spouse
CUST_00000598,Jhalak Murthy,Female,1973-01-28,53,Bachelor's,"Horticulturist, amenity","Loke, Rana and Madan",Salaried - Private,Real Estate,1520004.55,126667.05,Canara Bank,CNRB0008848,749445028286,Savings,Delhi,East Delhi,Delhi,110122,Affluent,291725.19,False,2024-03-14,Father
CUST_00000599,Radhika Verma,Female,2006-10-13,19,Bachelor's,Patent attorney,Gour Inc,Salaried - Private,Information Technology,1807823.36,150651.95,ICICI Bank,ICIC0003639,792068370016,Savings,Nagpur,Nagpur,Maharashtra,440250,Affluent,328809.67,False,2012-01-01,Spouse
CUST_00000600,Kamya Krishnamurthy,Female,2005-06-24,21,High School,Cartographer,Ganesan Group,Salaried - Private,Healthcare,684954.06,57079.51,Kotak Mahindra Bank,KKBK0003949,758871417913,Salary,Nagpur,Nagpur,Maharashtra,440845,Affluent,434566.65,False,2011-08-25,Sibling
CUST_00000601,Azad Solanki,Male,1985-02-09,41,Diploma,Pensioner,N/A,Retired,Government/Services,505712.22,42142.68,Kotak Mahindra Bank,KKBK0002404,590556533399,Savings,Lucknow,Lucknow,Uttar Pradesh,226274,Mass Market,30697.89,True,2010-06-04,Father
CUST_00000602,Rushil Viswanathan,Male,1996-05-12,30,Master's,Charity officer,Lala PLC,Salaried - Private,Government,324518.48,27043.21,IDFC FIRST Bank,IDFB0003338,743362977122,Savings,Delhi,East Delhi,Delhi,110271,Mass Market,39999.7,False,2012-06-26,Sibling
CUST_00000603,Robert More,Male,1968-07-11,58,Bachelor's,Herpetologist,Date-Deep,Salaried - Private,Automobile,19998915.63,1666576.3,Punjab National Bank,PUNB0008429,751102152987,Salary,Bengaluru,Bengaluru Urban,Karnataka,560487,Ultra HNI,3687373.55,False,2018-06-05,Son
CUST_00000604,Frederick Balakrishnan,Male,1958-06-09,68,Bachelor's,Marketing executive,Soni-Sibal,Self-Employed Professional,Healthcare,524506.39,43708.87,HDFC Bank,HDFC0001271,672099730774,Savings,Kolkata,Kolkata,West Bengal,700720,Mass Market,49358.54,False,2025-08-06,Spouse
CUST_00000605,Laban Saxena,Male,1963-08-19,62,Bachelor's,"Solicitor, Scotland",Shan Ltd,Salaried - Govt,Healthcare,430341.05,35861.75,Canara Bank,CNRB0001639,962763378074,Savings,Bengaluru,Bengaluru Urban,Karnataka,560593,Mass Market,74688.61,False,2021-12-24,Sibling
CUST_00000606,Teerth Viswanathan,Male,1989-11-09,36,High School,"Social research officer, government",Palan-Subramaniam,Salaried - Private,Healthcare,272246.67,22687.22,IDFC FIRST Bank,IDFB0009835,103554178984,Current,Howrah,Howrah,West Bengal,711479,Mass Market,2016.57,False,2018-08-20,Spouse
CUST_00000607,Chanchal Sathe,Female,1972-08-10,53,Bachelor's,Passenger transport manager,Dugal-Mitter,Salaried - Private,Telecom,208393.99,17366.17,IndusInd Bank,INDB0008028,631726830504,Current,Howrah,Howrah,West Bengal,711703,Mass Market,54854.13,False,2010-03-03,Sibling
CUST_00000608,Ekansh Padmanabhan,Male,1971-07-06,55,High School,Social researcher,Swamy Group,Salaried - Govt,Telecom,337426.47,28118.87,IDFC FIRST Bank,IDFB0002600,247856351106,Salary,Warangal,Warangal,Telangana,506884,Mass Market,47357.14,True,2014-10-17,Father
CUST_00000609,Tanveer Master,Male,1987-08-20,38,Doctorate,Actor,"Prakash, Gulati and Sabharwal",Salaried - Private,Banking & Finance,259747.64,21645.64,Kotak Mahindra Bank,KKBK0009908,380927998469,Savings,Chennai,Chennai,Tamil Nadu,600826,Mass Market,4843.92,False,2024-02-11,Sibling
CUST_00000610,Urmi Rana,Female,1969-08-05,57,Diploma,Newspaper journalist,Kannan-Lall,Salaried - Private,Information Technology,393735.51,32811.29,IDFC FIRST Bank,IDFB0009561,671736720369,Salary,Pune,Pune,Maharashtra,411770,Mass Market,64885.54,True,2011-04-08,Father
CUST_00000611,Kashvi Varughese,Female,1996-05-03,30,Bachelor's,Unemployed,N/A,Unemployed,None,594496.3,49541.36,Punjab National Bank,PUNB0007698,217520053890,Savings,Delhi,East Delhi,Delhi,110767,Mass Market,57083.56,False,2024-07-22,Daughter
CUST_00000612,Madhavi Mane,Other,1990-04-22,36,Master's,Ship broker,Sachar-Guha,Salaried - Private,Manufacturing,1222043.25,101836.94,Kotak Mahindra Bank,KKBK0009783,720294473622,Savings,Vadodara,Vadodara,Gujarat,390382,Affluent,52792.9,True,2023-08-27,Sibling
CUST_00000613,Hemani Deshpande,Female,1971-08-29,54,Diploma,"Programmer, applications","Sethi, Magar and Swamy",Self-Employed Business,Government,309284.04,25773.67,Axis Bank,UTIB0007770,961364731894,Savings,Noida,Gautam Buddha Nagar,Uttar Pradesh,201479,Mass Market,19605.06,True,2013-01-02,Daughter
CUST_00000614,Aditya Doshi,Male,1959-03-10,67,Bachelor's,Social researcher,Grewal Inc,Salaried - Private,Agriculture,338284.09,28190.34,Canara Bank,CNRB0005157,439253059766,Current,Vadodara,Vadodara,Gujarat,390507,Mass Market,65941.06,False,2014-07-07,Sibling
CUST_00000615,Dev Sarma,Male,1994-05-24,32,High School,Pensioner,N/A,Retired,Government/Services,305013.12,25417.76,ICICI Bank,ICIC0002951,352319940674,Savings,Kanpur,Kanpur Nagar,Uttar Pradesh,208265,Mass Market,23758.83,True,2013-09-22,Spouse
CUST_00000616,Forum Aurora,Female,1982-04-05,44,High School,"Lighting technician, broadcasting/film/video",Muni-Tara,Salaried - Govt,Education,209624.97,17468.75,IndusInd Bank,INDB0007562,472743380166,Savings,Mumbai,Mumbai City,Maharashtra,400498,Mass Market,68388.35,False,2025-12-19,Sibling
CUST_00000617,Vedika Balay,Female,1973-10-09,52,Bachelor's,Dancer,Lata Group,Salaried - Private,Information Technology,4276904.87,356408.74,HDFC Bank,HDFC0003381,579319404394,Savings,Bengaluru,Bengaluru Urban,Karnataka,560369,HNI,2205255.23,False,2011-02-22,Father
CUST_00000618,Wahab Golla,Male,1966-08-06,60,Bachelor's,Fitness centre manager,Arora-Dara,Self-Employed Professional,Retail & E-commerce,9309936.24,775828.02,HDFC Bank,HDFC0001618,524018476107,Salary,Howrah,Howrah,West Bengal,711828,HNI,2121212.23,True,2025-08-04,Daughter
CUST_00000619,Jeet Rajan,Male,1996-09-07,29,Diploma,Probation officer,Bandi and Sons,Salaried - Private,Information Technology,408713.24,34059.44,ICICI Bank,ICIC0009099,110475305195,Salary,Madurai,Madurai,Tamil Nadu,625923,Mass Market,13671.22,True,2017-05-16,Daughter
CUST_00000620,Champak Verma,Male,1991-03-21,35,Bachelor's,"Engineer, manufacturing",Ramachandran-Muni,Self-Employed Professional,Manufacturing,1761961.84,146830.15,Axis Bank,UTIB0001550,760497076449,Savings,Madurai,Madurai,Tamil Nadu,625273,Affluent,112309.3,True,2024-12-23,Sibling
CUST_00000621,Fariq Basak,Male,1995-04-23,31,Bachelor's,Stage manager,"Das, Kulkarni and Srivastava",Salaried - Private,Information Technology,581372.78,48447.73,Punjab National Bank,PUNB0004919,102813285701,Savings,New Delhi,New Delhi,Delhi,110382,Mass Market,71615.18,True,2020-03-19,Son
CUST_00000622,Hardik Patel,Male,2002-09-24,23,Bachelor's,Pensioner,N/A,Retired,Government/Services,500676.65,41723.05,Punjab National Bank,PUNB0007474,745986493050,Current,Madurai,Madurai,Tamil Nadu,625115,Mass Market,9933.83,True,2023-10-26,Sibling
CUST_00000623,Janani Chowdhury,Female,1968-11-14,57,Diploma,Politician's assistant,Aurora-Ganesh,Salaried - Govt,Telecom,241328.83,20110.74,HDFC Bank,HDFC0002477,411598127778,Current,Surat,Surat,Gujarat,395935,Mass Market,70478.68,False,2022-09-16,Mother
CUST_00000624,Dipta Randhawa,Female,1997-08-13,28,Bachelor's,Acupuncturist,Soman Ltd,Self-Employed Business,Education,320611.4,26717.62,IDFC FIRST Bank,IDFB0004187,733095172337,Savings,Pune,Pune,Maharashtra,411279,Mass Market,24900.33,True,2019-07-16,Son
CUST_00000625,Quincy Chakraborty,Male,1969-07-14,57,Bachelor's,Restaurant manager,Nigam Ltd,Self-Employed Business,Agriculture,235552.86,19629.4,HDFC Bank,HDFC0002185,424283642331,Savings,Ahmedabad,Ahmedabad,Gujarat,380922,Mass Market,16358.24,False,2010-12-17,Daughter
CUST_00000626,Pranav Dube,Male,1993-01-20,33,Bachelor's,Clinical biochemist,Sura and Sons,Salaried - Govt,Manufacturing,332250.83,27687.57,IndusInd Bank,INDB0005098,588312835789,Savings,Howrah,Howrah,West Bengal,711888,Mass Market,62151.83,False,2015-01-25,Father
CUST_00000627,Prisha Sarna,Female,1994-09-16,31,High School,Advertising art director,"Purohit, Parmar and Desai",Salaried - Private,Retail & E-commerce,1217273.39,101439.45,Canara Bank,CNRB0008548,748095634908,Savings,Pune,Pune,Maharashtra,411219,Affluent,323548.05,False,2014-01-04,Mother
CUST_00000628,Anmol Sundaram,Male,1993-04-30,33,High School,"Surveyor, land/geomatics",Suri-Gupta,Salaried - Govt,Banking & Finance,342459.04,28538.25,Bank of Baroda,BARB0004610,871706465084,Savings,Coimbatore,Coimbatore,Tamil Nadu,641522,Mass Market,7882.4,True,2019-01-25,Mother
CUST_00000629,Owen Naik,Male,1994-09-01,31,Master's,Haematologist,"Dyal, Biswas and Wali",Salaried - Private,Agriculture,231763.93,19313.66,IndusInd Bank,INDB0001159,371714017979,Current,Hyderabad,Hyderabad,Telangana,500508,Mass Market,24460.57,False,2012-06-24,Sibling
CUST_00000630,Manbir Lall,Male,1984-10-02,41,Master's,Professor Emeritus,Toor Group,Salaried - Private,Telecom,1584019.08,132001.59,Punjab National Bank,PUNB0002245,620457633259,Savings,Surat,Surat,Gujarat,395323,Affluent,403791.49,False,2021-09-26,Daughter
CUST_00000631,Aditya Patla,Male,1996-12-07,29,High School,Field trials officer,Bhatnagar-Yohannan,Self-Employed Business,Manufacturing,336274.55,28022.88,ICICI Bank,ICIC0004115,909597037491,Savings,Chennai,Chennai,Tamil Nadu,600853,Mass Market,57467.13,False,2023-02-07,Father
CUST_00000632,Ikshita Viswanathan,Female,1992-02-11,34,Bachelor's,Structural engineer,Mandal LLC,Self-Employed Business,Manufacturing,287966.33,23997.19,Axis Bank,UTIB0004755,493498877389,Savings,New Delhi,New Delhi,Delhi,110222,Mass Market,35947.65,False,2016-07-22,Spouse
CUST_00000633,Oeshi Choudhry,Female,1961-08-11,64,Master's,Broadcast engineer,Dayal and Sons,Salaried - Private,Automobile,583851.31,48654.28,Canara Bank,CNRB0001108,510093321841,Savings,Surat,Surat,Gujarat,395688,Mass Market,34474.23,True,2023-12-22,Mother
CUST_00000634,Isha Chhabra,Female,1981-10-31,44,Bachelor's,Child psychotherapist,Rama Ltd,Self-Employed Professional,Real Estate,1215328.28,101277.36,ICICI Bank,ICIC0009374,534995432887,Salary,Madurai,Madurai,Tamil Nadu,625231,Affluent,223477.73,True,2017-11-02,Spouse
CUST_00000635,Lavanya Bawa,Female,1975-08-25,50,Master's,Trading standards officer,"Bobal, Arya and Joshi",Salaried - Govt,Agriculture,2049175.16,170764.6,Bank of Baroda,BARB0008836,696741271854,Savings,Nagpur,Nagpur,Maharashtra,440455,Affluent,388015.86,True,2020-06-28,Son
CUST_00000636,Balveer Sidhu,Male,1998-03-27,28,Bachelor's,"Biochemist, clinical",Sagar-Pillay,Salaried - Private,Automobile,1242568.37,103547.36,ICICI Bank,ICIC0008490,233043085364,Savings,Lucknow,Lucknow,Uttar Pradesh,226805,Affluent,303897.66,False,2022-09-15,Spouse
CUST_00000637,Ayush Lata,Male,1984-02-06,42,Diploma,Building services engineer,Brahmbhatt-Kalita,Salaried - Private,Information Technology,1468682.22,122390.18,Axis Bank,UTIB0007216,209869593722,Current,Surat,Surat,Gujarat,395727,Affluent,136412.58,False,2025-05-14,Mother
CUST_00000638,Chasmum Chaudhuri,Female,1994-04-17,32,Bachelor's,Ship broker,Gupta-Hans,Salaried - Private,Healthcare,1545088.81,128757.4,IndusInd Bank,INDB0005306,393076281047,Savings,Kanpur,Kanpur Nagar,Uttar Pradesh,208451,Affluent,332911.56,True,2018-06-02,Mother
CUST_00000639,Jeet Gola,Male,1985-08-17,40,Diploma,"Surveyor, insurance",Cherian-Parmar,Salaried - Private,Healthcare,590459.21,49204.93,Canara Bank,CNRB0007945,560465730784,Salary,Surat,Surat,Gujarat,395974,Mass Market,19691.82,False,2020-10-16,Son
CUST_00000640,Tanay Chawla,Male,1965-04-11,61,High School,Education administrator,"Ratti, Thaman and Nazareth",Self-Employed Professional,Manufacturing,487125.25,40593.77,Canara Bank,CNRB0003947,244188106833,Current,Chennai,Chennai,Tamil Nadu,600838,Mass Market,58191.5,False,2020-07-08,Mother
CUST_00000641,Timothy Pandey,Male,2003-07-05,23,Bachelor's,Statistician,Prabhu-Sachar,Salaried - Private,Education,814885.82,67907.15,IndusInd Bank,INDB0008081,520289645735,Salary,Chennai,Chennai,Tamil Nadu,600919,Affluent,181137.14,False,2022-03-24,Sibling
CUST_00000642,Tanveer Naik,Male,1988-03-23,38,Bachelor's,"Surveyor, quantity","Kala, Prashad and Kumar",Self-Employed Business,Healthcare,545252.87,45437.74,Canara Bank,CNRB0001159,560320023148,Salary,Noida,Gautam Buddha Nagar,Uttar Pradesh,201969,Mass Market,8433.81,False,2015-10-05,Sibling
CUST_00000643,Upkaar Sem,Male,2006-06-27,20,Bachelor's,Academic librarian,"Banerjee, Mane and Babu",Salaried - Private,Agriculture,1563625.98,130302.16,IndusInd Bank,INDB0006172,635948923988,Savings,Warangal,Warangal,Telangana,506675,Affluent,304129.34,True,2018-04-13,Daughter
CUST_00000644,Matthew Ahuja,Male,1972-03-20,54,Diploma,Environmental education officer,Murty Inc,Salaried - Govt,Information Technology,1800469.41,150039.12,Bank of Baroda,BARB0002621,279059519490,Current,Mumbai,Mumbai City,Maharashtra,400933,Affluent,224158.53,False,2022-05-06,Mother
CUST_00000645,Manya Vaidya,Female,1985-07-09,41,Bachelor's,"Teacher, music",Chandra Inc,Salaried - Private,Real Estate,484955.64,40412.97,HDFC Bank,HDFC0008370,468270223697,Savings,Warangal,Warangal,Telangana,506468,Mass Market,10855.12,False,2017-05-13,Daughter
CUST_00000646,Faras Devi,Male,1970-05-19,56,Bachelor's,Television floor manager,Kaul LLC,Salaried - Private,Agriculture,439221.58,36601.8,Kotak Mahindra Bank,KKBK0006638,551056758184,Salary,Mysuru,Mysuru,Karnataka,570988,Mass Market,72796.78,False,2022-12-23,Sibling
CUST_00000647,Charita Ratta,Female,1986-03-07,40,Bachelor's,"Engineer, water","Brahmbhatt, Nair and Subramanian",Salaried - Private,Services,441819.42,36818.28,Axis Bank,UTIB0009821,412589047370,Savings,Surat,Surat,Gujarat,395789,Mass Market,45980.25,False,2012-10-07,Daughter
CUST_00000648,Champak Mital,Male,1958-07-21,68,Bachelor's,Technical author,Brar-Bhalla,Salaried - Private,Real Estate,934398.52,77866.54,Canara Bank,CNRB0002284,775946552945,Savings,Warangal,Warangal,Telangana,506746,Affluent,83986.52,False,2024-09-30,Father
CUST_00000649,Oliver Pall,Male,2002-04-30,24,Diploma,Politician's assistant,Dara-Karan,Salaried - Govt,Healthcare,571804.43,47650.37,Punjab National Bank,PUNB0007911,772726196810,Savings,Kolkata,Kolkata,West Bengal,700181,Mass Market,69353.1,True,2021-12-17,Father
CUST_00000650,Aashi Raja,Female,1959-06-04,67,High School,"Scientist, research (physical sciences)",Nagar PLC,Salaried - Private,Retail & E-commerce,566625.07,47218.76,Axis Bank,UTIB0006136,818620520120,Savings,Warangal,Warangal,Telangana,506719,Mass Market,2876.22,False,2019-01-14,Sibling
CUST_00000651,Nihal Thakkar,Male,1992-11-13,33,High School,Unemployed,N/A,Unemployed,None,437958.22,36496.52,Bank of Baroda,BARB0005444,589143911724,Savings,Vadodara,Vadodara,Gujarat,390701,Mass Market,19272.51,True,2012-06-14,Daughter
CUST_00000652,Ronith Sehgal,Male,1995-09-24,30,High School,Teaching laboratory technician,"Chana, Kapadia and Sankaran",Self-Employed Business,Real Estate,261882.47,21823.54,Bank of Baroda,BARB0003741,237538171911,Salary,Madurai,Madurai,Tamil Nadu,625357,Mass Market,38858.54,False,2014-08-21,Sibling
CUST_00000653,Ronith Divan,Male,1963-06-24,63,Bachelor's,Charity fundraiser,Bawa-Rastogi,Salaried - Private,Telecom,202152.46,16846.04,HDFC Bank,HDFC0004450,534508571897,Savings,Bengaluru,Bengaluru Urban,Karnataka,560165,Mass Market,62893.98,False,2014-03-15,Son
CUST_00000654,Ryan Thaker,Male,1979-03-10,47,Bachelor's,"Conservator, furniture",Srivastava PLC,Self-Employed Business,Agriculture,357119.3,29759.94,State Bank of India,SBIN0001431,537102831965,Savings,Bengaluru,Bengaluru Urban,Karnataka,560368,Mass Market,4914.34,False,2013-03-03,Daughter
CUST_00000655,Rudra Hayre,Male,1985-10-08,40,Diploma,"Scientist, research (physical sciences)",Kibe Inc,Salaried - Private,Healthcare,334055.29,27837.94,HDFC Bank,HDFC0007387,350436840020,Salary,Madurai,Madurai,Tamil Nadu,625390,Mass Market,9263.11,False,2014-04-05,Son
CUST_00000656,Upasna Naik,Female,1992-03-11,34,Master's,Teaching laboratory technician,Chowdhury Ltd,Salaried - Govt,Automobile,1113370.44,92780.87,ICICI Bank,ICIC0003150,130797526802,Savings,Nagpur,Nagpur,Maharashtra,440465,Affluent,302308.17,False,2016-08-13,Mother
CUST_00000657,Rajeshri Pall,Female,1966-07-05,60,Diploma,Local government officer,"Bajwa, Mody and Gara",Salaried - Private,Real Estate,2827304.64,235608.72,Canara Bank,CNRB0009856,400367926126,Current,Noida,Gautam Buddha Nagar,Uttar Pradesh,201814,HNI,1419832.03,False,2025-10-19,Daughter
CUST_00000658,Timothy Dhingra,Male,1979-07-01,47,Diploma,Facilities manager,Prakash and Sons,Salaried - Private,Healthcare,1606592.64,133882.72,IDFC FIRST Bank,IDFB0008480,923049082002,Savings,Howrah,Howrah,West Bengal,711455,Affluent,255896.88,True,2022-02-14,Son
CUST_00000659,Chaman Chowdhury,Female,1995-01-16,31,Bachelor's,Financial manager,"Divan, Mani and Atwal",Salaried - Govt,Agriculture,466908.0,38909.0,Axis Bank,UTIB0002467,436905224669,Savings,Surat,Surat,Gujarat,395366,Mass Market,70077.37,True,2015-06-29,Father
CUST_00000660,Christopher Mody,Male,1979-12-31,46,Bachelor's,Advice worker,Kadakia-Yogi,Salaried - Private,Manufacturing,1767629.32,147302.44,State Bank of India,SBIN0001001,995600823707,Savings,Delhi,East Delhi,Delhi,110393,Affluent,409699.57,True,2013-05-22,Son
CUST_00000661,Kai Subramanian,Male,1988-12-26,37,Diploma,Counsellor,"Badami, Puri and Vyas",Self-Employed Business,Agriculture,1817517.06,151459.76,State Bank of India,SBIN0009059,932995839679,Savings,Lucknow,Lucknow,Uttar Pradesh,226109,Affluent,170386.53,False,2010-09-12,Son
CUST_00000662,Frederick Bhasin,Male,1971-05-15,55,Diploma,Waste management officer,Bera-Shroff,Salaried - Govt,Manufacturing,316991.51,26415.96,IDFC FIRST Bank,IDFB0004788,107717057182,Savings,Ahmedabad,Ahmedabad,Gujarat,380521,Mass Market,36204.66,False,2020-06-22,Daughter
CUST_00000663,Aayush Bhavsar,Male,1976-10-21,49,High School,Geoscientist,"Parsa, Chokshi and Bahl",Salaried - Private,Government,1365910.19,113825.85,Bank of Baroda,BARB0005094,886680252297,Savings,Howrah,Howrah,West Bengal,711325,Affluent,276166.38,True,2014-09-06,Mother
CUST_00000664,Reyansh Kashyap,Male,2007-07-11,19,Master's,Rural practice surveyor,"Chaudhary, Mutti and Sundaram",Self-Employed Business,Banking & Finance,406112.5,33842.71,Bank of Baroda,BARB0004924,939737446040,Savings,Warangal,Warangal,Telangana,506764,Mass Market,68665.77,False,2023-11-13,Sibling
CUST_00000665,Chaitanya Grewal,Male,1966-12-11,59,Master's,"Programmer, systems","Bains, Baral and Kota",Self-Employed Professional,Agriculture,7542290.97,628524.25,Kotak Mahindra Bank,KKBK0007765,297862546067,Current,Delhi,East Delhi,Delhi,110213,HNI,1163148.26,True,2024-10-02,Sibling
CUST_00000666,Michael Nath,Male,1982-01-25,44,Bachelor's,"Designer, graphic",Palan Ltd,Self-Employed Professional,Real Estate,3956498.31,329708.19,IDFC FIRST Bank,IDFB0008418,869967953155,Salary,Noida,Gautam Buddha Nagar,Uttar Pradesh,201428,HNI,2075795.87,True,2015-08-19,Spouse
CUST_00000667,Matthew Keer,Male,2008-05-13,18,Diploma,Retail banker,Bhatia-Kurian,Salaried - Private,Healthcare,35711096.54,2975924.71,State Bank of India,SBIN0009764,301958514347,Current,Mysuru,Mysuru,Karnataka,570375,Ultra HNI,18506551.63,True,2024-01-22,Father
CUST_00000668,Amruta Mammen,Female,1968-05-01,58,Bachelor's,Licensed conveyancer,Devan-Chahal,Self-Employed Business,Telecom,578028.19,48169.02,Canara Bank,CNRB0001134,199784161301,Savings,New Delhi,New Delhi,Delhi,110605,Mass Market,17970.33,False,2021-09-04,Father
CUST_00000669,Ishaan Sahni,Male,1969-02-05,57,Bachelor's,"Designer, ceramics/pottery",Muni-Narayan,Salaried - Private,Retail & E-commerce,1010996.25,84249.69,Bank of Baroda,BARB0006104,979547993013,Savings,Lucknow,Lucknow,Uttar Pradesh,226574,Affluent,73383.19,False,2017-03-09,Sibling
CUST_00000670,Dominic Jhaveri,Male,1990-07-07,36,Bachelor's,Telecommunications researcher,"Jain, Devi and More",Salaried - Private,Information Technology,424989.04,35415.75,Punjab National Bank,PUNB0002314,928256724600,Savings,New Delhi,New Delhi,Delhi,110372,Mass Market,66557.07,False,2021-01-06,Son
CUST_00000671,Ekansh Sani,Male,2008-05-08,18,Bachelor's,Dance movement psychotherapist,"Dugar, Nadkarni and Bir",Self-Employed Professional,Banking & Finance,391947.66,32662.3,IndusInd Bank,INDB0008702,311233379627,Salary,Warangal,Warangal,Telangana,506948,Mass Market,2536.77,False,2018-12-01,Spouse
CUST_00000672,Daniel Gour,Male,1973-02-11,53,Bachelor's,Unemployed,N/A,Unemployed,None,390817.07,32568.09,HDFC Bank,HDFC0005078,947761251681,Salary,Noida,Gautam Buddha Nagar,Uttar Pradesh,201855,Mass Market,68424.9,False,2024-01-27,Spouse
CUST_00000673,Amruta Nagar,Female,2002-05-06,24,Master's,Patent attorney,Mitter-Savant,Salaried - Private,Education,342141.39,28511.78,Canara Bank,CNRB0002539,832382715799,Salary,Coimbatore,Coimbatore,Tamil Nadu,641498,Mass Market,72569.55,True,2021-12-05,Sibling
CUST_00000674,Mahika Doshi,Female,1997-02-04,29,Bachelor's,Clinical biochemist,Goyal Inc,Salaried - Private,Manufacturing,355209.0,29600.75,Punjab National Bank,PUNB0003598,901566156935,Savings,Nagpur,Nagpur,Maharashtra,440662,Mass Market,66075.71,False,2022-03-13,Daughter
CUST_00000675,Kiaan Kashyap,Male,1987-08-07,38,High School,Unemployed,N/A,Unemployed,None,302168.28,25180.69,HDFC Bank,HDFC0005150,802146534620,Salary,Hyderabad,Hyderabad,Telangana,500469,Mass Market,36266.7,True,2013-09-11,Spouse
CUST_00000676,Agastya Parmer,Male,1960-09-27,65,High School,Publishing rights manager,Thakkar PLC,Salaried - Private,Automobile,1448927.46,120743.96,Axis Bank,UTIB0002850,796798167510,Savings,Howrah,Howrah,West Bengal,711115,Affluent,140992.64,True,2017-07-01,Father
CUST_00000677,Ridhi Gour,Female,2000-11-21,25,Diploma,Unemployed,N/A,Unemployed,None,255248.85,21270.74,Kotak Mahindra Bank,KKBK0002960,969283377503,Savings,Chennai,Chennai,Tamil Nadu,600143,Mass Market,67053.23,False,2017-11-11,Daughter
CUST_00000678,Ekantika Gade,Female,1966-08-26,59,Doctorate,Amenity horticulturist,Aurora-Madan,Salaried - Private,Telecom,482591.83,40215.99,Canara Bank,CNRB0003539,947703702424,Savings,Bengaluru,Bengaluru Urban,Karnataka,560261,Mass Market,22573.23,True,2025-03-15,Son
CUST_00000679,Indrajit Jain,Male,1995-12-27,30,Bachelor's,Brewing technologist,Sarna PLC,Salaried - Private,Banking & Finance,434476.66,36206.39,IDFC FIRST Bank,IDFB0006544,937505622295,Savings,Mumbai,Mumbai City,Maharashtra,400464,Mass Market,33269.68,False,2017-11-02,Sibling
CUST_00000680,Nicholas Shankar,Male,2002-09-25,23,Bachelor's,Physiotherapist,Barman-Rai,Self-Employed Business,Healthcare,404927.84,33743.99,IndusInd Bank,INDB0002759,633116369523,Savings,Coimbatore,Coimbatore,Tamil Nadu,641671,Mass Market,36819.79,False,2021-07-10,Sibling
CUST_00000681,Shravya Yadav,Female,1983-11-26,42,Diploma,Arboriculturist,"Chopra, Seth and Shan",Salaried - Govt,Retail & E-commerce,9711644.59,809303.72,Canara Bank,CNRB0004161,856005953800,Savings,Howrah,Howrah,West Bengal,711841,HNI,1468813.98,True,2023-03-26,Father
CUST_00000682,Anvi Korpal,Female,1983-07-25,43,High School,Occupational hygienist,"Baral, Ram and Varty",Salaried - Govt,Manufacturing,297183.48,24765.29,State Bank of India,SBIN0008951,584071272634,Current,Warangal,Warangal,Telangana,506294,Mass Market,31562.71,False,2022-03-29,Daughter
CUST_00000683,Aryan Gupta,Male,1971-09-28,54,Bachelor's,Occupational therapist,Mangal-Shenoy,Salaried - Private,Healthcare,364616.44,30384.7,IndusInd Bank,INDB0006696,904549083133,Savings,Lucknow,Lucknow,Uttar Pradesh,226988,Mass Market,39263.59,True,2012-08-30,Daughter
CUST_00000684,Manan Bhagat,Male,1992-06-18,34,Diploma,Pensioner,N/A,Retired,Government/Services,4945075.01,412089.58,IndusInd Bank,INDB0003627,680116407639,Current,Delhi,East Delhi,Delhi,110402,HNI,1598793.27,True,2024-06-16,Mother
CUST_00000685,Vedika Seth,Female,1961-04-23,65,Master's,"Restaurant manager, fast food",Gole PLC,Salaried - Private,Agriculture,583513.45,48626.12,Punjab National Bank,PUNB0008439,950406616228,Savings,Kolkata,Kolkata,West Bengal,700119,Mass Market,41240.43,True,2025-01-01,Daughter
CUST_00000686,Ekansh Ramaswamy,Male,1978-02-06,48,Bachelor's,"Production designer, theatre/television/film",Gola Group,Self-Employed Professional,Retail & E-commerce,21500447.98,1791704.0,IDFC FIRST Bank,IDFB0004912,891651353110,Savings,Mangaluru,Dakshina Kannada,Karnataka,575651,Ultra HNI,14379062.34,True,2019-06-12,Son
CUST_00000687,Harrison Sha,Male,1961-04-18,65,Master's,Jewellery designer,"Gade, Dasgupta and Chand",Self-Employed Business,Education,433363.08,36113.59,IndusInd Bank,INDB0009151,708879191636,Savings,Delhi,East Delhi,Delhi,110430,Mass Market,18590.06,False,2011-10-30,Son
CUST_00000688,Umang Patil,Male,1961-01-15,65,Doctorate,Music tutor,"Vaidya, Dutta and Radhakrishnan",Salaried - Govt,Automobile,504303.85,42025.32,Punjab National Bank,PUNB0002809,671644068029,Savings,Bengaluru,Bengaluru Urban,Karnataka,560955,Mass Market,14443.76,True,2018-10-21,Father
CUST_00000689,Anthony Garde,Male,2004-01-06,22,Bachelor's,Systems developer,"Doctor, Gaba and Dhillon",Salaried - Private,Healthcare,1637680.03,136473.34,State Bank of India,SBIN0004310,633035743163,Salary,Chennai,Chennai,Tamil Nadu,600132,Affluent,186827.77,True,2012-11-11,Daughter
CUST_00000690,Atharv Saini,Male,1972-08-14,53,Bachelor's,Product designer,Golla-Dalal,Salaried - Private,Automobile,452284.96,37690.41,Bank of Baroda,BARB0009026,785158185614,Savings,Hyderabad,Hyderabad,Telangana,500475,Mass Market,39309.85,False,2024-05-17,Father
CUST_00000691,Harrison Aggarwal,Male,1988-12-17,37,Master's,Forensic scientist,Shanker Group,Salaried - Private,Services,544551.44,45379.29,HDFC Bank,HDFC0001214,818156061706,Salary,Noida,Gautam Buddha Nagar,Uttar Pradesh,201579,Mass Market,44566.72,True,2023-09-08,Sibling
CUST_00000692,Aarnav Tak,Male,1968-12-20,57,Bachelor's,Theatre stage manager,"Soni, Setty and Rout",Salaried - Private,Information Technology,1039191.54,86599.29,Punjab National Bank,PUNB0007814,507257502832,Current,Nagpur,Nagpur,Maharashtra,440372,Affluent,436693.69,True,2017-01-25,Daughter
CUST_00000693,Aarush Konda,Male,2002-06-14,24,Master's,Pensioner,N/A,Retired,Government/Services,314818.76,26234.9,State Bank of India,SBIN0002153,434296445181,Salary,Bengaluru,Bengaluru Urban,Karnataka,560631,Mass Market,40404.86,True,2014-06-14,Spouse
CUST_00000694,Ishita Bawa,Female,1966-03-20,60,High School,Automotive engineer,"Palla, Bansal and Dhillon",Salaried - Private,Banking & Finance,328458.74,27371.56,Axis Bank,UTIB0009710,307813414636,Savings,Madurai,Madurai,Tamil Nadu,625772,Mass Market,25041.22,True,2023-08-29,Father
CUST_00000695,Manthan Narula,Male,2004-06-08,22,Diploma,Unemployed,N/A,Unemployed,None,366779.37,30564.95,IDFC FIRST Bank,IDFB0003931,922737164107,Current,Kolkata,Kolkata,West Bengal,700884,Mass Market,44087.78,True,2010-10-14,Sibling
CUST_00000696,Turvi Gokhale,Female,1964-12-28,61,Bachelor's,Higher education careers adviser,"Goel, Shah and Parsa",Salaried - Govt,Services,464286.36,38690.53,Punjab National Bank,PUNB0008515,833161871368,Savings,Kolkata,Kolkata,West Bengal,700270,Mass Market,6678.91,False,2024-11-25,Father
CUST_00000697,Chakradhar Mistry,Male,1973-05-21,53,Master's,Museum education officer,Sane PLC,Salaried - Private,Agriculture,1428592.29,119049.36,Bank of Baroda,BARB0009268,823004112457,Savings,Delhi,East Delhi,Delhi,110460,Affluent,137035.18,False,2011-01-15,Mother
CUST_00000698,Warinder Desai,Male,1962-12-13,63,High School,Haematologist,Vyas-Sachdev,Salaried - Private,Agriculture,408816.46,34068.04,Punjab National Bank,PUNB0007090,939289623661,Savings,Howrah,Howrah,West Bengal,711723,Mass Market,11171.97,True,2018-05-24,Father
CUST_00000699,Henry Bhardwaj,Male,1962-04-16,64,Bachelor's,Seismic interpreter,Sule Ltd,Self-Employed Professional,Services,334005.13,27833.76,IndusInd Bank,INDB0004504,943424473649,Current,Warangal,Warangal,Telangana,506563,Mass Market,30536.97,False,2021-01-06,Son
CUST_00000700,Mitali Sane,Female,1988-03-31,38,Diploma,Investment analyst,Vora-Pandya,Salaried - Private,Government,292053.71,24337.81,State Bank of India,SBIN0001567,413459411231,Salary,Nagpur,Nagpur,Maharashtra,440238,Mass Market,38932.58,False,2024-10-31,Mother
CUST_00000701,Yadavi Venkatesh,Female,1994-07-02,32,Master's,Research scientist (medical),Gole-Kaul,Salaried - Private,Information Technology,311390.36,25949.2,Kotak Mahindra Bank,KKBK0004635,122827341773,Salary,Hyderabad,Hyderabad,Telangana,500196,Mass Market,6446.1,True,2021-05-03,Spouse
CUST_00000702,Gunbir Agarwal,Male,1962-10-02,63,Diploma,"Psychologist, occupational","Dalal, Johal and Sachdeva",Self-Employed Professional,Real Estate,1147370.34,95614.2,Punjab National Bank,PUNB0003557,388357267506,Savings,Vadodara,Vadodara,Gujarat,390355,Affluent,374650.81,True,2016-08-16,Father
CUST_00000703,Osha Palla,Female,1985-09-24,40,Bachelor's,Unemployed,N/A,Unemployed,None,458173.52,38181.13,Kotak Mahindra Bank,KKBK0005920,727459954704,Current,Kolkata,Kolkata,West Bengal,700851,Mass Market,46506.78,True,2020-03-13,Spouse
CUST_00000704,Aashi Jaggi,Female,1992-06-19,34,Bachelor's,Forest/woodland manager,Morar LLC,Salaried - Private,Telecom,320186.17,26682.18,Punjab National Bank,PUNB0008905,633318555239,Salary,Mangaluru,Dakshina Kannada,Karnataka,575757,Mass Market,44289.88,False,2018-02-08,Mother
CUST_00000705,Neel Ahuja,Male,1962-07-11,64,Bachelor's,"Lecturer, further education",Randhawa-Balakrishnan,Salaried - Private,Information Technology,386640.73,32220.06,IDFC FIRST Bank,IDFB0007251,955035549738,Savings,Pune,Pune,Maharashtra,411456,Mass Market,24647.18,False,2023-04-24,Son
CUST_00000706,Gunbir Narayanan,Male,1999-12-10,26,Diploma,Quality manager,Banik-Deshpande,Salaried - Private,Government,569653.21,47471.1,HDFC Bank,HDFC0004714,820470793794,Salary,Nagpur,Nagpur,Maharashtra,440896,Mass Market,65342.25,True,2017-09-14,Sibling
CUST_00000707,Veda Yadav,Female,2003-03-02,23,Master's,"Psychologist, counselling",Bhalla-Verma,Self-Employed Professional,Government,450441.34,37536.78,State Bank of India,SBIN0005993,145201882326,Savings,Vadodara,Vadodara,Gujarat,390678,Mass Market,62905.71,False,2014-10-16,Father
CUST_00000708,Nakul Wason,Male,1957-08-01,69,Bachelor's,Technical brewer,"Narula, Pandya and Bhatti",Salaried - Private,Retail & E-commerce,214207.83,17850.65,IndusInd Bank,INDB0004617,152197585733,Savings,Howrah,Howrah,West Bengal,711870,Mass Market,33756.07,False,2025-07-06,Daughter
CUST_00000709,Logan Balasubramanian,Male,1974-03-27,52,High School,Mining engineer,"Warrior, Gandhi and Ramachandran",Self-Employed Professional,Services,894038.01,74503.17,IndusInd Bank,INDB0002475,573400253072,Savings,Warangal,Warangal,Telangana,506251,Affluent,91725.23,False,2012-12-30,Father
CUST_00000710,Dalbir Morar,Male,1993-04-04,33,Bachelor's,International aid/development worker,"Balay, Magar and Sachdev",Salaried - Private,Retail & E-commerce,544559.83,45379.99,HDFC Bank,HDFC0008796,918498104890,Savings,Nagpur,Nagpur,Maharashtra,440508,Mass Market,62457.57,True,2011-05-23,Mother
CUST_00000711,Jagat Prabhu,Male,1980-02-04,46,High School,Immigration officer,Vohra LLC,Salaried - Private,Banking & Finance,289220.18,24101.68,Bank of Baroda,BARB0009221,952269649715,Current,New Delhi,New Delhi,Delhi,110592,Mass Market,30109.24,False,2012-10-19,Daughter
CUST_00000712,Rachit Barad,Male,1997-01-10,29,Master's,Chief Executive Officer,Toor-Bakshi,Self-Employed Professional,Education,489086.57,40757.21,Canara Bank,CNRB0007476,729866610913,Savings,Madurai,Madurai,Tamil Nadu,625730,Mass Market,22082.22,True,2022-10-13,Sibling
CUST_00000713,Yamini Dube,Other,1966-06-29,60,Diploma,Radio broadcast assistant,"Viswanathan, Mukherjee and Narang",Salaried - Private,Agriculture,2587297.48,215608.12,Axis Bank,UTIB0004970,392365484702,Salary,Howrah,Howrah,West Bengal,711801,HNI,1863046.87,False,2012-04-17,Daughter
CUST_00000714,Chavvi Varty,Female,1991-10-11,34,Master's,Consulting civil engineer,Bansal Group,Salaried - Private,Banking & Finance,1763357.88,146946.49,HDFC Bank,HDFC0007776,501251051563,Savings,Ahmedabad,Ahmedabad,Gujarat,380428,Affluent,308936.85,False,2016-03-14,Mother
CUST_00000715,Yutika D’Alia,Female,1956-10-27,69,Master's,Armed forces operational officer,"Chahal, Nath and Sibal",Salaried - Private,Services,332163.27,27680.27,State Bank of India,SBIN0005994,775811885962,Salary,Kanpur,Kanpur Nagar,Uttar Pradesh,208249,Mass Market,62326.49,False,2024-03-23,Son
CUST_00000716,Charan Verma,Male,1996-06-04,30,Bachelor's,Insurance underwriter,Muni Ltd,Salaried - Private,Information Technology,7272254.39,606021.2,Axis Bank,UTIB0004271,510965488591,Savings,New Delhi,New Delhi,Delhi,110215,HNI,1054471.12,True,2024-04-09,Sibling
CUST_00000717,Oeshi Iyer,Female,1966-08-13,59,Bachelor's,Health and safety inspector,"Nagar, Sastry and Dalal",Salaried - Private,Information Technology,466654.93,38887.91,Axis Bank,UTIB0003419,417055061133,Salary,Pune,Pune,Maharashtra,411810,Mass Market,50342.95,True,2014-05-13,Spouse
CUST_00000718,Farhan Mahal,Male,1962-07-23,64,High School,Writer,"Varkey, Chaudry and Jhaveri",Self-Employed Professional,Manufacturing,431026.58,35918.88,Canara Bank,CNRB0008719,460874955269,Salary,Madurai,Madurai,Tamil Nadu,625650,Mass Market,65487.8,True,2018-09-05,Father
CUST_00000719,Nathaniel Madan,Male,1963-12-19,62,High School,Herpetologist,"Konda, Garg and Bobal",Self-Employed Professional,Education,1040379.1,86698.26,IndusInd Bank,INDB0009573,386690592366,Salary,Kanpur,Kanpur Nagar,Uttar Pradesh,208847,Affluent,218520.35,False,2014-12-25,Father
CUST_00000720,Omkaar Zachariah,Male,1979-08-31,46,Bachelor's,"Conservator, furniture",Sinha Ltd,Salaried - Private,Telecom,562670.61,46889.22,State Bank of India,SBIN0007170,678375450194,Salary,Pune,Pune,Maharashtra,411274,Mass Market,61897.05,True,2010-10-22,Spouse
CUST_00000721,Sanaya Bhagat,Female,1961-01-31,65,Bachelor's,"Nurse, children's",Sehgal PLC,Salaried - Private,Manufacturing,218368.36,18197.36,Axis Bank,UTIB0005444,611329107635,Savings,Mumbai,Mumbai City,Maharashtra,400497,Mass Market,57235.2,False,2015-09-09,Sibling
CUST_00000722,Ojas Hora,Male,1993-08-27,32,High School,"Social research officer, government",Shroff PLC,Salaried - Private,Manufacturing,426875.35,35572.95,Punjab National Bank,PUNB0002767,417909520690,Savings,Kolkata,Kolkata,West Bengal,700489,Mass Market,63345.42,True,2012-02-10,Daughter
CUST_00000723,Vivaan Chatterjee,Male,1980-04-13,46,Master's,"Psychologist, occupational",Kata-Kapur,Salaried - Private,Telecom,430465.53,35872.13,HDFC Bank,HDFC0006168,686680104754,Savings,Bengaluru,Bengaluru Urban,Karnataka,560303,Mass Market,22017.54,False,2012-04-19,Daughter
CUST_00000724,Kai Patla,Male,1976-12-25,49,Bachelor's,Lawyer,Setty-Sura,Self-Employed Professional,Real Estate,266470.44,22205.87,IndusInd Bank,INDB0001352,370753674918,Savings,Warangal,Warangal,Telangana,506601,Mass Market,27731.12,False,2010-06-26,Son
CUST_00000725,Wazir Chowdhury,Male,1974-11-15,51,Bachelor's,"Psychologist, clinical",Mandal LLC,Self-Employed Business,Telecom,7175438.09,597953.17,ICICI Bank,ICIC0001301,853108685144,Savings,Surat,Surat,Gujarat,395740,HNI,786612.78,False,2019-09-02,Mother
CUST_00000726,Devansh Trivedi,Male,1961-12-16,64,Bachelor's,Clinical biochemist,Bobal-Mittal,Self-Employed Professional,Education,2102024.86,175168.74,IndusInd Bank,INDB0005519,167911562748,Salary,Warangal,Warangal,Telangana,506934,Affluent,72485.56,False,2018-07-10,Spouse
CUST_00000727,Sai Sachdev,Male,1969-01-02,57,Bachelor's,Financial planner,"Dutt, Subramaniam and Rajagopalan",Salaried - Private,Agriculture,2654019.15,221168.26,Kotak Mahindra Bank,KKBK0004695,474313736443,Savings,Kolkata,Kolkata,West Bengal,700189,HNI,1617564.97,False,2011-01-21,Sibling
CUST_00000728,Hemang Sankar,Male,1997-05-14,29,Diploma,"Presenter, broadcasting","Oommen, Keer and Ghose",Salaried - Private,Government,4009029.23,334085.77,IndusInd Bank,INDB0004726,363785438092,Salary,Delhi,East Delhi,Delhi,110419,HNI,702904.04,False,2020-08-07,Daughter
CUST_00000729,Brinda Sur,Female,1962-07-20,64,High School,"Therapist, occupational",Nanda-Chatterjee,Salaried - Govt,Retail & E-commerce,245839.38,20486.62,Canara Bank,CNRB0009883,323904256387,Savings,New Delhi,New Delhi,Delhi,110983,Mass Market,51890.35,False,2023-02-25,Father
CUST_00000730,Hema Morar,Female,2006-04-13,20,Diploma,Building control surveyor,"Chopra, Raghavan and Narang",Salaried - Private,Manufacturing,593317.57,49443.13,IndusInd Bank,INDB0003215,262221129518,Savings,Delhi,East Delhi,Delhi,110169,Mass Market,23334.17,True,2017-11-28,Daughter
CUST_00000731,Azaan Chana,Male,1967-12-02,58,Diploma,Corporate treasurer,"Acharya, Din and Dixit",Self-Employed Business,Agriculture,556242.61,46353.55,HDFC Bank,HDFC0004016,262691806925,Salary,Pune,Pune,Maharashtra,411523,Mass Market,9553.68,False,2017-03-31,Son
CUST_00000732,Madhav Ramakrishnan,Male,1988-08-06,37,Master's,Product manager,Jha Ltd,Salaried - Private,Manufacturing,7543832.33,628652.69,Canara Bank,CNRB0005485,955351142474,Savings,Chennai,Chennai,Tamil Nadu,600234,HNI,1033332.43,True,2024-01-14,Father
CUST_00000733,Mason Modi,Male,2004-05-04,22,High School,"Presenter, broadcasting","Padmanabhan, Chakraborty and Anand",Salaried - Private,Information Technology,514142.92,42845.24,IDFC FIRST Bank,IDFB0005372,725371309480,Savings,Madurai,Madurai,Tamil Nadu,625337,Mass Market,12321.0,False,2019-10-13,Father
CUST_00000734,Saksham Datta,Male,2000-11-28,25,High School,Biomedical engineer,Bera-Acharya,Salaried - Private,Automobile,8643181.52,720265.13,State Bank of India,SBIN0006886,856255588451,Salary,Noida,Gautam Buddha Nagar,Uttar Pradesh,201614,HNI,1143535.58,False,2021-04-02,Daughter
CUST_00000735,Praneel Choudhary,Male,2001-05-13,25,Bachelor's,Airline pilot,Sankaran Ltd,Salaried - Govt,Real Estate,196382.7,16365.23,Punjab National Bank,PUNB0004014,528861630357,Salary,Lucknow,Lucknow,Uttar Pradesh,226240,Mass Market,35256.38,False,2019-06-11,Father
CUST_00000736,Nathan Raja,Male,1977-09-16,48,Master's,Unemployed,N/A,Unemployed,None,470546.61,39212.22,Axis Bank,UTIB0004707,546815023668,Current,Pune,Pune,Maharashtra,411522,Mass Market,51223.43,False,2016-12-17,Father
CUST_00000737,Jagvi Ghose,Female,1981-04-15,45,Diploma,Emergency planning/management officer,"Rajagopalan, Parsa and Sahni",Self-Employed Professional,Telecom,507893.71,42324.48,Axis Bank,UTIB0004351,293557581687,Savings,Kanpur,Kanpur Nagar,Uttar Pradesh,208601,Mass Market,68444.32,False,2012-06-20,Sibling
CUST_00000738,Dev Desai,Male,1957-03-18,69,Bachelor's,"Administrator, sports",Sur Ltd,Salaried - Private,Retail & E-commerce,2285117.82,190426.48,Canara Bank,CNRB0005043,544217969163,Savings,Nagpur,Nagpur,Maharashtra,440852,Affluent,426300.34,False,2016-12-26,Son
CUST_00000739,Ekanta Chad,Female,1963-09-28,62,Diploma,Pathologist,Sandal-Gole,Salaried - Private,Telecom,563127.46,46927.29,Punjab National Bank,PUNB0007457,730254100367,Salary,Nagpur,Nagpur,Maharashtra,440211,Mass Market,48222.04,True,2017-04-09,Son
CUST_00000740,Unnati Sengupta,Female,1976-08-07,49,High School,Equities trader,Samra PLC,Salaried - Private,Real Estate,241360.56,20113.38,State Bank of India,SBIN0005025,690638330486,Savings,Kolkata,Kolkata,West Bengal,700671,Mass Market,62079.26,False,2010-02-13,Son
CUST_00000741,Zaid Khalsa,Male,1993-08-13,32,Bachelor's,Geophysical data processor,Peri-Bandi,Salaried - Govt,Agriculture,187103.38,15591.95,State Bank of India,SBIN0004110,582286942999,Savings,Howrah,Howrah,West Bengal,711892,Mass Market,68398.2,False,2025-08-25,Mother
CUST_00000742,Warhi Pillay,Female,1962-06-28,64,Doctorate,Race relations officer,"Buch, Dhar and Vyas",Salaried - Private,Real Estate,458401.11,38200.09,ICICI Bank,ICIC0007921,771279421259,Current,Nagpur,Nagpur,Maharashtra,440629,Mass Market,72477.75,False,2025-09-26,Father
CUST_00000743,Meera Shroff,Female,1983-06-22,43,High School,Unemployed,N/A,Unemployed,None,3644340.08,303695.01,Canara Bank,CNRB0008400,890662422778,Savings,Bengaluru,Bengaluru Urban,Karnataka,560897,HNI,1028788.56,True,2018-05-16,Daughter
CUST_00000744,Chanchal Korpal,Female,1981-02-28,45,Bachelor's,Careers adviser,"Zacharia, Muni and Bera",Salaried - Private,Telecom,592181.0,49348.42,IndusInd Bank,INDB0003216,552659774783,Savings,Surat,Surat,Gujarat,395125,Mass Market,47966.9,True,2024-06-15,Father
CUST_00000745,Aashi Singh,Female,1980-03-15,46,Master's,"Psychotherapist, child","Narula, Sama and Pandit",Salaried - Private,Real Estate,203782.73,16981.89,IDFC FIRST Bank,IDFB0004308,602006723057,Savings,Mysuru,Mysuru,Karnataka,570431,Mass Market,10787.6,False,2025-05-14,Sibling
CUST_00000746,Nandini Mann,Female,1965-04-25,61,Bachelor's,"Therapist, speech and language","Modi, Lad and Bhat",Self-Employed Business,Automobile,477605.09,39800.42,ICICI Bank,ICIC0003024,224945714979,Savings,Kanpur,Kanpur Nagar,Uttar Pradesh,208471,Mass Market,55426.71,True,2020-01-26,Spouse
CUST_00000747,Frado Behl,Male,1990-09-18,35,High School,"Horticulturist, amenity","Bala, Mangat and Sundaram",Salaried - Private,Agriculture,598414.29,49867.86,Bank of Baroda,BARB0009383,513003624262,Salary,Kolkata,Kolkata,West Bengal,700886,Mass Market,36640.95,True,2011-04-28,Father
CUST_00000748,Yashawini Bose,Female,2000-11-08,25,Bachelor's,Health physicist,Deo-Mand,Self-Employed Business,Retail & E-commerce,433807.86,36150.65,IDFC FIRST Bank,IDFB0003459,293894612264,Savings,Pune,Pune,Maharashtra,411415,Mass Market,47991.36,True,2014-05-28,Mother
CUST_00000749,Kabir Atwal,Male,1995-02-20,31,High School,Trade mark attorney,Dora Ltd,Self-Employed Business,Telecom,268832.83,22402.74,Canara Bank,CNRB0005731,300259090120,Savings,Bengaluru,Bengaluru Urban,Karnataka,560307,Mass Market,55730.58,False,2017-02-22,Spouse
CUST_00000750,Gagan Lal,Male,1997-04-10,29,High School,Pensioner,N/A,Retired,Government/Services,2154821.32,179568.44,IDFC FIRST Bank,IDFB0005146,602563605582,Salary,Lucknow,Lucknow,Uttar Pradesh,226656,Affluent,212709.5,True,2013-10-12,Spouse
CUST_00000751,Gautam Wable,Male,2001-05-28,25,High School,Lobbyist,Dhillon PLC,Salaried - Govt,Services,397566.45,33130.54,Canara Bank,CNRB0004897,745176560476,Savings,Lucknow,Lucknow,Uttar Pradesh,226519,Mass Market,2544.81,False,2024-12-10,Son
CUST_00000752,Faraj Tandon,Male,1995-09-23,30,Bachelor's,Passenger transport manager,Khanna-Sarraf,Salaried - Private,Banking & Finance,1659176.23,138264.69,IDFC FIRST Bank,IDFB0001107,407293492324,Savings,Chennai,Chennai,Tamil Nadu,600289,Affluent,134305.24,False,2021-08-13,Father
CUST_00000753,Geetika Kade,Female,1986-08-19,39,Bachelor's,Location manager,Lalla Inc,Salaried - Private,Information Technology,1804682.93,150390.24,Punjab National Bank,PUNB0001601,830283735074,Savings,Warangal,Warangal,Telangana,506189,Affluent,229234.19,True,2010-11-03,Spouse
CUST_00000754,Vincent Rastogi,Male,1981-05-10,45,Bachelor's,Unemployed,N/A,Unemployed,None,384071.95,32006.0,HDFC Bank,HDFC0007831,297541588428,Current,Delhi,East Delhi,Delhi,110725,Mass Market,43307.18,False,2017-08-14,Sibling
CUST_00000755,Jackson Raghavan,Male,1992-02-17,34,Bachelor's,Newspaper journalist,Lala-Dhillon,Salaried - Govt,Telecom,260772.62,21731.05,IDFC FIRST Bank,IDFB0003906,602366404312,Savings,Ahmedabad,Ahmedabad,Gujarat,380195,Mass Market,35867.35,False,2018-06-27,Mother
CUST_00000756,Urishilla Arora,Female,1971-08-14,54,Diploma,Pensioner,N/A,Retired,Government/Services,445248.64,37104.05,Punjab National Bank,PUNB0007038,520466688767,Savings,Mysuru,Mysuru,Karnataka,570963,Mass Market,41634.65,True,2022-10-03,Daughter
CUST_00000757,Rayaan Mutti,Male,2006-08-03,19,Bachelor's,Architectural technologist,Wali Ltd,Salaried - Private,Banking & Finance,996846.87,83070.57,Kotak Mahindra Bank,KKBK0008713,233721855946,Savings,Warangal,Warangal,Telangana,506639,Affluent,115826.42,False,2015-08-30,Son
CUST_00000758,Upma Mahajan,Female,1974-01-06,52,Bachelor's,"Geologist, engineering",Kumer Ltd,Salaried - Govt,Agriculture,593521.88,49460.16,Axis Bank,UTIB0004425,162758292977,Savings,Mangaluru,Dakshina Kannada,Karnataka,575847,Mass Market,50647.73,False,2019-05-07,Sibling
CUST_00000759,Vihaan Khurana,Male,1994-10-08,31,Master's,Theatre stage manager,Venkatesh LLC,Salaried - Private,Agriculture,283090.87,23590.91,HDFC Bank,HDFC0008924,859024118829,Salary,Warangal,Warangal,Telangana,506723,Mass Market,54381.98,False,2020-11-03,Mother
CUST_00000760,Gautam Munshi,Male,1985-01-24,41,Bachelor's,Actuary,Arora Group,Self-Employed Business,Manufacturing,318984.2,26582.02,IndusInd Bank,INDB0006797,245715808020,Current,Kanpur,Kanpur Nagar,Uttar Pradesh,208846,Mass Market,20124.99,True,2011-07-25,Sibling
CUST_00000761,Damini Sehgal,Female,1974-11-16,51,Bachelor's,Herpetologist,Hans-Bandi,Salaried - Private,Real Estate,298139.52,24844.96,Canara Bank,CNRB0003947,773810204791,Savings,Madurai,Madurai,Tamil Nadu,625397,Mass Market,32012.29,False,2010-05-19,Father
CUST_00000762,Chakradhar Bhandari,Male,2005-05-18,21,Master's,Pensioner,N/A,Retired,Government/Services,322172.89,26847.74,State Bank of India,SBIN0002936,611204130751,Salary,Mangaluru,Dakshina Kannada,Karnataka,575968,Mass Market,2517.7,False,2020-07-03,Father
CUST_00000763,Ikbal Dara,Male,1993-05-28,33,High School,Communications engineer,De Group,Self-Employed Professional,Services,198841.43,16570.12,Bank of Baroda,BARB0007783,465267607632,Savings,Vadodara,Vadodara,Gujarat,390925,Mass Market,47445.93,False,2020-07-02,Sibling
CUST_00000764,George Choudhry,Male,1992-10-04,33,Bachelor's,Forensic scientist,Sibal-Borra,Self-Employed Business,Education,577804.23,48150.35,State Bank of India,SBIN0004296,412201246039,Salary,Hyderabad,Hyderabad,Telangana,500415,Mass Market,31671.78,False,2020-03-21,Mother
CUST_00000765,Manya Sane,Female,1992-07-31,34,Master's,Jewellery designer,Edwin-Borah,Salaried - Private,Agriculture,8674064.8,722838.73,IndusInd Bank,INDB0006307,107589347259,Savings,Mangaluru,Dakshina Kannada,Karnataka,575441,HNI,2061752.5,False,2014-06-09,Mother
CUST_00000766,Bhavani Raja,Female,1976-10-20,49,Diploma,Pensioner,N/A,Retired,Government/Services,242961.89,20246.82,Bank of Baroda,BARB0001477,292552157511,Savings,Coimbatore,Coimbatore,Tamil Nadu,641953,Mass Market,41243.42,False,2025-12-07,Mother
CUST_00000767,Kai Lanka,Male,1965-11-08,60,High School,Pensioner,N/A,Retired,Government/Services,240086.02,20007.17,Canara Bank,CNRB0008774,142078887182,Savings,Delhi,East Delhi,Delhi,110259,Mass Market,3023.06,False,2011-02-10,Sibling
CUST_00000768,Irya Ramaswamy,Female,1965-11-18,60,Bachelor's,Regulatory affairs officer,Dhawan PLC,Self-Employed Business,Real Estate,407646.43,33970.54,IndusInd Bank,INDB0006490,960979753027,Savings,Kolkata,Kolkata,West Bengal,700955,Mass Market,35548.1,True,2022-04-19,Daughter
CUST_00000769,Janani Cherian,Female,2004-01-13,22,Bachelor's,Futures trader,Banerjee Inc,Self-Employed Professional,Manufacturing,242740.29,20228.36,IDFC FIRST Bank,IDFB0006169,690794987489,Savings,Mumbai,Mumbai City,Maharashtra,400691,Mass Market,49322.76,False,2011-02-16,Sibling
CUST_00000770,Ladli Sehgal,Female,1957-08-01,69,Bachelor's,Research scientist (medical),Acharya Inc,Salaried - Private,Retail & E-commerce,6339577.52,528298.13,Punjab National Bank,PUNB0002084,267373214626,Savings,Hyderabad,Hyderabad,Telangana,500447,HNI,553086.75,True,2020-08-19,Son
CUST_00000771,Lila Doshi,Female,1992-12-27,33,Master's,Unemployed,N/A,Unemployed,None,371081.89,30923.49,IndusInd Bank,INDB0003719,768172278344,Savings,Kolkata,Kolkata,West Bengal,700709,Mass Market,57003.72,False,2024-06-21,Spouse
CUST_00000772,Aarav Varma,Male,1993-05-19,33,High School,Recycling officer,Sarin-Raval,Salaried - Private,Manufacturing,2141076.52,178423.04,Punjab National Bank,PUNB0001518,552137638594,Savings,Mysuru,Mysuru,Karnataka,570998,Affluent,89695.07,True,2023-07-03,Father
CUST_00000773,Bhavya Zachariah,Female,1968-05-06,58,High School,Music tutor,"Subramaniam, Dara and Wason",Self-Employed Professional,Retail & E-commerce,441717.9,36809.83,Canara Bank,CNRB0005958,676453931375,Salary,Hyderabad,Hyderabad,Telangana,500214,Mass Market,27992.91,True,2024-12-16,Mother
CUST_00000774,Praneel Nath,Male,1992-01-16,34,Diploma,Oncologist,Chana LLC,Self-Employed Professional,Information Technology,828243.24,69020.27,Axis Bank,UTIB0002517,655956776406,Savings,Pune,Pune,Maharashtra,411612,Affluent,396638.28,True,2018-07-21,Father
CUST_00000775,Onkar Buch,Male,2000-04-27,26,High School,Horticultural consultant,"Jain, Goda and Baral",Self-Employed Professional,Education,790433.74,65869.48,Punjab National Bank,PUNB0008921,441551381352,Salary,Ahmedabad,Ahmedabad,Gujarat,380887,Affluent,252455.94,False,2025-06-24,Spouse
CUST_00000776,Girish Mistry,Male,1992-10-08,33,Master's,Clinical biochemist,"Parmer, Sur and Chad",Salaried - Govt,Agriculture,536245.31,44687.11,ICICI Bank,ICIC0004361,141766712855,Savings,Lucknow,Lucknow,Uttar Pradesh,226830,Mass Market,37987.74,False,2024-02-29,Daughter
CUST_00000777,Urvashi Gupta,Female,1963-11-18,62,Master's,"Engineer, automotive",Khare Group,Salaried - Private,Banking & Finance,386609.77,32217.48,State Bank of India,SBIN0006095,151248998668,Savings,Mysuru,Mysuru,Karnataka,570578,Mass Market,43812.39,False,2016-03-21,Spouse
CUST_00000778,Mitesh Tata,Male,1984-05-10,42,Diploma,"Production assistant, television",Bansal LLC,Salaried - Private,Banking & Finance,578698.09,48224.84,IndusInd Bank,INDB0006119,731456744482,Savings,Hyderabad,Hyderabad,Telangana,500428,Mass Market,24272.28,False,2010-11-24,Father
CUST_00000779,Ansh Ravi,Male,1962-10-01,63,High School,"Scientist, research (medical)",Yadav-Dixit,Salaried - Private,Education,411719.2,34309.93,Kotak Mahindra Bank,KKBK0005532,450178458168,Savings,Kanpur,Kanpur Nagar,Uttar Pradesh,208220,Mass Market,28028.8,False,2021-11-08,Mother
CUST_00000780,Jackson Bora,Male,1958-07-11,68,Diploma,Counsellor,Bahl-Sinha,Salaried - Private,Healthcare,498998.46,41583.21,ICICI Bank,ICIC0005483,113376505558,Salary,Bengaluru,Bengaluru Urban,Karnataka,560655,Mass Market,17037.14,True,2024-07-06,Mother
CUST_00000781,Arin Kibe,Male,1993-01-19,33,Bachelor's,"Conservator, furniture",Gera Ltd,Salaried - Private,Agriculture,266091.28,22174.27,Punjab National Bank,PUNB0005440,983493471760,Savings,Hyderabad,Hyderabad,Telangana,500275,Mass Market,56165.66,False,2010-10-19,Spouse
CUST_00000782,Nikita Chatterjee,Female,1980-04-25,46,High School,"Doctor, hospital","Bhatt, Cherian and Comar",Self-Employed Business,Manufacturing,483527.1,40293.92,IDFC FIRST Bank,IDFB0006549,587653065418,Current,Mumbai,Mumbai City,Maharashtra,400129,Mass Market,25303.45,True,2017-12-14,Son
CUST_00000783,Imaran Bhatnagar,Male,1998-05-31,28,Bachelor's,Physiological scientist,Ratti-Nair,Salaried - Private,Automobile,576381.88,48031.82,State Bank of India,SBIN0002735,157482122762,Savings,Mysuru,Mysuru,Karnataka,570501,Mass Market,73283.75,False,2011-12-07,Father
CUST_00000784,Ekapad Nagy,Male,2000-01-28,26,Diploma,"Engineer, production",Ghose LLC,Self-Employed Professional,Telecom,595432.63,49619.39,IDFC FIRST Bank,IDFB0008304,493489078147,Salary,Warangal,Warangal,Telangana,506937,Mass Market,21348.45,True,2011-01-05,Father
CUST_00000785,Laksh Dhaliwal,Male,1995-12-23,30,High School,Unemployed,N/A,Unemployed,None,2016101.43,168008.45,IndusInd Bank,INDB0002286,940764513911,Savings,Kanpur,Kanpur Nagar,Uttar Pradesh,208234,Affluent,253890.43,True,2012-09-08,Spouse
CUST_00000786,Qasim Gala,Male,1979-05-28,47,Bachelor's,Television camera operator,Deol Inc,Self-Employed Professional,Telecom,212543.12,17711.93,Canara Bank,CNRB0002593,441259135501,Savings,Lucknow,Lucknow,Uttar Pradesh,226337,Mass Market,3316.12,False,2022-08-28,Father
CUST_00000787,Raghav Dugar,Male,1957-06-03,69,Master's,"Radiographer, therapeutic",Ahuja Inc,Salaried - Govt,Healthcare,1439474.27,119956.19,IDFC FIRST Bank,IDFB0005227,503352669302,Savings,Kolkata,Kolkata,West Bengal,700816,Affluent,194666.43,False,2012-11-14,Sibling
CUST_00000788,Chanchal Mander,Female,1978-03-28,48,High School,Publishing copy,"Date, Jhaveri and Dhar",Salaried - Govt,Retail & E-commerce,442538.45,36878.2,Punjab National Bank,PUNB0008426,132158596544,Savings,Mysuru,Mysuru,Karnataka,570215,Mass Market,71071.64,False,2020-03-27,Mother
CUST_00000789,Umang Sabharwal,Male,1969-01-15,57,High School,Ecologist,"Barad, Gole and Tata",Salaried - Private,Real Estate,492208.22,41017.35,Canara Bank,CNRB0003798,943025876181,Savings,Vadodara,Vadodara,Gujarat,390688,Mass Market,54803.11,False,2019-10-17,Father
CUST_00000790,Chaitanya Mitra,Male,1974-09-08,51,Diploma,"Accountant, chartered management","Keer, Handa and Dalal",Salaried - Private,Agriculture,286958.78,23913.23,HDFC Bank,HDFC0007646,885195410796,Savings,Mysuru,Mysuru,Karnataka,570669,Mass Market,37693.42,False,2025-10-13,Sibling
CUST_00000791,Charvi Pathak,Female,2001-06-10,25,High School,"Solicitor, Scotland","Kanda, Shetty and Joshi",Salaried - Private,Banking & Finance,442853.3,36904.44,Kotak Mahindra Bank,KKBK0009728,540066536122,Salary,Kolkata,Kolkata,West Bengal,700735,Mass Market,5979.18,False,2014-06-04,Father
CUST_00000792,Gunbir Chowdhury,Male,1998-01-02,28,Bachelor's,Public relations account executive,Goda-Dutta,Salaried - Private,Agriculture,313903.28,26158.61,ICICI Bank,ICIC0008903,170367955875,Savings,Ahmedabad,Ahmedabad,Gujarat,380933,Mass Market,45325.24,True,2020-09-20,Sibling
CUST_00000793,Anya Bhagat,Female,1990-02-13,36,High School,Higher education careers adviser,Saran LLC,Self-Employed Business,Services,1134985.4,94582.12,Bank of Baroda,BARB0008132,965724580023,Savings,Vadodara,Vadodara,Gujarat,390810,Affluent,104250.65,False,2015-05-08,Father
CUST_00000794,Utkarsh Bassi,Male,1962-01-13,64,Bachelor's,Pensioner,N/A,Retired,Government/Services,245457.65,20454.8,ICICI Bank,ICIC0002276,730122850313,Salary,Noida,Gautam Buddha Nagar,Uttar Pradesh,201706,Mass Market,19771.31,False,2010-11-03,Daughter
CUST_00000795,Gaurang Dugar,Male,1997-06-05,29,High School,Radio producer,"D’Alia, Bobal and Keer",Self-Employed Professional,Real Estate,566416.82,47201.4,Punjab National Bank,PUNB0002599,588861866578,Savings,Delhi,East Delhi,Delhi,110515,Mass Market,49468.62,False,2021-07-17,Spouse
CUST_00000796,Nicholas Saini,Male,1966-12-09,59,Diploma,"Journalist, magazine",Choudhary LLC,Salaried - Private,Services,388536.48,32378.04,HDFC Bank,HDFC0007208,642572086987,Savings,Mumbai,Mumbai City,Maharashtra,400322,Mass Market,11002.25,True,2013-08-23,Father
CUST_00000797,Kashish Sachar,Female,2001-10-24,24,Master's,Mining engineer,Borah Group,Salaried - Private,Services,336808.33,28067.36,State Bank of India,SBIN0003403,266047221246,Salary,Kanpur,Kanpur Nagar,Uttar Pradesh,208398,Mass Market,13052.96,False,2019-05-12,Son
CUST_00000798,Avi Sarin,Male,1964-02-21,62,Bachelor's,Travel agency manager,Gokhale-Ram,Salaried - Private,Services,230976.21,19248.02,IDFC FIRST Bank,IDFB0008326,324178681125,Salary,Surat,Surat,Gujarat,395683,Mass Market,73973.19,False,2015-12-23,Sibling
CUST_00000799,Veer Hari,Male,1989-06-14,37,Bachelor's,Geophysicist/field seismologist,Nayak and Sons,Self-Employed Business,Manufacturing,253289.36,21107.45,Bank of Baroda,BARB0006640,198742540483,Salary,Nagpur,Nagpur,Maharashtra,440622,Mass Market,29645.34,False,2010-07-07,Son
CUST_00000800,Ayushman Mand,Male,1963-09-14,62,Bachelor's,"Psychologist, occupational",Sahota-Garg,Self-Employed Business,Healthcare,2255626.63,187968.89,Kotak Mahindra Bank,KKBK0002022,100228180081,Savings,Ahmedabad,Ahmedabad,Gujarat,380981,Affluent,87939.68,False,2022-03-01,Mother
CUST_00000801,Januja Merchant,Female,1987-12-24,38,Bachelor's,Veterinary surgeon,Karpe Inc,Salaried - Private,Information Technology,1896200.4,158016.7,Axis Bank,UTIB0008073,751556081712,Savings,Howrah,Howrah,West Bengal,711828,Affluent,84454.31,True,2016-08-02,Son
CUST_00000802,Yash Kalita,Male,1987-05-09,39,High School,"Psychologist, counselling",Atwal-Sangha,Salaried - Private,Government,440224.69,36685.39,Bank of Baroda,BARB0008130,334269501374,Salary,Delhi,East Delhi,Delhi,110242,Mass Market,50434.8,True,2021-10-11,Father
CUST_00000803,Jatin Kota,Male,1973-08-14,52,Master's,TEFL teacher,Dixit PLC,Salaried - Private,Agriculture,8803290.54,733607.54,Bank of Baroda,BARB0006902,558874145645,Current,Delhi,East Delhi,Delhi,110993,HNI,1451840.87,True,2024-05-15,Sibling
CUST_00000804,Sathvik Basu,Male,1958-09-10,67,Bachelor's,"Psychotherapist, dance movement","Thaman, Bandi and Sandal",Salaried - Private,Healthcare,2898758.27,241563.19,ICICI Bank,ICIC0001190,808977750534,Savings,Mumbai,Mumbai City,Maharashtra,400838,HNI,1553764.85,False,2018-07-01,Son
CUST_00000805,Wriddhish Chaudhari,Male,1980-02-14,46,Bachelor's,Financial adviser,Arora Ltd,Self-Employed Business,Automobile,527284.5,43940.38,Bank of Baroda,BARB0003224,250687482084,Salary,Howrah,Howrah,West Bengal,711907,Mass Market,43073.85,False,2021-09-15,Sibling
CUST_00000806,Ikbal Deo,Male,1975-03-27,51,Bachelor's,Field trials officer,"Chana, Babu and Srinivasan",Self-Employed Business,Services,585968.12,48830.68,Bank of Baroda,BARB0003945,660297357380,Savings,Howrah,Howrah,West Bengal,711493,Mass Market,35011.7,True,2020-09-14,Mother
CUST_00000807,Gaurika Sharaf,Female,2001-03-11,25,Diploma,Television production assistant,Sha Group,Self-Employed Business,Education,1230335.74,102527.98,ICICI Bank,ICIC0007959,106891589667,Salary,Kanpur,Kanpur Nagar,Uttar Pradesh,208342,Affluent,83303.06,True,2022-05-07,Sibling
CUST_00000808,Tanmayi Goyal,Female,1997-08-27,28,Bachelor's,Metallurgist,"Shetty, Agarwal and Bobal",Salaried - Private,Agriculture,1288254.0,107354.5,Kotak Mahindra Bank,KKBK0007731,700980018172,Savings,Ahmedabad,Ahmedabad,Gujarat,380138,Affluent,227250.94,True,2016-02-27,Daughter
CUST_00000809,Ojas Wali,Male,1958-04-23,68,Master's,Physiological scientist,Johal-Buch,Salaried - Private,Real Estate,461705.48,38475.46,Punjab National Bank,PUNB0002854,630773212852,Savings,Bengaluru,Bengaluru Urban,Karnataka,560847,Mass Market,21669.08,False,2019-12-05,Sibling
CUST_00000810,Oviya Bhakta,Female,1983-05-11,43,Bachelor's,Medical physicist,Choudhry Group,Salaried - Govt,Agriculture,439603.25,36633.6,Kotak Mahindra Bank,KKBK0008617,188119627343,Savings,Bengaluru,Bengaluru Urban,Karnataka,560583,Mass Market,39194.15,True,2015-11-07,Sibling
CUST_00000811,Anmol Pau,Male,1975-08-26,50,High School,Pensioner,N/A,Retired,Government/Services,376006.93,31333.91,HDFC Bank,HDFC0009834,739082965641,Savings,Hyderabad,Hyderabad,Telangana,500451,Mass Market,5847.81,False,2020-05-15,Daughter
CUST_00000812,Bahadurjit Jayaraman,Male,1963-10-20,62,Bachelor's,"Lecturer, higher education",Zacharia Inc,Salaried - Private,Information Technology,902825.84,75235.49,Canara Bank,CNRB0008438,729080563007,Savings,Surat,Surat,Gujarat,395461,Affluent,125973.9,True,2020-05-20,Mother
CUST_00000813,Henry Kar,Male,1973-04-06,53,Bachelor's,"Geologist, engineering","Sampath, Malhotra and Bhagat",Self-Employed Professional,Manufacturing,1351875.42,112656.28,ICICI Bank,ICIC0001578,922905582835,Savings,Warangal,Warangal,Telangana,506162,Affluent,79234.04,False,2011-01-06,Sibling
CUST_00000814,Orinder Sethi,Male,1981-11-16,44,Bachelor's,Secretary/administrator,Singhal Ltd,Salaried - Private,Real Estate,195762.04,16313.5,IDFC FIRST Bank,IDFB0003770,158294989798,Current,Hyderabad,Hyderabad,Telangana,500393,Mass Market,43553.81,False,2018-07-05,Son
CUST_00000815,Zinal Master,Female,1980-02-05,46,Bachelor's,Mental health nurse,"Bhatti, Guha and Shankar",Salaried - Private,Banking & Finance,7519434.72,626619.56,ICICI Bank,ICIC0009283,408308913697,Savings,Hyderabad,Hyderabad,Telangana,500730,HNI,536288.49,True,2011-05-26,Mother
CUST_00000816,Rohan Gola,Male,1971-08-06,55,Bachelor's,Camera operator,Gala LLC,Salaried - Govt,Manufacturing,248993.59,20749.47,Kotak Mahindra Bank,KKBK0001232,223443498317,Salary,New Delhi,New Delhi,Delhi,110774,Mass Market,38771.52,False,2011-10-17,Son
CUST_00000817,Ethan Taneja,Male,1964-06-06,62,Diploma,Pensioner,N/A,Retired,Government/Services,3991047.84,332587.32,Punjab National Bank,PUNB0003873,960115530498,Salary,Coimbatore,Coimbatore,Tamil Nadu,641285,HNI,482776.93,False,2013-04-08,Daughter
CUST_00000818,Alka Memon,Female,1978-04-03,48,Master's,Special educational needs teacher,Som LLC,Salaried - Govt,Information Technology,191693.24,15974.44,Punjab National Bank,PUNB0002382,263068507814,Savings,Delhi,East Delhi,Delhi,110870,Mass Market,20005.92,False,2016-09-20,Son
CUST_00000819,Advaith Manne,Male,1966-06-08,60,Bachelor's,Advertising copywriter,Venkatesh Ltd,Self-Employed Professional,Government,417280.1,34773.34,Axis Bank,UTIB0008211,803197811592,Savings,New Delhi,New Delhi,Delhi,110691,Mass Market,8434.38,False,2015-05-17,Sibling
CUST_00000820,Pavani Narain,Female,1981-11-15,44,Doctorate,Senior tax professional/tax inspector,"Saxena, Shankar and Modi",Salaried - Private,Retail & E-commerce,318402.77,26533.56,State Bank of India,SBIN0005331,156332766854,Salary,Delhi,East Delhi,Delhi,110508,Mass Market,34164.03,False,2019-01-28,Son
CUST_00000821,Niharika Garg,Female,1997-08-16,28,Diploma,Ergonomist,Prabhu-Mani,Self-Employed Business,Manufacturing,553211.7,46100.97,Canara Bank,CNRB0009724,517615395395,Savings,Howrah,Howrah,West Bengal,711368,Mass Market,26022.39,False,2022-04-25,Father
CUST_00000822,Arunima Divan,Female,1974-12-17,51,High School,"Programmer, applications",Dyal Ltd,Salaried - Private,Agriculture,1312898.06,109408.17,Bank of Baroda,BARB0001194,593050688004,Savings,Howrah,Howrah,West Bengal,711642,Affluent,129662.76,True,2018-07-25,Sibling
CUST_00000823,Hemani Gill,Female,2000-03-23,26,Bachelor's,"Designer, exhibition/display",Khanna Inc,Salaried - Govt,Information Technology,28611101.25,2384258.44,HDFC Bank,HDFC0009704,489284772533,Savings,Howrah,Howrah,West Bengal,711443,Ultra HNI,3339470.11,True,2010-08-29,Mother
CUST_00000824,Nathan Date,Male,1979-07-10,47,Master's,Merchant navy officer,Jha PLC,Self-Employed Professional,Manufacturing,428137.9,35678.16,HDFC Bank,HDFC0005183,742760510095,Current,Howrah,Howrah,West Bengal,711891,Mass Market,54665.79,False,2021-04-24,Sibling
CUST_00000825,Nathan Padmanabhan,Male,1964-04-18,62,Bachelor's,"Production assistant, radio","Gaba, Walla and Mitra",Salaried - Govt,Telecom,228191.62,19015.97,Axis Bank,UTIB0004193,471600365664,Savings,Delhi,East Delhi,Delhi,110660,Mass Market,11208.05,False,2011-12-11,Spouse
CUST_00000826,Advik Ravel,Male,2004-12-28,21,High School,Dance movement psychotherapist,Nagarajan-Dugal,Self-Employed Professional,Automobile,430016.27,35834.69,State Bank of India,SBIN0002113,551022939966,Current,Mangaluru,Dakshina Kannada,Karnataka,575206,Mass Market,41361.15,False,2010-01-26,Sibling
CUST_00000827,Zehaan Narula,Male,1990-03-30,36,Bachelor's,Hotel manager,Mann-Din,Self-Employed Business,Real Estate,27213726.95,2267810.58,Punjab National Bank,PUNB0004594,412352573173,Current,Hyderabad,Hyderabad,Telangana,500134,Ultra HNI,9366871.08,True,2022-10-16,Spouse
CUST_00000828,Timothy Nigam,Male,1992-06-03,34,Bachelor's,Quality manager,Dewan Ltd,Salaried - Private,Services,291395.98,24283.0,HDFC Bank,HDFC0001931,756865879287,Current,Madurai,Madurai,Tamil Nadu,625753,Mass Market,52084.65,False,2018-10-25,Spouse
CUST_00000829,Mitesh Bakshi,Male,1977-06-24,49,Master's,English as a second language teacher,Parikh-Chanda,Salaried - Private,Telecom,209631.03,17469.25,HDFC Bank,HDFC0002415,765103348898,Salary,Delhi,East Delhi,Delhi,110772,Mass Market,70184.41,False,2015-03-22,Sibling
CUST_00000830,Gunbir Vyas,Male,1968-02-26,58,Master's,Health physicist,Bajaj Inc,Salaried - Govt,Services,7826080.4,652173.37,ICICI Bank,ICIC0002816,304851272538,Savings,Warangal,Warangal,Telangana,506578,HNI,2341783.08,True,2018-08-12,Sibling
CUST_00000831,Udant Chahal,Male,2007-04-27,19,High School,"Nurse, mental health",Swaminathan LLC,Salaried - Govt,Banking & Finance,441481.67,36790.14,Canara Bank,CNRB0005528,571455807556,Savings,Surat,Surat,Gujarat,395265,Mass Market,2733.43,False,2019-08-26,Spouse
CUST_00000832,Yashodhara Bhalla,Female,2003-10-26,22,Bachelor's,Media planner,Divan-Sane,Salaried - Private,Manufacturing,1686826.96,140568.91,State Bank of India,SBIN0007271,466741203353,Savings,Pune,Pune,Maharashtra,411932,Affluent,169570.46,True,2015-11-30,Mother
CUST_00000833,Ria Arora,Female,1971-05-27,55,High School,Make,Sehgal-Chahal,Salaried - Private,Healthcare,273147.39,22762.28,Canara Bank,CNRB0002137,323031579876,Savings,Kolkata,Kolkata,West Bengal,700760,Mass Market,58974.39,False,2013-06-14,Son
CUST_00000834,Tristan Sagar,Male,1998-05-16,28,Bachelor's,Homeopath,Samra Ltd,Salaried - Private,Banking & Finance,519202.87,43266.91,ICICI Bank,ICIC0009857,575747975383,Current,Madurai,Madurai,Tamil Nadu,625758,Mass Market,58317.55,False,2024-05-04,Spouse
CUST_00000835,Ekiya Chadha,Female,1964-01-28,62,High School,Immunologist,Vohra-Nayak,Self-Employed Professional,Real Estate,2038347.86,169862.32,Kotak Mahindra Bank,KKBK0002692,177459137736,Savings,Mangaluru,Dakshina Kannada,Karnataka,575845,Affluent,253391.61,False,2011-01-22,Mother
CUST_00000836,Riya Chakrabarti,Female,1956-12-14,69,Doctorate,Government social research officer,Gill-Shere,Salaried - Private,Real Estate,268955.22,22412.93,State Bank of India,SBIN0009154,817898862664,Savings,Mumbai,Mumbai City,Maharashtra,400780,Mass Market,59855.4,False,2021-05-12,Son
CUST_00000837,Ekapad Iyengar,Male,1966-04-11,60,Doctorate,Museum/gallery curator,Swaminathan-Basak,Salaried - Private,Manufacturing,1257660.31,104805.03,ICICI Bank,ICIC0006403,533382032379,Savings,Nagpur,Nagpur,Maharashtra,440824,Affluent,386646.18,False,2023-03-01,Son
CUST_00000838,Nidhi Modi,Female,1982-04-15,44,High School,"Psychologist, educational",Bala Inc,Salaried - Private,Real Estate,461112.47,38426.04,Bank of Baroda,BARB0007617,902489080567,Savings,Mangaluru,Dakshina Kannada,Karnataka,575331,Mass Market,66843.87,False,2012-06-18,Spouse
CUST_00000839,Mason Sodhi,Male,1963-01-23,63,Master's,Pensioner,N/A,Retired,Government/Services,387826.9,32318.91,Bank of Baroda,BARB0008898,723290823647,Savings,Surat,Surat,Gujarat,395798,Mass Market,8286.48,False,2020-08-26,Mother
CUST_00000840,Maanas Sahni,Male,1965-12-06,60,Bachelor's,Financial risk analyst,Dar LLC,Salaried - Private,Government,425974.82,35497.9,State Bank of India,SBIN0002485,685684741586,Salary,Ahmedabad,Ahmedabad,Gujarat,380961,Mass Market,2620.18,False,2017-11-20,Son
CUST_00000841,Bahadurjit Pathak,Male,1986-10-21,39,High School,Systems developer,Kuruvilla-Soni,Self-Employed Professional,Manufacturing,4225152.13,352096.01,Axis Bank,UTIB0003893,145331126997,Savings,Kolkata,Kolkata,West Bengal,700406,HNI,1079401.69,False,2025-08-02,Sibling
CUST_00000842,Darpan Prakash,Male,1983-03-30,43,Bachelor's,Teaching laboratory technician,Lad and Sons,Self-Employed Professional,Government,342314.28,28526.19,HDFC Bank,HDFC0006886,192283830046,Savings,Kanpur,Kanpur Nagar,Uttar Pradesh,208294,Mass Market,32678.22,True,2019-04-22,Father
CUST_00000843,Elijah Nagarajan,Male,1980-07-26,46,Master's,Control and instrumentation engineer,Gade-Bera,Salaried - Private,Information Technology,2256068.7,188005.73,Axis Bank,UTIB0001415,364539686277,Savings,Lucknow,Lucknow,Uttar Pradesh,226164,Affluent,158273.44,False,2014-05-13,Daughter
CUST_00000844,Ubika Parekh,Female,1959-02-21,67,Master's,"Horticulturist, amenity","Bose, Varkey and Hari",Self-Employed Professional,Automobile,461044.75,38420.4,Kotak Mahindra Bank,KKBK0009186,992641307977,Savings,Noida,Gautam Buddha Nagar,Uttar Pradesh,201137,Mass Market,31952.17,True,2022-04-06,Mother
CUST_00000845,Gavin Chandra,Male,1987-09-22,38,Bachelor's,Diplomatic Services operational officer,"Naidu, Mutti and Mitra",Salaried - Private,Information Technology,341288.01,28440.67,Punjab National Bank,PUNB0001701,230590661856,Salary,Madurai,Madurai,Tamil Nadu,625783,Mass Market,64371.16,True,2014-05-06,Daughter
CUST_00000846,Pratyush Char,Male,1984-05-19,42,Diploma,Pensioner,N/A,Retired,Government/Services,404061.69,33671.81,Canara Bank,CNRB0009791,912388569901,Savings,Chennai,Chennai,Tamil Nadu,600137,Mass Market,45536.73,False,2015-08-17,Sibling
CUST_00000847,Ekbal Arya,Male,1963-09-23,62,High School,Herbalist,Sundaram-Sabharwal,Salaried - Private,Healthcare,573359.49,47779.96,Canara Bank,CNRB0001312,782547694670,Salary,Mumbai,Mumbai City,Maharashtra,400818,Mass Market,24509.7,False,2015-06-12,Sibling
CUST_00000848,Finn Chaudry,Male,1967-12-07,58,High School,Retail manager,Guha PLC,Salaried - Private,Healthcare,959405.53,79950.46,State Bank of India,SBIN0003822,154256867821,Savings,Hyderabad,Hyderabad,Telangana,500567,Affluent,198508.37,False,2019-10-25,Daughter
CUST_00000849,Dakshesh Sahni,Male,1980-07-16,46,Bachelor's,Camera operator,Deep Inc,Salaried - Private,Healthcare,523711.47,43642.62,IDFC FIRST Bank,IDFB0002047,225010740609,Salary,Kanpur,Kanpur Nagar,Uttar Pradesh,208918,Mass Market,14532.51,False,2017-09-02,Daughter
CUST_00000850,Nachiket Patil,Male,1963-11-01,62,Bachelor's,Private music teacher,"Virk, Oommen and Gera",Salaried - Private,Education,459621.4,38301.78,HDFC Bank,HDFC0004320,471197751766,Savings,Howrah,Howrah,West Bengal,711223,Mass Market,40301.08,True,2021-05-10,Sibling
CUST_00000851,Amrita Dani,Female,1968-03-01,58,Bachelor's,Curator,"Karan, Mohanty and Dass",Salaried - Private,Services,497669.54,41472.46,IndusInd Bank,INDB0003250,976021683336,Savings,Chennai,Chennai,Tamil Nadu,600707,Mass Market,59971.82,False,2013-05-11,Father
CUST_00000852,Balveer Sandal,Male,1992-07-04,34,Bachelor's,Clinical research associate,Bahl Group,Self-Employed Business,Retail & E-commerce,1834282.98,152856.92,HDFC Bank,HDFC0002978,255795185687,Savings,Kolkata,Kolkata,West Bengal,700813,Affluent,393592.22,False,2022-02-12,Mother
CUST_00000853,Ansh Hegde,Male,1962-03-19,64,High School,Scientific laboratory technician,"Bhargava, Singh and Dani",Salaried - Private,Agriculture,285500.64,23791.72,ICICI Bank,ICIC0008187,145449282964,Savings,New Delhi,New Delhi,Delhi,110910,Mass Market,25401.43,False,2024-07-14,Sibling
CUST_00000854,Anthony Bhatti,Male,1972-04-14,54,Bachelor's,Administrator,Dasgupta PLC,Salaried - Private,Services,493509.89,41125.82,Bank of Baroda,BARB0003584,187990855311,Salary,Mumbai,Mumbai City,Maharashtra,400283,Mass Market,67226.23,True,2013-04-15,Spouse
CUST_00000855,Irya Goyal,Female,1991-06-17,35,High School,Air cabin crew,Dhingra Ltd,Salaried - Private,Telecom,519234.99,43269.58,IDFC FIRST Bank,IDFB0005648,861996872304,Savings,Kanpur,Kanpur Nagar,Uttar Pradesh,208229,Mass Market,19983.42,True,2025-01-25,Father
CUST_00000856,Priya Pandey,Female,1964-12-14,61,Bachelor's,"Restaurant manager, fast food","Khurana, Tiwari and Bir",Salaried - Private,Healthcare,401583.44,33465.29,Kotak Mahindra Bank,KKBK0009570,552906101520,Savings,Chennai,Chennai,Tamil Nadu,600725,Mass Market,49846.83,False,2011-08-03,Sibling
CUST_00000857,Abhimanyu Wadhwa,Male,1967-11-20,58,Bachelor's,"Engineer, agricultural",Garg-Yogi,Salaried - Private,Information Technology,327718.12,27309.84,IDFC FIRST Bank,IDFB0003949,648541191787,Savings,Mangaluru,Dakshina Kannada,Karnataka,575946,Mass Market,41674.36,False,2010-01-26,Mother
CUST_00000858,Chandran Kala,Male,2004-06-10,22,Bachelor's,Public relations officer,Goyal-Sarraf,Self-Employed Business,Retail & E-commerce,491170.95,40930.91,Bank of Baroda,BARB0001074,360093385701,Savings,Chennai,Chennai,Tamil Nadu,600642,Mass Market,50315.8,False,2020-10-10,Spouse
CUST_00000859,Chatresh Golla,Male,1999-12-27,26,Bachelor's,Museum education officer,Kala-Varkey,Self-Employed Professional,Services,307162.4,25596.87,Punjab National Bank,PUNB0009842,342698039524,Salary,Kanpur,Kanpur Nagar,Uttar Pradesh,208775,Mass Market,35532.26,False,2013-08-22,Father
CUST_00000860,Daksh Murthy,Male,1963-01-12,63,Bachelor's,Clinical molecular geneticist,"Deshpande, Tandon and Patel",Self-Employed Business,Manufacturing,277473.0,23122.75,State Bank of India,SBIN0004173,972362314210,Salary,Delhi,East Delhi,Delhi,110609,Mass Market,53749.7,False,2021-04-10,Father
CUST_00000861,Anusha Butala,Female,1973-08-29,52,Bachelor's,Commercial art gallery manager,Mander-Shan,Salaried - Private,Healthcare,276908.53,23075.71,State Bank of India,SBIN0001885,502201614722,Salary,Hyderabad,Hyderabad,Telangana,500545,Mass Market,23257.34,False,2019-08-10,Mother
CUST_00000862,Nachiket Sawhney,Male,1968-05-06,58,Master's,Orthoptist,Sangha-Gulati,Salaried - Private,Retail & E-commerce,217653.94,18137.83,IDFC FIRST Bank,IDFB0008424,211855196868,Savings,Nagpur,Nagpur,Maharashtra,440280,Mass Market,26627.21,False,2023-09-16,Father
CUST_00000863,Vyanjana Pillai,Female,1965-12-04,60,Master's,Regulatory affairs officer,"Cheema, Randhawa and Sarma",Salaried - Private,Information Technology,572051.14,47670.93,Canara Bank,CNRB0009436,177807907073,Savings,Madurai,Madurai,Tamil Nadu,625555,Mass Market,27155.55,False,2018-05-12,Daughter
CUST_00000864,Chaman Dar,Female,1964-01-22,62,High School,Oncologist,"Chaudry, Ganguly and Bhattacharyya",Salaried - Private,Services,3700253.35,308354.45,Punjab National Bank,PUNB0007865,921192384279,Savings,Ahmedabad,Ahmedabad,Gujarat,380897,HNI,637811.25,False,2015-10-27,Spouse
CUST_00000865,Hardik Nigam,Male,1967-01-06,59,Doctorate,Operations geologist,Kaul Group,Self-Employed Professional,Retail & E-commerce,596989.5,49749.12,Axis Bank,UTIB0002606,908472267258,Savings,Kolkata,Kolkata,West Bengal,700484,Mass Market,31776.28,False,2021-08-08,Father
CUST_00000866,Liam Mahajan,Male,1995-11-29,30,High School,Office manager,Soni-Ravel,Salaried - Private,Banking & Finance,531482.64,44290.22,Canara Bank,CNRB0008936,260785816144,Current,Madurai,Madurai,Tamil Nadu,625565,Mass Market,43779.01,True,2025-10-19,Father
CUST_00000867,Liam Din,Male,1996-07-08,30,High School,Clinical cytogeneticist,Krishna Group,Salaried - Private,Government,512992.82,42749.4,Punjab National Bank,PUNB0003234,892239961619,Current,Madurai,Madurai,Tamil Nadu,625467,Mass Market,68120.25,True,2017-12-15,Mother
CUST_00000868,Ekani Balan,Female,1961-10-14,64,Diploma,Astronomer,Tara Ltd,Salaried - Private,Education,1744990.14,145415.85,Punjab National Bank,PUNB0003084,860347056632,Savings,Pune,Pune,Maharashtra,411239,Affluent,115892.36,True,2010-06-06,Spouse
CUST_00000869,Hemal Raja,Female,1988-01-11,38,Bachelor's,Unemployed,N/A,Unemployed,None,329106.41,27425.53,Canara Bank,CNRB0008513,286479851398,Savings,Ahmedabad,Ahmedabad,Gujarat,380402,Mass Market,37178.71,True,2015-03-26,Daughter
CUST_00000870,Nidra Char,Female,1996-02-11,30,Master's,Pensioner,N/A,Retired,Government/Services,2131044.36,177587.03,ICICI Bank,ICIC0003784,195475844372,Salary,Howrah,Howrah,West Bengal,711982,Affluent,270218.12,True,2020-07-29,Father
CUST_00000871,Yatin Shukla,Male,1967-02-07,59,Diploma,Research scientist (medical),Thaman-Lal,Salaried - Private,Services,583876.81,48656.4,Canara Bank,CNRB0008581,114083931681,Savings,Kolkata,Kolkata,West Bengal,700353,Mass Market,24837.66,False,2018-09-05,Mother
CUST_00000872,Aditya Balay,Male,2008-02-03,18,High School,Commissioning editor,Sengupta-Murty,Salaried - Private,Government,361965.39,30163.78,IDFC FIRST Bank,IDFB0004643,555288341409,Salary,Mumbai,Mumbai City,Maharashtra,400581,Mass Market,60377.51,True,2023-08-24,Sibling
CUST_00000873,Timothy Sharaf,Male,1958-06-24,68,Diploma,"Editor, film/video","Mitter, Gala and Swamy",Self-Employed Professional,Agriculture,185385.09,15448.76,State Bank of India,SBIN0007974,531777880058,Savings,Kanpur,Kanpur Nagar,Uttar Pradesh,208941,Mass Market,60074.74,False,2016-11-21,Spouse
CUST_00000874,Nachiket Ramachandran,Male,1981-12-09,44,Diploma,Pensioner,N/A,Retired,Government/Services,1877613.09,156467.76,Canara Bank,CNRB0009114,191227302226,Savings,Nagpur,Nagpur,Maharashtra,440849,Affluent,242890.09,False,2011-10-02,Son
CUST_00000875,Xalak Zacharia,Female,1986-05-06,40,Diploma,Publishing copy,"Dugar, Toor and Bhalla",Self-Employed Business,Education,269685.74,22473.81,ICICI Bank,ICIC0006872,363263415266,Savings,Bengaluru,Bengaluru Urban,Karnataka,560591,Mass Market,51354.79,False,2016-04-05,Sibling
CUST_00000876,Yachana Purohit,Female,1988-09-01,37,High School,Manufacturing engineer,Nagi-Bhat,Salaried - Govt,Manufacturing,9271263.82,772605.32,ICICI Bank,ICIC0008524,730749972638,Savings,Pune,Pune,Maharashtra,411574,HNI,728711.35,False,2010-06-14,Father
CUST_00000877,Arin Dave,Male,2000-02-07,26,Master's,Magazine journalist,"Bala, Om and Rai",Self-Employed Business,Telecom,230885.29,19240.44,Bank of Baroda,BARB0004030,788785711118,Current,Kanpur,Kanpur Nagar,Uttar Pradesh,208748,Mass Market,8234.82,False,2011-07-23,Spouse
CUST_00000878,Orinder Parikh,Male,1978-01-06,48,Bachelor's,Banker,"Konda, Kota and Keer",Salaried - Private,Automobile,210128.84,17510.74,HDFC Bank,HDFC0007305,859751515785,Current,Vadodara,Vadodara,Gujarat,390133,Mass Market,18553.38,False,2020-05-14,Mother
CUST_00000879,Chaman Bhatti,Female,2001-10-06,24,Bachelor's,Colour technologist,Gara-Bahri,Salaried - Private,Government,443742.67,36978.56,Kotak Mahindra Bank,KKBK0009887,974348952399,Current,Madurai,Madurai,Tamil Nadu,625182,Mass Market,22088.89,False,2018-08-12,Daughter
CUST_00000880,Anirudh Sharma,Male,1990-10-16,35,Master's,Pensioner,N/A,Retired,Government/Services,403591.3,33632.61,Punjab National Bank,PUNB0001898,842642812822,Savings,Ahmedabad,Ahmedabad,Gujarat,380213,Mass Market,24145.59,True,2016-10-04,Son
CUST_00000881,Shivansh Loke,Male,1957-09-02,68,Master's,"Psychotherapist, child","Bains, Nadig and Purohit",Salaried - Govt,Retail & E-commerce,440400.56,36700.05,Canara Bank,CNRB0001669,501002074637,Salary,New Delhi,New Delhi,Delhi,110674,Mass Market,26836.28,True,2019-02-15,Sibling
CUST_00000882,Neel Chaudhari,Male,1998-08-13,27,High School,Chiropodist,"Jha, Nayar and Taneja",Self-Employed Professional,Education,502238.03,41853.17,ICICI Bank,ICIC0006487,693730406521,Savings,Mangaluru,Dakshina Kannada,Karnataka,575589,Mass Market,17029.77,False,2018-01-16,Sibling
CUST_00000883,Pallavi Ganesan,Female,1988-07-23,38,Master's,Medical physicist,Jaggi-Taneja,Salaried - Private,Services,242747.74,20228.98,Axis Bank,UTIB0004693,487923438251,Savings,Warangal,Warangal,Telangana,506383,Mass Market,39228.91,False,2020-03-01,Spouse
CUST_00000884,Bishakha Wason,Female,1967-09-26,58,Master's,Geochemist,Mishra PLC,Salaried - Private,Banking & Finance,556419.22,46368.27,Punjab National Bank,PUNB0006656,634519033662,Savings,Mysuru,Mysuru,Karnataka,570826,Mass Market,60889.67,True,2016-06-07,Daughter
CUST_00000885,Isaiah Chanda,Male,1993-11-27,32,Diploma,Technical sales engineer,Nayar LLC,Salaried - Private,Automobile,450215.28,37517.94,IndusInd Bank,INDB0005788,780546065139,Savings,Vadodara,Vadodara,Gujarat,390809,Mass Market,21163.25,True,2011-01-29,Spouse
CUST_00000886,Zilmil Soman,Female,1978-10-21,47,Master's,"Loss adjuster, chartered",Mittal PLC,Salaried - Private,Education,590698.55,49224.88,Canara Bank,CNRB0002430,529841058861,Savings,Delhi,East Delhi,Delhi,110178,Mass Market,16641.22,True,2022-11-12,Spouse
CUST_00000887,Tarak Zacharia,Male,1972-11-22,53,Bachelor's,Patent examiner,Krishnamurthy-Varma,Self-Employed Business,Healthcare,353017.55,29418.13,Kotak Mahindra Bank,KKBK0002835,261907734844,Savings,Noida,Gautam Buddha Nagar,Uttar Pradesh,201995,Mass Market,70211.99,True,2017-04-02,Father
CUST_00000888,Gautam Bahl,Male,1989-03-27,37,Bachelor's,"Scientist, clinical (histocompatibility and immunogenetics)",Tata and Sons,Salaried - Private,Agriculture,452644.67,37720.39,State Bank of India,SBIN0005803,695636387027,Savings,Delhi,East Delhi,Delhi,110455,Mass Market,52959.15,True,2020-07-28,Son
CUST_00000889,Vivaan Loyal,Male,2005-04-23,21,Bachelor's,Site engineer,"Saraf, Bhasin and Vig",Salaried - Private,Real Estate,6011298.58,500941.55,State Bank of India,SBIN0005776,169531486092,Salary,Mumbai,Mumbai City,Maharashtra,400954,HNI,1066244.27,False,2013-03-18,Daughter
CUST_00000890,Vihaan Divan,Male,1969-02-06,57,Master's,Hydrologist,Roy-Nagar,Self-Employed Business,Automobile,199725.06,16643.76,Punjab National Bank,PUNB0007745,476147672122,Salary,Surat,Surat,Gujarat,395707,Mass Market,43341.57,False,2023-10-06,Sibling
CUST_00000891,Azad Jani,Male,2000-07-27,26,Diploma,"Geologist, engineering",Dyal-Kunda,Self-Employed Business,Telecom,496145.4,41345.45,IndusInd Bank,INDB0009986,604423534902,Savings,Hyderabad,Hyderabad,Telangana,500908,Mass Market,36585.45,True,2020-12-27,Mother
CUST_00000892,Kamya Ravi,Female,1969-01-01,57,Bachelor's,Dealer,Bala and Sons,Salaried - Govt,Healthcare,475104.42,39592.03,Kotak Mahindra Bank,KKBK0004715,510101701463,Savings,Hyderabad,Hyderabad,Telangana,500251,Mass Market,71786.54,True,2022-10-02,Mother
CUST_00000893,Nilima Shetty,Female,1981-10-31,44,Bachelor's,Press photographer,Bansal-Jaggi,Salaried - Private,Manufacturing,533872.89,44489.41,Canara Bank,CNRB0003725,882374635153,Salary,Hyderabad,Hyderabad,Telangana,500279,Mass Market,28439.26,False,2012-07-20,Sibling
CUST_00000894,Ekansh Balakrishnan,Male,1970-01-14,56,Bachelor's,Health physicist,"Goda, Basak and Sunder",Salaried - Private,Telecom,409578.27,34131.52,ICICI Bank,ICIC0003641,225575847198,Salary,Pune,Pune,Maharashtra,411688,Mass Market,33831.43,False,2022-07-07,Father
CUST_00000895,Baghyawati Chacko,Female,1972-12-02,53,High School,Hydrogeologist,Ray LLC,Salaried - Private,Real Estate,572625.26,47718.77,Kotak Mahindra Bank,KKBK0007056,324130706200,Salary,Nagpur,Nagpur,Maharashtra,440424,Mass Market,62951.84,True,2020-09-29,Mother
CUST_00000896,Chakradev Ranganathan,Male,2005-08-15,20,Bachelor's,Counselling psychologist,Choudhury PLC,Salaried - Private,Healthcare,577699.22,48141.6,Punjab National Bank,PUNB0008347,684813903664,Savings,Hyderabad,Hyderabad,Telangana,500125,Mass Market,19572.02,True,2021-10-01,Son
CUST_00000897,Dipta Vig,Female,1991-02-15,35,Bachelor's,Telecommunications researcher,"Krishnamurthy, Taneja and Chana",Self-Employed Professional,Real Estate,5026713.28,418892.77,ICICI Bank,ICIC0008504,451877270125,Savings,New Delhi,New Delhi,Delhi,110856,HNI,1705165.35,True,2013-10-23,Daughter
CUST_00000898,Divya Munshi,Female,1973-09-20,52,Bachelor's,Television/film/video producer,"Ramakrishnan, Keer and Sampath",Salaried - Private,Agriculture,404092.86,33674.4,Punjab National Bank,PUNB0005842,932983178144,Savings,Delhi,East Delhi,Delhi,110446,Mass Market,2017.59,True,2013-06-27,Sibling
CUST_00000899,Chatresh Gill,Male,1967-09-26,58,Master's,Haematologist,Rege-Kumar,Salaried - Private,Banking & Finance,391790.65,32649.22,Canara Bank,CNRB0001656,843628160701,Savings,Mysuru,Mysuru,Karnataka,570125,Mass Market,65192.09,True,2023-10-21,Son
CUST_00000900,Ayaan Swaminathan,Male,1984-05-01,42,Bachelor's,"Clinical scientist, histocompatibility and immunogenetics",Sampath-Soman,Salaried - Govt,Services,2327265.87,193938.82,Axis Bank,UTIB0008306,200319241418,Savings,Ahmedabad,Ahmedabad,Gujarat,380722,Affluent,367064.99,False,2020-12-03,Sibling
CUST_00000901,Liam Dhillon,Male,1975-06-22,51,Doctorate,Mental health nurse,Bail-Banerjee,Salaried - Private,Education,460017.72,38334.81,IDFC FIRST Bank,IDFB0009625,959947559790,Savings,Hyderabad,Hyderabad,Telangana,500123,Mass Market,22753.05,False,2023-06-18,Spouse
CUST_00000902,Avi Khatri,Male,1969-10-03,56,Master's,Music tutor,Patil-Dara,Salaried - Private,Agriculture,405830.69,33819.22,Canara Bank,CNRB0002431,666831914534,Salary,Kolkata,Kolkata,West Bengal,700602,Mass Market,50444.6,True,2018-07-23,Mother
CUST_00000903,Jagat Savant,Male,1976-10-18,49,High School,Pensioner,N/A,Retired,Government/Services,486399.0,40533.25,IDFC FIRST Bank,IDFB0009381,164181423607,Savings,Surat,Surat,Gujarat,395251,Mass Market,3484.9,False,2024-07-21,Sibling
CUST_00000904,Shravya Kumer,Female,1972-03-30,54,Bachelor's,Pensioner,N/A,Retired,Government/Services,385988.62,32165.72,Bank of Baroda,BARB0007056,509680234192,Salary,Pune,Pune,Maharashtra,411453,Mass Market,10741.52,True,2024-12-23,Mother
CUST_00000905,Kamya Mishra,Female,1967-07-17,59,Master's,Pensioner,N/A,Retired,Government/Services,464379.39,38698.28,Kotak Mahindra Bank,KKBK0008300,717935420693,Savings,Bengaluru,Bengaluru Urban,Karnataka,560845,Mass Market,58831.66,False,2024-03-29,Son
CUST_00000906,Theodore Nadig,Male,2002-04-24,24,Bachelor's,Optometrist,Mahal Inc,Salaried - Private,Telecom,333319.98,27776.66,Bank of Baroda,BARB0008249,277333332808,Savings,Howrah,Howrah,West Bengal,711242,Mass Market,33567.91,True,2023-03-03,Daughter
CUST_00000907,Yatan Sinha,Male,1994-11-27,31,High School,Learning mentor,"Sami, Chaudhry and Dyal",Salaried - Govt,Services,413817.89,34484.82,HDFC Bank,HDFC0003353,431604906378,Savings,Kanpur,Kanpur Nagar,Uttar Pradesh,208443,Mass Market,55895.57,False,2021-03-05,Spouse
CUST_00000908,Zehaan Bhatti,Male,1974-11-23,51,Bachelor's,Town planner,"Narain, Setty and Bala",Salaried - Govt,Services,454677.57,37889.8,Bank of Baroda,BARB0002449,546705026598,Savings,Warangal,Warangal,Telangana,506279,Mass Market,47156.72,True,2022-03-11,Daughter
CUST_00000909,George Sawhney,Male,1997-09-18,28,Master's,Copy,Rattan and Sons,Self-Employed Professional,Real Estate,329823.73,27485.31,IDFC FIRST Bank,IDFB0003243,302719267634,Salary,Howrah,Howrah,West Bengal,711667,Mass Market,45251.26,True,2020-01-20,Son
CUST_00000910,Naksh Butala,Male,1962-05-15,64,Master's,Fisheries officer,"De, Roy and Nagarajan",Salaried - Private,Information Technology,582790.15,48565.85,Kotak Mahindra Bank,KKBK0005979,716302468744,Savings,Noida,Gautam Buddha Nagar,Uttar Pradesh,201127,Mass Market,46778.33,True,2017-03-23,Spouse
CUST_00000911,Ekalinga Lad,Male,1965-08-16,60,Diploma,"Therapist, horticultural",Manda-Issac,Self-Employed Business,Healthcare,482540.02,40211.67,Kotak Mahindra Bank,KKBK0005917,804185772212,Savings,Noida,Gautam Buddha Nagar,Uttar Pradesh,201769,Mass Market,69034.81,True,2011-05-09,Sibling
CUST_00000912,Qarin Gopal,Male,1977-01-21,49,Master's,Multimedia programmer,"Kapur, Bail and Bajaj",Self-Employed Business,Manufacturing,470880.58,39240.05,Bank of Baroda,BARB0003938,811623867832,Current,Chennai,Chennai,Tamil Nadu,600222,Mass Market,43748.52,True,2024-10-07,Mother
CUST_00000913,Ishwar Chakraborty,Male,2007-03-25,19,Master's,"Engineer, civil (contracting)",Ganguly-Bawa,Salaried - Private,Real Estate,209593.48,17466.12,HDFC Bank,HDFC0006927,630776635872,Savings,Howrah,Howrah,West Bengal,711743,Mass Market,22304.49,False,2016-06-01,Sibling
CUST_00000914,Upadhriti Lad,Female,1964-05-13,62,Diploma,Mental health nurse,Dalal Inc,Salaried - Private,Real Estate,248117.02,20676.42,HDFC Bank,HDFC0007114,905360166180,Salary,Pune,Pune,Maharashtra,411266,Mass Market,37510.29,False,2021-06-30,Daughter
CUST_00000915,Urishilla Setty,Female,1999-08-07,26,Bachelor's,"Research officer, trade union",Kapur Ltd,Self-Employed Professional,Information Technology,577226.13,48102.18,ICICI Bank,ICIC0006237,249006516077,Salary,Ahmedabad,Ahmedabad,Gujarat,380154,Mass Market,11677.91,True,2013-04-01,Mother
CUST_00000916,Lila Mani,Female,1995-05-26,31,Bachelor's,Museum/gallery exhibitions officer,Sankar and Sons,Self-Employed Professional,Retail & E-commerce,366076.79,30506.4,Bank of Baroda,BARB0006832,418036808827,Salary,Hyderabad,Hyderabad,Telangana,500626,Mass Market,47100.36,True,2019-08-08,Father
CUST_00000917,Megha Gulati,Female,1978-05-07,48,Master's,Osteopath,Balakrishnan LLC,Salaried - Private,Automobile,1532983.06,127748.59,ICICI Bank,ICIC0002548,927205386114,Savings,Delhi,East Delhi,Delhi,110993,Affluent,234722.59,False,2025-08-13,Mother
CUST_00000918,Kamya Seshadri,Female,2003-10-05,22,Bachelor's,Merchant navy officer,"Shanker, Chada and Anne",Salaried - Govt,Automobile,478671.16,39889.26,Kotak Mahindra Bank,KKBK0005447,867448137034,Salary,Ahmedabad,Ahmedabad,Gujarat,380647,Mass Market,5793.53,False,2017-07-02,Daughter
CUST_00000919,Neel Rao,Male,1992-04-20,34,Diploma,Music therapist,"Sampath, Kunda and Bora",Salaried - Private,Retail & E-commerce,1281025.65,106752.14,ICICI Bank,ICIC0001211,667523876457,Savings,Warangal,Warangal,Telangana,506897,Affluent,349890.3,False,2011-07-11,Son
CUST_00000920,Bhanumati Ben,Other,1973-11-27,52,Bachelor's,Farm manager,Pandya-Bath,Salaried - Private,Government,278122.4,23176.87,Punjab National Bank,PUNB0003671,336663082638,Salary,New Delhi,New Delhi,Delhi,110951,Mass Market,31897.95,False,2010-02-01,Father
CUST_00000921,Yashawini Raj,Female,1972-04-30,54,Diploma,Pensioner,N/A,Retired,Government/Services,339568.2,28297.35,IndusInd Bank,INDB0009612,687749394173,Savings,Mysuru,Mysuru,Karnataka,570571,Mass Market,38641.3,False,2016-04-25,Spouse
CUST_00000922,Qasim Deo,Male,2006-11-30,19,Bachelor's,"Surveyor, land/geomatics",Gola LLC,Salaried - Private,Banking & Finance,1575168.58,131264.05,ICICI Bank,ICIC0001284,484311604473,Salary,Warangal,Warangal,Telangana,506242,Affluent,102431.94,False,2012-09-19,Son
CUST_00000923,Xiti Nori,Female,2002-03-25,24,Bachelor's,Consulting civil engineer,Nadig Ltd,Salaried - Private,Services,227295.88,18941.32,IndusInd Bank,INDB0006604,878128704685,Savings,Hyderabad,Hyderabad,Telangana,500862,Mass Market,70181.08,False,2018-06-27,Spouse
CUST_00000924,Ekavir Lad,Male,1962-09-06,63,Bachelor's,Armed forces operational officer,Tata LLC,Salaried - Private,Education,1421370.28,118447.52,ICICI Bank,ICIC0003332,352063243203,Savings,Hyderabad,Hyderabad,Telangana,500314,Affluent,118307.3,False,2021-12-18,Father
CUST_00000925,Tanveer Mandal,Male,2003-07-11,23,Bachelor's,General practice doctor,"Lalla, Varughese and Munshi",Salaried - Govt,Banking & Finance,2287868.31,190655.69,Bank of Baroda,BARB0002830,117513739773,Current,Lucknow,Lucknow,Uttar Pradesh,226143,Affluent,414901.82,True,2016-12-21,Father
CUST_00000926,Fitan Mutti,Male,1994-11-25,31,Diploma,Regulatory affairs officer,Sarraf Inc,Self-Employed Business,Banking & Finance,8930869.63,744239.14,State Bank of India,SBIN0009412,166972181707,Current,Noida,Gautam Buddha Nagar,Uttar Pradesh,201359,HNI,631037.21,True,2013-01-08,Spouse
CUST_00000927,Avi Karpe,Male,1966-02-15,60,Bachelor's,"Psychotherapist, dance movement",Gade-Sibal,Salaried - Private,Banking & Finance,322192.69,26849.39,Kotak Mahindra Bank,KKBK0001168,206319983860,Savings,Mangaluru,Dakshina Kannada,Karnataka,575310,Mass Market,36560.75,False,2016-12-25,Daughter
CUST_00000928,Yug Baria,Male,1979-07-22,47,Bachelor's,"Surveyor, mining",Shankar-Tailor,Self-Employed Business,Education,3310175.74,275847.98,ICICI Bank,ICIC0006759,198909914760,Savings,Delhi,East Delhi,Delhi,110693,HNI,1517059.25,True,2011-10-20,Mother
CUST_00000929,Ethan Dasgupta,Male,1974-10-11,51,Master's,"Engineer, electronics",Gole-Ganguly,Salaried - Private,Retail & E-commerce,2136112.32,178009.36,ICICI Bank,ICIC0009202,902217436696,Savings,Madurai,Madurai,Tamil Nadu,625683,Affluent,415736.18,False,2021-12-30,Spouse
CUST_00000930,Laban Kala,Male,1986-12-07,39,Bachelor's,"Accountant, chartered management","Gole, Saha and Bose",Salaried - Private,Banking & Finance,482556.75,40213.06,IDFC FIRST Bank,IDFB0001229,338494546394,Savings,Coimbatore,Coimbatore,Tamil Nadu,641275,Mass Market,34447.04,True,2013-12-09,Daughter
CUST_00000931,Zaid Chandra,Male,2002-09-21,23,High School,Agricultural engineer,Dara-Ramesh,Self-Employed Business,Information Technology,260425.64,21702.14,HDFC Bank,HDFC0004506,658004200547,Savings,Lucknow,Lucknow,Uttar Pradesh,226814,Mass Market,30195.26,False,2015-12-23,Daughter
CUST_00000932,Chatresh Naik,Male,1964-08-07,62,Diploma,Pensioner,N/A,Retired,Government/Services,189841.84,15820.15,ICICI Bank,ICIC0008203,298029450859,Salary,Surat,Surat,Gujarat,395534,Mass Market,33402.84,False,2011-04-19,Father
CUST_00000933,Wriddhish Setty,Male,1989-04-06,37,High School,Geophysical data processor,"Ahluwalia, Narayan and Bassi",Self-Employed Professional,Agriculture,419531.25,34960.94,Axis Bank,UTIB0007677,933708323053,Savings,Ahmedabad,Ahmedabad,Gujarat,380577,Mass Market,5911.09,False,2020-07-01,Spouse
CUST_00000934,Upkaar Nair,Male,2005-11-04,20,Bachelor's,"Teacher, adult education",Kakar Inc,Salaried - Govt,Agriculture,578338.57,48194.88,ICICI Bank,ICIC0009123,498410931765,Salary,Hyderabad,Hyderabad,Telangana,500184,Mass Market,63499.88,True,2022-10-28,Mother
CUST_00000935,Lohit Naidu,Male,1998-01-31,28,Bachelor's,Building services engineer,"Raj, Chanda and Rastogi",Salaried - Private,Real Estate,3604753.78,300396.15,HDFC Bank,HDFC0007304,599434308222,Savings,Warangal,Warangal,Telangana,506331,HNI,1423682.45,False,2014-01-30,Daughter
CUST_00000936,Jagdish Rastogi,Male,1961-03-30,65,Bachelor's,"Engineer, manufacturing",Rama Group,Salaried - Private,Government,673054.28,56087.86,Kotak Mahindra Bank,KKBK0008011,984080613444,Salary,Kanpur,Kanpur Nagar,Uttar Pradesh,208476,Affluent,415491.0,True,2014-07-23,Father
CUST_00000937,Ganga Dara,Female,1972-02-15,54,High School,Pensioner,N/A,Retired,Government/Services,307378.03,25614.84,State Bank of India,SBIN0009055,214555777799,Savings,Howrah,Howrah,West Bengal,711635,Mass Market,28468.57,False,2022-10-25,Sibling
CUST_00000938,Mohammed Deep,Male,1975-04-08,51,Bachelor's,Chief Operating Officer,Vala-Iyengar,Salaried - Private,Automobile,4269598.03,355799.84,HDFC Bank,HDFC0002953,534407455886,Savings,Kolkata,Kolkata,West Bengal,700859,HNI,1517382.33,False,2017-10-31,Father
CUST_00000939,Rishi Soni,Male,1970-07-24,56,High School,Tourism officer,Chana-Sami,Salaried - Private,Banking & Finance,940449.65,78370.8,Punjab National Bank,PUNB0004261,320497743954,Savings,Kolkata,Kolkata,West Bengal,700338,Affluent,279396.71,False,2022-12-22,Son
CUST_00000940,Idika Saraf,Female,1989-05-20,37,Bachelor's,Chief Financial Officer,Varghese LLC,Salaried - Private,Telecom,200908.02,16742.33,Canara Bank,CNRB0005563,884968911912,Salary,Warangal,Warangal,Telangana,506464,Mass Market,21600.51,False,2025-07-27,Son
CUST_00000941,Isaac Dubey,Male,2004-12-21,21,Master's,Secretary/administrator,"Vohra, Chacko and Mannan",Salaried - Private,Automobile,385515.55,32126.3,IDFC FIRST Bank,IDFB0007626,636817324563,Savings,Hyderabad,Hyderabad,Telangana,500886,Mass Market,39418.06,False,2017-06-28,Son
CUST_00000942,Balveer Sridhar,Male,1972-03-21,54,Bachelor's,Pensioner,N/A,Retired,Government/Services,197724.2,16477.02,HDFC Bank,HDFC0003001,637947616744,Savings,Noida,Gautam Buddha Nagar,Uttar Pradesh,201743,Mass Market,38229.54,False,2025-09-29,Father
CUST_00000943,Mason Kothari,Male,1983-10-17,42,Bachelor's,Unemployed,N/A,Unemployed,None,3898005.9,324833.83,State Bank of India,SBIN0002631,159003394659,Salary,Mysuru,Mysuru,Karnataka,570794,HNI,2238262.8,False,2014-09-23,Spouse
CUST_00000944,Arjun Bose,Male,2004-04-11,22,Master's,Scientific laboratory technician,Uppal Group,Salaried - Private,Healthcare,387163.95,32263.66,Bank of Baroda,BARB0006356,431368480731,Savings,Bengaluru,Bengaluru Urban,Karnataka,560776,Mass Market,44276.48,False,2016-08-10,Daughter
CUST_00000945,Vincent Kulkarni,Male,1975-01-30,51,Bachelor's,Textile designer,Thakur Inc,Salaried - Private,Real Estate,230803.48,19233.62,Canara Bank,CNRB0004308,827110316195,Savings,Lucknow,Lucknow,Uttar Pradesh,226616,Mass Market,7744.93,False,2011-10-28,Mother
CUST_00000946,Vihaan Gola,Male,1997-06-18,29,Bachelor's,"Nurse, learning disability",Chacko Group,Salaried - Private,Agriculture,253410.42,21117.53,Punjab National Bank,PUNB0009856,119527584374,Savings,Pune,Pune,Maharashtra,411221,Mass Market,74058.31,False,2024-01-10,Son
CUST_00000947,Neha Murthy,Female,1987-02-15,39,Diploma,"Programme researcher, broadcasting/film/video","Sengupta, Lanka and Om",Salaried - Private,Real Estate,4575568.67,381297.39,Punjab National Bank,PUNB0007165,604411937795,Savings,Mumbai,Mumbai City,Maharashtra,400281,HNI,1289997.19,True,2025-06-19,Daughter
CUST_00000948,Idika Kakar,Female,1966-03-24,60,Bachelor's,Trade mark attorney,Cherian-Saraf,Salaried - Private,Automobile,248249.33,20687.44,Kotak Mahindra Bank,KKBK0003689,574557291407,Salary,Delhi,East Delhi,Delhi,110832,Mass Market,67337.47,False,2018-07-20,Son
CUST_00000949,Aarnav Rana,Male,1962-09-03,63,High School,Dramatherapist,"Sood, Sharma and Ravel",Self-Employed Professional,Real Estate,349898.2,29158.18,HDFC Bank,HDFC0009037,708425404676,Savings,Lucknow,Lucknow,Uttar Pradesh,226675,Mass Market,28543.64,False,2023-11-25,Father
CUST_00000950,Widisha Mitter,Female,1988-10-01,37,High School,Warehouse manager,Rana-Mittal,Salaried - Govt,Agriculture,367609.26,30634.1,State Bank of India,SBIN0007412,642297134971,Salary,Howrah,Howrah,West Bengal,711884,Mass Market,20552.75,False,2011-05-28,Mother
CUST_00000951,Ekansh Atwal,Male,1966-07-11,60,Diploma,"Administrator, sports","Guha, Bala and Kadakia",Salaried - Private,Retail & E-commerce,479930.04,39994.17,State Bank of India,SBIN0001461,149780661342,Salary,Delhi,East Delhi,Delhi,110457,Mass Market,16325.1,True,2017-09-12,Sibling
CUST_00000952,Elijah Khurana,Male,1979-04-04,47,Bachelor's,Solicitor,Chadha LLC,Salaried - Private,Services,310045.36,25837.11,State Bank of India,SBIN0006591,204713765320,Salary,Howrah,Howrah,West Bengal,711465,Mass Market,50452.61,True,2022-04-25,Son
CUST_00000953,Ethan Som,Male,1978-07-14,48,High School,Commercial horticulturist,Dua Ltd,Salaried - Private,Retail & E-commerce,556633.55,46386.13,State Bank of India,SBIN0005001,358761531493,Savings,Hyderabad,Hyderabad,Telangana,500804,Mass Market,17381.59,True,2021-03-29,Spouse
CUST_00000954,Xavier Sinha,Male,1957-08-18,68,Bachelor's,"Production assistant, television","Kibe, Jaggi and Menon",Salaried - Private,Manufacturing,450797.83,37566.49,HDFC Bank,HDFC0006531,122204032792,Salary,Ahmedabad,Ahmedabad,Gujarat,380571,Mass Market,26795.23,False,2019-02-10,Sibling
CUST_00000955,Rohan Behl,Male,1973-12-16,52,Bachelor's,"Civil engineer, contracting","Sankaran, Sagar and Tandon",Salaried - Private,Government,363602.2,30300.18,IDFC FIRST Bank,IDFB0009433,563433026487,Savings,Hyderabad,Hyderabad,Telangana,500812,Mass Market,21554.77,False,2021-10-16,Son
CUST_00000956,Mohini Bansal,Other,1981-12-10,44,Bachelor's,"Radiographer, diagnostic","Sura, Kata and Bhat",Salaried - Private,Services,287980.36,23998.36,State Bank of India,SBIN0006185,728687595832,Savings,Howrah,Howrah,West Bengal,711686,Mass Market,37000.21,False,2018-06-14,Spouse
CUST_00000957,Udyati Mutti,Female,1985-05-11,41,Bachelor's,"Geologist, wellsite","Sahni, Solanki and Dada",Salaried - Private,Real Estate,531380.49,44281.71,HDFC Bank,HDFC0004373,646903815845,Savings,Ahmedabad,Ahmedabad,Gujarat,380729,Mass Market,49507.55,True,2017-12-01,Mother
CUST_00000958,Prisha Sen,Female,1992-11-08,33,High School,Advertising art director,Mani Ltd,Self-Employed Business,Retail & E-commerce,347265.1,28938.76,Bank of Baroda,BARB0004305,797919093310,Salary,Mangaluru,Dakshina Kannada,Karnataka,575319,Mass Market,38293.21,True,2013-01-28,Mother
CUST_00000959,Pooja Sarma,Female,1968-09-02,57,Bachelor's,English as a foreign language teacher,"Nori, Sidhu and Deep",Salaried - Private,Manufacturing,364575.46,30381.29,State Bank of India,SBIN0005871,731343990585,Savings,Kolkata,Kolkata,West Bengal,700739,Mass Market,38231.56,False,2024-02-17,Sibling
CUST_00000960,Robert Saha,Male,1999-11-25,26,Master's,Media buyer,Edwin-Johal,Salaried - Govt,Banking & Finance,796840.63,66403.39,IDFC FIRST Bank,IDFB0002552,471909226813,Savings,Hyderabad,Hyderabad,Telangana,500680,Affluent,208916.52,False,2014-07-09,Daughter
CUST_00000961,Chameli Subramanian,Female,1963-04-27,63,High School,"Engineer, communications",Swamy Inc,Salaried - Private,Real Estate,983130.15,81927.51,Bank of Baroda,BARB0004436,973370074029,Savings,Mangaluru,Dakshina Kannada,Karnataka,575943,Affluent,317501.3,False,2022-09-11,Mother
CUST_00000962,Yatin Mitter,Male,1968-10-21,57,High School,"Surveyor, hydrographic",Badami LLC,Salaried - Govt,Agriculture,5553982.96,462831.91,Kotak Mahindra Bank,KKBK0008092,695555011663,Savings,Ahmedabad,Ahmedabad,Gujarat,380524,HNI,1086578.41,False,2024-02-04,Son
CUST_00000963,Rachana Dutt,Female,1965-09-08,60,Doctorate,Retail manager,Bhatt LLC,Salaried - Private,Manufacturing,435976.46,36331.37,IDFC FIRST Bank,IDFB0009443,836386009650,Savings,New Delhi,New Delhi,Delhi,110742,Mass Market,61902.08,True,2016-11-21,Sibling
CUST_00000964,Jhalak Dara,Female,1985-10-24,40,High School,"Radiographer, therapeutic",Oak-Pant,Salaried - Private,Agriculture,415346.44,34612.2,ICICI Bank,ICIC0009178,826764098361,Savings,Lucknow,Lucknow,Uttar Pradesh,226753,Mass Market,55188.91,False,2022-04-23,Daughter
CUST_00000965,Kiaan Dora,Male,2000-12-15,25,Bachelor's,"Scientist, biomedical","Chawla, Bedi and Sarma",Salaried - Govt,Services,215552.48,17962.71,Bank of Baroda,BARB0001981,321286462890,Savings,Surat,Surat,Gujarat,395251,Mass Market,10706.83,False,2022-10-13,Father
CUST_00000966,Christopher Cherian,Male,1997-03-24,29,Master's,Travel agency manager,Barman PLC,Self-Employed Professional,Healthcare,1231756.12,102646.34,Kotak Mahindra Bank,KKBK0008133,449654405400,Savings,Mangaluru,Dakshina Kannada,Karnataka,575308,Affluent,211861.5,True,2011-09-08,Son
CUST_00000967,Daniel Jha,Male,2003-12-13,22,Bachelor's,Unemployed,N/A,Unemployed,None,199607.62,16633.97,Kotak Mahindra Bank,KKBK0005702,278868391226,Savings,Hyderabad,Hyderabad,Telangana,500515,Mass Market,58905.81,False,2012-07-06,Father
CUST_00000968,Mugdha Sathe,Female,1996-03-16,30,Bachelor's,Pensioner,N/A,Retired,Government/Services,458027.33,38168.94,HDFC Bank,HDFC0003456,130889044067,Savings,Coimbatore,Coimbatore,Tamil Nadu,641575,Mass Market,35934.4,True,2017-12-22,Son
CUST_00000969,Chandran Dube,Male,1990-03-27,36,Bachelor's,"Lecturer, higher education",Das and Sons,Salaried - Govt,Agriculture,1923937.27,160328.11,Bank of Baroda,BARB0007914,319202261920,Savings,Delhi,East Delhi,Delhi,110239,Affluent,315516.65,False,2017-01-09,Spouse
CUST_00000970,Sarthak Ahuja,Male,1969-05-10,57,Master's,Public relations account executive,Mangat-Tiwari,Self-Employed Business,Manufacturing,524669.46,43722.45,Kotak Mahindra Bank,KKBK0003883,635678946910,Savings,Mumbai,Mumbai City,Maharashtra,400980,Mass Market,4751.91,False,2012-09-27,Spouse
CUST_00000971,Kiaan Pradhan,Male,1993-10-10,32,Bachelor's,Patent examiner,Korpal-Doshi,Salaried - Private,Retail & E-commerce,423934.67,35327.89,IDFC FIRST Bank,IDFB0005882,172443951177,Current,Howrah,Howrah,West Bengal,711787,Mass Market,54150.29,False,2022-01-18,Sibling
CUST_00000972,Shivansh Kari,Male,1963-10-12,62,Bachelor's,"Pilot, airline",Rout-Shanker,Salaried - Private,Banking & Finance,404512.91,33709.41,Bank of Baroda,BARB0003302,221272873331,Savings,Mangaluru,Dakshina Kannada,Karnataka,575780,Mass Market,51284.48,False,2025-03-24,Daughter
CUST_00000973,Pratyush Balan,Male,1979-08-11,46,High School,Administrator,"Varughese, Boase and Chad",Salaried - Private,Agriculture,1904842.94,158736.91,Kotak Mahindra Bank,KKBK0009133,202583424970,Savings,Madurai,Madurai,Tamil Nadu,625225,Affluent,407904.79,False,2015-05-31,Mother
CUST_00000974,Sai Gala,Male,1979-03-02,47,High School,Unemployed,N/A,Unemployed,None,460568.17,38380.68,Punjab National Bank,PUNB0007388,923799816891,Savings,Coimbatore,Coimbatore,Tamil Nadu,641323,Mass Market,14897.81,False,2016-04-16,Father
CUST_00000975,Andrew Dora,Male,2003-07-05,23,Bachelor's,Barrister,"Venkatesh, Merchant and Saini",Salaried - Private,Banking & Finance,321309.15,26775.76,ICICI Bank,ICIC0004507,404813500329,Savings,Lucknow,Lucknow,Uttar Pradesh,226360,Mass Market,17418.2,True,2016-06-06,Daughter
CUST_00000976,Nidra Murthy,Female,2003-11-10,22,Bachelor's,Actuary,Wable-Din,Salaried - Private,Information Technology,314625.19,26218.77,Canara Bank,CNRB0009740,870408491630,Current,Mysuru,Mysuru,Karnataka,570658,Mass Market,56342.61,True,2021-03-15,Son
CUST_00000977,Vansha Jha,Female,2002-09-25,23,Bachelor's,Water engineer,"Sathe, Pai and Ravel",Salaried - Private,Real Estate,395642.49,32970.21,Axis Bank,UTIB0005550,962770597493,Salary,Delhi,East Delhi,Delhi,110586,Mass Market,49494.28,True,2022-05-28,Sibling
CUST_00000978,Nidhi Chad,Female,1958-07-13,68,Bachelor's,"Lecturer, higher education",Date-Venkatesh,Salaried - Private,Retail & E-commerce,316744.08,26395.34,Kotak Mahindra Bank,KKBK0001345,769607861687,Salary,Nagpur,Nagpur,Maharashtra,440778,Mass Market,73802.6,True,2025-11-13,Spouse
CUST_00000979,Lucky Kala,Male,1961-06-07,65,Bachelor's,Sub,Verma-Oak,Salaried - Private,Telecom,369010.18,30750.85,Axis Bank,UTIB0005144,523280743281,Savings,Warangal,Warangal,Telangana,506931,Mass Market,26286.38,True,2022-02-10,Sibling
CUST_00000980,Fariq Bajaj,Male,1958-01-22,68,Bachelor's,"Solicitor, Scotland","Kuruvilla, Khurana and Modi",Salaried - Govt,Banking & Finance,314227.56,26185.63,IndusInd Bank,INDB0004872,589014870875,Savings,Kolkata,Kolkata,West Bengal,700502,Mass Market,45201.98,True,2021-08-15,Mother
CUST_00000981,Zayyan Choudhry,Male,1994-08-25,31,Master's,Microbiologist,Tripathi-Pandya,Self-Employed Professional,Manufacturing,1889385.62,157448.8,HDFC Bank,HDFC0004857,328910688324,Savings,Delhi,East Delhi,Delhi,110746,Affluent,317754.17,False,2011-12-25,Mother
CUST_00000982,David Sen,Male,1972-02-04,54,Bachelor's,"Accountant, chartered public finance",Nori-Keer,Self-Employed Professional,Automobile,330155.6,27512.97,Bank of Baroda,BARB0001555,617507875972,Savings,Howrah,Howrah,West Bengal,711834,Mass Market,22252.15,False,2022-11-19,Son
CUST_00000983,Kamala Palla,Female,1972-02-27,54,Diploma,"Teacher, primary school","Dey, Purohit and Venkatesh",Self-Employed Professional,Banking & Finance,550791.33,45899.28,ICICI Bank,ICIC0005275,170894166931,Savings,Surat,Surat,Gujarat,395716,Mass Market,40530.28,False,2021-10-19,Sibling
CUST_00000984,Damini Narang,Female,1983-06-13,43,Master's,"Engineer, automotive",Sha-Chaudhari,Salaried - Private,Agriculture,573771.14,47814.26,Punjab National Bank,PUNB0008426,133050675721,Savings,Nagpur,Nagpur,Maharashtra,440756,Mass Market,40680.92,False,2012-05-06,Father
CUST_00000985,Simon Sabharwal,Male,1960-11-13,65,Bachelor's,Biomedical engineer,De-Soni,Self-Employed Professional,Automobile,308620.48,25718.37,Canara Bank,CNRB0003229,538099874672,Savings,Madurai,Madurai,Tamil Nadu,625412,Mass Market,63162.42,False,2013-06-08,Mother
CUST_00000986,Balvan Pingle,Male,1991-10-13,34,Bachelor's,Pensioner,N/A,Retired,Government/Services,354060.52,29505.04,IDFC FIRST Bank,IDFB0002347,272274695354,Savings,Madurai,Madurai,Tamil Nadu,625830,Mass Market,52336.0,True,2016-06-11,Sibling
CUST_00000987,Yochana Rana,Other,2001-12-03,24,Bachelor's,Television/film/video producer,Sampath-Sarraf,Salaried - Govt,Healthcare,200647.55,16720.63,IDFC FIRST Bank,IDFB0007722,595293047867,Savings,Kanpur,Kanpur Nagar,Uttar Pradesh,208236,Mass Market,4267.15,False,2021-01-08,Mother
CUST_00000988,Wishi Saha,Female,1999-06-02,27,Bachelor's,Cytogeneticist,"Datta, Sundaram and Shankar",Self-Employed Business,Healthcare,334035.87,27836.32,IDFC FIRST Bank,IDFB0006367,412671594798,Savings,Chennai,Chennai,Tamil Nadu,600524,Mass Market,19306.14,True,2012-01-26,Mother
CUST_00000989,Yashvi Wadhwa,Female,1962-09-29,63,Diploma,Pensioner,N/A,Retired,Government/Services,593920.14,49493.35,ICICI Bank,ICIC0007447,516080926866,Current,Chennai,Chennai,Tamil Nadu,600123,Mass Market,42446.26,True,2013-05-27,Daughter
CUST_00000990,Vritti Bali,Female,1995-05-27,31,Master's,"Surveyor, land/geomatics",Dani-Rege,Salaried - Private,Automobile,358320.5,29860.04,IDFC FIRST Bank,IDFB0004747,198384149191,Savings,Noida,Gautam Buddha Nagar,Uttar Pradesh,201368,Mass Market,70158.56,False,2011-10-07,Sibling
CUST_00000991,Qasim Mann,Male,1958-09-14,67,High School,"Designer, ceramics/pottery",Prabhu LLC,Self-Employed Business,Healthcare,446216.92,37184.74,State Bank of India,SBIN0007570,570805742447,Savings,Hyderabad,Hyderabad,Telangana,500191,Mass Market,68767.0,False,2025-11-08,Mother
CUST_00000992,Max Menon,Male,1981-11-10,44,Bachelor's,Customer service manager,Sama Inc,Salaried - Private,Healthcare,1142216.33,95184.69,IDFC FIRST Bank,IDFB0002922,886039638224,Savings,Howrah,Howrah,West Bengal,711947,Affluent,235356.4,True,2024-12-26,Sibling
CUST_00000993,Niharika Mander,Female,1967-10-24,58,Diploma,Records manager,Das PLC,Self-Employed Professional,Real Estate,469009.42,39084.12,HDFC Bank,HDFC0004677,326403032206,Savings,Coimbatore,Coimbatore,Tamil Nadu,641394,Mass Market,11357.73,True,2015-07-31,Sibling
CUST_00000994,Anya Sahni,Female,1981-08-12,44,Diploma,Insurance claims handler,"Sethi, Nazareth and Purohit",Self-Employed Business,Real Estate,953594.37,79466.2,Bank of Baroda,BARB0003133,758017362111,Savings,Coimbatore,Coimbatore,Tamil Nadu,641844,Affluent,295538.38,True,2017-08-08,Sibling
CUST_00000995,Ekaja Devi,Female,1982-11-03,43,Bachelor's,Psychiatrist,Sen-Dixit,Salaried - Govt,Education,338770.48,28230.87,Bank of Baroda,BARB0003955,969337991432,Salary,New Delhi,New Delhi,Delhi,110397,Mass Market,9515.07,False,2023-11-11,Mother
CUST_00000996,Omaja Chakraborty,Female,1998-03-04,28,Diploma,Youth worker,Ram-Kaul,Salaried - Private,Education,190811.81,15900.98,IDFC FIRST Bank,IDFB0008388,374479884767,Salary,Vadodara,Vadodara,Gujarat,390800,Mass Market,26896.49,False,2024-05-27,Sibling
CUST_00000997,Pallavi Zachariah,Female,1958-12-28,67,Bachelor's,Probation officer,"Mall, Chakrabarti and Gandhi",Salaried - Private,Real Estate,549265.82,45772.15,HDFC Bank,HDFC0001169,248042719236,Current,Vadodara,Vadodara,Gujarat,390507,Mass Market,2949.75,False,2021-04-25,Sibling
CUST_00000998,Mohammed Dasgupta,Male,1990-01-26,36,Master's,Chartered certified accountant,Bera PLC,Salaried - Private,Education,410551.66,34212.64,Bank of Baroda,BARB0007935,755996572035,Savings,Hyderabad,Hyderabad,Telangana,500197,Mass Market,18010.39,False,2018-05-07,Daughter
CUST_00000999,Vyanjana Thakkar,Female,2003-03-20,23,High School,Pensioner,N/A,Retired,Government/Services,278103.78,23175.32,State Bank of India,SBIN0001853,616404711835,Savings,Vadodara,Vadodara,Gujarat,390786,Mass Market,21233.56,False,2011-12-04,Daughter
CUST_00001000,Gautam Bahl,Male,1970-11-24,55,Doctorate,"Engineer, land",Sawhney Inc,Salaried - Private,Telecom,224936.33,18744.69,State Bank of India,SBIN0001087,655140229207,Salary,Howrah,Howrah,West Bengal,711504,Mass Market,54520.58,False,2022-11-28,Sibling
