Fraud_Record_ID,Customer_ID,Transaction_ID,Fraud_Type,Fraud_Score,Device_Risk,Geo_Risk,Velocity_Risk,AML_Risk,Final_Label
FRD_00000001,CUST_00000292,TXN_0000027594,None,0.289,0.242,0.136,0.383,0.405,0
FRD_00000002,CUST_00000655,TXN_0000062051,None,0.111,0.162,0.049,0.064,0.14,0
FRD_00000003,CUST_00000376,TXN_0000035603,None,0.17,0.159,0.1,0.156,0.277,0
FRD_00000004,CUST_00000902,TXN_0000085483,None,0.199,0.169,0.326,0.299,0.001,0
FRD_00000005,CUST_00000806,TXN_0000076371,None,0.226,0.144,0.164,0.57,0.001,0
FRD_00000006,CUST_00000235,TXN_0000022231,None,0.125,0.206,0.161,0.033,0.064,0
FRD_00000007,CUST_00000916,TXN_0000086724,None,0.097,0.146,0.141,0.069,0.0,0
FRD_00000008,CUST_00000428,TXN_0000040505,None,0.127,0.265,0.023,0.033,0.107,0
FRD_00000009,CUST_00000954,TXN_0000090359,None,0.189,0.231,0.327,0.153,0.022,0
FRD_00000010,CUST_00000958,TXN_0000090753,None,0.304,0.285,0.062,0.767,0.0,0
FRD_00000011,CUST_00000029,TXN_0000002745,None,0.131,0.064,0.283,0.13,0.095,0
FRD_00000012,CUST_00000094,TXN_0000008929,None,0.098,0.242,0.001,0.051,0.0,0
FRD_00000013,CUST_00000415,TXN_0000039275,None,0.203,0.191,0.147,0.405,0.025,0
FRD_00000014,CUST_00000148,TXN_0000014020,None,0.117,0.167,0.12,0.083,0.067,0
FRD_00000015,CUST_00000730,TXN_0000069157,None,0.078,0.184,0.001,0.052,0.001,0
FRD_00000016,CUST_00000484,TXN_0000045830,None,0.114,0.253,0.001,0.074,0.032,0
FRD_00000017,CUST_00000320,TXN_0000030319,None,0.229,0.222,0.014,0.397,0.244,0
FRD_00000018,CUST_00000224,TXN_0000021241,None,0.183,0.262,0.004,0.349,0.018,0
FRD_00000019,CUST_00000484,TXN_0000045889,None,0.19,0.283,0.022,0.34,0.01,0
FRD_00000020,CUST_00000752,TXN_0000071266,None,0.164,0.274,0.029,0.24,0.013,0
FRD_00000021,CUST_00000442,TXN_0000041897,None,0.168,0.172,0.0,0.426,0.005,0
FRD_00000022,CUST_00000438,TXN_0000041489,None,0.16,0.16,0.369,0.063,0.071,0
FRD_00000023,CUST_00000966,TXN_0000091522,None,0.232,0.35,0.129,0.335,0.0,0
FRD_00000024,CUST_00000349,TXN_0000033004,None,0.139,0.199,0.003,0.249,0.034,0
FRD_00000025,CUST_00000516,TXN_0000048899,None,0.13,0.193,0.001,0.223,0.03,0
FRD_00000026,CUST_00000067,TXN_0000006302,None,0.135,0.376,0.008,0.004,0.005,0
FRD_00000027,CUST_00000487,TXN_0000046132,None,0.156,0.248,0.002,0.275,0.001,0
FRD_00000028,CUST_00000701,TXN_0000066364,None,0.223,0.231,0.339,0.172,0.156,0
FRD_00000029,CUST_00000916,TXN_0000086759,None,0.116,0.241,0.02,0.108,0.003,0
FRD_00000030,CUST_00000012,TXN_0000001127,None,0.175,0.106,0.001,0.487,0.078,0
FRD_00000031,CUST_00000706,TXN_0000066858,None,0.177,0.135,0.001,0.511,0.009,0
FRD_00000032,CUST_00000641,TXN_0000060766,None,0.141,0.28,0.021,0.157,0.0,0
FRD_00000033,CUST_00000893,TXN_0000084570,None,0.15,0.277,0.016,0.179,0.024,0
FRD_00000034,CUST_00000405,TXN_0000038289,None,0.146,0.285,0.0,0.186,0.001,0
FRD_00000035,CUST_00000021,TXN_0000001939,None,0.182,0.162,0.42,0.164,0.0,0
FRD_00000036,CUST_00000466,TXN_0000044175,None,0.283,0.364,0.0,0.568,0.067,0
FRD_00000037,CUST_00000345,TXN_0000032623,None,0.162,0.151,0.001,0.435,0.003,0
FRD_00000038,CUST_00000994,TXN_0000094104,None,0.126,0.212,0.002,0.187,0.024,0
FRD_00000039,CUST_00000468,TXN_0000044302,None,0.062,0.046,0.203,0.003,0.021,0
FRD_00000040,CUST_00000940,TXN_0000089016,None,0.271,0.251,0.035,0.701,0.004,0
FRD_00000041,CUST_00000733,TXN_0000069406,None,0.062,0.048,0.003,0.165,0.017,0
FRD_00000042,CUST_00000706,TXN_0000066881,None,0.108,0.092,0.008,0.186,0.137,0
FRD_00000043,CUST_00000912,TXN_0000086355,None,0.14,0.358,0.001,0.042,0.02,0
FRD_00000044,CUST_00000009,TXN_0000000789,None,0.127,0.057,0.309,0.181,0.002,0
FRD_00000045,CUST_00000879,TXN_0000083200,None,0.055,0.063,0.005,0.109,0.026,0
FRD_00000046,CUST_00000916,TXN_0000086773,None,0.239,0.133,0.048,0.731,0.0,0
FRD_00000047,CUST_00000641,TXN_0000060702,None,0.196,0.098,0.006,0.638,0.007,0
FRD_00000048,CUST_00000887,TXN_0000084010,None,0.142,0.151,0.293,0.115,0.008,0
FRD_00000049,CUST_00000700,TXN_0000066327,None,0.056,0.129,0.018,0.029,0.0,0
FRD_00000050,CUST_00000163,TXN_0000015481,None,0.199,0.282,0.033,0.375,0.001,0
FRD_00000051,CUST_00000555,TXN_0000052589,None,0.193,0.274,0.005,0.368,0.022,0
FRD_00000052,CUST_00000395,TXN_0000037432,None,0.106,0.172,0.03,0.139,0.025,0
FRD_00000053,CUST_00000560,TXN_0000052999,None,0.153,0.179,0.072,0.207,0.123,0
FRD_00000054,CUST_00000987,TXN_0000093508,None,0.164,0.104,0.196,0.352,0.0,0
FRD_00000055,CUST_00000564,TXN_0000053360,None,0.273,0.279,0.148,0.576,0.008,0
FRD_00000056,CUST_00000119,TXN_0000011308,None,0.216,0.145,0.147,0.521,0.027,0
FRD_00000057,CUST_00000367,TXN_0000034757,None,0.253,0.373,0.513,0.076,0.003,0
FRD_00000058,CUST_00000146,TXN_0000013805,None,0.163,0.145,0.354,0.158,0.011,0
FRD_00000059,CUST_00000408,TXN_0000038652,None,0.286,0.244,0.0,0.749,0.068,0
FRD_00000060,CUST_00000003,TXN_0000000271,None,0.08,0.09,0.139,0.081,0.002,0
FRD_00000061,CUST_00000756,TXN_0000071618,None,0.07,0.14,0.06,0.036,0.0,0
FRD_00000062,CUST_00000305,TXN_0000028926,None,0.139,0.07,0.187,0.205,0.128,0
FRD_00000063,CUST_00000466,TXN_0000044128,None,0.052,0.064,0.005,0.112,0.005,0
FRD_00000064,CUST_00000832,TXN_0000078802,None,0.101,0.208,0.037,0.04,0.056,0
FRD_00000065,CUST_00000711,TXN_0000067329,None,0.117,0.156,0.078,0.183,0.005,0
FRD_00000066,CUST_00000637,TXN_0000060359,None,0.155,0.291,0.003,0.104,0.131,0
FRD_00000067,CUST_00000191,TXN_0000018140,None,0.094,0.142,0.005,0.17,0.004,0
FRD_00000068,CUST_00000606,TXN_0000057415,None,0.193,0.31,0.267,0.102,0.029,0
FRD_00000069,CUST_00000863,TXN_0000081767,None,0.112,0.047,0.158,0.17,0.109,0
FRD_00000070,CUST_00000076,TXN_0000007209,None,0.185,0.251,0.265,0.149,0.033,0
FRD_00000071,CUST_00000782,TXN_0000074106,None,0.095,0.143,0.009,0.171,0.0,0
FRD_00000072,CUST_00000589,TXN_0000055757,None,0.234,0.308,0.237,0.314,0.0,0
FRD_00000073,CUST_00000171,TXN_0000016246,None,0.124,0.2,0.0,0.195,0.026,0
FRD_00000074,CUST_00000837,TXN_0000079330,None,0.205,0.302,0.14,0.255,0.036,0
FRD_00000075,CUST_00000740,TXN_0000070117,None,0.162,0.138,0.019,0.216,0.278,0
FRD_00000076,CUST_00000313,TXN_0000029634,None,0.224,0.307,0.113,0.362,0.015,0
FRD_00000077,CUST_00000019,TXN_0000001743,None,0.065,0.091,0.089,0.059,0.001,0
FRD_00000078,CUST_00000294,TXN_0000027780,None,0.242,0.164,0.01,0.723,0.008,0
FRD_00000079,CUST_00000836,TXN_0000079241,None,0.13,0.258,0.002,0.143,0.018,0
FRD_00000080,CUST_00000271,TXN_0000025579,None,0.199,0.206,0.257,0.27,0.038,0
FRD_00000081,CUST_00000260,TXN_0000024613,None,0.193,0.18,0.119,0.424,0.003,0
FRD_00000082,CUST_00000902,TXN_0000085426,None,0.2,0.243,0.146,0.183,0.198,0
FRD_00000083,CUST_00000523,TXN_0000049517,None,0.162,0.185,0.018,0.281,0.115,0
FRD_00000084,CUST_00000587,TXN_0000055575,None,0.147,0.064,0.062,0.278,0.211,0
FRD_00000085,CUST_00000035,TXN_0000003242,None,0.117,0.132,0.07,0.226,0.002,0
FRD_00000086,CUST_00000477,TXN_0000045197,None,0.093,0.066,0.099,0.128,0.093,0
FRD_00000087,CUST_00000194,TXN_0000018388,None,0.086,0.046,0.311,0.018,0.015,0
FRD_00000088,CUST_00000325,TXN_0000030771,None,0.08,0.194,0.02,0.026,0.01,0
FRD_00000089,CUST_00000049,TXN_0000004614,UPI Phishing / Collect Request Fraud,0.359,0.967,0.0,0.05,0.038,1
FRD_00000090,CUST_00000899,TXN_0000085128,None,0.034,0.084,0.0,0.017,0.001,0
FRD_00000091,CUST_00000851,TXN_0000080611,None,0.221,0.269,0.0,0.444,0.081,0
FRD_00000092,CUST_00000536,TXN_0000050745,None,0.089,0.215,0.038,0.024,0.001,0
FRD_00000093,CUST_00000415,TXN_0000039272,None,0.208,0.172,0.048,0.551,0.0,0
FRD_00000094,CUST_00000533,TXN_0000050471,None,0.104,0.252,0.026,0.01,0.039,0
FRD_00000095,CUST_00000678,TXN_0000064272,None,0.139,0.289,0.009,0.02,0.157,0
FRD_00000096,CUST_00000484,TXN_0000045883,None,0.137,0.2,0.047,0.23,0.003,0
FRD_00000097,CUST_00000437,TXN_0000041399,None,0.205,0.215,0.011,0.507,0.002,0
FRD_00000098,CUST_00000820,TXN_0000077646,Account Takeover (ATO),0.395,0.856,0.103,0.297,0.001,1
FRD_00000099,CUST_00000329,TXN_0000031192,None,0.139,0.278,0.0,0.168,0.0,0
FRD_00000100,CUST_00000118,TXN_0000011173,None,0.092,0.196,0.04,0.005,0.07,0
FRD_00000101,CUST_00000452,TXN_0000042776,None,0.174,0.238,0.167,0.197,0.041,0
FRD_00000102,CUST_00000404,TXN_0000038215,None,0.148,0.277,0.01,0.198,0.0,0
FRD_00000103,CUST_00000567,TXN_0000053723,None,0.181,0.336,0.073,0.159,0.043,0
FRD_00000104,CUST_00000908,TXN_0000086015,None,0.149,0.142,0.025,0.364,0.019,0
FRD_00000105,CUST_00000893,TXN_0000084625,None,0.144,0.255,0.054,0.175,0.003,0
FRD_00000106,CUST_00000214,TXN_0000020218,None,0.209,0.271,0.362,0.003,0.203,0
FRD_00000107,CUST_00000451,TXN_0000042672,None,0.091,0.165,0.016,0.118,0.002,0
FRD_00000108,CUST_00000109,TXN_0000010341,None,0.17,0.132,0.121,0.376,0.03,0
FRD_00000109,CUST_00000063,TXN_0000005983,None,0.179,0.339,0.023,0.221,0.001,0
FRD_00000110,CUST_00000210,TXN_0000019892,UPI Phishing / Collect Request Fraud,0.372,0.95,0.003,0.156,0.001,1
FRD_00000111,CUST_00000901,TXN_0000085364,None,0.09,0.238,0.012,0.013,0.006,0
FRD_00000112,CUST_00000179,TXN_0000016997,None,0.045,0.056,0.078,0.03,0.009,0
FRD_00000113,CUST_00000727,TXN_0000068824,None,0.151,0.146,0.01,0.366,0.034,0
FRD_00000114,CUST_00000970,TXN_0000091836,None,0.113,0.131,0.03,0.226,0.023,0
FRD_00000115,CUST_00000896,TXN_0000084878,None,0.333,0.289,0.444,0.458,0.144,0
FRD_00000116,CUST_00000196,TXN_0000018578,None,0.19,0.165,0.139,0.133,0.355,0
FRD_00000117,CUST_00000792,TXN_0000075084,Card Not Present (CNP) Fraud,0.466,0.91,0.029,0.565,0.001,1
FRD_00000118,CUST_00000056,TXN_0000005310,None,0.271,0.339,0.164,0.097,0.478,0
FRD_00000119,CUST_00000477,TXN_0000045184,None,0.131,0.171,0.197,0.126,0.0,0
FRD_00000120,CUST_00000911,TXN_0000086296,None,0.14,0.161,0.085,0.243,0.029,0
FRD_00000121,CUST_00000756,TXN_0000071666,None,0.179,0.062,0.023,0.588,0.028,0
FRD_00000122,CUST_00000708,TXN_0000067034,None,0.089,0.174,0.017,0.1,0.0,0
FRD_00000123,CUST_00000901,TXN_0000085361,None,0.112,0.054,0.26,0.064,0.127,0
FRD_00000124,CUST_00000280,TXN_0000026447,None,0.114,0.246,0.002,0.105,0.004,0
FRD_00000125,CUST_00000233,TXN_0000022035,None,0.234,0.367,0.198,0.18,0.103,0
FRD_00000126,CUST_00000746,TXN_0000070713,None,0.122,0.255,0.001,0.129,0.0,0
FRD_00000127,CUST_00000141,TXN_0000013362,None,0.226,0.029,0.561,0.415,0.001,0
FRD_00000128,CUST_00000175,TXN_0000016585,Card Not Present (CNP) Fraud,0.328,0.89,0.0,0.066,0.001,1
FRD_00000129,CUST_00000282,TXN_0000026702,None,0.138,0.244,0.001,0.138,0.091,0
FRD_00000130,CUST_00000915,TXN_0000086651,None,0.163,0.266,0.025,0.226,0.044,0
FRD_00000131,CUST_00000267,TXN_0000025272,None,0.226,0.344,0.324,0.145,0.024,0
FRD_00000132,CUST_00000308,TXN_0000029192,None,0.136,0.238,0.054,0.159,0.01,0
FRD_00000133,CUST_00000021,TXN_0000001967,None,0.136,0.277,0.006,0.091,0.073,0
FRD_00000134,CUST_00000909,TXN_0000086098,None,0.11,0.144,0.221,0.062,0.0,0
FRD_00000135,CUST_00000900,TXN_0000085240,None,0.135,0.304,0.037,0.085,0.0,0
FRD_00000136,CUST_00000019,TXN_0000001739,None,0.145,0.223,0.089,0.134,0.078,0
FRD_00000137,CUST_00000847,TXN_0000080271,UPI Phishing / Collect Request Fraud,0.33,0.859,0.016,0.102,0.004,1
FRD_00000138,CUST_00000526,TXN_0000049847,None,0.238,0.39,0.092,0.322,0.011,0
FRD_00000139,CUST_00000163,TXN_0000015394,None,0.215,0.109,0.0,0.699,0.012,0
FRD_00000140,CUST_00000433,TXN_0000040989,None,0.088,0.192,0.003,0.08,0.0,0
FRD_00000141,CUST_00000971,TXN_0000091963,None,0.146,0.289,0.001,0.111,0.084,0
FRD_00000142,CUST_00000280,TXN_0000026483,None,0.193,0.248,0.058,0.377,0.0,0
FRD_00000143,CUST_00000805,TXN_0000076278,None,0.292,0.333,0.012,0.686,0.006,0
FRD_00000144,CUST_00000753,TXN_0000071307,None,0.248,0.298,0.265,0.349,0.015,0
FRD_00000145,CUST_00000401,TXN_0000037996,None,0.156,0.314,0.034,0.073,0.104,0
FRD_00000146,CUST_00000961,TXN_0000091036,None,0.195,0.27,0.011,0.395,0.0,0
FRD_00000147,CUST_00000741,TXN_0000070250,None,0.165,0.214,0.003,0.345,0.017,0
FRD_00000148,CUST_00000731,TXN_0000069216,Velocity / Rapid Drain Attack,0.369,0.97,0.019,0.028,0.094,1
FRD_00000149,CUST_00000419,TXN_0000039673,None,0.095,0.074,0.012,0.174,0.118,0
FRD_00000150,CUST_00000405,TXN_0000038360,None,0.171,0.346,0.084,0.08,0.066,0
FRD_00000151,CUST_00000635,TXN_0000060115,None,0.173,0.184,0.265,0.215,0.007,0
FRD_00000152,CUST_00000416,TXN_0000039345,None,0.128,0.305,0.001,0.053,0.04,0
FRD_00000153,CUST_00000348,TXN_0000032979,None,0.155,0.27,0.144,0.011,0.143,0
FRD_00000154,CUST_00000806,TXN_0000076370,None,0.122,0.253,0.014,0.071,0.065,0
FRD_00000155,CUST_00000009,TXN_0000000803,None,0.217,0.209,0.103,0.488,0.008,0
FRD_00000156,CUST_00000595,TXN_0000056356,None,0.25,0.325,0.026,0.314,0.261,0
FRD_00000157,CUST_00000870,TXN_0000082405,None,0.142,0.251,0.203,0.032,0.029,0
FRD_00000158,CUST_00000475,TXN_0000044992,None,0.162,0.196,0.21,0.206,0.0,0
FRD_00000159,CUST_00000507,TXN_0000047979,None,0.21,0.294,0.001,0.367,0.078,0
FRD_00000160,CUST_00000952,TXN_0000090130,None,0.084,0.151,0.057,0.071,0.011,0
FRD_00000161,CUST_00000242,TXN_0000022920,None,0.156,0.225,0.366,0.009,0.007,0
FRD_00000162,CUST_00000258,TXN_0000024389,None,0.083,0.199,0.028,0.002,0.037,0
FRD_00000163,CUST_00000494,TXN_0000046806,None,0.232,0.293,0.002,0.469,0.061,0
FRD_00000164,CUST_00000780,TXN_0000073908,None,0.159,0.173,0.347,0.116,0.0,0
FRD_00000165,CUST_00000358,TXN_0000033932,None,0.052,0.095,0.047,0.034,0.003,0
FRD_00000166,CUST_00000502,TXN_0000047542,None,0.175,0.154,0.054,0.442,0.0,0
FRD_00000167,CUST_00000074,TXN_0000006982,None,0.085,0.076,0.024,0.175,0.049,0
FRD_00000168,CUST_00000365,TXN_0000034578,None,0.148,0.213,0.014,0.274,0.009,0
FRD_00000169,CUST_00000705,TXN_0000066793,None,0.115,0.189,0.179,0.05,0.005,0
FRD_00000170,CUST_00000708,TXN_0000067045,None,0.133,0.103,0.037,0.344,0.016,0
FRD_00000171,CUST_00000971,TXN_0000091987,None,0.089,0.131,0.063,0.124,0.0,0
FRD_00000172,CUST_00000218,TXN_0000020684,None,0.153,0.181,0.024,0.336,0.004,0
FRD_00000173,CUST_00000681,TXN_0000064525,None,0.158,0.224,0.302,0.074,0.005,0
FRD_00000174,CUST_00000498,TXN_0000047155,None,0.085,0.17,0.033,0.076,0.0,0
FRD_00000175,CUST_00000307,TXN_0000029036,None,0.171,0.206,0.01,0.306,0.104,0
FRD_00000176,CUST_00000349,TXN_0000033061,None,0.252,0.259,0.03,0.622,0.001,0
FRD_00000177,CUST_00000475,TXN_0000045008,None,0.15,0.207,0.07,0.254,0.0,0
FRD_00000178,CUST_00000804,TXN_0000076124,None,0.257,0.158,0.045,0.718,0.066,0
FRD_00000179,CUST_00000522,TXN_0000049388,None,0.09,0.136,0.118,0.003,0.088,0
FRD_00000180,CUST_00000987,TXN_0000093470,None,0.191,0.283,0.253,0.166,0.0,0
FRD_00000181,CUST_00000177,TXN_0000016825,None,0.158,0.346,0.003,0.145,0.0,0
FRD_00000182,CUST_00000093,TXN_0000008761,None,0.169,0.342,0.049,0.114,0.055,0
FRD_00000183,CUST_00000069,TXN_0000006460,None,0.113,0.173,0.025,0.148,0.05,0
FRD_00000184,CUST_00000636,TXN_0000060297,None,0.071,0.161,0.009,0.05,0.002,0
FRD_00000185,CUST_00000874,TXN_0000082757,None,0.102,0.212,0.018,0.092,0.004,0
FRD_00000186,CUST_00000843,TXN_0000079860,None,0.102,0.245,0.001,0.064,0.0,0
FRD_00000187,CUST_00000285,TXN_0000026996,None,0.281,0.356,0.443,0.25,0.026,0
FRD_00000188,CUST_00000873,TXN_0000082681,None,0.181,0.115,0.142,0.276,0.215,0
FRD_00000189,CUST_00000254,TXN_0000024007,None,0.09,0.2,0.006,0.074,0.001,0
FRD_00000190,CUST_00000761,TXN_0000072101,None,0.081,0.114,0.031,0.128,0.013,0
FRD_00000191,CUST_00000449,TXN_0000042467,None,0.189,0.082,0.562,0.192,0.0,0
FRD_00000192,CUST_00000191,TXN_0000018079,None,0.073,0.058,0.136,0.104,0.0,0
FRD_00000193,CUST_00000356,TXN_0000033694,None,0.231,0.266,0.034,0.325,0.248,0
FRD_00000194,CUST_00000903,TXN_0000085491,None,0.165,0.132,0.008,0.441,0.034,0
FRD_00000195,CUST_00000828,TXN_0000078460,None,0.091,0.124,0.216,0.018,0.0,0
FRD_00000196,CUST_00000822,TXN_0000077887,None,0.094,0.173,0.055,0.088,0.0,0
FRD_00000197,CUST_00000027,TXN_0000002531,None,0.173,0.149,0.547,0.043,0.003,0
FRD_00000198,CUST_00000034,TXN_0000003138,None,0.23,0.274,0.15,0.415,0.0,0
FRD_00000199,CUST_00000884,TXN_0000083736,None,0.07,0.165,0.054,0.003,0.004,0
FRD_00000200,CUST_00000958,TXN_0000090740,None,0.118,0.214,0.211,0.003,0.003,0
FRD_00000201,CUST_00000171,TXN_0000016223,None,0.24,0.255,0.082,0.534,0.005,0
FRD_00000202,CUST_00000239,TXN_0000022653,None,0.128,0.204,0.018,0.193,0.022,0
FRD_00000203,CUST_00000966,TXN_0000091504,None,0.116,0.248,0.018,0.101,0.001,0
FRD_00000204,CUST_00000058,TXN_0000005489,None,0.059,0.07,0.002,0.103,0.042,0
FRD_00000205,CUST_00000163,TXN_0000015467,None,0.153,0.178,0.074,0.292,0.013,0
FRD_00000206,CUST_00000427,TXN_0000040458,None,0.105,0.066,0.189,0.176,0.003,0
FRD_00000207,CUST_00000172,TXN_0000016303,None,0.126,0.233,0.038,0.132,0.019,0
FRD_00000208,CUST_00000793,TXN_0000075131,Mule Account Activity,0.365,0.993,0.001,0.057,0.014,1
FRD_00000209,CUST_00000124,TXN_0000011759,None,0.234,0.313,0.105,0.296,0.149,0
FRD_00000210,CUST_00000805,TXN_0000076268,None,0.232,0.321,0.205,0.26,0.07,0
FRD_00000211,CUST_00000886,TXN_0000083894,None,0.212,0.213,0.217,0.36,0.02,0
FRD_00000212,CUST_00000776,TXN_0000073484,None,0.107,0.202,0.003,0.067,0.096,0
FRD_00000213,CUST_00000916,TXN_0000086754,None,0.167,0.272,0.099,0.199,0.012,0
FRD_00000214,CUST_00000169,TXN_0000016073,None,0.115,0.224,0.0,0.141,0.006,0
FRD_00000215,CUST_00000518,TXN_0000049092,None,0.2,0.118,0.038,0.595,0.011,0
FRD_00000216,CUST_00000284,TXN_0000026895,None,0.071,0.145,0.004,0.077,0.0,0
FRD_00000217,CUST_00000715,TXN_0000067759,None,0.173,0.095,0.135,0.379,0.092,0
FRD_00000218,CUST_00000563,TXN_0000053288,None,0.197,0.283,0.003,0.324,0.083,0
FRD_00000219,CUST_00000840,TXN_0000079591,None,0.138,0.188,0.026,0.267,0.0,0
FRD_00000220,CUST_00000808,TXN_0000076506,None,0.107,0.295,0.015,0.001,0.001,0
FRD_00000221,CUST_00000834,TXN_0000078986,None,0.128,0.189,0.02,0.211,0.027,0
FRD_00000222,CUST_00000872,TXN_0000082560,None,0.24,0.315,0.007,0.359,0.192,0
FRD_00000223,CUST_00000015,TXN_0000001414,None,0.113,0.13,0.282,0.038,0.008,0
FRD_00000224,CUST_00000888,TXN_0000084125,None,0.14,0.252,0.018,0.194,0.001,0
FRD_00000225,CUST_00000007,TXN_0000000573,None,0.124,0.055,0.075,0.355,0.005,0
FRD_00000226,CUST_00000208,TXN_0000019712,None,0.206,0.327,0.016,0.094,0.324,0
FRD_00000227,CUST_00000822,TXN_0000077911,None,0.134,0.218,0.005,0.228,0.0,0
FRD_00000228,CUST_00000197,TXN_0000018631,None,0.049,0.033,0.003,0.118,0.037,0
FRD_00000229,CUST_00000166,TXN_0000015737,None,0.074,0.139,0.007,0.057,0.05,0
FRD_00000230,CUST_00000779,TXN_0000073842,None,0.133,0.314,0.045,0.04,0.02,0
FRD_00000231,CUST_00000164,TXN_0000015531,None,0.083,0.211,0.025,0.002,0.019,0
FRD_00000232,CUST_00000914,TXN_0000086560,None,0.114,0.209,0.187,0.012,0.001,0
FRD_00000233,CUST_00000667,TXN_0000063202,None,0.1,0.185,0.078,0.08,0.0,0
FRD_00000234,CUST_00000139,TXN_0000013204,None,0.066,0.181,0.011,0.001,0.0,0
FRD_00000235,CUST_00000196,TXN_0000018572,None,0.231,0.31,0.143,0.376,0.001,0
FRD_00000236,CUST_00000546,TXN_0000051726,None,0.14,0.251,0.234,0.02,0.001,0
FRD_00000237,CUST_00000783,TXN_0000074185,None,0.152,0.125,0.379,0.127,0.002,0
FRD_00000238,CUST_00000335,TXN_0000031757,None,0.106,0.128,0.008,0.14,0.125,0
FRD_00000239,CUST_00000275,TXN_0000026025,None,0.187,0.136,0.024,0.438,0.127,0
FRD_00000240,CUST_00000819,TXN_0000077552,None,0.125,0.335,0.015,0.018,0.0,0
FRD_00000241,CUST_00000878,TXN_0000083189,None,0.051,0.069,0.102,0.009,0.023,0
FRD_00000242,CUST_00000065,TXN_0000006139,None,0.167,0.306,0.032,0.202,0.017,0
FRD_00000243,CUST_00000004,TXN_0000000343,None,0.071,0.171,0.007,0.01,0.037,0
FRD_00000244,CUST_00000989,TXN_0000093699,None,0.117,0.234,0.115,0.025,0.028,0
FRD_00000245,CUST_00000661,TXN_0000062643,None,0.146,0.236,0.0,0.226,0.035,0
FRD_00000246,CUST_00000578,TXN_0000054683,None,0.103,0.215,0.08,0.015,0.039,0
FRD_00000247,CUST_00000881,TXN_0000083455,None,0.208,0.2,0.176,0.41,0.0,0
FRD_00000248,CUST_00000045,TXN_0000004245,None,0.284,0.223,0.454,0.458,0.001,0
FRD_00000249,CUST_00000312,TXN_0000029562,None,0.098,0.09,0.006,0.256,0.004,0
FRD_00000250,CUST_00000807,TXN_0000076425,None,0.099,0.181,0.012,0.104,0.037,0
FRD_00000251,CUST_00000824,TXN_0000078100,None,0.166,0.225,0.005,0.337,0.008,0
FRD_00000252,CUST_00000323,TXN_0000030554,None,0.266,0.326,0.011,0.59,0.012,0
FRD_00000253,CUST_00000226,TXN_0000021437,None,0.201,0.252,0.065,0.399,0.001,0
FRD_00000254,CUST_00000936,TXN_0000088676,None,0.136,0.224,0.021,0.209,0.004,0
FRD_00000255,CUST_00000276,TXN_0000026140,None,0.247,0.251,0.446,0.28,0.0,0
FRD_00000256,CUST_00000969,TXN_0000091775,None,0.088,0.205,0.008,0.06,0.0,0
FRD_00000257,CUST_00000783,TXN_0000074174,None,0.08,0.105,0.016,0.159,0.001,0
FRD_00000258,CUST_00000025,TXN_0000002324,None,0.175,0.23,0.008,0.332,0.05,0
FRD_00000259,CUST_00000186,TXN_0000017663,None,0.082,0.052,0.021,0.236,0.001,0
FRD_00000260,CUST_00000986,TXN_0000093353,None,0.221,0.217,0.002,0.58,0.0,0
FRD_00000261,CUST_00000773,TXN_0000073196,None,0.129,0.118,0.0,0.344,0.008,0
FRD_00000262,CUST_00000643,TXN_0000060886,None,0.229,0.333,0.011,0.433,0.01,0
FRD_00000263,CUST_00000362,TXN_0000034306,None,0.135,0.351,0.009,0.032,0.011,0
FRD_00000264,CUST_00000223,TXN_0000021078,None,0.162,0.222,0.096,0.262,0.0,0
FRD_00000265,CUST_00000279,TXN_0000026345,None,0.185,0.357,0.161,0.102,0.013,0
FRD_00000266,CUST_00000629,TXN_0000059566,None,0.128,0.266,0.012,0.117,0.014,0
FRD_00000267,CUST_00000953,TXN_0000090227,None,0.173,0.357,0.096,0.099,0.022,0
FRD_00000268,CUST_00000970,TXN_0000091894,None,0.104,0.278,0.001,0.02,0.008,0
FRD_00000269,CUST_00000574,TXN_0000054379,None,0.121,0.126,0.064,0.205,0.065,0
FRD_00000270,CUST_00000725,TXN_0000068668,None,0.194,0.218,0.023,0.448,0.008,0
FRD_00000271,CUST_00000007,TXN_0000000586,None,0.197,0.223,0.002,0.473,0.001,0
FRD_00000272,CUST_00000030,TXN_0000002789,None,0.172,0.252,0.001,0.331,0.004,0
FRD_00000273,CUST_00000558,TXN_0000052841,None,0.098,0.213,0.016,0.077,0.005,0
FRD_00000274,CUST_00000987,TXN_0000093503,None,0.135,0.215,0.034,0.104,0.135,0
FRD_00000275,CUST_00000099,TXN_0000009376,None,0.164,0.22,0.043,0.296,0.02,0
FRD_00000276,CUST_00000682,TXN_0000064634,None,0.235,0.238,0.005,0.601,0.0,0
FRD_00000277,CUST_00000459,TXN_0000043515,UPI Phishing / Collect Request Fraud,0.375,0.902,0.082,0.171,0.0,1
FRD_00000278,CUST_00000283,TXN_0000026804,None,0.117,0.18,0.01,0.21,0.0,0
FRD_00000279,CUST_00000150,TXN_0000014238,None,0.104,0.119,0.0,0.056,0.244,0
FRD_00000280,CUST_00000455,TXN_0000043079,None,0.209,0.106,0.15,0.567,0.002,0
FRD_00000281,CUST_00000903,TXN_0000085516,None,0.073,0.15,0.042,0.048,0.0,0
FRD_00000282,CUST_00000445,TXN_0000042103,Account Takeover (ATO),0.381,0.981,0.009,0.144,0.0,1
FRD_00000283,CUST_00000795,TXN_0000075350,None,0.063,0.129,0.025,0.005,0.056,0
FRD_00000284,CUST_00000912,TXN_0000086394,None,0.192,0.27,0.008,0.373,0.011,0
FRD_00000285,CUST_00000608,TXN_0000057589,None,0.153,0.087,0.41,0.151,0.013,0
FRD_00000286,CUST_00000785,TXN_0000074326,None,0.243,0.162,0.044,0.539,0.214,0
FRD_00000287,CUST_00000988,TXN_0000093563,None,0.145,0.201,0.003,0.281,0.021,0
FRD_00000288,CUST_00000344,TXN_0000032540,None,0.159,0.212,0.012,0.327,0.001,0
FRD_00000289,CUST_00000452,TXN_0000042759,None,0.083,0.131,0.039,0.115,0.002,0
FRD_00000290,CUST_00000804,TXN_0000076212,None,0.172,0.195,0.006,0.367,0.055,0
FRD_00000291,CUST_00000466,TXN_0000044101,None,0.128,0.129,0.077,0.236,0.044,0
FRD_00000292,CUST_00000310,TXN_0000029343,None,0.066,0.051,0.006,0.139,0.063,0
FRD_00000293,CUST_00000776,TXN_0000073553,None,0.228,0.347,0.106,0.304,0.048,0
FRD_00000294,CUST_00000870,TXN_0000082418,None,0.089,0.094,0.167,0.063,0.037,0
FRD_00000295,CUST_00000076,TXN_0000007163,None,0.096,0.06,0.063,0.245,0.006,0
FRD_00000296,CUST_00000047,TXN_0000004414,None,0.105,0.106,0.043,0.213,0.029,0
FRD_00000297,CUST_00000750,TXN_0000071041,None,0.067,0.145,0.066,0.012,0.0,0
FRD_00000298,CUST_00000657,TXN_0000062265,None,0.124,0.232,0.005,0.092,0.094,0
FRD_00000299,CUST_00000798,TXN_0000075585,None,0.126,0.234,0.006,0.129,0.055,0
FRD_00000300,CUST_00000173,TXN_0000016373,None,0.131,0.218,0.038,0.185,0.004,0
FRD_00000301,CUST_00000476,TXN_0000045131,None,0.181,0.172,0.345,0.107,0.124,0
FRD_00000302,CUST_00000346,TXN_0000032774,None,0.119,0.262,0.115,0.018,0.0,0
FRD_00000303,CUST_00000328,TXN_0000031057,None,0.142,0.2,0.108,0.202,0.0,0
FRD_00000304,CUST_00000317,TXN_0000030046,None,0.157,0.165,0.238,0.131,0.092,0
FRD_00000305,CUST_00000390,TXN_0000036897,None,0.158,0.366,0.007,0.098,0.02,0
FRD_00000306,CUST_00000020,TXN_0000001802,None,0.126,0.212,0.052,0.085,0.101,0
FRD_00000307,CUST_00000128,TXN_0000012092,None,0.214,0.285,0.155,0.315,0.021,0
FRD_00000308,CUST_00000144,TXN_0000013601,None,0.115,0.115,0.07,0.241,0.001,0
FRD_00000309,CUST_00000075,TXN_0000007118,None,0.083,0.082,0.034,0.191,0.0,0
FRD_00000310,CUST_00000457,TXN_0000043249,None,0.16,0.248,0.002,0.21,0.103,0
FRD_00000311,CUST_00000521,TXN_0000049361,Identity Theft / Synthetic ID,0.444,0.875,0.008,0.539,0.005,1
FRD_00000312,CUST_00000024,TXN_0000002212,None,0.118,0.113,0.013,0.297,0.006,0
FRD_00000313,CUST_00000901,TXN_0000085350,None,0.109,0.173,0.072,0.084,0.063,0
FRD_00000314,CUST_00000535,TXN_0000050658,None,0.109,0.124,0.041,0.197,0.04,0
FRD_00000315,CUST_00000711,TXN_0000067375,None,0.128,0.227,0.064,0.141,0.0,0
FRD_00000316,CUST_00000309,TXN_0000029227,None,0.209,0.357,0.114,0.246,0.0,0
FRD_00000317,CUST_00000549,TXN_0000052012,None,0.091,0.192,0.014,0.057,0.032,0
FRD_00000318,CUST_00000529,TXN_0000050069,None,0.09,0.081,0.093,0.15,0.03,0
FRD_00000319,CUST_00000507,TXN_0000048045,None,0.124,0.243,0.065,0.037,0.083,0
FRD_00000320,CUST_00000494,TXN_0000046782,None,0.177,0.315,0.009,0.251,0.01,0
FRD_00000321,CUST_00000213,TXN_0000020197,None,0.173,0.138,0.29,0.242,0.029,0
FRD_00000322,CUST_00000969,TXN_0000091825,None,0.139,0.357,0.02,0.031,0.013,0
FRD_00000323,CUST_00000676,TXN_0000064063,None,0.146,0.147,0.014,0.314,0.066,0
FRD_00000324,CUST_00000819,TXN_0000077605,None,0.166,0.142,0.121,0.268,0.123,0
FRD_00000325,CUST_00000368,TXN_0000034869,None,0.27,0.334,0.038,0.56,0.026,0
FRD_00000326,CUST_00000507,TXN_0000048067,None,0.228,0.207,0.287,0.39,0.004,0
FRD_00000327,CUST_00000060,TXN_0000005639,None,0.147,0.205,0.104,0.058,0.198,0
FRD_00000328,CUST_00000025,TXN_0000002340,None,0.082,0.147,0.104,0.018,0.024,0
FRD_00000329,CUST_00000537,TXN_0000050867,None,0.118,0.17,0.139,0.122,0.0,0
FRD_00000330,CUST_00000157,TXN_0000014832,None,0.152,0.232,0.258,0.022,0.068,0
FRD_00000331,CUST_00000100,TXN_0000009431,None,0.129,0.198,0.0,0.221,0.02,0
FRD_00000332,CUST_00000480,TXN_0000045493,None,0.124,0.153,0.003,0.159,0.153,0
FRD_00000333,CUST_00000901,TXN_0000085381,None,0.102,0.267,0.015,0.016,0.008,0
FRD_00000334,CUST_00000586,TXN_0000055493,None,0.073,0.049,0.092,0.126,0.032,0
FRD_00000335,CUST_00000129,TXN_0000012187,None,0.107,0.168,0.007,0.17,0.02,0
FRD_00000336,CUST_00000557,TXN_0000052743,None,0.287,0.274,0.077,0.698,0.005,0
FRD_00000337,CUST_00000951,TXN_0000090122,None,0.096,0.215,0.0,0.08,0.002,0
FRD_00000338,CUST_00000543,TXN_0000051385,UPI Phishing / Collect Request Fraud,0.336,0.924,0.026,0.03,0.001,1
FRD_00000339,CUST_00000042,TXN_0000003947,None,0.163,0.05,0.266,0.315,0.07,0
FRD_00000340,CUST_00000998,TXN_0000094553,None,0.216,0.351,0.245,0.176,0.001,0
FRD_00000341,CUST_00000046,TXN_0000004281,None,0.11,0.16,0.241,0.02,0.002,0
FRD_00000342,CUST_00000665,TXN_0000063010,None,0.103,0.112,0.12,0.16,0.0,0
FRD_00000343,CUST_00000443,TXN_0000041907,None,0.212,0.363,0.089,0.269,0.0,0
FRD_00000344,CUST_00000352,TXN_0000033284,None,0.154,0.093,0.012,0.462,0.017,0
FRD_00000345,CUST_00000325,TXN_0000030788,None,0.084,0.169,0.029,0.075,0.0,0
FRD_00000346,CUST_00000041,TXN_0000003790,None,0.043,0.084,0.004,0.039,0.013,0
FRD_00000347,CUST_00000803,TXN_0000076111,None,0.145,0.187,0.032,0.172,0.153,0
FRD_00000348,CUST_00000949,TXN_0000089912,None,0.238,0.326,0.086,0.405,0.028,0
FRD_00000349,CUST_00000744,TXN_0000070463,None,0.146,0.157,0.126,0.264,0.0,0
FRD_00000350,CUST_00000395,TXN_0000037355,None,0.077,0.191,0.003,0.037,0.002,0
FRD_00000351,CUST_00000682,TXN_0000064603,None,0.142,0.304,0.022,0.126,0.0,0
FRD_00000352,CUST_00000721,TXN_0000068256,None,0.196,0.165,0.203,0.28,0.139,0
FRD_00000353,CUST_00000375,TXN_0000035467,None,0.151,0.295,0.039,0.016,0.18,0
FRD_00000354,CUST_00000419,TXN_0000039691,None,0.1,0.234,0.009,0.059,0.01,0
FRD_00000355,CUST_00000084,TXN_0000007891,None,0.245,0.312,0.107,0.453,0.007,0
FRD_00000356,CUST_00000918,TXN_0000086992,None,0.15,0.156,0.077,0.153,0.21,0
FRD_00000357,CUST_00000763,TXN_0000072297,None,0.179,0.213,0.109,0.326,0.004,0
FRD_00000358,CUST_00000809,TXN_0000076629,None,0.104,0.233,0.079,0.024,0.001,0
FRD_00000359,CUST_00000109,TXN_0000010304,None,0.064,0.044,0.193,0.039,0.0,0
FRD_00000360,CUST_00000003,TXN_0000000266,None,0.085,0.117,0.046,0.138,0.0,0
FRD_00000361,CUST_00000555,TXN_0000052517,None,0.29,0.373,0.052,0.595,0.002,0
FRD_00000362,CUST_00000177,TXN_0000016815,None,0.111,0.179,0.025,0.172,0.0,0
FRD_00000363,CUST_00000613,TXN_0000058021,None,0.172,0.167,0.047,0.415,0.0,0
FRD_00000364,CUST_00000645,TXN_0000061138,None,0.068,0.168,0.029,0.013,0.001,0
FRD_00000365,CUST_00000798,TXN_0000075622,None,0.115,0.197,0.0,0.027,0.194,0
FRD_00000366,CUST_00000800,TXN_0000075837,None,0.207,0.332,0.093,0.047,0.3,0
FRD_00000367,CUST_00000746,TXN_0000070643,None,0.095,0.197,0.018,0.077,0.015,0
FRD_00000368,CUST_00000243,TXN_0000022993,None,0.09,0.196,0.069,0.018,0.014,0
FRD_00000369,CUST_00000546,TXN_0000051692,None,0.116,0.283,0.008,0.06,0.0,0
FRD_00000370,CUST_00000085,TXN_0000008054,None,0.161,0.308,0.049,0.164,0.013,0
FRD_00000371,CUST_00000331,TXN_0000031329,None,0.268,0.19,0.213,0.465,0.212,0
FRD_00000372,CUST_00000960,TXN_0000090895,None,0.222,0.262,0.007,0.513,0.005,0
FRD_00000373,CUST_00000174,TXN_0000016535,None,0.125,0.32,0.008,0.046,0.0,0
FRD_00000374,CUST_00000907,TXN_0000085939,None,0.101,0.112,0.081,0.101,0.101,0
FRD_00000375,CUST_00000499,TXN_0000047271,None,0.157,0.317,0.092,0.104,0.007,0
FRD_00000376,CUST_00000478,TXN_0000045251,None,0.117,0.161,0.013,0.023,0.263,0
FRD_00000377,CUST_00000826,TXN_0000078229,UPI Phishing / Collect Request Fraud,0.382,0.851,0.365,0.045,0.002,1
FRD_00000378,CUST_00000750,TXN_0000071078,None,0.222,0.292,0.102,0.385,0.016,0
FRD_00000379,CUST_00000132,TXN_0000012515,None,0.175,0.339,0.024,0.176,0.038,0
FRD_00000380,CUST_00000379,TXN_0000035905,None,0.137,0.214,0.03,0.219,0.008,0
FRD_00000381,CUST_00000686,TXN_0000064955,None,0.137,0.277,0.064,0.106,0.002,0
FRD_00000382,CUST_00000662,TXN_0000062716,None,0.219,0.122,0.498,0.306,0.0,0
FRD_00000383,CUST_00000207,TXN_0000019610,None,0.087,0.116,0.034,0.122,0.046,0
FRD_00000384,CUST_00000664,TXN_0000062940,None,0.05,0.133,0.001,0.006,0.008,0
FRD_00000385,CUST_00000352,TXN_0000033357,None,0.219,0.084,0.027,0.314,0.527,0
FRD_00000386,CUST_00000924,TXN_0000087557,None,0.122,0.078,0.011,0.333,0.045,0
FRD_00000387,CUST_00000854,TXN_0000080882,None,0.194,0.158,0.122,0.37,0.11,0
FRD_00000388,CUST_00000094,TXN_0000008857,None,0.164,0.26,0.254,0.079,0.014,0
FRD_00000389,CUST_00000035,TXN_0000003230,None,0.17,0.057,0.032,0.573,0.0,0
FRD_00000390,CUST_00000968,TXN_0000091674,None,0.188,0.196,0.175,0.298,0.049,0
FRD_00000391,CUST_00000459,TXN_0000043436,UPI Phishing / Collect Request Fraud,0.315,0.862,0.038,0.024,0.0,1
FRD_00000392,CUST_00000219,TXN_0000020739,None,0.069,0.138,0.075,0.019,0.003,0
FRD_00000393,CUST_00000978,TXN_0000092638,None,0.153,0.282,0.213,0.047,0.002,0
FRD_00000394,CUST_00000699,TXN_0000066185,None,0.129,0.254,0.15,0.038,0.004,0
FRD_00000395,CUST_00000788,TXN_0000074688,None,0.087,0.129,0.034,0.131,0.01,0
FRD_00000396,CUST_00000256,TXN_0000024186,None,0.176,0.122,0.002,0.431,0.125,0
FRD_00000397,CUST_00000755,TXN_0000071510,None,0.27,0.237,0.385,0.371,0.088,0
FRD_00000398,CUST_00000527,TXN_0000049897,None,0.104,0.279,0.022,0.009,0.0,0
FRD_00000399,CUST_00000906,TXN_0000085801,None,0.089,0.141,0.045,0.117,0.005,0
FRD_00000400,CUST_00000382,TXN_0000036210,None,0.165,0.335,0.011,0.114,0.084,0
FRD_00000401,CUST_00000077,TXN_0000007292,None,0.135,0.257,0.149,0.044,0.02,0
FRD_00000402,CUST_00000397,TXN_0000037561,None,0.102,0.267,0.005,0.03,0.002,0
FRD_00000403,CUST_00000804,TXN_0000076142,None,0.126,0.29,0.041,0.064,0.0,0
FRD_00000404,CUST_00000389,TXN_0000036779,None,0.088,0.218,0.006,0.044,0.0,0
FRD_00000405,CUST_00000816,TXN_0000077341,None,0.061,0.072,0.007,0.112,0.033,0
FRD_00000406,CUST_00000381,TXN_0000036029,None,0.253,0.359,0.006,0.425,0.098,0
FRD_00000407,CUST_00000970,TXN_0000091849,None,0.14,0.226,0.034,0.014,0.253,0
FRD_00000408,CUST_00000442,TXN_0000041825,None,0.067,0.073,0.058,0.119,0.0,0
FRD_00000409,CUST_00000718,TXN_0000068026,None,0.273,0.198,0.008,0.807,0.0,0
FRD_00000410,CUST_00000342,TXN_0000032346,None,0.088,0.114,0.031,0.167,0.0,0
FRD_00000411,CUST_00000573,TXN_0000054222,None,0.228,0.307,0.139,0.373,0.0,0
FRD_00000412,CUST_00000598,TXN_0000056652,None,0.143,0.271,0.161,0.064,0.0,0
FRD_00000413,CUST_00000629,TXN_0000059620,None,0.313,0.255,0.009,0.763,0.154,0
FRD_00000414,CUST_00000115,TXN_0000010931,None,0.084,0.103,0.036,0.161,0.001,0
FRD_00000415,CUST_00000258,TXN_0000024414,None,0.142,0.096,0.169,0.289,0.01,0
FRD_00000416,CUST_00000525,TXN_0000049759,None,0.157,0.211,0.169,0.186,0.015,0
FRD_00000417,CUST_00000323,TXN_0000030591,None,0.131,0.233,0.063,0.075,0.088,0
FRD_00000418,CUST_00000641,TXN_0000060738,None,0.103,0.178,0.144,0.045,0.001,0
FRD_00000419,CUST_00000033,TXN_0000003031,None,0.106,0.236,0.014,0.08,0.001,0
FRD_00000420,CUST_00000945,TXN_0000089537,None,0.198,0.069,0.377,0.393,0.0,0
FRD_00000421,CUST_00000587,TXN_0000055581,None,0.11,0.206,0.017,0.13,0.012,0
FRD_00000422,CUST_00000831,TXN_0000078772,None,0.118,0.171,0.149,0.112,0.0,0
FRD_00000423,CUST_00000931,TXN_0000088222,None,0.098,0.158,0.0,0.171,0.0,0
FRD_00000424,CUST_00000704,TXN_0000066713,None,0.136,0.141,0.106,0.12,0.178,0
FRD_00000425,CUST_00000800,TXN_0000075781,None,0.149,0.191,0.176,0.183,0.008,0
FRD_00000426,CUST_00000917,TXN_0000086894,None,0.115,0.047,0.012,0.277,0.134,0
FRD_00000427,CUST_00000106,TXN_0000009997,None,0.146,0.239,0.177,0.106,0.0,0
FRD_00000428,CUST_00000019,TXN_0000001715,None,0.25,0.312,0.27,0.172,0.219,0
FRD_00000429,CUST_00000884,TXN_0000083718,None,0.124,0.183,0.238,0.048,0.004,0
FRD_00000430,CUST_00000128,TXN_0000012074,None,0.106,0.223,0.028,0.059,0.04,0
FRD_00000431,CUST_00000945,TXN_0000089526,None,0.11,0.176,0.153,0.068,0.003,0
FRD_00000432,CUST_00000697,TXN_0000066050,None,0.072,0.127,0.001,0.087,0.03,0
FRD_00000433,CUST_00000228,TXN_0000021563,None,0.08,0.038,0.252,0.067,0.0,0
FRD_00000434,CUST_00000991,TXN_0000093906,None,0.246,0.33,0.229,0.327,0.015,0
FRD_00000435,CUST_00000087,TXN_0000008230,None,0.139,0.147,0.001,0.351,0.0,0
FRD_00000436,CUST_00000507,TXN_0000048047,None,0.106,0.138,0.062,0.153,0.033,0
FRD_00000437,CUST_00000896,TXN_0000084842,None,0.106,0.078,0.25,0.031,0.106,0
FRD_00000438,CUST_00000465,TXN_0000044094,None,0.182,0.084,0.185,0.464,0.0,0
FRD_00000439,CUST_00000966,TXN_0000091476,None,0.121,0.097,0.006,0.338,0.006,0
FRD_00000440,CUST_00000911,TXN_0000086298,None,0.187,0.208,0.049,0.416,0.004,0
FRD_00000441,CUST_00000408,TXN_0000038612,None,0.237,0.363,0.001,0.428,0.012,0
FRD_00000442,CUST_00000228,TXN_0000021593,None,0.041,0.074,0.041,0.027,0.0,0
FRD_00000443,CUST_00000685,TXN_0000064899,None,0.04,0.079,0.053,0.007,0.001,0
FRD_00000444,CUST_00000875,TXN_0000082867,None,0.226,0.181,0.098,0.284,0.36,0
FRD_00000445,CUST_00000254,TXN_0000024066,None,0.194,0.217,0.349,0.176,0.021,0
FRD_00000446,CUST_00000358,TXN_0000033887,None,0.106,0.173,0.036,0.15,0.002,0
FRD_00000447,CUST_00000768,TXN_0000072761,None,0.053,0.11,0.028,0.037,0.0,0
FRD_00000448,CUST_00000238,TXN_0000022530,None,0.135,0.169,0.14,0.148,0.055,0
FRD_00000449,CUST_00000639,TXN_0000060490,None,0.164,0.335,0.07,0.132,0.0,0
FRD_00000450,CUST_00000692,TXN_0000065535,None,0.212,0.191,0.069,0.385,0.178,0
FRD_00000451,CUST_00000914,TXN_0000086602,None,0.179,0.314,0.01,0.267,0.0,0
FRD_00000452,CUST_00000807,TXN_0000076446,None,0.247,0.325,0.022,0.513,0.002,0
FRD_00000453,CUST_00000213,TXN_0000020155,None,0.159,0.243,0.045,0.168,0.116,0
FRD_00000454,CUST_00000044,TXN_0000004082,None,0.121,0.13,0.021,0.185,0.125,0
FRD_00000455,CUST_00000983,TXN_0000093087,None,0.165,0.056,0.032,0.251,0.382,0
FRD_00000456,CUST_00000992,TXN_0000093921,None,0.104,0.269,0.018,0.023,0.003,0
FRD_00000457,CUST_00000389,TXN_0000036811,None,0.204,0.293,0.178,0.251,0.015,0
FRD_00000458,CUST_00000973,TXN_0000092156,None,0.121,0.219,0.0,0.132,0.059,0
FRD_00000459,CUST_00000983,TXN_0000093138,None,0.049,0.097,0.0,0.059,0.0,0
FRD_00000460,CUST_00000413,TXN_0000039140,None,0.207,0.358,0.15,0.207,0.002,0
FRD_00000461,CUST_00000684,TXN_0000064842,UPI Phishing / Collect Request Fraud,0.411,1.0,0.0,0.244,0.0,1
FRD_00000462,CUST_00000492,TXN_0000046594,None,0.218,0.292,0.077,0.4,0.0,0
FRD_00000463,CUST_00000104,TXN_0000009831,None,0.204,0.126,0.292,0.404,0.0,0
FRD_00000464,CUST_00000411,TXN_0000038954,None,0.134,0.202,0.03,0.101,0.162,0
FRD_00000465,CUST_00000957,TXN_0000090686,None,0.141,0.179,0.0,0.215,0.124,0
FRD_00000466,CUST_00000292,TXN_0000027612,None,0.13,0.209,0.157,0.101,0.0,0
FRD_00000467,CUST_00000494,TXN_0000046781,None,0.095,0.231,0.0,0.056,0.0,0
FRD_00000468,CUST_00000098,TXN_0000009235,None,0.124,0.263,0.005,0.059,0.08,0
FRD_00000469,CUST_00000276,TXN_0000026123,None,0.134,0.164,0.025,0.179,0.135,0
FRD_00000470,CUST_00000643,TXN_0000060909,None,0.16,0.229,0.271,0.103,0.0,0
FRD_00000471,CUST_00000846,TXN_0000080130,None,0.14,0.323,0.066,0.052,0.002,0
FRD_00000472,CUST_00000512,TXN_0000048473,None,0.19,0.311,0.006,0.311,0.009,0
FRD_00000473,CUST_00000693,TXN_0000065659,None,0.133,0.164,0.162,0.148,0.033,0
FRD_00000474,CUST_00000777,TXN_0000073604,None,0.088,0.152,0.088,0.021,0.059,0
FRD_00000475,CUST_00000190,TXN_0000018046,None,0.099,0.15,0.011,0.169,0.009,0
FRD_00000476,CUST_00000646,TXN_0000061155,None,0.224,0.273,0.017,0.501,0.001,0
FRD_00000477,CUST_00000791,TXN_0000074940,None,0.179,0.351,0.001,0.224,0.0,0
FRD_00000478,CUST_00000662,TXN_0000062688,None,0.233,0.297,0.02,0.335,0.209,0
FRD_00000479,CUST_00000623,TXN_0000059000,None,0.103,0.189,0.035,0.081,0.05,0
FRD_00000480,CUST_00000477,TXN_0000045235,None,0.116,0.254,0.028,0.086,0.0,0
FRD_00000481,CUST_00000577,TXN_0000054633,None,0.151,0.234,0.217,0.027,0.094,0
FRD_00000482,CUST_00000107,TXN_0000010103,None,0.227,0.323,0.06,0.405,0.001,0
FRD_00000483,CUST_00000952,TXN_0000090164,None,0.268,0.247,0.031,0.701,0.001,0
FRD_00000484,CUST_00000045,TXN_0000004250,None,0.212,0.165,0.021,0.491,0.134,0
FRD_00000485,CUST_00000508,TXN_0000048133,None,0.076,0.183,0.025,0.022,0.009,0
FRD_00000486,CUST_00000479,TXN_0000045402,None,0.167,0.234,0.16,0.189,0.031,0
FRD_00000487,CUST_00000748,TXN_0000070843,None,0.161,0.291,0.07,0.155,0.033,0
FRD_00000488,CUST_00000814,TXN_0000077103,None,0.102,0.257,0.007,0.034,0.01,0
FRD_00000489,CUST_00000379,TXN_0000035841,None,0.059,0.145,0.022,0.014,0.001,0
FRD_00000490,CUST_00000514,TXN_0000048659,None,0.102,0.176,0.192,0.006,0.001,0
FRD_00000491,CUST_00000120,TXN_0000011373,None,0.214,0.262,0.09,0.404,0.016,0
FRD_00000492,CUST_00000435,TXN_0000041173,None,0.162,0.267,0.064,0.212,0.015,0
FRD_00000493,CUST_00000055,TXN_0000005216,None,0.098,0.201,0.01,0.103,0.0,0
FRD_00000494,CUST_00000552,TXN_0000052258,None,0.183,0.32,0.135,0.171,0.005,0
FRD_00000495,CUST_00000915,TXN_0000086642,None,0.147,0.099,0.02,0.434,0.0,0
FRD_00000496,CUST_00000437,TXN_0000041409,None,0.303,0.359,0.04,0.676,0.003,0
FRD_00000497,CUST_00000314,TXN_0000029763,None,0.111,0.242,0.007,0.098,0.0,0
FRD_00000498,CUST_00000836,TXN_0000079217,None,0.171,0.132,0.31,0.248,0.002,0
FRD_00000499,CUST_00000715,TXN_0000067731,None,0.19,0.314,0.089,0.25,0.0,0
FRD_00000500,CUST_00000916,TXN_0000086751,None,0.125,0.158,0.111,0.173,0.021,0
FRD_00000501,CUST_00000135,TXN_0000012752,None,0.134,0.26,0.003,0.168,0.0,0
FRD_00000502,CUST_00000173,TXN_0000016370,None,0.244,0.053,0.191,0.591,0.199,0
FRD_00000503,CUST_00000001,TXN_0000000071,None,0.168,0.262,0.198,0.146,0.003,0
FRD_00000504,CUST_00000945,TXN_0000089513,None,0.152,0.195,0.045,0.298,0.0,0
FRD_00000505,CUST_00000173,TXN_0000016394,None,0.174,0.342,0.063,0.051,0.147,0
FRD_00000506,CUST_00000246,TXN_0000023289,None,0.144,0.173,0.074,0.265,0.012,0
FRD_00000507,CUST_00000735,TXN_0000069584,None,0.2,0.259,0.031,0.404,0.01,0
FRD_00000508,CUST_00000322,TXN_0000030513,None,0.155,0.203,0.088,0.265,0.0,0
FRD_00000509,CUST_00000823,TXN_0000077939,None,0.152,0.156,0.437,0.038,0.001,0
FRD_00000510,CUST_00000674,TXN_0000063836,None,0.113,0.145,0.03,0.106,0.151,0
FRD_00000511,CUST_00000700,TXN_0000066330,None,0.113,0.087,0.27,0.105,0.01,0
FRD_00000512,CUST_00000881,TXN_0000083380,None,0.172,0.234,0.222,0.12,0.078,0
FRD_00000513,CUST_00000369,TXN_0000034963,None,0.085,0.209,0.026,0.026,0.0,0
FRD_00000514,CUST_00000096,TXN_0000009052,None,0.114,0.232,0.138,0.02,0.0,0
FRD_00000515,CUST_00000484,TXN_0000045836,None,0.102,0.135,0.072,0.143,0.024,0
FRD_00000516,CUST_00000965,TXN_0000091376,None,0.096,0.209,0.0,0.087,0.005,0
FRD_00000517,CUST_00000762,TXN_0000072199,None,0.167,0.118,0.037,0.473,0.001,0
FRD_00000518,CUST_00000472,TXN_0000044724,None,0.139,0.191,0.29,0.055,0.004,0
FRD_00000519,CUST_00000503,TXN_0000047641,None,0.075,0.173,0.037,0.011,0.02,0
FRD_00000520,CUST_00000243,TXN_0000022960,None,0.131,0.267,0.035,0.122,0.0,0
FRD_00000521,CUST_00000328,TXN_0000031072,None,0.091,0.165,0.038,0.086,0.023,0
FRD_00000522,CUST_00000377,TXN_0000035744,None,0.212,0.183,0.092,0.517,0.001,0
FRD_00000523,CUST_00000307,TXN_0000029051,None,0.111,0.142,0.027,0.224,0.001,0
FRD_00000524,CUST_00000775,TXN_0000073431,None,0.08,0.166,0.035,0.053,0.008,0
FRD_00000525,CUST_00000631,TXN_0000059799,None,0.068,0.15,0.013,0.026,0.032,0
FRD_00000526,CUST_00000863,TXN_0000081691,None,0.166,0.184,0.029,0.382,0.001,0
FRD_00000527,CUST_00000088,TXN_0000008271,None,0.121,0.285,0.024,0.064,0.0,0
FRD_00000528,CUST_00000424,TXN_0000040134,None,0.118,0.172,0.206,0.043,0.029,0
FRD_00000529,CUST_00000338,TXN_0000031999,None,0.076,0.156,0.056,0.025,0.019,0
FRD_00000530,CUST_00000720,TXN_0000068203,None,0.152,0.125,0.267,0.22,0.001,0
FRD_00000531,CUST_00000493,TXN_0000046680,None,0.16,0.175,0.039,0.362,0.002,0
FRD_00000532,CUST_00000594,TXN_0000056240,None,0.251,0.317,0.184,0.413,0.0,0
FRD_00000533,CUST_00000649,TXN_0000061515,None,0.21,0.315,0.407,0.061,0.014,0
FRD_00000534,CUST_00000888,TXN_0000084120,None,0.061,0.145,0.037,0.011,0.001,0
FRD_00000535,CUST_00000283,TXN_0000026822,None,0.184,0.336,0.046,0.227,0.0,0
FRD_00000536,CUST_00000548,TXN_0000051874,None,0.159,0.187,0.071,0.27,0.061,0
FRD_00000537,CUST_00000173,TXN_0000016383,None,0.227,0.112,0.301,0.495,0.019,0
FRD_00000538,CUST_00000226,TXN_0000021429,None,0.156,0.231,0.234,0.114,0.0,0
FRD_00000539,CUST_00000647,TXN_0000061343,None,0.1,0.027,0.094,0.286,0.001,0
FRD_00000540,CUST_00000904,TXN_0000085637,UPI Phishing / Collect Request Fraud,0.405,0.861,0.164,0.285,0.0,1
FRD_00000541,CUST_00000546,TXN_0000051706,None,0.103,0.137,0.102,0.129,0.012,0
FRD_00000542,CUST_00000115,TXN_0000010853,None,0.107,0.036,0.291,0.141,0.004,0
FRD_00000543,CUST_00000068,TXN_0000006427,None,0.11,0.16,0.013,0.203,0.002,0
FRD_00000544,CUST_00000255,TXN_0000024165,None,0.106,0.026,0.037,0.345,0.014,0
FRD_00000545,CUST_00000269,TXN_0000025470,None,0.142,0.202,0.027,0.264,0.0,0
FRD_00000546,CUST_00000676,TXN_0000064046,None,0.124,0.158,0.0,0.275,0.0,0
FRD_00000547,CUST_00000336,TXN_0000031862,None,0.178,0.211,0.004,0.401,0.015,0
FRD_00000548,CUST_00000044,TXN_0000004073,None,0.189,0.254,0.022,0.297,0.105,0
FRD_00000549,CUST_00000497,TXN_0000047071,None,0.047,0.118,0.024,0.005,0.0,0
FRD_00000550,CUST_00000762,TXN_0000072187,None,0.126,0.103,0.065,0.308,0.0,0
FRD_00000551,CUST_00000819,TXN_0000077603,None,0.196,0.054,0.126,0.25,0.446,0
FRD_00000552,CUST_00000663,TXN_0000062766,None,0.123,0.218,0.029,0.156,0.009,0
FRD_00000553,CUST_00000911,TXN_0000086311,None,0.092,0.116,0.051,0.157,0.009,0
FRD_00000554,CUST_00000600,TXN_0000056871,None,0.116,0.04,0.016,0.394,0.001,0
FRD_00000555,CUST_00000890,TXN_0000084315,None,0.02,0.053,0.0,0.004,0.0,0
FRD_00000556,CUST_00000566,TXN_0000053602,Identity Theft / Synthetic ID,0.337,0.948,0.021,0.006,0.0,1
FRD_00000557,CUST_00000113,TXN_0000010657,None,0.108,0.146,0.005,0.213,0.015,0
FRD_00000558,CUST_00000040,TXN_0000003712,None,0.155,0.195,0.0,0.323,0.032,0
FRD_00000559,CUST_00000091,TXN_0000008543,None,0.13,0.047,0.111,0.367,0.0,0
FRD_00000560,CUST_00000817,TXN_0000077357,None,0.16,0.221,0.215,0.133,0.033,0
FRD_00000561,CUST_00000498,TXN_0000047141,None,0.218,0.193,0.379,0.298,0.002,0
FRD_00000562,CUST_00000892,TXN_0000084511,None,0.137,0.304,0.128,0.013,0.01,0
FRD_00000563,CUST_00000197,TXN_0000018671,None,0.11,0.081,0.066,0.273,0.001,0
FRD_00000564,CUST_00000023,TXN_0000002108,None,0.178,0.266,0.288,0.107,0.004,0
FRD_00000565,CUST_00000917,TXN_0000086836,None,0.154,0.244,0.281,0.048,0.0,0
FRD_00000566,CUST_00000086,TXN_0000008116,None,0.18,0.288,0.066,0.255,0.009,0
FRD_00000567,CUST_00000800,TXN_0000075763,None,0.108,0.242,0.033,0.066,0.0,0
FRD_00000568,CUST_00000124,TXN_0000011681,None,0.118,0.285,0.0,0.03,0.053,0
FRD_00000569,CUST_00000614,TXN_0000058119,None,0.071,0.126,0.091,0.034,0.0,0
FRD_00000570,CUST_00000390,TXN_0000036931,None,0.132,0.177,0.295,0.039,0.008,0
FRD_00000571,CUST_00000640,TXN_0000060645,None,0.18,0.077,0.11,0.376,0.186,0
FRD_00000572,CUST_00000100,TXN_0000009482,None,0.209,0.354,0.284,0.11,0.002,0
FRD_00000573,CUST_00000990,TXN_0000093766,None,0.174,0.15,0.118,0.366,0.031,0
FRD_00000574,CUST_00000958,TXN_0000090705,None,0.133,0.299,0.045,0.071,0.009,0
FRD_00000575,CUST_00000517,TXN_0000048956,None,0.185,0.221,0.013,0.421,0.001,0
FRD_00000576,CUST_00000051,TXN_0000004812,None,0.134,0.26,0.085,0.103,0.001,0
FRD_00000577,CUST_00000176,TXN_0000016681,None,0.083,0.172,0.062,0.043,0.0,0
FRD_00000578,CUST_00000760,TXN_0000072015,None,0.159,0.19,0.287,0.136,0.004,0
FRD_00000579,CUST_00000642,TXN_0000060838,None,0.141,0.117,0.484,0.011,0.001,0
FRD_00000580,CUST_00000749,TXN_0000070941,UPI Phishing / Collect Request Fraud,0.429,0.934,0.014,0.394,0.004,1
FRD_00000581,CUST_00000455,TXN_0000043056,None,0.18,0.126,0.156,0.418,0.001,0
FRD_00000582,CUST_00000358,TXN_0000033883,None,0.228,0.151,0.391,0.386,0.001,0
FRD_00000583,CUST_00000809,TXN_0000076662,None,0.094,0.208,0.051,0.02,0.029,0
FRD_00000584,CUST_00000948,TXN_0000089778,None,0.056,0.11,0.012,0.06,0.0,0
FRD_00000585,CUST_00000241,TXN_0000022781,None,0.182,0.347,0.001,0.183,0.072,0
FRD_00000586,CUST_00000142,TXN_0000013444,None,0.118,0.05,0.011,0.366,0.034,0
FRD_00000587,CUST_00000708,TXN_0000067081,None,0.212,0.33,0.186,0.194,0.054,0
FRD_00000588,CUST_00000549,TXN_0000051995,None,0.154,0.268,0.17,0.084,0.026,0
FRD_00000589,CUST_00000011,TXN_0000000981,None,0.152,0.355,0.081,0.017,0.039,0
FRD_00000590,CUST_00000843,TXN_0000079806,None,0.1,0.046,0.254,0.073,0.076,0
FRD_00000591,CUST_00000753,TXN_0000071382,None,0.067,0.113,0.084,0.036,0.008,0
FRD_00000592,CUST_00000319,TXN_0000030212,None,0.287,0.146,0.521,0.406,0.153,0
FRD_00000593,CUST_00000426,TXN_0000040363,None,0.236,0.231,0.149,0.494,0.007,0
FRD_00000594,CUST_00000245,TXN_0000023160,None,0.254,0.185,0.003,0.64,0.143,0
FRD_00000595,CUST_00000706,TXN_0000066869,None,0.119,0.121,0.127,0.176,0.038,0
FRD_00000596,CUST_00000261,TXN_0000024650,None,0.114,0.243,0.057,0.068,0.002,0
FRD_00000597,CUST_00000252,TXN_0000023823,None,0.108,0.083,0.019,0.272,0.038,0
FRD_00000598,CUST_00000565,TXN_0000053516,None,0.163,0.298,0.002,0.061,0.213,0
FRD_00000599,CUST_00000739,TXN_0000069973,None,0.276,0.332,0.016,0.59,0.044,0
FRD_00000600,CUST_00000626,TXN_0000059308,None,0.178,0.284,0.028,0.285,0.011,0
FRD_00000601,CUST_00000257,TXN_0000024329,None,0.078,0.142,0.026,0.003,0.11,0
FRD_00000602,CUST_00000931,TXN_0000088131,None,0.16,0.255,0.084,0.199,0.023,0
FRD_00000603,CUST_00000580,TXN_0000054909,UPI Phishing / Collect Request Fraud,0.369,0.987,0.004,0.047,0.053,1
FRD_00000604,CUST_00000832,TXN_0000078840,None,0.183,0.366,0.036,0.192,0.0,0
FRD_00000605,CUST_00000322,TXN_0000030459,None,0.08,0.102,0.017,0.126,0.049,0
FRD_00000606,CUST_00000076,TXN_0000007145,None,0.127,0.243,0.107,0.043,0.049,0
FRD_00000607,CUST_00000172,TXN_0000016324,None,0.167,0.18,0.073,0.359,0.0,0
FRD_00000608,CUST_00000398,TXN_0000037689,None,0.138,0.106,0.032,0.374,0.007,0
FRD_00000609,CUST_00000604,TXN_0000057193,None,0.126,0.271,0.086,0.045,0.011,0
FRD_00000610,CUST_00000393,TXN_0000037156,None,0.14,0.119,0.014,0.276,0.131,0
FRD_00000611,CUST_00000506,TXN_0000047963,None,0.115,0.093,0.093,0.256,0.0,0
FRD_00000612,CUST_00000131,TXN_0000012388,None,0.091,0.16,0.0,0.14,0.0,0
FRD_00000613,CUST_00000747,TXN_0000070771,None,0.15,0.211,0.052,0.155,0.135,0
FRD_00000614,CUST_00000919,TXN_0000087105,None,0.212,0.264,0.002,0.429,0.058,0
FRD_00000615,CUST_00000075,TXN_0000007056,None,0.218,0.296,0.026,0.435,0.002,0
FRD_00000616,CUST_00000868,TXN_0000082203,None,0.064,0.139,0.04,0.02,0.014,0
FRD_00000617,CUST_00000654,TXN_0000061980,None,0.121,0.21,0.009,0.04,0.178,0
FRD_00000618,CUST_00000184,TXN_0000017450,None,0.143,0.115,0.074,0.352,0.0,0
FRD_00000619,CUST_00000122,TXN_0000011500,None,0.17,0.205,0.098,0.271,0.054,0
FRD_00000620,CUST_00000428,TXN_0000040544,None,0.08,0.119,0.002,0.067,0.108,0
FRD_00000621,CUST_00000026,TXN_0000002437,None,0.061,0.038,0.011,0.175,0.008,0
FRD_00000622,CUST_00000954,TXN_0000090333,None,0.124,0.051,0.259,0.208,0.012,0
FRD_00000623,CUST_00000453,TXN_0000042884,None,0.192,0.243,0.033,0.336,0.081,0
FRD_00000624,CUST_00000479,TXN_0000045363,None,0.121,0.301,0.0,0.015,0.061,0
FRD_00000625,CUST_00000681,TXN_0000064555,None,0.06,0.117,0.069,0.021,0.0,0
FRD_00000626,CUST_00000096,TXN_0000009031,None,0.118,0.217,0.001,0.168,0.0,0
FRD_00000627,CUST_00000768,TXN_0000072775,None,0.317,0.319,0.0,0.704,0.148,0
FRD_00000628,CUST_00000283,TXN_0000026773,None,0.181,0.257,0.035,0.326,0.013,0
FRD_00000629,CUST_00000117,TXN_0000011044,None,0.106,0.202,0.069,0.086,0.001,0
FRD_00000630,CUST_00000625,TXN_0000059240,None,0.131,0.165,0.016,0.085,0.246,0
FRD_00000631,CUST_00000403,TXN_0000038164,None,0.269,0.2,0.0,0.505,0.366,0
FRD_00000632,CUST_00000969,TXN_0000091820,None,0.098,0.243,0.046,0.016,0.0,0
FRD_00000633,CUST_00000464,TXN_0000044006,None,0.128,0.197,0.065,0.108,0.097,0
FRD_00000634,CUST_00000526,TXN_0000049835,None,0.187,0.163,0.015,0.502,0.008,0
FRD_00000635,CUST_00000203,TXN_0000019211,None,0.083,0.169,0.076,0.033,0.0,0
FRD_00000636,CUST_00000173,TXN_0000016410,None,0.102,0.172,0.038,0.018,0.148,0
FRD_00000637,CUST_00000739,TXN_0000070020,None,0.116,0.163,0.15,0.115,0.0,0
FRD_00000638,CUST_00000780,TXN_0000073883,None,0.227,0.289,0.0,0.503,0.001,0
FRD_00000639,CUST_00000591,TXN_0000055918,None,0.235,0.255,0.051,0.398,0.182,0
FRD_00000640,CUST_00000694,TXN_0000065762,None,0.153,0.313,0.106,0.09,0.0,0
FRD_00000641,CUST_00000285,TXN_0000026937,None,0.069,0.156,0.031,0.024,0.009,0
FRD_00000642,CUST_00000312,TXN_0000029504,None,0.096,0.086,0.003,0.252,0.01,0
FRD_00000643,CUST_00000536,TXN_0000050731,None,0.358,0.303,0.346,0.576,0.196,0
FRD_00000644,CUST_00000596,TXN_0000056484,None,0.155,0.181,0.04,0.317,0.022,0
FRD_00000645,CUST_00000810,TXN_0000076687,None,0.254,0.318,0.201,0.387,0.03,0
FRD_00000646,CUST_00000170,TXN_0000016132,None,0.215,0.325,0.094,0.282,0.06,0
FRD_00000647,CUST_00000972,TXN_0000092100,None,0.142,0.118,0.023,0.384,0.0,0
FRD_00000648,CUST_00000242,TXN_0000022894,None,0.183,0.287,0.405,0.003,0.006,0
FRD_00000649,CUST_00000279,TXN_0000026405,None,0.168,0.245,0.043,0.291,0.003,0
FRD_00000650,CUST_00000069,TXN_0000006530,None,0.233,0.365,0.013,0.401,0.013,0
FRD_00000651,CUST_00000906,TXN_0000085855,None,0.172,0.03,0.03,0.379,0.302,0
FRD_00000652,CUST_00000240,TXN_0000022730,None,0.077,0.115,0.015,0.135,0.0,0
FRD_00000653,CUST_00000241,TXN_0000022794,None,0.184,0.27,0.261,0.14,0.011,0
FRD_00000654,CUST_00000864,TXN_0000081818,None,0.192,0.161,0.0,0.5,0.054,0
FRD_00000655,CUST_00000148,TXN_0000013974,None,0.209,0.14,0.022,0.548,0.094,0
FRD_00000656,CUST_00000154,TXN_0000014553,None,0.213,0.289,0.16,0.314,0.008,0
FRD_00000657,CUST_00000350,TXN_0000033141,None,0.149,0.158,0.104,0.279,0.014,0
FRD_00000658,CUST_00000480,TXN_0000045477,None,0.132,0.292,0.068,0.055,0.013,0
FRD_00000659,CUST_00000705,TXN_0000066748,None,0.191,0.327,0.001,0.302,0.004,0
FRD_00000660,CUST_00000126,TXN_0000011864,None,0.171,0.318,0.045,0.054,0.188,0
FRD_00000661,CUST_00000833,TXN_0000078888,None,0.114,0.226,0.001,0.137,0.002,0
FRD_00000662,CUST_00000111,TXN_0000010508,None,0.128,0.269,0.063,0.001,0.107,0
FRD_00000663,CUST_00000932,TXN_0000088268,None,0.07,0.143,0.046,0.026,0.023,0
FRD_00000664,CUST_00000213,TXN_0000020131,None,0.13,0.273,0.048,0.089,0.013,0
FRD_00000665,CUST_00000842,TXN_0000079773,None,0.047,0.124,0.015,0.0,0.001,0
FRD_00000666,CUST_00000290,TXN_0000027418,None,0.136,0.166,0.146,0.126,0.086,0
FRD_00000667,CUST_00000522,TXN_0000049414,None,0.148,0.195,0.0,0.311,0.01,0
FRD_00000668,CUST_00000543,TXN_0000051418,Identity Theft / Synthetic ID,0.422,0.881,0.357,0.1,0.085,1
FRD_00000669,CUST_00000455,TXN_0000043084,None,0.203,0.15,0.145,0.449,0.048,0
FRD_00000670,CUST_00000726,TXN_0000068754,None,0.076,0.135,0.072,0.042,0.018,0
FRD_00000671,CUST_00000527,TXN_0000049899,None,0.177,0.153,0.086,0.013,0.513,0
FRD_00000672,CUST_00000374,TXN_0000035373,None,0.125,0.288,0.1,0.015,0.001,0
FRD_00000673,CUST_00000287,TXN_0000027177,None,0.073,0.058,0.0,0.202,0.011,0
FRD_00000674,CUST_00000696,TXN_0000065933,None,0.156,0.256,0.026,0.246,0.0,0
FRD_00000675,CUST_00000784,TXN_0000074268,None,0.134,0.152,0.101,0.102,0.178,0
FRD_00000676,CUST_00000228,TXN_0000021599,None,0.195,0.152,0.205,0.344,0.073,0
FRD_00000677,CUST_00000919,TXN_0000087037,None,0.154,0.283,0.137,0.109,0.0,0
FRD_00000678,CUST_00000904,TXN_0000085655,Identity Theft / Synthetic ID,0.381,0.958,0.005,0.164,0.018,1
FRD_00000679,CUST_00000311,TXN_0000029479,None,0.056,0.152,0.004,0.007,0.0,0
FRD_00000680,CUST_00000747,TXN_0000070773,None,0.123,0.201,0.152,0.088,0.002,0
FRD_00000681,CUST_00000256,TXN_0000024184,None,0.132,0.266,0.183,0.009,0.001,0
FRD_00000682,CUST_00000719,TXN_0000068089,None,0.065,0.127,0.018,0.069,0.0,0
FRD_00000683,CUST_00000710,TXN_0000067287,None,0.157,0.211,0.011,0.162,0.204,0
FRD_00000684,CUST_00000116,TXN_0000010981,None,0.231,0.259,0.135,0.443,0.015,0
FRD_00000685,CUST_00000431,TXN_0000040782,None,0.23,0.184,0.016,0.625,0.029,0
FRD_00000686,CUST_00000543,TXN_0000051410,Account Takeover (ATO),0.418,0.871,0.459,0.059,0.035,1
FRD_00000687,CUST_00000998,TXN_0000094552,None,0.107,0.18,0.0,0.173,0.004,0
FRD_00000688,CUST_00000080,TXN_0000007573,None,0.218,0.243,0.008,0.524,0.001,0
FRD_00000689,CUST_00000425,TXN_0000040250,None,0.137,0.254,0.116,0.079,0.028,0
FRD_00000690,CUST_00000658,TXN_0000062334,None,0.137,0.318,0.035,0.075,0.002,0
FRD_00000691,CUST_00000075,TXN_0000007113,None,0.195,0.329,0.048,0.186,0.119,0
FRD_00000692,CUST_00000160,TXN_0000015123,None,0.234,0.187,0.381,0.281,0.113,0
FRD_00000693,CUST_00000917,TXN_0000086866,None,0.159,0.247,0.035,0.261,0.0,0
FRD_00000694,CUST_00000517,TXN_0000048943,None,0.173,0.365,0.028,0.149,0.012,0
FRD_00000695,CUST_00000360,TXN_0000034110,Account Takeover (ATO),0.384,0.858,0.098,0.101,0.192,1
FRD_00000696,CUST_00000886,TXN_0000083869,None,0.071,0.156,0.017,0.027,0.031,0
FRD_00000697,CUST_00000775,TXN_0000073381,None,0.104,0.238,0.001,0.081,0.0,0
FRD_00000698,CUST_00000202,TXN_0000019091,None,0.155,0.284,0.135,0.103,0.013,0
FRD_00000699,CUST_00000467,TXN_0000044268,None,0.161,0.055,0.02,0.548,0.002,0
FRD_00000700,CUST_00000197,TXN_0000018714,None,0.224,0.247,0.051,0.467,0.052,0
FRD_00000701,CUST_00000200,TXN_0000018995,None,0.119,0.243,0.0,0.122,0.018,0
FRD_00000702,CUST_00000606,TXN_0000057377,None,0.061,0.102,0.071,0.035,0.012,0
FRD_00000703,CUST_00000292,TXN_0000027593,None,0.22,0.198,0.233,0.355,0.077,0
FRD_00000704,CUST_00000013,TXN_0000001166,None,0.285,0.303,0.015,0.613,0.116,0
FRD_00000705,CUST_00000728,TXN_0000068943,None,0.241,0.367,0.069,0.329,0.081,0
FRD_00000706,CUST_00000795,TXN_0000075338,None,0.168,0.332,0.254,0.004,0.0,0
FRD_00000707,CUST_00000152,TXN_0000014362,None,0.234,0.209,0.188,0.396,0.121,0
FRD_00000708,CUST_00000173,TXN_0000016393,None,0.115,0.16,0.012,0.224,0.005,0
FRD_00000709,CUST_00000656,TXN_0000062162,None,0.162,0.234,0.113,0.188,0.054,0
FRD_00000710,CUST_00000856,TXN_0000081075,None,0.194,0.287,0.005,0.357,0.016,0
FRD_00000711,CUST_00000704,TXN_0000066739,None,0.126,0.226,0.007,0.139,0.052,0
FRD_00000712,CUST_00000673,TXN_0000063792,None,0.089,0.212,0.014,0.049,0.0,0
FRD_00000713,CUST_00000990,TXN_0000093777,None,0.209,0.146,0.0,0.56,0.089,0
FRD_00000714,CUST_00000480,TXN_0000045523,None,0.057,0.022,0.006,0.183,0.01,0
FRD_00000715,CUST_00000060,TXN_0000005670,None,0.149,0.276,0.238,0.012,0.008,0
FRD_00000716,CUST_00000465,TXN_0000044012,None,0.122,0.235,0.05,0.102,0.02,0
FRD_00000717,CUST_00000925,TXN_0000087618,None,0.1,0.17,0.009,0.15,0.008,0
FRD_00000718,CUST_00000203,TXN_0000019246,None,0.138,0.345,0.012,0.058,0.001,0
FRD_00000719,CUST_00000359,TXN_0000034008,None,0.092,0.132,0.007,0.176,0.003,0
FRD_00000720,CUST_00000466,TXN_0000044104,None,0.128,0.207,0.094,0.075,0.092,0
FRD_00000721,CUST_00000245,TXN_0000023212,None,0.117,0.183,0.191,0.056,0.002,0
FRD_00000722,CUST_00000823,TXN_0000077975,None,0.083,0.219,0.012,0.01,0.006,0
FRD_00000723,CUST_00000371,TXN_0000035115,None,0.188,0.226,0.156,0.309,0.0,0
FRD_00000724,CUST_00000210,TXN_0000019912,Identity Theft / Synthetic ID,0.381,0.908,0.058,0.201,0.007,1
FRD_00000725,CUST_00000869,TXN_0000082304,None,0.136,0.356,0.004,0.044,0.0,0
FRD_00000726,CUST_00000605,TXN_0000057307,None,0.155,0.274,0.0,0.234,0.002,0
FRD_00000727,CUST_00000341,TXN_0000032274,None,0.16,0.287,0.222,0.058,0.002,0
FRD_00000728,CUST_00000653,TXN_0000061884,None,0.188,0.259,0.219,0.203,0.012,0
FRD_00000729,CUST_00000529,TXN_0000050093,None,0.128,0.125,0.005,0.318,0.021,0
FRD_00000730,CUST_00000535,TXN_0000050632,None,0.141,0.125,0.137,0.261,0.021,0
FRD_00000731,CUST_00000755,TXN_0000071547,None,0.223,0.2,0.005,0.497,0.138,0
FRD_00000732,CUST_00000888,TXN_0000084143,None,0.2,0.352,0.272,0.075,0.016,0
FRD_00000733,CUST_00000200,TXN_0000018929,None,0.098,0.077,0.026,0.261,0.002,0
FRD_00000734,CUST_00000326,TXN_0000030877,None,0.106,0.194,0.005,0.076,0.089,0
FRD_00000735,CUST_00000187,TXN_0000017743,None,0.07,0.059,0.097,0.117,0.004,0
FRD_00000736,CUST_00000644,TXN_0000061018,None,0.222,0.181,0.027,0.603,0.012,0
FRD_00000737,CUST_00000001,TXN_0000000098,None,0.223,0.38,0.015,0.267,0.1,0
FRD_00000738,CUST_00000428,TXN_0000040514,None,0.162,0.088,0.067,0.33,0.178,0
FRD_00000739,CUST_00000890,TXN_0000084318,None,0.071,0.071,0.021,0.167,0.0,0
FRD_00000740,CUST_00000891,TXN_0000084415,None,0.167,0.196,0.15,0.239,0.041,0
FRD_00000741,CUST_00000111,TXN_0000010485,None,0.164,0.293,0.063,0.194,0.0,0
FRD_00000742,CUST_00000641,TXN_0000060770,None,0.091,0.103,0.084,0.145,0.007,0
FRD_00000743,CUST_00000276,TXN_0000026064,None,0.08,0.105,0.019,0.084,0.09,0
FRD_00000744,CUST_00000594,TXN_0000056227,None,0.156,0.321,0.069,0.099,0.026,0
FRD_00000745,CUST_00000820,TXN_0000077692,Identity Theft / Synthetic ID,0.398,0.861,0.23,0.158,0.058,1
FRD_00000746,CUST_00000236,TXN_0000022331,None,0.076,0.088,0.064,0.04,0.113,0
FRD_00000747,CUST_00000118,TXN_0000011182,None,0.088,0.096,0.034,0.095,0.119,0
FRD_00000748,CUST_00000055,TXN_0000005155,None,0.096,0.139,0.052,0.093,0.069,0
FRD_00000749,CUST_00000559,TXN_0000052944,None,0.189,0.281,0.042,0.299,0.037,0
FRD_00000750,CUST_00000125,TXN_0000011856,None,0.108,0.288,0.0,0.029,0.001,0
FRD_00000751,CUST_00000973,TXN_0000092140,None,0.178,0.312,0.006,0.267,0.002,0
FRD_00000752,CUST_00000067,TXN_0000006348,None,0.217,0.268,0.338,0.217,0.007,0
FRD_00000753,CUST_00000065,TXN_0000006167,None,0.094,0.121,0.116,0.072,0.051,0
FRD_00000754,CUST_00000245,TXN_0000023157,None,0.192,0.265,0.174,0.116,0.177,0
FRD_00000755,CUST_00000369,TXN_0000034977,None,0.177,0.129,0.194,0.362,0.014,0
FRD_00000756,CUST_00000575,TXN_0000054412,None,0.116,0.121,0.034,0.189,0.098,0
FRD_00000757,CUST_00000390,TXN_0000036922,None,0.071,0.083,0.09,0.063,0.039,0
FRD_00000758,CUST_00000027,TXN_0000002545,None,0.046,0.062,0.009,0.058,0.042,0
FRD_00000759,CUST_00000758,TXN_0000071851,None,0.059,0.064,0.152,0.022,0.003,0
FRD_00000760,CUST_00000502,TXN_0000047573,None,0.099,0.22,0.001,0.04,0.058,0
FRD_00000761,CUST_00000503,TXN_0000047644,None,0.101,0.163,0.097,0.1,0.0,0
FRD_00000762,CUST_00000575,TXN_0000054410,None,0.208,0.155,0.274,0.072,0.404,0
FRD_00000763,CUST_00000338,TXN_0000032012,None,0.229,0.237,0.245,0.271,0.149,0
FRD_00000764,CUST_00000858,TXN_0000081256,None,0.111,0.279,0.023,0.031,0.003,0
FRD_00000765,CUST_00000537,TXN_0000050849,None,0.106,0.176,0.001,0.176,0.003,0
FRD_00000766,CUST_00000694,TXN_0000065735,None,0.141,0.174,0.081,0.254,0.0,0
FRD_00000767,CUST_00000864,TXN_0000081854,None,0.19,0.264,0.092,0.271,0.057,0
FRD_00000768,CUST_00000050,TXN_0000004655,None,0.181,0.247,0.0,0.377,0.004,0
FRD_00000769,CUST_00000816,TXN_0000077336,None,0.124,0.092,0.149,0.242,0.008,0
FRD_00000770,CUST_00000068,TXN_0000006419,None,0.216,0.257,0.0,0.36,0.179,0
FRD_00000771,CUST_00000943,TXN_0000089279,None,0.243,0.161,0.27,0.52,0.011,0
FRD_00000772,CUST_00000509,TXN_0000048215,None,0.088,0.072,0.083,0.138,0.06,0
FRD_00000773,CUST_00000782,TXN_0000074041,None,0.129,0.251,0.068,0.053,0.072,0
FRD_00000774,CUST_00000782,TXN_0000074126,None,0.115,0.235,0.066,0.077,0.0,0
FRD_00000775,CUST_00000969,TXN_0000091766,None,0.163,0.173,0.087,0.336,0.006,0
FRD_00000776,CUST_00000540,TXN_0000051103,None,0.151,0.156,0.083,0.303,0.018,0
FRD_00000777,CUST_00000735,TXN_0000069632,None,0.172,0.282,0.083,0.225,0.0,0
FRD_00000778,CUST_00000066,TXN_0000006178,None,0.193,0.351,0.017,0.265,0.0,0
FRD_00000779,CUST_00000728,TXN_0000068934,None,0.211,0.178,0.324,0.336,0.0,0
FRD_00000780,CUST_00000540,TXN_0000051147,None,0.158,0.146,0.057,0.155,0.282,0
FRD_00000781,CUST_00000546,TXN_0000051753,None,0.138,0.191,0.205,0.068,0.066,0
FRD_00000782,CUST_00000881,TXN_0000083447,None,0.236,0.264,0.02,0.554,0.007,0
FRD_00000783,CUST_00000695,TXN_0000065863,None,0.189,0.331,0.011,0.228,0.07,0
FRD_00000784,CUST_00000463,TXN_0000043839,None,0.172,0.269,0.168,0.179,0.0,0
FRD_00000785,CUST_00000594,TXN_0000056232,None,0.096,0.226,0.018,0.048,0.005,0
FRD_00000786,CUST_00000745,TXN_0000070613,None,0.16,0.133,0.001,0.423,0.035,0
FRD_00000787,CUST_00000494,TXN_0000046774,None,0.148,0.347,0.067,0.051,0.001,0
FRD_00000788,CUST_00000461,TXN_0000043695,None,0.243,0.199,0.012,0.622,0.076,0
FRD_00000789,CUST_00000316,TXN_0000029939,None,0.146,0.28,0.0,0.193,0.0,0
FRD_00000790,CUST_00000609,TXN_0000057721,None,0.115,0.292,0.021,0.036,0.0,0
FRD_00000791,CUST_00000065,TXN_0000006118,None,0.1,0.112,0.226,0.058,0.003,0
FRD_00000792,CUST_00000324,TXN_0000030711,None,0.18,0.317,0.205,0.091,0.027,0
FRD_00000793,CUST_00000397,TXN_0000037542,None,0.173,0.199,0.013,0.295,0.137,0
FRD_00000794,CUST_00000210,TXN_0000019911,UPI Phishing / Collect Request Fraud,0.415,0.887,0.253,0.212,0.004,1
FRD_00000795,CUST_00000386,TXN_0000036515,None,0.047,0.126,0.009,0.005,0.0,0
FRD_00000796,CUST_00000064,TXN_0000006072,None,0.272,0.38,0.363,0.266,0.001,0
FRD_00000797,CUST_00000855,TXN_0000080985,None,0.176,0.163,0.0,0.475,0.003,0
FRD_00000798,CUST_00000094,TXN_0000008881,None,0.145,0.167,0.007,0.339,0.0,0
FRD_00000799,CUST_00000262,TXN_0000024769,None,0.162,0.059,0.498,0.165,0.002,0
FRD_00000800,CUST_00000690,TXN_0000065333,None,0.292,0.298,0.24,0.492,0.083,0
FRD_00000801,CUST_00000407,TXN_0000038573,None,0.137,0.282,0.136,0.013,0.041,0
FRD_00000802,CUST_00000438,TXN_0000041491,None,0.205,0.185,0.173,0.35,0.093,0
FRD_00000803,CUST_00000188,TXN_0000017776,None,0.126,0.124,0.004,0.274,0.068,0
FRD_00000804,CUST_00000231,TXN_0000021825,None,0.17,0.262,0.049,0.168,0.131,0
FRD_00000805,CUST_00000797,TXN_0000075550,None,0.145,0.189,0.387,0.005,0.0,0
FRD_00000806,CUST_00000189,TXN_0000017912,None,0.082,0.098,0.023,0.172,0.0,0
FRD_00000807,CUST_00000978,TXN_0000092644,None,0.163,0.211,0.046,0.304,0.021,0
FRD_00000808,CUST_00000685,TXN_0000064916,None,0.192,0.173,0.019,0.509,0.004,0
FRD_00000809,CUST_00000651,TXN_0000061673,None,0.13,0.146,0.127,0.215,0.0,0
FRD_00000810,CUST_00000740,TXN_0000070126,None,0.17,0.213,0.069,0.324,0.001,0
FRD_00000811,CUST_00000527,TXN_0000049879,None,0.275,0.295,0.088,0.423,0.242,0
FRD_00000812,CUST_00000058,TXN_0000005449,None,0.255,0.305,0.017,0.564,0.019,0
FRD_00000813,CUST_00000939,TXN_0000088893,None,0.214,0.264,0.094,0.34,0.088,0
FRD_00000814,CUST_00000232,TXN_0000022003,UPI Phishing / Collect Request Fraud,0.353,0.89,0.0,0.165,0.002,1
FRD_00000815,CUST_00000895,TXN_0000084803,None,0.17,0.221,0.021,0.32,0.041,0
FRD_00000816,CUST_00000968,TXN_0000091684,None,0.109,0.276,0.018,0.033,0.004,0
FRD_00000817,CUST_00000523,TXN_0000049537,None,0.075,0.055,0.04,0.084,0.134,0
FRD_00000818,CUST_00000996,TXN_0000094355,UPI Phishing / Collect Request Fraud,0.369,0.891,0.001,0.066,0.201,1
FRD_00000819,CUST_00000752,TXN_0000071271,None,0.139,0.232,0.024,0.21,0.004,0
FRD_00000820,CUST_00000531,TXN_0000050304,None,0.134,0.259,0.005,0.106,0.078,0
FRD_00000821,CUST_00000102,TXN_0000009667,None,0.126,0.181,0.157,0.123,0.0,0
FRD_00000822,CUST_00000061,TXN_0000005758,None,0.256,0.238,0.01,0.682,0.0,0
FRD_00000823,CUST_00000146,TXN_0000013801,None,0.245,0.263,0.477,0.23,0.0,0
FRD_00000824,CUST_00000220,TXN_0000020845,None,0.141,0.306,0.064,0.086,0.0,0
FRD_00000825,CUST_00000716,TXN_0000067818,None,0.143,0.292,0.111,0.074,0.003,0
FRD_00000826,CUST_00000231,TXN_0000021901,None,0.187,0.274,0.138,0.167,0.109,0
FRD_00000827,CUST_00000975,TXN_0000092374,None,0.161,0.326,0.011,0.159,0.025,0
FRD_00000828,CUST_00000814,TXN_0000077111,None,0.22,0.201,0.001,0.597,0.0,0
FRD_00000829,CUST_00000434,TXN_0000041098,None,0.259,0.252,0.088,0.607,0.007,0
FRD_00000830,CUST_00000086,TXN_0000008131,None,0.132,0.144,0.028,0.011,0.368,0
FRD_00000831,CUST_00000377,TXN_0000035706,None,0.219,0.219,0.013,0.519,0.048,0
FRD_00000832,CUST_00000886,TXN_0000083872,None,0.129,0.259,0.0,0.129,0.029,0
FRD_00000833,CUST_00000280,TXN_0000026524,None,0.133,0.318,0.001,0.078,0.012,0
FRD_00000834,CUST_00000723,TXN_0000068523,None,0.257,0.329,0.0,0.564,0.005,0
FRD_00000835,CUST_00000854,TXN_0000080901,None,0.18,0.289,0.006,0.288,0.03,0
FRD_00000836,CUST_00000604,TXN_0000057169,None,0.092,0.042,0.06,0.261,0.0,0
FRD_00000837,CUST_00000168,TXN_0000015941,None,0.296,0.309,0.023,0.604,0.159,0
FRD_00000838,CUST_00000844,TXN_0000079942,None,0.169,0.286,0.223,0.096,0.0,0
FRD_00000839,CUST_00000600,TXN_0000056834,None,0.158,0.157,0.006,0.408,0.0,0
FRD_00000840,CUST_00000830,TXN_0000078642,None,0.356,0.355,0.161,0.798,0.0,0
FRD_00000841,CUST_00000192,TXN_0000018179,None,0.231,0.316,0.264,0.083,0.232,0
FRD_00000842,CUST_00000404,TXN_0000038220,None,0.113,0.205,0.036,0.118,0.021,0
FRD_00000843,CUST_00000676,TXN_0000064081,None,0.075,0.193,0.006,0.023,0.002,0
FRD_00000844,CUST_00000445,TXN_0000042153,Account Takeover (ATO),0.406,0.989,0.032,0.1,0.144,1
FRD_00000845,CUST_00000436,TXN_0000041295,None,0.121,0.087,0.063,0.307,0.008,0
FRD_00000846,CUST_00000945,TXN_0000089539,None,0.166,0.272,0.055,0.133,0.131,0
FRD_00000847,CUST_00000623,TXN_0000059059,None,0.183,0.367,0.005,0.162,0.066,0
FRD_00000848,CUST_00000057,TXN_0000005394,None,0.214,0.288,0.128,0.09,0.325,0
FRD_00000849,CUST_00000081,TXN_0000007678,None,0.174,0.301,0.338,0.005,0.0,0
FRD_00000850,CUST_00000564,TXN_0000053368,None,0.105,0.173,0.149,0.032,0.032,0
FRD_00000851,CUST_00000687,TXN_0000065039,None,0.103,0.229,0.016,0.072,0.008,0
FRD_00000852,CUST_00000489,TXN_0000046323,None,0.216,0.224,0.183,0.401,0.005,0
FRD_00000853,CUST_00000111,TXN_0000010537,None,0.191,0.272,0.043,0.347,0.0,0
FRD_00000854,CUST_00000151,TXN_0000014345,None,0.131,0.341,0.007,0.035,0.009,0
FRD_00000855,CUST_00000736,TXN_0000069760,None,0.05,0.083,0.002,0.081,0.002,0
FRD_00000856,CUST_00000366,TXN_0000034617,None,0.14,0.274,0.029,0.149,0.007,0
FRD_00000857,CUST_00000902,TXN_0000085413,None,0.226,0.287,0.047,0.411,0.065,0
FRD_00000858,CUST_00000088,TXN_0000008342,None,0.307,0.22,0.338,0.139,0.636,0
FRD_00000859,CUST_00000884,TXN_0000083663,None,0.227,0.189,0.001,0.621,0.025,0
FRD_00000860,CUST_00000559,TXN_0000052937,None,0.114,0.261,0.011,0.02,0.079,0
FRD_00000861,CUST_00000128,TXN_0000012107,None,0.143,0.258,0.055,0.096,0.09,0
FRD_00000862,CUST_00000910,TXN_0000086153,None,0.118,0.189,0.005,0.171,0.04,0
FRD_00000863,CUST_00000959,TXN_0000090840,None,0.088,0.154,0.142,0.023,0.002,0
FRD_00000864,CUST_00000165,TXN_0000015615,None,0.149,0.168,0.075,0.288,0.014,0
FRD_00000865,CUST_00000932,TXN_0000088317,None,0.119,0.226,0.031,0.133,0.0,0
FRD_00000866,CUST_00000181,TXN_0000017114,None,0.249,0.317,0.002,0.546,0.005,0
FRD_00000867,CUST_00000725,TXN_0000068646,None,0.179,0.145,0.044,0.476,0.0,0
FRD_00000868,CUST_00000324,TXN_0000030733,None,0.123,0.253,0.017,0.055,0.089,0
FRD_00000869,CUST_00000729,TXN_0000069061,None,0.132,0.171,0.025,0.037,0.287,0
FRD_00000870,CUST_00000235,TXN_0000022226,None,0.168,0.261,0.266,0.049,0.057,0
FRD_00000871,CUST_00000077,TXN_0000007216,None,0.234,0.343,0.025,0.426,0.013,0
FRD_00000872,CUST_00000027,TXN_0000002514,None,0.023,0.034,0.011,0.034,0.0,0
FRD_00000873,CUST_00000772,TXN_0000073103,None,0.152,0.137,0.027,0.299,0.118,0
FRD_00000874,CUST_00000461,TXN_0000043713,None,0.23,0.312,0.017,0.468,0.0,0
FRD_00000875,CUST_00000657,TXN_0000062227,None,0.136,0.216,0.152,0.109,0.013,0
FRD_00000876,CUST_00000911,TXN_0000086299,None,0.237,0.341,0.205,0.244,0.08,0
FRD_00000877,CUST_00000438,TXN_0000041472,None,0.158,0.126,0.053,0.375,0.05,0
FRD_00000878,CUST_00000268,TXN_0000025386,Account Takeover (ATO),0.315,0.86,0.014,0.028,0.019,1
FRD_00000879,CUST_00000110,TXN_0000010381,None,0.125,0.224,0.189,0.023,0.013,0
FRD_00000880,CUST_00000033,TXN_0000003086,None,0.107,0.163,0.217,0.004,0.027,0
FRD_00000881,CUST_00000897,TXN_0000084969,None,0.075,0.108,0.114,0.056,0.002,0
FRD_00000882,CUST_00000753,TXN_0000071340,None,0.223,0.27,0.253,0.278,0.043,0
FRD_00000883,CUST_00000211,TXN_0000019967,None,0.241,0.171,0.196,0.248,0.399,0
FRD_00000884,CUST_00000060,TXN_0000005642,None,0.07,0.128,0.055,0.055,0.001,0
FRD_00000885,CUST_00000719,TXN_0000068140,None,0.177,0.221,0.0,0.387,0.012,0
FRD_00000886,CUST_00000784,TXN_0000074292,None,0.177,0.209,0.291,0.059,0.154,0
FRD_00000887,CUST_00000128,TXN_0000012068,None,0.153,0.357,0.014,0.101,0.0,0
FRD_00000888,CUST_00000906,TXN_0000085778,None,0.206,0.17,0.216,0.413,0.002,0
FRD_00000889,CUST_00000703,TXN_0000066637,None,0.062,0.132,0.028,0.003,0.045,0
FRD_00000890,CUST_00000666,TXN_0000063107,None,0.109,0.169,0.135,0.04,0.063,0
FRD_00000891,CUST_00000093,TXN_0000008816,None,0.24,0.226,0.216,0.472,0.0,0
FRD_00000892,CUST_00000155,TXN_0000014671,None,0.31,0.256,0.229,0.586,0.141,0
FRD_00000893,CUST_00000300,TXN_0000028350,None,0.075,0.169,0.004,0.013,0.06,0
FRD_00000894,CUST_00000294,TXN_0000027872,None,0.38,0.363,0.144,0.893,0.003,0
FRD_00000895,CUST_00000256,TXN_0000024187,None,0.096,0.142,0.011,0.174,0.001,0
FRD_00000896,CUST_00000440,TXN_0000041677,None,0.063,0.108,0.0,0.009,0.114,0
FRD_00000897,CUST_00000043,TXN_0000004064,None,0.124,0.139,0.032,0.266,0.01,0
FRD_00000898,CUST_00000012,TXN_0000001123,None,0.095,0.185,0.006,0.114,0.002,0
FRD_00000899,CUST_00000893,TXN_0000084572,None,0.234,0.166,0.064,0.534,0.15,0
FRD_00000900,CUST_00000611,TXN_0000057901,None,0.108,0.153,0.193,0.035,0.037,0
FRD_00000901,CUST_00000994,TXN_0000094114,None,0.191,0.026,0.133,0.6,0.026,0
FRD_00000902,CUST_00000148,TXN_0000013982,None,0.072,0.117,0.036,0.083,0.015,0
FRD_00000903,CUST_00000396,TXN_0000037502,None,0.164,0.301,0.041,0.19,0.016,0
FRD_00000904,CUST_00000962,TXN_0000091140,None,0.077,0.155,0.031,0.065,0.001,0
FRD_00000905,CUST_00000683,TXN_0000064743,None,0.196,0.313,0.258,0.035,0.129,0
FRD_00000906,CUST_00000058,TXN_0000005474,None,0.215,0.138,0.383,0.242,0.147,0
FRD_00000907,CUST_00000419,TXN_0000039658,None,0.223,0.263,0.0,0.218,0.384,0
FRD_00000908,CUST_00000320,TXN_0000030283,None,0.267,0.099,0.229,0.721,0.03,0
FRD_00000909,CUST_00000845,TXN_0000079990,None,0.095,0.241,0.035,0.01,0.004,0
FRD_00000910,CUST_00000969,TXN_0000091765,None,0.243,0.169,0.181,0.562,0.038,0
FRD_00000911,CUST_00000810,TXN_0000076733,None,0.11,0.242,0.0,0.054,0.058,0
FRD_00000912,CUST_00000182,TXN_0000017241,None,0.216,0.254,0.002,0.257,0.313,0
FRD_00000913,CUST_00000756,TXN_0000071586,None,0.223,0.238,0.231,0.375,0.0,0
FRD_00000914,CUST_00000384,TXN_0000036326,None,0.251,0.215,0.56,0.151,0.13,0
FRD_00000915,CUST_00000841,TXN_0000079708,None,0.089,0.142,0.0,0.156,0.0,0
FRD_00000916,CUST_00000880,TXN_0000083327,None,0.155,0.286,0.017,0.175,0.038,0
FRD_00000917,CUST_00000570,TXN_0000053967,None,0.122,0.294,0.001,0.059,0.023,0
FRD_00000918,CUST_00000412,TXN_0000039053,None,0.162,0.236,0.007,0.171,0.178,0
FRD_00000919,CUST_00000070,TXN_0000006607,None,0.102,0.231,0.036,0.054,0.0,0
FRD_00000920,CUST_00000273,TXN_0000025800,None,0.078,0.104,0.01,0.158,0.001,0
FRD_00000921,CUST_00000085,TXN_0000007996,None,0.091,0.097,0.056,0.184,0.0,0
FRD_00000922,CUST_00000946,TXN_0000089587,None,0.096,0.136,0.105,0.111,0.0,0
FRD_00000923,CUST_00000159,TXN_0000015063,Account Takeover (ATO),0.414,0.993,0.016,0.251,0.002,1
FRD_00000924,CUST_00000687,TXN_0000065070,None,0.261,0.228,0.035,0.639,0.07,0
FRD_00000925,CUST_00000552,TXN_0000052271,None,0.236,0.255,0.019,0.35,0.276,0
FRD_00000926,CUST_00000036,TXN_0000003395,None,0.159,0.272,0.027,0.096,0.174,0
FRD_00000927,CUST_00000172,TXN_0000016265,None,0.153,0.174,0.101,0.282,0.006,0
FRD_00000928,CUST_00000294,TXN_0000027798,None,0.112,0.216,0.002,0.108,0.046,0
FRD_00000929,CUST_00000778,TXN_0000073672,None,0.044,0.081,0.003,0.028,0.039,0
FRD_00000930,CUST_00001000,TXN_0000094715,None,0.064,0.101,0.003,0.082,0.036,0
FRD_00000931,CUST_00000590,TXN_0000055877,None,0.211,0.126,0.454,0.302,0.005,0
FRD_00000932,CUST_00000592,TXN_0000056052,None,0.204,0.205,0.041,0.494,0.001,0
FRD_00000933,CUST_00000613,TXN_0000058094,None,0.09,0.142,0.031,0.07,0.081,0
FRD_00000934,CUST_00000524,TXN_0000049602,None,0.194,0.311,0.008,0.323,0.015,0
FRD_00000935,CUST_00000483,TXN_0000045771,None,0.116,0.224,0.08,0.082,0.004,0
FRD_00000936,CUST_00000831,TXN_0000078727,None,0.101,0.262,0.021,0.007,0.019,0
FRD_00000937,CUST_00000367,TXN_0000034782,None,0.161,0.189,0.239,0.185,0.006,0
FRD_00000938,CUST_00000596,TXN_0000056446,None,0.116,0.18,0.011,0.183,0.027,0
FRD_00000939,CUST_00000180,TXN_0000017100,None,0.162,0.371,0.104,0.045,0.001,0
FRD_00000940,CUST_00000435,TXN_0000041172,None,0.038,0.05,0.085,0.003,0.015,0
FRD_00000941,CUST_00000772,TXN_0000073172,None,0.166,0.18,0.003,0.368,0.053,0
FRD_00000942,CUST_00000226,TXN_0000021418,None,0.18,0.338,0.031,0.09,0.166,0
FRD_00000943,CUST_00000782,TXN_0000074077,None,0.179,0.213,0.255,0.212,0.0,0
FRD_00000944,CUST_00000577,TXN_0000054590,None,0.102,0.236,0.0,0.046,0.038,0
FRD_00000945,CUST_00000468,TXN_0000044368,None,0.06,0.133,0.008,0.015,0.041,0
FRD_00000946,CUST_00000057,TXN_0000005347,None,0.152,0.172,0.113,0.276,0.001,0
FRD_00000947,CUST_00000514,TXN_0000048684,None,0.147,0.237,0.021,0.03,0.261,0
FRD_00000948,CUST_00000225,TXN_0000021322,None,0.145,0.271,0.087,0.129,0.002,0
FRD_00000949,CUST_00000730,TXN_0000069128,None,0.082,0.17,0.08,0.016,0.01,0
FRD_00000950,CUST_00000845,TXN_0000080003,None,0.236,0.22,0.397,0.287,0.038,0
FRD_00000951,CUST_00000693,TXN_0000065689,None,0.149,0.174,0.204,0.176,0.016,0
FRD_00000952,CUST_00000975,TXN_0000092295,None,0.113,0.133,0.264,0.008,0.057,0
FRD_00000953,CUST_00000546,TXN_0000051723,None,0.123,0.343,0.004,0.009,0.001,0
FRD_00000954,CUST_00000176,TXN_0000016727,None,0.162,0.363,0.061,0.092,0.0,0
FRD_00000955,CUST_00000748,TXN_0000070899,None,0.142,0.128,0.092,0.316,0.0,0
FRD_00000956,CUST_00000151,TXN_0000014306,None,0.162,0.18,0.303,0.028,0.159,0
FRD_00000957,CUST_00000034,TXN_0000003167,None,0.132,0.26,0.038,0.095,0.048,0
FRD_00000958,CUST_00000462,TXN_0000043787,None,0.089,0.094,0.034,0.171,0.035,0
FRD_00000959,CUST_00000093,TXN_0000008823,None,0.195,0.159,0.286,0.226,0.13,0
FRD_00000960,CUST_00000624,TXN_0000059111,None,0.239,0.289,0.167,0.418,0.0,0
FRD_00000961,CUST_00000716,TXN_0000067811,None,0.099,0.174,0.01,0.145,0.0,0
FRD_00000962,CUST_00000003,TXN_0000000279,None,0.182,0.217,0.004,0.365,0.071,0
FRD_00000963,CUST_00000299,TXN_0000028327,None,0.248,0.38,0.014,0.449,0.001,0
FRD_00000964,CUST_00000328,TXN_0000031044,None,0.083,0.087,0.08,0.146,0.002,0
FRD_00000965,CUST_00000845,TXN_0000080041,None,0.224,0.142,0.024,0.284,0.491,0
FRD_00000966,CUST_00000048,TXN_0000004511,None,0.161,0.221,0.066,0.186,0.121,0
FRD_00000967,CUST_00000441,TXN_0000041803,None,0.107,0.137,0.018,0.222,0.001,0
FRD_00000968,CUST_00000722,TXN_0000068363,None,0.166,0.329,0.251,0.003,0.0,0
FRD_00000969,CUST_00000037,TXN_0000003432,None,0.111,0.098,0.244,0.097,0.016,0
FRD_00000970,CUST_00000553,TXN_0000052340,None,0.127,0.303,0.076,0.021,0.0,0
FRD_00000971,CUST_00000597,TXN_0000056577,None,0.167,0.199,0.257,0.184,0.0,0
FRD_00000972,CUST_00000495,TXN_0000046839,None,0.093,0.159,0.006,0.019,0.157,0
FRD_00000973,CUST_00000321,TXN_0000030363,None,0.061,0.129,0.013,0.044,0.009,0
FRD_00000974,CUST_00000762,TXN_0000072151,None,0.282,0.117,0.105,0.88,0.0,0
FRD_00000975,CUST_00000925,TXN_0000087576,None,0.24,0.173,0.007,0.665,0.058,0
FRD_00000976,CUST_00000766,TXN_0000072529,None,0.116,0.284,0.069,0.012,0.0,0
FRD_00000977,CUST_00000336,TXN_0000031809,None,0.12,0.236,0.174,0.009,0.001,0
FRD_00000978,CUST_00000349,TXN_0000033016,None,0.119,0.174,0.05,0.19,0.003,0
FRD_00000979,CUST_00000831,TXN_0000078717,None,0.158,0.205,0.001,0.268,0.094,0
FRD_00000980,CUST_00000478,TXN_0000045248,None,0.113,0.218,0.014,0.007,0.159,0
FRD_00000981,CUST_00000823,TXN_0000077931,None,0.105,0.141,0.181,0.076,0.001,0
FRD_00000982,CUST_00000066,TXN_0000006235,None,0.112,0.297,0.0,0.026,0.008,0
FRD_00000983,CUST_00000440,TXN_0000041655,None,0.171,0.304,0.036,0.205,0.033,0
FRD_00000984,CUST_00000885,TXN_0000083839,None,0.11,0.105,0.157,0.169,0.0,0
FRD_00000985,CUST_00000644,TXN_0000060972,None,0.213,0.233,0.153,0.405,0.0,0
FRD_00000986,CUST_00000371,TXN_0000035153,None,0.043,0.106,0.002,0.01,0.016,0
FRD_00000987,CUST_00000484,TXN_0000045812,None,0.179,0.251,0.179,0.217,0.004,0
FRD_00000988,CUST_00000263,TXN_0000024868,None,0.127,0.233,0.01,0.024,0.187,0
FRD_00000989,CUST_00000032,TXN_0000002947,None,0.164,0.123,0.13,0.143,0.298,0
FRD_00000990,CUST_00000245,TXN_0000023176,None,0.152,0.31,0.057,0.127,0.001,0
FRD_00000991,CUST_00000696,TXN_0000065981,None,0.116,0.299,0.012,0.034,0.0,0
FRD_00000992,CUST_00000286,TXN_0000027050,None,0.16,0.281,0.185,0.085,0.016,0
FRD_00000993,CUST_00000508,TXN_0000048150,None,0.114,0.095,0.062,0.232,0.051,0
FRD_00000994,CUST_00000263,TXN_0000024910,None,0.186,0.294,0.042,0.299,0.0,0
FRD_00000995,CUST_00000893,TXN_0000084580,None,0.106,0.191,0.036,0.128,0.0,0
FRD_00000996,CUST_00000770,TXN_0000072907,None,0.098,0.067,0.001,0.282,0.019,0
FRD_00000997,CUST_00000007,TXN_0000000633,None,0.172,0.249,0.002,0.239,0.125,0
FRD_00000998,CUST_00000624,TXN_0000059086,None,0.209,0.25,0.0,0.488,0.0,0
FRD_00000999,CUST_00000918,TXN_0000087001,None,0.117,0.326,0.014,0.001,0.0,0
FRD_00001000,CUST_00000124,TXN_0000011762,None,0.202,0.379,0.279,0.046,0.01,0
FRD_00001001,CUST_00001000,TXN_0000094700,None,0.154,0.133,0.022,0.413,0.0,0
FRD_00001002,CUST_00000123,TXN_0000011653,None,0.151,0.217,0.173,0.161,0.001,0
FRD_00001003,CUST_00000703,TXN_0000066606,None,0.192,0.287,0.178,0.151,0.091,0
FRD_00001004,CUST_00000637,TXN_0000060308,None,0.067,0.072,0.205,0.001,0.001,0
FRD_00001005,CUST_00000912,TXN_0000086427,None,0.093,0.073,0.011,0.262,0.0,0
FRD_00001006,CUST_00000032,TXN_0000002955,None,0.223,0.38,0.038,0.05,0.349,0
FRD_00001007,CUST_00000604,TXN_0000057189,None,0.115,0.168,0.025,0.192,0.017,0
FRD_00001008,CUST_00000034,TXN_0000003201,None,0.211,0.295,0.259,0.215,0.011,0
FRD_00001009,CUST_00000080,TXN_0000007520,None,0.235,0.358,0.222,0.185,0.095,0
FRD_00001010,CUST_00000141,TXN_0000013344,None,0.17,0.335,0.135,0.081,0.028,0
FRD_00001011,CUST_00000790,TXN_0000074829,None,0.124,0.203,0.0,0.203,0.009,0
FRD_00001012,CUST_00000956,TXN_0000090547,None,0.117,0.251,0.077,0.055,0.0,0
FRD_00001013,CUST_00000850,TXN_0000080554,None,0.092,0.186,0.0,0.103,0.008,0
FRD_00001014,CUST_00000957,TXN_0000090664,None,0.212,0.154,0.281,0.402,0.007,0
FRD_00001015,CUST_00000994,TXN_0000094120,None,0.216,0.303,0.369,0.071,0.091,0
FRD_00001016,CUST_00000899,TXN_0000085188,None,0.098,0.105,0.001,0.136,0.137,0
FRD_00001017,CUST_00000483,TXN_0000045788,None,0.14,0.331,0.015,0.074,0.015,0
FRD_00001018,CUST_00000078,TXN_0000007384,None,0.238,0.277,0.323,0.304,0.001,0
FRD_00001019,CUST_00000501,TXN_0000047466,None,0.164,0.305,0.172,0.089,0.004,0
FRD_00001020,CUST_00000050,TXN_0000004732,None,0.152,0.098,0.461,0.084,0.022,0
FRD_00001021,CUST_00000835,TXN_0000079068,None,0.091,0.163,0.026,0.024,0.116,0
FRD_00001022,CUST_00000318,TXN_0000030063,None,0.366,0.175,0.384,0.786,0.159,0
FRD_00001023,CUST_00000767,TXN_0000072655,None,0.163,0.195,0.105,0.293,0.001,0
FRD_00001024,CUST_00000853,TXN_0000080787,None,0.147,0.25,0.159,0.109,0.002,0
FRD_00001025,CUST_00000048,TXN_0000004493,None,0.219,0.322,0.076,0.32,0.058,0
FRD_00001026,CUST_00000467,TXN_0000044207,None,0.201,0.271,0.212,0.244,0.012,0
FRD_00001027,CUST_00000958,TXN_0000090735,None,0.153,0.338,0.014,0.105,0.028,0
FRD_00001028,CUST_00000584,TXN_0000055273,None,0.184,0.249,0.184,0.161,0.097,0
FRD_00001029,CUST_00000093,TXN_0000008814,None,0.135,0.275,0.008,0.14,0.01,0
FRD_00001030,CUST_00000992,TXN_0000093981,None,0.128,0.261,0.002,0.008,0.17,0
FRD_00001031,CUST_00000613,TXN_0000058040,None,0.13,0.199,0.1,0.159,0.001,0
FRD_00001032,CUST_00000463,TXN_0000043902,None,0.038,0.099,0.007,0.001,0.011,0
FRD_00001033,CUST_00000197,TXN_0000018634,None,0.143,0.083,0.103,0.368,0.006,0
FRD_00001034,CUST_00000149,TXN_0000014147,None,0.236,0.358,0.096,0.366,0.0,0
FRD_00001035,CUST_00000250,TXN_0000023691,None,0.172,0.272,0.284,0.077,0.003,0
FRD_00001036,CUST_00000529,TXN_0000050079,None,0.12,0.225,0.037,0.137,0.0,0
FRD_00001037,CUST_00000722,TXN_0000068392,None,0.217,0.2,0.128,0.469,0.021,0
FRD_00001038,CUST_00000114,TXN_0000010816,None,0.113,0.17,0.03,0.19,0.001,0
FRD_00001039,CUST_00000394,TXN_0000037292,Identity Theft / Synthetic ID,0.467,0.995,0.348,0.193,0.004,1
FRD_00001040,CUST_00000295,TXN_0000027887,None,0.06,0.172,0.0,0.001,0.0,0
FRD_00001041,CUST_00000050,TXN_0000004671,None,0.15,0.282,0.048,0.078,0.11,0
FRD_00001042,CUST_00000088,TXN_0000008257,None,0.296,0.152,0.213,0.773,0.033,0
FRD_00001043,CUST_00000938,TXN_0000088799,None,0.146,0.252,0.032,0.168,0.047,0
FRD_00001044,CUST_00000949,TXN_0000089869,None,0.121,0.103,0.009,0.219,0.14,0
FRD_00001045,CUST_00000179,TXN_0000017002,None,0.151,0.237,0.047,0.023,0.265,0
FRD_00001046,CUST_00000451,TXN_0000042655,None,0.021,0.038,0.0,0.03,0.0,0
FRD_00001047,CUST_00000883,TXN_0000083620,None,0.188,0.278,0.146,0.228,0.02,0
FRD_00001048,CUST_00000927,TXN_0000087829,None,0.069,0.106,0.004,0.078,0.057,0
FRD_00001049,CUST_00000090,TXN_0000008519,None,0.063,0.092,0.004,0.12,0.0,0
FRD_00001050,CUST_00000327,TXN_0000031023,None,0.202,0.349,0.173,0.177,0.006,0
FRD_00001051,CUST_00000283,TXN_0000026767,None,0.143,0.324,0.009,0.079,0.038,0
FRD_00001052,CUST_00000474,TXN_0000044952,None,0.196,0.316,0.127,0.242,0.0,0
FRD_00001053,CUST_00000385,TXN_0000036458,None,0.121,0.242,0.006,0.142,0.0,0
FRD_00001054,CUST_00000502,TXN_0000047570,None,0.194,0.239,0.008,0.319,0.146,0
FRD_00001055,CUST_00000554,TXN_0000052494,None,0.106,0.182,0.054,0.123,0.006,0
FRD_00001056,CUST_00000384,TXN_0000036365,None,0.092,0.111,0.018,0.159,0.048,0
FRD_00001057,CUST_00000312,TXN_0000029586,None,0.123,0.037,0.002,0.27,0.21,0
FRD_00001058,CUST_00000794,TXN_0000075262,None,0.145,0.312,0.001,0.142,0.0,0
FRD_00001059,CUST_00000274,TXN_0000025953,None,0.147,0.224,0.056,0.225,0.008,0
FRD_00001060,CUST_00000602,TXN_0000056991,None,0.143,0.13,0.006,0.386,0.0,0
FRD_00001061,CUST_00000876,TXN_0000082939,None,0.125,0.228,0.007,0.175,0.0,0
FRD_00001062,CUST_00000591,TXN_0000055941,None,0.265,0.234,0.184,0.583,0.002,0
FRD_00001063,CUST_00000054,TXN_0000005071,None,0.159,0.328,0.078,0.022,0.113,0
FRD_00001064,CUST_00000679,TXN_0000064336,None,0.113,0.159,0.03,0.203,0.002,0
FRD_00001065,CUST_00000679,TXN_0000064349,None,0.139,0.268,0.009,0.17,0.002,0
FRD_00001066,CUST_00000537,TXN_0000050858,None,0.12,0.114,0.049,0.275,0.01,0
FRD_00001067,CUST_00000670,TXN_0000063514,None,0.115,0.14,0.157,0.14,0.0,0
FRD_00001068,CUST_00000412,TXN_0000039012,None,0.199,0.217,0.209,0.151,0.218,0
FRD_00001069,CUST_00000297,TXN_0000028097,None,0.108,0.3,0.001,0.012,0.0,0
FRD_00001070,CUST_00000847,TXN_0000080231,UPI Phishing / Collect Request Fraud,0.463,0.889,0.163,0.34,0.17,1
FRD_00001071,CUST_00000404,TXN_0000038210,None,0.142,0.296,0.057,0.109,0.0,0
FRD_00001072,CUST_00000143,TXN_0000013549,None,0.199,0.247,0.09,0.285,0.114,0
FRD_00001073,CUST_00000268,TXN_0000025330,UPI Phishing / Collect Request Fraud,0.432,0.984,0.105,0.226,0.052,1
FRD_00001074,CUST_00000332,TXN_0000031430,None,0.197,0.253,0.025,0.335,0.1,0
FRD_00001075,CUST_00000807,TXN_0000076409,None,0.083,0.18,0.082,0.016,0.0,0
FRD_00001076,CUST_00000577,TXN_0000054594,None,0.262,0.257,0.209,0.494,0.035,0
FRD_00001077,CUST_00000467,TXN_0000044273,None,0.108,0.161,0.136,0.092,0.005,0
FRD_00001078,CUST_00000256,TXN_0000024211,None,0.037,0.042,0.002,0.054,0.044,0
FRD_00001079,CUST_00000027,TXN_0000002547,None,0.113,0.307,0.01,0.007,0.01,0
FRD_00001080,CUST_00000918,TXN_0000086999,None,0.252,0.252,0.371,0.271,0.111,0
FRD_00001081,CUST_00000750,TXN_0000071099,None,0.113,0.126,0.02,0.257,0.001,0
FRD_00001082,CUST_00000770,TXN_0000072932,None,0.139,0.144,0.09,0.192,0.115,0
FRD_00001083,CUST_00000503,TXN_0000047614,None,0.153,0.251,0.001,0.243,0.022,0
FRD_00001084,CUST_00000863,TXN_0000081749,None,0.16,0.15,0.054,0.354,0.04,0
FRD_00001085,CUST_00000595,TXN_0000056381,None,0.154,0.205,0.103,0.219,0.037,0
FRD_00001086,CUST_00000725,TXN_0000068632,None,0.116,0.145,0.006,0.248,0.009,0
FRD_00001087,CUST_00000603,TXN_0000057098,None,0.105,0.166,0.172,0.029,0.025,0
FRD_00001088,CUST_00000553,TXN_0000052388,None,0.095,0.173,0.006,0.132,0.0,0
FRD_00001089,CUST_00000265,TXN_0000025012,None,0.23,0.302,0.273,0.278,0.0,0
FRD_00001090,CUST_00000084,TXN_0000007925,None,0.085,0.072,0.231,0.055,0.0,0
FRD_00001091,CUST_00000474,TXN_0000044912,None,0.101,0.072,0.111,0.031,0.229,0
FRD_00001092,CUST_00000208,TXN_0000019717,None,0.171,0.307,0.014,0.242,0.0,0
FRD_00001093,CUST_00000104,TXN_0000009805,None,0.158,0.082,0.045,0.483,0.0,0
FRD_00001094,CUST_00000269,TXN_0000025454,None,0.048,0.122,0.0,0.022,0.0,0
FRD_00001095,CUST_00000694,TXN_0000065708,None,0.194,0.331,0.13,0.196,0.016,0
FRD_00001096,CUST_00000909,TXN_0000086071,None,0.233,0.225,0.055,0.564,0.009,0
FRD_00001097,CUST_00000489,TXN_0000046300,None,0.098,0.1,0.039,0.122,0.121,0
FRD_00001098,CUST_00000139,TXN_0000013180,None,0.189,0.248,0.022,0.306,0.107,0
FRD_00001099,CUST_00000920,TXN_0000087139,None,0.134,0.283,0.021,0.084,0.051,0
FRD_00001100,CUST_00000907,TXN_0000085953,None,0.221,0.343,0.13,0.3,0.0,0
FRD_00001101,CUST_00000753,TXN_0000071324,None,0.144,0.073,0.218,0.189,0.137,0
FRD_00001102,CUST_00000841,TXN_0000079684,None,0.16,0.174,0.009,0.391,0.0,0
FRD_00001103,CUST_00000304,TXN_0000028779,None,0.111,0.142,0.002,0.211,0.039,0
FRD_00001104,CUST_00000542,TXN_0000051310,None,0.111,0.176,0.04,0.074,0.116,0
FRD_00001105,CUST_00000089,TXN_0000008444,None,0.04,0.039,0.0,0.066,0.047,0
FRD_00001106,CUST_00000417,TXN_0000039526,None,0.089,0.03,0.015,0.296,0.006,0
FRD_00001107,CUST_00000524,TXN_0000049662,None,0.236,0.303,0.111,0.426,0.006,0
FRD_00001108,CUST_00000016,TXN_0000001464,None,0.121,0.15,0.215,0.073,0.034,0
FRD_00001109,CUST_00000102,TXN_0000009673,None,0.046,0.058,0.084,0.03,0.008,0
FRD_00001110,CUST_00000751,TXN_0000071133,None,0.092,0.244,0.007,0.019,0.003,0
FRD_00001111,CUST_00000503,TXN_0000047645,None,0.136,0.15,0.004,0.309,0.027,0
FRD_00001112,CUST_00000738,TXN_0000069876,Account Takeover (ATO),0.368,0.905,0.0,0.1,0.13,1
FRD_00001113,CUST_00000885,TXN_0000083860,None,0.187,0.141,0.017,0.484,0.067,0
FRD_00001114,CUST_00000695,TXN_0000065830,None,0.164,0.253,0.0,0.271,0.036,0
FRD_00001115,CUST_00000740,TXN_0000070151,None,0.169,0.258,0.07,0.258,0.003,0
FRD_00001116,CUST_00000054,TXN_0000005039,None,0.13,0.181,0.003,0.262,0.002,0
FRD_00001117,CUST_00000628,TXN_0000059518,None,0.193,0.268,0.194,0.119,0.155,0
FRD_00001118,CUST_00000907,TXN_0000085914,None,0.06,0.073,0.007,0.13,0.001,0
FRD_00001119,CUST_00000195,TXN_0000018484,UPI Phishing / Collect Request Fraud,0.427,0.966,0.041,0.323,0.0,1
FRD_00001120,CUST_00000839,TXN_0000079494,None,0.216,0.174,0.1,0.401,0.172,0
FRD_00001121,CUST_00000451,TXN_0000042670,None,0.173,0.237,0.004,0.333,0.029,0
FRD_00001122,CUST_00000058,TXN_0000005439,None,0.247,0.249,0.066,0.586,0.0,0
FRD_00001123,CUST_00000536,TXN_0000050741,None,0.128,0.134,0.001,0.322,0.001,0
FRD_00001124,CUST_00000225,TXN_0000021277,None,0.12,0.103,0.141,0.221,0.001,0
FRD_00001125,CUST_00000941,TXN_0000089079,None,0.191,0.272,0.076,0.244,0.098,0
FRD_00001126,CUST_00000964,TXN_0000091302,None,0.175,0.261,0.126,0.234,0.0,0
FRD_00001127,CUST_00000806,TXN_0000076315,None,0.18,0.081,0.0,0.606,0.001,0
FRD_00001128,CUST_00000262,TXN_0000024765,None,0.195,0.217,0.186,0.305,0.029,0
FRD_00001129,CUST_00000796,TXN_0000075383,None,0.138,0.368,0.031,0.013,0.0,0
FRD_00001130,CUST_00000977,TXN_0000092554,None,0.199,0.045,0.095,0.655,0.001,0
FRD_00001131,CUST_00000263,TXN_0000024866,None,0.182,0.123,0.059,0.094,0.519,0
FRD_00001132,CUST_00000068,TXN_0000006440,None,0.265,0.254,0.064,0.612,0.051,0
FRD_00001133,CUST_00000482,TXN_0000045674,None,0.143,0.328,0.13,0.008,0.0,0
FRD_00001134,CUST_00000882,TXN_0000083499,None,0.196,0.236,0.025,0.21,0.278,0
FRD_00001135,CUST_00000300,TXN_0000028373,None,0.254,0.216,0.408,0.28,0.134,0
FRD_00001136,CUST_00000238,TXN_0000022513,None,0.243,0.328,0.054,0.218,0.313,0
FRD_00001137,CUST_00000277,TXN_0000026214,None,0.241,0.278,0.386,0.228,0.048,0
FRD_00001138,CUST_00000309,TXN_0000029280,None,0.222,0.166,0.0,0.527,0.159,0
FRD_00001139,CUST_00000788,TXN_0000074644,None,0.197,0.221,0.066,0.427,0.0,0
FRD_00001140,CUST_00000552,TXN_0000052310,None,0.132,0.172,0.136,0.151,0.035,0
FRD_00001141,CUST_00000688,TXN_0000065158,None,0.198,0.326,0.058,0.288,0.001,0
FRD_00001142,CUST_00000438,TXN_0000041429,None,0.214,0.199,0.162,0.337,0.138,0
FRD_00001143,CUST_00000222,TXN_0000021055,None,0.129,0.203,0.025,0.183,0.035,0
FRD_00001144,CUST_00000587,TXN_0000055577,None,0.132,0.298,0.0,0.082,0.037,0
FRD_00001145,CUST_00000322,TXN_0000030484,None,0.267,0.356,0.248,0.203,0.212,0
FRD_00001146,CUST_00000577,TXN_0000054672,None,0.13,0.198,0.0,0.243,0.0,0
FRD_00001147,CUST_00000572,TXN_0000054159,None,0.115,0.143,0.0,0.192,0.086,0
FRD_00001148,CUST_00000697,TXN_0000066007,None,0.051,0.073,0.11,0.008,0.008,0
FRD_00001149,CUST_00000990,TXN_0000093797,None,0.109,0.119,0.053,0.227,0.002,0
FRD_00001150,CUST_00000231,TXN_0000021823,None,0.136,0.117,0.047,0.126,0.27,0
FRD_00001151,CUST_00000714,TXN_0000067612,None,0.25,0.181,0.309,0.47,0.036,0
FRD_00001152,CUST_00000755,TXN_0000071512,None,0.158,0.334,0.07,0.052,0.071,0
FRD_00001153,CUST_00000649,TXN_0000061495,None,0.139,0.206,0.024,0.167,0.102,0
FRD_00001154,CUST_00000827,TXN_0000078371,None,0.146,0.152,0.004,0.37,0.0,0
FRD_00001155,CUST_00000274,TXN_0000025949,None,0.199,0.176,0.072,0.492,0.0,0
FRD_00001156,CUST_00000415,TXN_0000039255,None,0.087,0.177,0.025,0.058,0.029,0
FRD_00001157,CUST_00000313,TXN_0000029694,None,0.053,0.084,0.03,0.07,0.001,0
FRD_00001158,CUST_00000808,TXN_0000076570,None,0.147,0.11,0.021,0.416,0.003,0
FRD_00001159,CUST_00000353,TXN_0000033426,None,0.13,0.079,0.255,0.072,0.169,0
FRD_00001160,CUST_00000601,TXN_0000056911,None,0.186,0.238,0.033,0.386,0.0,0
FRD_00001161,CUST_00000675,TXN_0000063936,None,0.15,0.219,0.08,0.215,0.019,0
FRD_00001162,CUST_00000137,TXN_0000012952,None,0.065,0.106,0.007,0.079,0.032,0
FRD_00001163,CUST_00000893,TXN_0000084551,None,0.24,0.363,0.088,0.335,0.059,0
FRD_00001164,CUST_00000775,TXN_0000073458,None,0.15,0.293,0.029,0.084,0.102,0
FRD_00001165,CUST_00000931,TXN_0000088150,None,0.126,0.174,0.004,0.203,0.066,0
FRD_00001166,CUST_00000624,TXN_0000059087,None,0.081,0.073,0.058,0.055,0.149,0
FRD_00001167,CUST_00000474,TXN_0000044890,None,0.111,0.238,0.057,0.048,0.021,0
FRD_00001168,CUST_00000896,TXN_0000084869,None,0.256,0.209,0.254,0.526,0.003,0
FRD_00001169,CUST_00000240,TXN_0000022669,None,0.211,0.246,0.239,0.307,0.001,0
FRD_00001170,CUST_00000453,TXN_0000042889,None,0.166,0.296,0.09,0.176,0.002,0
FRD_00001171,CUST_00000810,TXN_0000076681,None,0.185,0.327,0.002,0.271,0.011,0
FRD_00001172,CUST_00000446,TXN_0000042189,None,0.136,0.297,0.137,0.02,0.0,0
FRD_00001173,CUST_00000704,TXN_0000066676,None,0.203,0.228,0.092,0.418,0.003,0
FRD_00001174,CUST_00000822,TXN_0000077874,None,0.131,0.273,0.16,0.012,0.0,0
FRD_00001175,CUST_00000235,TXN_0000022228,None,0.222,0.354,0.048,0.262,0.117,0
FRD_00001176,CUST_00000209,TXN_0000019810,None,0.157,0.228,0.165,0.095,0.1,0
FRD_00001177,CUST_00000644,TXN_0000060971,None,0.076,0.163,0.009,0.052,0.023,0
FRD_00001178,CUST_00000738,TXN_0000069865,UPI Phishing / Collect Request Fraud,0.456,0.932,0.022,0.501,0.0,1
FRD_00001179,CUST_00000991,TXN_0000093868,None,0.184,0.189,0.287,0.241,0.0,0
FRD_00001180,CUST_00000751,TXN_0000071184,None,0.282,0.327,0.178,0.493,0.045,0
FRD_00001181,CUST_00000865,TXN_0000081936,None,0.083,0.152,0.052,0.077,0.0,0
FRD_00001182,CUST_00000538,TXN_0000050945,None,0.165,0.273,0.075,0.188,0.035,0
FRD_00001183,CUST_00000321,TXN_0000030410,None,0.096,0.145,0.137,0.064,0.007,0
FRD_00001184,CUST_00000644,TXN_0000060970,None,0.114,0.161,0.08,0.158,0.009,0
FRD_00001185,CUST_00000583,TXN_0000055214,None,0.119,0.253,0.08,0.057,0.0,0
FRD_00001186,CUST_00000970,TXN_0000091855,None,0.107,0.179,0.033,0.103,0.059,0
FRD_00001187,CUST_00000509,TXN_0000048241,None,0.171,0.162,0.102,0.089,0.358,0
FRD_00001188,CUST_00000499,TXN_0000047298,None,0.136,0.159,0.131,0.218,0.0,0
FRD_00001189,CUST_00000792,TXN_0000075031,Account Takeover (ATO),0.388,0.889,0.368,0.012,0.0,1
FRD_00001190,CUST_00000120,TXN_0000011374,None,0.186,0.238,0.003,0.389,0.024,0
FRD_00001191,CUST_00000063,TXN_0000005980,None,0.107,0.255,0.007,0.065,0.0,0
FRD_00001192,CUST_00000975,TXN_0000092343,None,0.124,0.242,0.077,0.093,0.003,0
FRD_00001193,CUST_00000856,TXN_0000081071,None,0.127,0.089,0.031,0.224,0.167,0
FRD_00001194,CUST_00000059,TXN_0000005559,None,0.153,0.284,0.026,0.189,0.004,0
FRD_00001195,CUST_00000768,TXN_0000072708,None,0.149,0.229,0.021,0.219,0.051,0
FRD_00001196,CUST_00000330,TXN_0000031300,None,0.101,0.168,0.184,0.021,0.0,0
FRD_00001197,CUST_00000219,TXN_0000020693,None,0.088,0.129,0.002,0.169,0.002,0
FRD_00001198,CUST_00000092,TXN_0000008649,None,0.106,0.14,0.077,0.14,0.031,0
FRD_00001199,CUST_00000502,TXN_0000047568,None,0.251,0.299,0.384,0.28,0.0,0
FRD_00001200,CUST_00000550,TXN_0000052129,None,0.284,0.211,0.409,0.487,0.035,0
FRD_00001201,CUST_00000373,TXN_0000035310,None,0.188,0.339,0.202,0.117,0.0,0
FRD_00001202,CUST_00000418,TXN_0000039587,None,0.144,0.109,0.258,0.113,0.128,0
FRD_00001203,CUST_00000413,TXN_0000039086,None,0.283,0.323,0.085,0.537,0.094,0
FRD_00001204,CUST_00000450,TXN_0000042620,None,0.149,0.122,0.004,0.297,0.155,0
FRD_00001205,CUST_00000837,TXN_0000079269,None,0.201,0.251,0.209,0.285,0.0,0
FRD_00001206,CUST_00000094,TXN_0000008884,None,0.1,0.247,0.027,0.026,0.007,0
FRD_00001207,CUST_00000531,TXN_0000050321,None,0.146,0.142,0.223,0.189,0.021,0
FRD_00001208,CUST_00000828,TXN_0000078473,None,0.132,0.322,0.004,0.049,0.033,0
FRD_00001209,CUST_00000502,TXN_0000047501,None,0.161,0.299,0.005,0.157,0.082,0
FRD_00001210,CUST_00000342,TXN_0000032429,None,0.124,0.202,0.092,0.138,0.0,0
FRD_00001211,CUST_00000839,TXN_0000079434,None,0.179,0.175,0.252,0.233,0.048,0
FRD_00001212,CUST_00000887,TXN_0000083985,None,0.194,0.096,0.07,0.583,0.001,0
FRD_00001213,CUST_00000805,TXN_0000076234,None,0.067,0.12,0.026,0.037,0.055,0
FRD_00001214,CUST_00000055,TXN_0000005170,None,0.166,0.241,0.176,0.179,0.009,0
FRD_00001215,CUST_00000581,TXN_0000054982,None,0.135,0.165,0.092,0.163,0.089,0
FRD_00001216,CUST_00000555,TXN_0000052566,None,0.09,0.103,0.0,0.181,0.042,0
FRD_00001217,CUST_00000874,TXN_0000082797,None,0.109,0.138,0.06,0.194,0.003,0
FRD_00001218,CUST_00000238,TXN_0000022532,None,0.177,0.185,0.085,0.304,0.095,0
FRD_00001219,CUST_00000351,TXN_0000033249,None,0.08,0.089,0.079,0.085,0.057,0
FRD_00001220,CUST_00000725,TXN_0000068691,None,0.178,0.183,0.083,0.29,0.125,0
FRD_00001221,CUST_00000049,TXN_0000004581,Account Takeover (ATO),0.388,0.946,0.006,0.213,0.01,1
FRD_00001222,CUST_00000646,TXN_0000061174,None,0.116,0.118,0.011,0.122,0.211,0
FRD_00001223,CUST_00000769,TXN_0000072885,None,0.21,0.165,0.017,0.586,0.014,0
FRD_00001224,CUST_00000765,TXN_0000072504,None,0.239,0.311,0.014,0.506,0.004,0
FRD_00001225,CUST_00000182,TXN_0000017255,None,0.122,0.125,0.009,0.273,0.039,0
FRD_00001226,CUST_00000868,TXN_0000082231,None,0.107,0.155,0.0,0.149,0.077,0
FRD_00001227,CUST_00000652,TXN_0000061748,None,0.226,0.373,0.0,0.378,0.007,0
FRD_00001228,CUST_00000974,TXN_0000092266,None,0.08,0.214,0.001,0.021,0.0,0
FRD_00001229,CUST_00000649,TXN_0000061471,None,0.231,0.347,0.085,0.371,0.0,0
FRD_00001230,CUST_00000137,TXN_0000012996,None,0.263,0.36,0.073,0.441,0.062,0
FRD_00001231,CUST_00000700,TXN_0000066328,None,0.13,0.226,0.15,0.018,0.081,0
FRD_00001232,CUST_00000430,TXN_0000040715,None,0.167,0.32,0.156,0.018,0.097,0
FRD_00001233,CUST_00000671,TXN_0000063556,None,0.181,0.381,0.041,0.125,0.043,0
FRD_00001234,CUST_00000042,TXN_0000003945,None,0.082,0.193,0.03,0.032,0.0,0
FRD_00001235,CUST_00000678,TXN_0000064285,None,0.108,0.187,0.003,0.166,0.003,0
FRD_00001236,CUST_00000772,TXN_0000073145,None,0.306,0.196,0.0,0.912,0.047,0
FRD_00001237,CUST_00000289,TXN_0000027381,None,0.206,0.264,0.122,0.169,0.235,0
FRD_00001238,CUST_00000177,TXN_0000016790,None,0.338,0.368,0.001,0.723,0.14,0
FRD_00001239,CUST_00000009,TXN_0000000757,None,0.119,0.163,0.002,0.221,0.031,0
FRD_00001240,CUST_00000362,TXN_0000034274,None,0.146,0.288,0.001,0.161,0.024,0
FRD_00001241,CUST_00000415,TXN_0000039318,None,0.146,0.266,0.184,0.065,0.0,0
FRD_00001242,CUST_00000610,TXN_0000057766,None,0.228,0.297,0.257,0.195,0.12,0
FRD_00001243,CUST_00000290,TXN_0000027464,None,0.083,0.182,0.035,0.048,0.001,0
FRD_00001244,CUST_00000689,TXN_0000065274,None,0.106,0.258,0.005,0.019,0.052,0
FRD_00001245,CUST_00000983,TXN_0000093121,None,0.1,0.145,0.0,0.142,0.071,0
FRD_00001246,CUST_00000016,TXN_0000001431,None,0.102,0.127,0.036,0.195,0.007,0
FRD_00001247,CUST_00000110,TXN_0000010409,None,0.155,0.255,0.252,0.058,0.004,0
FRD_00001248,CUST_00000883,TXN_0000083574,None,0.114,0.211,0.0,0.083,0.097,0
FRD_00001249,CUST_00000988,TXN_0000093564,None,0.226,0.083,0.107,0.698,0.003,0
FRD_00001250,CUST_00000663,TXN_0000062771,None,0.17,0.059,0.016,0.486,0.123,0
FRD_00001251,CUST_00000992,TXN_0000093979,None,0.149,0.214,0.003,0.296,0.0,0
FRD_00001252,CUST_00000186,TXN_0000017584,None,0.189,0.311,0.0,0.25,0.086,0
FRD_00001253,CUST_00000706,TXN_0000066909,None,0.253,0.332,0.047,0.509,0.0,0
FRD_00001254,CUST_00000421,TXN_0000039882,None,0.129,0.114,0.298,0.111,0.011,0
FRD_00001255,CUST_00000185,TXN_0000017556,None,0.21,0.196,0.076,0.375,0.163,0
FRD_00001256,CUST_00000069,TXN_0000006480,None,0.23,0.189,0.283,0.408,0.026,0
FRD_00001257,CUST_00000265,TXN_0000025097,None,0.062,0.146,0.0,0.04,0.004,0
FRD_00001258,CUST_00000954,TXN_0000090320,None,0.18,0.32,0.118,0.098,0.102,0
FRD_00001259,CUST_00000743,TXN_0000070380,None,0.147,0.297,0.041,0.128,0.016,0
FRD_00001260,CUST_00000038,TXN_0000003503,None,0.172,0.212,0.021,0.364,0.011,0
FRD_00001261,CUST_00000066,TXN_0000006195,None,0.134,0.328,0.052,0.018,0.02,0
FRD_00001262,CUST_00000567,TXN_0000053713,None,0.16,0.12,0.138,0.354,0.009,0
FRD_00001263,CUST_00000547,TXN_0000051798,None,0.159,0.25,0.096,0.201,0.009,0
FRD_00001264,CUST_00000644,TXN_0000061016,None,0.214,0.127,0.274,0.459,0.001,0
FRD_00001265,CUST_00000663,TXN_0000062803,None,0.115,0.096,0.015,0.254,0.076,0
FRD_00001266,CUST_00000587,TXN_0000055556,None,0.154,0.265,0.014,0.21,0.031,0
FRD_00001267,CUST_00000669,TXN_0000063393,None,0.114,0.299,0.004,0.033,0.0,0
FRD_00001268,CUST_00000076,TXN_0000007168,None,0.209,0.174,0.334,0.172,0.192,0
FRD_00001269,CUST_00000146,TXN_0000013822,None,0.251,0.222,0.025,0.664,0.01,0
FRD_00001270,CUST_00000763,TXN_0000072294,None,0.085,0.167,0.033,0.079,0.0,0
FRD_00001271,CUST_00000407,TXN_0000038531,None,0.065,0.148,0.011,0.035,0.009,0
FRD_00001272,CUST_00000142,TXN_0000013459,None,0.283,0.337,0.657,0.124,0.012,0
FRD_00001273,CUST_00000062,TXN_0000005867,None,0.141,0.21,0.207,0.102,0.002,0
FRD_00001274,CUST_00000982,TXN_0000093015,None,0.143,0.26,0.176,0.068,0.0,0
FRD_00001275,CUST_00000256,TXN_0000024251,None,0.165,0.281,0.22,0.09,0.003,0
FRD_00001276,CUST_00001000,TXN_0000094744,None,0.179,0.218,0.204,0.082,0.206,0
FRD_00001277,CUST_00000608,TXN_0000057569,None,0.075,0.1,0.049,0.1,0.026,0
FRD_00001278,CUST_00000041,TXN_0000003822,None,0.176,0.26,0.044,0.306,0.0,0
FRD_00001279,CUST_00000525,TXN_0000049716,None,0.225,0.199,0.193,0.466,0.001,0
FRD_00001280,CUST_00000248,TXN_0000023469,None,0.112,0.143,0.015,0.234,0.0,0
FRD_00001281,CUST_00000732,TXN_0000069373,None,0.046,0.118,0.004,0.011,0.005,0
FRD_00001282,CUST_00000920,TXN_0000087113,None,0.127,0.17,0.137,0.148,0.013,0
FRD_00001283,CUST_00000035,TXN_0000003314,None,0.289,0.275,0.005,0.264,0.63,0
FRD_00001284,CUST_00000110,TXN_0000010375,None,0.235,0.309,0.001,0.419,0.109,0
FRD_00001285,CUST_00000042,TXN_0000003956,None,0.109,0.24,0.032,0.074,0.0,0
FRD_00001286,CUST_00000540,TXN_0000051109,None,0.113,0.118,0.055,0.236,0.006,0
FRD_00001287,CUST_00000174,TXN_0000016459,None,0.227,0.226,0.042,0.426,0.166,0
FRD_00001288,CUST_00000717,TXN_0000067875,None,0.175,0.334,0.001,0.23,0.001,0
FRD_00001289,CUST_00000946,TXN_0000089628,None,0.23,0.216,0.072,0.532,0.036,0
FRD_00001290,CUST_00000898,TXN_0000085098,None,0.12,0.321,0.028,0.002,0.009,0
FRD_00001291,CUST_00000926,TXN_0000087722,None,0.115,0.153,0.164,0.114,0.0,0
FRD_00001292,CUST_00000961,TXN_0000090997,None,0.305,0.273,0.277,0.331,0.358,0
FRD_00001293,CUST_00000134,TXN_0000012733,None,0.121,0.256,0.025,0.021,0.105,0
FRD_00001294,CUST_00000691,TXN_0000065477,None,0.105,0.135,0.052,0.152,0.046,0
FRD_00001295,CUST_00000496,TXN_0000047016,None,0.178,0.247,0.011,0.348,0.01,0
FRD_00001296,CUST_00000877,TXN_0000083027,None,0.127,0.278,0.02,0.097,0.007,0
FRD_00001297,CUST_00000752,TXN_0000071265,None,0.153,0.149,0.016,0.365,0.033,0
FRD_00001298,CUST_00000448,TXN_0000042392,None,0.098,0.057,0.002,0.292,0.025,0
FRD_00001299,CUST_00000532,TXN_0000050361,None,0.273,0.256,0.364,0.441,0.0,0
FRD_00001300,CUST_00000151,TXN_0000014312,None,0.162,0.286,0.263,0.027,0.012,0
FRD_00001301,CUST_00000810,TXN_0000076775,None,0.19,0.269,0.062,0.327,0.009,0
FRD_00001302,CUST_00000375,TXN_0000035462,None,0.215,0.154,0.221,0.462,0.006,0
FRD_00001303,CUST_00000510,TXN_0000048316,None,0.237,0.304,0.109,0.37,0.082,0
FRD_00001304,CUST_00000289,TXN_0000027403,None,0.076,0.192,0.003,0.034,0.0,0
FRD_00001305,CUST_00000225,TXN_0000021291,None,0.151,0.217,0.2,0.119,0.026,0
FRD_00001306,CUST_00000432,TXN_0000040940,None,0.211,0.313,0.267,0.098,0.116,0
FRD_00001307,CUST_00000721,TXN_0000068258,None,0.17,0.25,0.044,0.292,0.005,0
FRD_00001308,CUST_00000560,TXN_0000053033,None,0.283,0.233,0.127,0.689,0.018,0
FRD_00001309,CUST_00000513,TXN_0000048619,None,0.168,0.148,0.019,0.176,0.344,0
FRD_00001310,CUST_00000888,TXN_0000084071,None,0.308,0.306,0.453,0.426,0.019,0
FRD_00001311,CUST_00000030,TXN_0000002784,None,0.112,0.294,0.01,0.027,0.0,0
FRD_00001312,CUST_00000627,TXN_0000059375,None,0.162,0.252,0.127,0.067,0.156,0
FRD_00001313,CUST_00000726,TXN_0000068735,None,0.095,0.079,0.025,0.203,0.057,0
FRD_00001314,CUST_00000012,TXN_0000001061,None,0.299,0.343,0.085,0.639,0.009,0
FRD_00001315,CUST_00000362,TXN_0000034301,None,0.172,0.318,0.0,0.241,0.0,0
FRD_00001316,CUST_00000499,TXN_0000047282,None,0.111,0.25,0.0,0.089,0.004,0
FRD_00001317,CUST_00000348,TXN_0000032990,None,0.227,0.27,0.087,0.399,0.079,0
FRD_00001318,CUST_00000682,TXN_0000064591,None,0.235,0.185,0.064,0.458,0.214,0
FRD_00001319,CUST_00000275,TXN_0000026003,None,0.139,0.258,0.028,0.1,0.092,0
FRD_00001320,CUST_00000381,TXN_0000036073,None,0.056,0.092,0.016,0.054,0.036,0
FRD_00001321,CUST_00000460,TXN_0000043531,None,0.263,0.317,0.205,0.439,0.004,0
FRD_00001322,CUST_00000978,TXN_0000092670,None,0.197,0.291,0.003,0.379,0.001,0
FRD_00001323,CUST_00000873,TXN_0000082693,None,0.156,0.185,0.002,0.364,0.0,0
FRD_00001324,CUST_00000240,TXN_0000022685,None,0.139,0.318,0.047,0.031,0.055,0
FRD_00001325,CUST_00000694,TXN_0000065705,None,0.2,0.251,0.003,0.438,0.011,0
FRD_00001326,CUST_00000290,TXN_0000027462,None,0.157,0.206,0.06,0.291,0.0,0
FRD_00001327,CUST_00000620,TXN_0000058758,None,0.188,0.123,0.123,0.454,0.035,0
FRD_00001328,CUST_00000871,TXN_0000082489,None,0.161,0.25,0.051,0.255,0.0,0
FRD_00001329,CUST_00000774,TXN_0000073290,None,0.089,0.207,0.025,0.047,0.001,0
FRD_00001330,CUST_00000759,TXN_0000071946,Identity Theft / Synthetic ID,0.371,0.925,0.028,0.093,0.093,1
FRD_00001331,CUST_00000798,TXN_0000075614,None,0.16,0.267,0.301,0.004,0.027,0
FRD_00001332,CUST_00000872,TXN_0000082542,None,0.07,0.133,0.002,0.093,0.0,0
FRD_00001333,CUST_00000322,TXN_0000030464,None,0.204,0.112,0.0,0.409,0.315,0
FRD_00001334,CUST_00000798,TXN_0000075637,None,0.119,0.041,0.266,0.161,0.055,0
FRD_00001335,CUST_00000755,TXN_0000071555,None,0.115,0.23,0.012,0.124,0.004,0
FRD_00001336,CUST_00000688,TXN_0000065164,None,0.152,0.182,0.002,0.35,0.0,0
FRD_00001337,CUST_00000755,TXN_0000071505,None,0.1,0.126,0.007,0.218,0.001,0
FRD_00001338,CUST_00000150,TXN_0000014171,None,0.171,0.178,0.297,0.166,0.038,0
FRD_00001339,CUST_00000405,TXN_0000038362,None,0.084,0.138,0.035,0.106,0.009,0
FRD_00001340,CUST_00000014,TXN_0000001247,None,0.17,0.163,0.008,0.365,0.103,0
FRD_00001341,CUST_00000815,TXN_0000077253,None,0.13,0.117,0.063,0.193,0.139,0
FRD_00001342,CUST_00000362,TXN_0000034302,None,0.107,0.284,0.007,0.021,0.004,0
FRD_00001343,CUST_00000990,TXN_0000093719,None,0.086,0.202,0.004,0.008,0.065,0
FRD_00001344,CUST_00000920,TXN_0000087130,None,0.173,0.147,0.028,0.345,0.151,0
FRD_00001345,CUST_00000664,TXN_0000062869,None,0.109,0.279,0.009,0.04,0.0,0
FRD_00001346,CUST_00000836,TXN_0000079194,None,0.073,0.085,0.142,0.009,0.062,0
FRD_00001347,CUST_00000928,TXN_0000087855,None,0.211,0.19,0.005,0.575,0.001,0
FRD_00001348,CUST_00000423,TXN_0000040049,None,0.22,0.105,0.024,0.695,0.021,0
FRD_00001349,CUST_00000840,TXN_0000079589,None,0.071,0.156,0.021,0.049,0.001,0
FRD_00001350,CUST_00000936,TXN_0000088637,None,0.11,0.227,0.136,0.006,0.008,0
FRD_00001351,CUST_00000959,TXN_0000090852,None,0.194,0.17,0.338,0.199,0.086,0
FRD_00001352,CUST_00000987,TXN_0000093471,None,0.224,0.37,0.188,0.18,0.06,0
FRD_00001353,CUST_00000232,TXN_0000021968,Identity Theft / Synthetic ID,0.514,0.874,0.151,0.237,0.594,1
FRD_00001354,CUST_00000640,TXN_0000060631,None,0.114,0.301,0.0,0.023,0.013,0
FRD_00001355,CUST_00000010,TXN_0000000929,None,0.137,0.253,0.082,0.1,0.037,0
FRD_00001356,CUST_00000881,TXN_0000083468,None,0.038,0.043,0.027,0.07,0.0,0
FRD_00001357,CUST_00000720,TXN_0000068191,None,0.097,0.245,0.001,0.017,0.034,0
FRD_00001358,CUST_00000902,TXN_0000085467,None,0.118,0.192,0.082,0.13,0.009,0
FRD_00001359,CUST_00000505,TXN_0000047850,None,0.142,0.306,0.066,0.057,0.038,0
FRD_00001360,CUST_00000361,TXN_0000034191,None,0.138,0.097,0.013,0.393,0.017,0
FRD_00001361,CUST_00000810,TXN_0000076685,None,0.167,0.312,0.067,0.173,0.006,0
FRD_00001362,CUST_00000431,TXN_0000040803,None,0.078,0.08,0.047,0.145,0.023,0
FRD_00001363,CUST_00000919,TXN_0000087094,None,0.113,0.253,0.02,0.082,0.0,0
FRD_00001364,CUST_00000225,TXN_0000021283,None,0.134,0.082,0.099,0.333,0.01,0
FRD_00001365,CUST_00000992,TXN_0000093969,None,0.04,0.051,0.001,0.087,0.002,0
FRD_00001366,CUST_00000566,TXN_0000053595,UPI Phishing / Collect Request Fraud,0.384,0.877,0.069,0.045,0.262,1
FRD_00001367,CUST_00000460,TXN_0000043590,None,0.169,0.156,0.0,0.439,0.025,0
FRD_00001368,CUST_00000221,TXN_0000020883,None,0.085,0.045,0.135,0.143,0.031,0
FRD_00001369,CUST_00000927,TXN_0000087847,None,0.161,0.113,0.178,0.223,0.15,0
FRD_00001370,CUST_00000427,TXN_0000040481,None,0.155,0.206,0.005,0.216,0.14,0
FRD_00001371,CUST_00000596,TXN_0000056411,None,0.067,0.138,0.017,0.055,0.01,0
FRD_00001372,CUST_00000402,TXN_0000038027,None,0.196,0.224,0.327,0.205,0.005,0
FRD_00001373,CUST_00000354,TXN_0000033524,None,0.098,0.147,0.064,0.134,0.0,0
FRD_00001374,CUST_00000097,TXN_0000009159,None,0.165,0.273,0.061,0.135,0.118,0
FRD_00001375,CUST_00000207,TXN_0000019556,None,0.068,0.032,0.015,0.14,0.096,0
FRD_00001376,CUST_00000230,TXN_0000021739,None,0.124,0.232,0.011,0.079,0.106,0
FRD_00001377,CUST_00000455,TXN_0000043113,None,0.061,0.103,0.027,0.079,0.0,0
FRD_00001378,CUST_00000107,TXN_0000010106,None,0.13,0.09,0.043,0.303,0.073,0
FRD_00001379,CUST_00000410,TXN_0000038793,None,0.156,0.066,0.132,0.391,0.042,0
FRD_00001380,CUST_00000829,TXN_0000078570,None,0.223,0.366,0.094,0.306,0.0,0
FRD_00001381,CUST_00000205,TXN_0000019410,None,0.218,0.156,0.129,0.543,0.009,0
FRD_00001382,CUST_00000568,TXN_0000053759,None,0.145,0.192,0.003,0.306,0.002,0
FRD_00001383,CUST_00000525,TXN_0000049674,None,0.102,0.197,0.024,0.108,0.006,0
FRD_00001384,CUST_00000525,TXN_0000049710,None,0.111,0.252,0.093,0.014,0.002,0
FRD_00001385,CUST_00000286,TXN_0000027097,None,0.194,0.379,0.011,0.108,0.159,0
FRD_00001386,CUST_00000783,TXN_0000074170,None,0.16,0.354,0.152,0.023,0.001,0
FRD_00001387,CUST_00000789,TXN_0000074799,None,0.121,0.161,0.03,0.159,0.094,0
FRD_00001388,CUST_00000892,TXN_0000084486,None,0.077,0.1,0.057,0.122,0.001,0
FRD_00001389,CUST_00000197,TXN_0000018703,None,0.157,0.202,0.267,0.121,0.015,0
FRD_00001390,CUST_00000899,TXN_0000085125,None,0.159,0.228,0.088,0.233,0.018,0
FRD_00001391,CUST_00000456,TXN_0000043150,None,0.113,0.321,0.0,0.004,0.0,0
FRD_00001392,CUST_00000326,TXN_0000030864,None,0.12,0.202,0.14,0.039,0.056,0
FRD_00001393,CUST_00000710,TXN_0000067257,None,0.169,0.265,0.005,0.085,0.271,0
FRD_00001394,CUST_00000814,TXN_0000077152,None,0.065,0.142,0.047,0.022,0.0,0
FRD_00001395,CUST_00000354,TXN_0000033539,None,0.095,0.119,0.005,0.073,0.169,0
FRD_00001396,CUST_00000363,TXN_0000034385,None,0.118,0.141,0.171,0.118,0.026,0
FRD_00001397,CUST_00000339,TXN_0000032087,None,0.167,0.209,0.178,0.225,0.009,0
FRD_00001398,CUST_00000191,TXN_0000018123,None,0.212,0.295,0.367,0.134,0.011,0
FRD_00001399,CUST_00000558,TXN_0000052828,None,0.188,0.365,0.14,0.13,0.001,0
FRD_00001400,CUST_00000627,TXN_0000059426,None,0.122,0.169,0.098,0.174,0.0,0
FRD_00001401,CUST_00000430,TXN_0000040741,None,0.143,0.25,0.034,0.18,0.02,0
FRD_00001402,CUST_00000864,TXN_0000081791,None,0.282,0.263,0.285,0.528,0.003,0
FRD_00001403,CUST_00000291,TXN_0000027508,UPI Phishing / Collect Request Fraud,0.374,0.867,0.119,0.011,0.218,1
FRD_00001404,CUST_00000227,TXN_0000021462,None,0.049,0.117,0.018,0.018,0.001,0
FRD_00001405,CUST_00000896,TXN_0000084863,None,0.144,0.114,0.159,0.29,0.0,0
FRD_00001406,CUST_00000659,TXN_0000062382,None,0.103,0.134,0.08,0.084,0.097,0
FRD_00001407,CUST_00000960,TXN_0000090964,None,0.203,0.334,0.087,0.27,0.007,0
FRD_00001408,CUST_00000916,TXN_0000086786,None,0.083,0.153,0.018,0.102,0.0,0
FRD_00001409,CUST_00000812,TXN_0000076881,None,0.164,0.298,0.007,0.101,0.163,0
FRD_00001410,CUST_00000255,TXN_0000024156,None,0.14,0.173,0.003,0.31,0.008,0
FRD_00001411,CUST_00000849,TXN_0000080387,None,0.115,0.133,0.015,0.26,0.002,0
FRD_00001412,CUST_00000283,TXN_0000026751,None,0.15,0.147,0.001,0.386,0.011,0
FRD_00001413,CUST_00000385,TXN_0000036460,None,0.114,0.139,0.14,0.14,0.01,0
FRD_00001414,CUST_00000628,TXN_0000059531,None,0.171,0.174,0.424,0.084,0.02,0
FRD_00001415,CUST_00000627,TXN_0000059422,None,0.124,0.063,0.008,0.399,0.001,0
FRD_00001416,CUST_00000062,TXN_0000005861,None,0.077,0.027,0.129,0.095,0.088,0
FRD_00001417,CUST_00000106,TXN_0000009999,None,0.13,0.175,0.023,0.255,0.002,0
FRD_00001418,CUST_00000747,TXN_0000070733,None,0.119,0.211,0.034,0.152,0.001,0
FRD_00001419,CUST_00000082,TXN_0000007715,None,0.182,0.213,0.143,0.059,0.32,0
FRD_00001420,CUST_00000762,TXN_0000072223,None,0.147,0.147,0.007,0.368,0.01,0
FRD_00001421,CUST_00000454,TXN_0000043037,None,0.173,0.296,0.001,0.225,0.065,0
FRD_00001422,CUST_00000496,TXN_0000046986,None,0.076,0.115,0.021,0.045,0.103,0
FRD_00001423,CUST_00000537,TXN_0000050825,None,0.223,0.283,0.314,0.163,0.104,0
FRD_00001424,CUST_00000278,TXN_0000026321,None,0.112,0.111,0.108,0.206,0.002,0
FRD_00001425,CUST_00000822,TXN_0000077884,None,0.157,0.338,0.034,0.099,0.035,0
FRD_00001426,CUST_00000713,TXN_0000067505,None,0.201,0.281,0.016,0.247,0.186,0
FRD_00001427,CUST_00000962,TXN_0000091123,None,0.179,0.18,0.029,0.437,0.006,0
FRD_00001428,CUST_00000546,TXN_0000051669,None,0.167,0.131,0.147,0.331,0.044,0
FRD_00001429,CUST_00000006,TXN_0000000503,None,0.25,0.262,0.404,0.049,0.327,0
FRD_00001430,CUST_00000919,TXN_0000087024,None,0.125,0.073,0.0,0.352,0.058,0
FRD_00001431,CUST_00000537,TXN_0000050897,None,0.115,0.25,0.061,0.046,0.02,0
FRD_00001432,CUST_00000099,TXN_0000009369,None,0.204,0.371,0.018,0.282,0.0,0
FRD_00001433,CUST_00000411,TXN_0000038896,None,0.137,0.304,0.056,0.077,0.002,0
FRD_00001434,CUST_00000333,TXN_0000031565,None,0.15,0.122,0.297,0.192,0.0,0
FRD_00001435,CUST_00000420,TXN_0000039756,None,0.054,0.095,0.003,0.077,0.005,0
FRD_00001436,CUST_00000859,TXN_0000081324,None,0.188,0.088,0.281,0.289,0.144,0
FRD_00001437,CUST_00000610,TXN_0000057816,None,0.116,0.308,0.008,0.009,0.024,0
FRD_00001438,CUST_00000481,TXN_0000045572,None,0.063,0.137,0.033,0.032,0.001,0
FRD_00001439,CUST_00000539,TXN_0000051011,None,0.21,0.374,0.025,0.027,0.337,0
FRD_00001440,CUST_00000792,TXN_0000075001,Card Not Present (CNP) Fraud,0.408,0.924,0.026,0.266,0.063,1
FRD_00001441,CUST_00000091,TXN_0000008580,None,0.132,0.154,0.332,0.044,0.005,0
FRD_00001442,CUST_00000864,TXN_0000081793,None,0.06,0.063,0.0,0.146,0.008,0
FRD_00001443,CUST_00000058,TXN_0000005511,None,0.144,0.294,0.062,0.112,0.004,0
FRD_00001444,CUST_00000071,TXN_0000006739,None,0.121,0.274,0.01,0.092,0.0,0
FRD_00001445,CUST_00000552,TXN_0000052284,None,0.176,0.371,0.088,0.107,0.007,0
FRD_00001446,CUST_00000841,TXN_0000079663,None,0.119,0.221,0.003,0.135,0.037,0
FRD_00001447,CUST_00000257,TXN_0000024339,None,0.347,0.38,0.361,0.476,0.116,0
FRD_00001448,CUST_00000049,TXN_0000004644,UPI Phishing / Collect Request Fraud,0.36,0.903,0.0,0.108,0.087,1
FRD_00001449,CUST_00000153,TXN_0000014464,Card Not Present (CNP) Fraud,0.351,0.972,0.002,0.042,0.002,1
FRD_00001450,CUST_00000226,TXN_0000021397,None,0.115,0.214,0.024,0.139,0.001,0
FRD_00001451,CUST_00000846,TXN_0000080109,None,0.173,0.212,0.042,0.209,0.191,0
FRD_00001452,CUST_00000637,TXN_0000060345,None,0.327,0.341,0.345,0.547,0.01,0
FRD_00001453,CUST_00000936,TXN_0000088650,None,0.24,0.228,0.054,0.418,0.227,0
FRD_00001454,CUST_00000297,TXN_0000028106,None,0.16,0.168,0.048,0.319,0.059,0
FRD_00001455,CUST_00000082,TXN_0000007749,None,0.177,0.257,0.083,0.144,0.173,0
FRD_00001456,CUST_00000940,TXN_0000089011,None,0.093,0.101,0.112,0.025,0.144,0
FRD_00001457,CUST_00000959,TXN_0000090855,None,0.19,0.369,0.002,0.241,0.002,0
FRD_00001458,CUST_00000691,TXN_0000065469,None,0.171,0.29,0.012,0.268,0.0,0
FRD_00001459,CUST_00000317,TXN_0000029982,None,0.12,0.237,0.165,0.001,0.017,0
FRD_00001460,CUST_00000515,TXN_0000048766,None,0.188,0.199,0.0,0.452,0.028,0
FRD_00001461,CUST_00000502,TXN_0000047552,None,0.163,0.21,0.022,0.338,0.003,0
FRD_00001462,CUST_00000186,TXN_0000017591,None,0.157,0.357,0.015,0.018,0.124,0
FRD_00001463,CUST_00000589,TXN_0000055744,None,0.088,0.144,0.037,0.118,0.004,0
FRD_00001464,CUST_00000365,TXN_0000034526,None,0.124,0.18,0.149,0.013,0.14,0
FRD_00001465,CUST_00000772,TXN_0000073158,None,0.196,0.221,0.012,0.229,0.297,0
FRD_00001466,CUST_00000584,TXN_0000055315,None,0.235,0.329,0.024,0.459,0.004,0
FRD_00001467,CUST_00000174,TXN_0000016513,None,0.072,0.113,0.0,0.131,0.0,0
FRD_00001468,CUST_00000373,TXN_0000035270,None,0.157,0.306,0.103,0.075,0.054,0
FRD_00001469,CUST_00000194,TXN_0000018387,None,0.155,0.319,0.022,0.156,0.002,0
FRD_00001470,CUST_00000881,TXN_0000083427,None,0.194,0.346,0.015,0.183,0.123,0
FRD_00001471,CUST_00000617,TXN_0000058418,None,0.123,0.241,0.19,0.004,0.0,0
FRD_00001472,CUST_00000176,TXN_0000016673,None,0.102,0.183,0.167,0.018,0.0,0
FRD_00001473,CUST_00000282,TXN_0000026718,None,0.259,0.224,0.234,0.351,0.23,0
FRD_00001474,CUST_00000626,TXN_0000059311,None,0.164,0.336,0.016,0.174,0.0,0
FRD_00001475,CUST_00000431,TXN_0000040827,None,0.227,0.163,0.11,0.537,0.067,0
FRD_00001476,CUST_00000390,TXN_0000036914,None,0.148,0.214,0.082,0.22,0.01,0
FRD_00001477,CUST_00000827,TXN_0000078367,None,0.139,0.241,0.058,0.172,0.0,0
FRD_00001478,CUST_00000433,TXN_0000040957,None,0.128,0.348,0.018,0.008,0.001,0
FRD_00001479,CUST_00000890,TXN_0000084250,None,0.099,0.23,0.069,0.019,0.0,0
FRD_00001480,CUST_00000318,TXN_0000030098,None,0.138,0.231,0.0,0.228,0.003,0
FRD_00001481,CUST_00000087,TXN_0000008190,None,0.136,0.337,0.018,0.006,0.064,0
FRD_00001482,CUST_00000538,TXN_0000050954,None,0.111,0.21,0.004,0.143,0.003,0
FRD_00001483,CUST_00000861,TXN_0000081568,None,0.111,0.277,0.008,0.017,0.039,0
FRD_00001484,CUST_00000192,TXN_0000018201,None,0.221,0.192,0.112,0.526,0.0,0
FRD_00001485,CUST_00000477,TXN_0000045240,None,0.129,0.221,0.026,0.176,0.012,0
FRD_00001486,CUST_00000630,TXN_0000059686,None,0.103,0.186,0.093,0.054,0.029,0
FRD_00001487,CUST_00000889,TXN_0000084236,None,0.258,0.296,0.002,0.331,0.357,0
FRD_00001488,CUST_00000367,TXN_0000034706,None,0.198,0.308,0.058,0.305,0.012,0
FRD_00001489,CUST_00000214,TXN_0000020307,None,0.106,0.263,0.007,0.047,0.002,0
FRD_00001490,CUST_00000151,TXN_0000014341,None,0.16,0.209,0.002,0.323,0.03,0
FRD_00001491,CUST_00000683,TXN_0000064710,None,0.249,0.231,0.006,0.477,0.241,0
FRD_00001492,CUST_00000279,TXN_0000026352,None,0.141,0.286,0.025,0.127,0.021,0
FRD_00001493,CUST_00000583,TXN_0000055165,None,0.173,0.326,0.001,0.193,0.054,0
FRD_00001494,CUST_00000960,TXN_0000090920,None,0.068,0.09,0.036,0.117,0.001,0
FRD_00001495,CUST_00000545,TXN_0000051647,None,0.175,0.229,0.001,0.321,0.07,0
FRD_00001496,CUST_00000432,TXN_0000040933,None,0.178,0.267,0.012,0.326,0.002,0
FRD_00001497,CUST_00000914,TXN_0000086576,None,0.113,0.258,0.061,0.021,0.028,0
FRD_00001498,CUST_00000729,TXN_0000069060,None,0.12,0.163,0.001,0.25,0.0,0
FRD_00001499,CUST_00000099,TXN_0000009411,None,0.211,0.233,0.112,0.154,0.341,0
FRD_00001500,CUST_00000537,TXN_0000050863,None,0.146,0.275,0.118,0.103,0.001,0
FRD_00001501,CUST_00000909,TXN_0000086138,None,0.204,0.165,0.058,0.535,0.005,0
FRD_00001502,CUST_00000164,TXN_0000015526,None,0.127,0.113,0.234,0.103,0.072,0
FRD_00001503,CUST_00000746,TXN_0000070663,None,0.091,0.137,0.065,0.114,0.007,0
FRD_00001504,CUST_00000938,TXN_0000088868,None,0.172,0.31,0.064,0.156,0.061,0
FRD_00001505,CUST_00000106,TXN_0000009984,None,0.179,0.166,0.084,0.372,0.055,0
FRD_00001506,CUST_00000713,TXN_0000067513,None,0.212,0.209,0.152,0.387,0.06,0
FRD_00001507,CUST_00000273,TXN_0000025775,None,0.114,0.226,0.009,0.024,0.135,0
FRD_00001508,CUST_00000506,TXN_0000047881,None,0.072,0.19,0.002,0.006,0.017,0
FRD_00001509,CUST_00000259,TXN_0000024452,None,0.157,0.355,0.054,0.086,0.003,0
FRD_00001510,CUST_00000615,TXN_0000058234,None,0.133,0.272,0.154,0.027,0.002,0
FRD_00001511,CUST_00000279,TXN_0000026343,None,0.082,0.055,0.067,0.199,0.0,0
FRD_00001512,CUST_00000809,TXN_0000076623,None,0.191,0.163,0.038,0.425,0.098,0
FRD_00001513,CUST_00000809,TXN_0000076593,None,0.084,0.145,0.144,0.008,0.012,0
FRD_00001514,CUST_00000254,TXN_0000023981,None,0.195,0.19,0.215,0.343,0.0,0
FRD_00001515,CUST_00000608,TXN_0000057583,None,0.191,0.036,0.234,0.133,0.492,0
FRD_00001516,CUST_00000084,TXN_0000007912,None,0.126,0.198,0.126,0.003,0.156,0
FRD_00001517,CUST_00000904,TXN_0000085654,Account Takeover (ATO),0.329,0.882,0.014,0.068,0.0,1
FRD_00001518,CUST_00000506,TXN_0000047958,None,0.06,0.105,0.009,0.083,0.006,0
FRD_00001519,CUST_00000567,TXN_0000053657,None,0.153,0.269,0.028,0.211,0.003,0
FRD_00001520,CUST_00000006,TXN_0000000475,None,0.131,0.22,0.127,0.098,0.019,0
FRD_00001521,CUST_00000657,TXN_0000062273,None,0.336,0.182,0.09,0.551,0.585,0
FRD_00001522,CUST_00000379,TXN_0000035927,None,0.085,0.081,0.0,0.223,0.005,0
FRD_00001523,CUST_00000243,TXN_0000022989,None,0.16,0.22,0.21,0.157,0.007,0
FRD_00001524,CUST_00000787,TXN_0000074565,None,0.14,0.243,0.066,0.166,0.0,0
FRD_00001525,CUST_00000624,TXN_0000059119,None,0.166,0.391,0.083,0.05,0.0,0
FRD_00001526,CUST_00000966,TXN_0000091453,None,0.205,0.241,0.072,0.425,0.002,0
FRD_00001527,CUST_00000616,TXN_0000058346,None,0.123,0.241,0.003,0.104,0.059,0
FRD_00001528,CUST_00000859,TXN_0000081363,None,0.225,0.247,0.238,0.14,0.278,0
FRD_00001529,CUST_00000767,TXN_0000072633,None,0.124,0.324,0.036,0.012,0.003,0
FRD_00001530,CUST_00000049,TXN_0000004625,UPI Phishing / Collect Request Fraud,0.384,0.948,0.039,0.167,0.013,1
FRD_00001531,CUST_00000533,TXN_0000050492,None,0.166,0.137,0.041,0.433,0.008,0
FRD_00001532,CUST_00000091,TXN_0000008620,None,0.298,0.247,0.465,0.467,0.011,0
FRD_00001533,CUST_00000353,TXN_0000033410,None,0.059,0.123,0.053,0.012,0.011,0
FRD_00001534,CUST_00000988,TXN_0000093609,None,0.257,0.167,0.11,0.664,0.051,0
FRD_00001535,CUST_00000520,TXN_0000049239,None,0.088,0.141,0.174,0.0,0.018,0
FRD_00001536,CUST_00000426,TXN_0000040320,None,0.181,0.292,0.033,0.25,0.05,0
FRD_00001537,CUST_00000390,TXN_0000036954,None,0.348,0.237,0.244,0.736,0.162,0
FRD_00001538,CUST_00000256,TXN_0000024185,None,0.105,0.242,0.021,0.057,0.009,0
FRD_00001539,CUST_00000456,TXN_0000043171,None,0.082,0.135,0.132,0.001,0.038,0
FRD_00001540,CUST_00000608,TXN_0000057579,None,0.153,0.266,0.035,0.172,0.049,0
FRD_00001541,CUST_00000606,TXN_0000057394,None,0.273,0.214,0.155,0.619,0.063,0
FRD_00001542,CUST_00000681,TXN_0000064491,None,0.222,0.279,0.185,0.348,0.0,0
FRD_00001543,CUST_00000025,TXN_0000002321,None,0.157,0.26,0.059,0.213,0.004,0
FRD_00001544,CUST_00000364,TXN_0000034514,None,0.119,0.328,0.013,0.001,0.009,0
FRD_00001545,CUST_00000129,TXN_0000012239,None,0.273,0.317,0.043,0.595,0.022,0
FRD_00001546,CUST_00000112,TXN_0000010549,None,0.137,0.306,0.041,0.078,0.009,0
FRD_00001547,CUST_00000307,TXN_0000029041,None,0.204,0.192,0.016,0.534,0.003,0
FRD_00001548,CUST_00000739,TXN_0000069995,None,0.358,0.356,0.123,0.835,0.0,0
FRD_00001549,CUST_00000138,TXN_0000013044,None,0.104,0.14,0.007,0.079,0.17,0
FRD_00001550,CUST_00000362,TXN_0000034253,None,0.133,0.264,0.128,0.036,0.028,0
FRD_00001551,CUST_00000367,TXN_0000034746,None,0.162,0.206,0.011,0.328,0.03,0
FRD_00001552,CUST_00000963,TXN_0000091250,None,0.207,0.243,0.22,0.304,0.008,0
FRD_00001553,CUST_00000775,TXN_0000073454,None,0.088,0.097,0.008,0.21,0.002,0
FRD_00001554,CUST_00000989,TXN_0000093704,None,0.095,0.146,0.046,0.077,0.079,0
FRD_00001555,CUST_00000941,TXN_0000089116,None,0.102,0.182,0.0,0.153,0.0,0
FRD_00001556,CUST_00000786,TXN_0000074464,None,0.134,0.141,0.3,0.068,0.039,0
FRD_00001557,CUST_00000497,TXN_0000047101,None,0.125,0.273,0.129,0.009,0.006,0
FRD_00001558,CUST_00000495,TXN_0000046886,None,0.154,0.051,0.091,0.452,0.025,0
FRD_00001559,CUST_00000535,TXN_0000050648,None,0.136,0.319,0.028,0.063,0.013,0
FRD_00001560,CUST_00000106,TXN_0000010021,None,0.118,0.273,0.002,0.024,0.078,0
FRD_00001561,CUST_00000863,TXN_0000081771,None,0.142,0.237,0.03,0.201,0.014,0
FRD_00001562,CUST_00000614,TXN_0000058120,None,0.129,0.197,0.07,0.114,0.087,0
FRD_00001563,CUST_00000676,TXN_0000064087,None,0.321,0.225,0.662,0.439,0.0,0
FRD_00001564,CUST_00000950,TXN_0000090015,None,0.136,0.173,0.306,0.054,0.005,0
FRD_00001565,CUST_00000060,TXN_0000005672,None,0.221,0.344,0.141,0.161,0.162,0
FRD_00001566,CUST_00000905,TXN_0000085763,None,0.093,0.186,0.008,0.104,0.0,0
FRD_00001567,CUST_00000198,TXN_0000018805,None,0.066,0.152,0.048,0.011,0.001,0
FRD_00001568,CUST_00000742,TXN_0000070293,None,0.148,0.108,0.263,0.148,0.104,0
FRD_00001569,CUST_00000148,TXN_0000014008,None,0.089,0.023,0.196,0.166,0.002,0
FRD_00001570,CUST_00000977,TXN_0000092518,None,0.168,0.214,0.061,0.289,0.044,0
FRD_00001571,CUST_00000158,TXN_0000014973,None,0.186,0.141,0.025,0.281,0.308,0
FRD_00001572,CUST_00000138,TXN_0000013083,None,0.146,0.245,0.12,0.123,0.027,0
FRD_00001573,CUST_00000152,TXN_0000014412,None,0.082,0.129,0.151,0.005,0.028,0
FRD_00001574,CUST_00000670,TXN_0000063459,None,0.178,0.216,0.181,0.265,0.0,0
FRD_00001575,CUST_00000565,TXN_0000053477,None,0.233,0.19,0.122,0.473,0.117,0
FRD_00001576,CUST_00000297,TXN_0000028125,None,0.078,0.18,0.011,0.011,0.048,0
FRD_00001577,CUST_00000666,TXN_0000063089,None,0.125,0.327,0.047,0.005,0.001,0
FRD_00001578,CUST_00000578,TXN_0000054760,None,0.159,0.303,0.081,0.133,0.02,0
FRD_00001579,CUST_00000098,TXN_0000009297,None,0.134,0.289,0.146,0.006,0.011,0
FRD_00001580,CUST_00000058,TXN_0000005448,None,0.158,0.125,0.02,0.393,0.062,0
FRD_00001581,CUST_00000259,TXN_0000024507,None,0.07,0.15,0.01,0.063,0.0,0
FRD_00001582,CUST_00000106,TXN_0000010046,None,0.289,0.299,0.011,0.692,0.046,0
FRD_00001583,CUST_00000416,TXN_0000039432,None,0.215,0.166,0.362,0.336,0.0,0
FRD_00001584,CUST_00000812,TXN_0000076954,None,0.256,0.185,0.208,0.599,0.0,0
FRD_00001585,CUST_00000866,TXN_0000082061,None,0.199,0.202,0.096,0.438,0.0,0
FRD_00001586,CUST_00000127,TXN_0000012036,None,0.156,0.323,0.149,0.049,0.004,0
FRD_00001587,CUST_00000370,TXN_0000035053,None,0.245,0.162,0.065,0.703,0.0,0
FRD_00001588,CUST_00000620,TXN_0000058703,None,0.226,0.149,0.012,0.571,0.142,0
FRD_00001589,CUST_00000794,TXN_0000075195,None,0.101,0.243,0.002,0.062,0.001,0
FRD_00001590,CUST_00000612,TXN_0000057937,None,0.03,0.035,0.012,0.06,0.002,0
FRD_00001591,CUST_00000338,TXN_0000032046,None,0.061,0.106,0.034,0.067,0.0,0
FRD_00001592,CUST_00000438,TXN_0000041452,None,0.194,0.261,0.032,0.175,0.264,0
FRD_00001593,CUST_00000665,TXN_0000063037,None,0.299,0.351,0.117,0.613,0.0,0
FRD_00001594,CUST_00000523,TXN_0000049538,None,0.219,0.284,0.476,0.099,0.0,0
FRD_00001595,CUST_00000086,TXN_0000008086,None,0.117,0.12,0.07,0.241,0.004,0
FRD_00001596,CUST_00000677,TXN_0000064173,Account Takeover (ATO),0.457,0.969,0.121,0.372,0.001,1
FRD_00001597,CUST_00000558,TXN_0000052827,None,0.166,0.104,0.077,0.405,0.063,0
FRD_00001598,CUST_00000860,TXN_0000081430,None,0.118,0.286,0.011,0.063,0.001,0
FRD_00001599,CUST_00000439,TXN_0000041609,None,0.171,0.374,0.094,0.044,0.052,0
FRD_00001600,CUST_00000548,TXN_0000051915,None,0.102,0.202,0.003,0.093,0.037,0
FRD_00001601,CUST_00000907,TXN_0000085904,None,0.13,0.227,0.024,0.147,0.047,0
FRD_00001602,CUST_00000939,TXN_0000088967,None,0.158,0.366,0.058,0.073,0.001,0
FRD_00001603,CUST_00000679,TXN_0000064298,None,0.154,0.107,0.002,0.466,0.0,0
FRD_00001604,CUST_00000893,TXN_0000084622,None,0.274,0.265,0.542,0.279,0.013,0
FRD_00001605,CUST_00000679,TXN_0000064383,None,0.192,0.244,0.172,0.274,0.02,0
FRD_00001606,CUST_00000966,TXN_0000091456,None,0.162,0.227,0.063,0.265,0.016,0
FRD_00001607,CUST_00000304,TXN_0000028828,None,0.113,0.104,0.001,0.305,0.0,0
FRD_00001608,CUST_00000772,TXN_0000073142,None,0.252,0.266,0.001,0.594,0.05,0
FRD_00001609,CUST_00000647,TXN_0000061295,None,0.153,0.242,0.001,0.271,0.0,0
FRD_00001610,CUST_00000600,TXN_0000056784,None,0.19,0.163,0.013,0.321,0.249,0
FRD_00001611,CUST_00000917,TXN_0000086893,None,0.103,0.198,0.006,0.129,0.0,0
FRD_00001612,CUST_00000785,TXN_0000074353,None,0.142,0.281,0.0,0.091,0.102,0
FRD_00001613,CUST_00000448,TXN_0000042420,None,0.182,0.165,0.27,0.135,0.181,0
FRD_00001614,CUST_00000984,TXN_0000093171,None,0.127,0.097,0.453,0.011,0.0,0
FRD_00001615,CUST_00000135,TXN_0000012773,None,0.18,0.243,0.057,0.321,0.017,0
FRD_00001616,CUST_00000283,TXN_0000026792,None,0.134,0.294,0.015,0.111,0.0,0
FRD_00001617,CUST_00000729,TXN_0000069072,None,0.161,0.188,0.127,0.188,0.114,0
FRD_00001618,CUST_00000908,TXN_0000086045,None,0.207,0.346,0.068,0.288,0.001,0
FRD_00001619,CUST_00000076,TXN_0000007127,None,0.064,0.08,0.102,0.04,0.027,0
FRD_00001620,CUST_00000566,TXN_0000053612,Identity Theft / Synthetic ID,0.47,0.889,0.02,0.567,0.065,1
FRD_00001621,CUST_00000413,TXN_0000039073,None,0.164,0.306,0.085,0.12,0.051,0
FRD_00001622,CUST_00000696,TXN_0000065929,None,0.162,0.144,0.116,0.353,0.002,0
FRD_00001623,CUST_00000849,TXN_0000080408,None,0.082,0.216,0.005,0.008,0.016,0
FRD_00001624,CUST_00000201,TXN_0000019067,None,0.063,0.14,0.037,0.027,0.001,0
FRD_00001625,CUST_00000728,TXN_0000068955,None,0.116,0.199,0.06,0.13,0.007,0
FRD_00001626,CUST_00000433,TXN_0000041008,None,0.183,0.163,0.002,0.502,0.0,0
FRD_00001627,CUST_00000226,TXN_0000021398,None,0.169,0.185,0.089,0.339,0.009,0
FRD_00001628,CUST_00000251,TXN_0000023728,None,0.124,0.125,0.263,0.029,0.102,0
FRD_00001629,CUST_00000457,TXN_0000043248,None,0.195,0.141,0.176,0.442,0.0,0
FRD_00001630,CUST_00000109,TXN_0000010300,None,0.096,0.167,0.063,0.091,0.01,0
FRD_00001631,CUST_00000734,TXN_0000069579,None,0.104,0.256,0.067,0.001,0.004,0
FRD_00001632,CUST_00000759,TXN_0000071883,Mule Account Activity,0.392,0.95,0.066,0.187,0.0,1
FRD_00001633,CUST_00000957,TXN_0000090634,None,0.15,0.272,0.116,0.125,0.0,0
FRD_00001634,CUST_00000045,TXN_0000004163,None,0.175,0.209,0.074,0.322,0.031,0
FRD_00001635,CUST_00000007,TXN_0000000619,None,0.183,0.223,0.019,0.401,0.006,0
FRD_00001636,CUST_00000372,TXN_0000035190,None,0.12,0.107,0.0,0.239,0.116,0
FRD_00001637,CUST_00000120,TXN_0000011387,None,0.252,0.296,0.506,0.08,0.136,0
FRD_00001638,CUST_00000542,TXN_0000051326,None,0.225,0.153,0.09,0.549,0.08,0
FRD_00001639,CUST_00000780,TXN_0000073918,None,0.169,0.097,0.162,0.387,0.027,0
FRD_00001640,CUST_00000869,TXN_0000082261,None,0.133,0.337,0.001,0.058,0.0,0
FRD_00001641,CUST_00000126,TXN_0000011948,None,0.051,0.091,0.001,0.077,0.0,0
FRD_00001642,CUST_00000021,TXN_0000001957,None,0.138,0.185,0.255,0.087,0.001,0
FRD_00001643,CUST_00000518,TXN_0000049060,None,0.199,0.299,0.037,0.322,0.031,0
FRD_00001644,CUST_00000704,TXN_0000066688,None,0.164,0.169,0.109,0.333,0.001,0
FRD_00001645,CUST_00000931,TXN_0000088201,None,0.142,0.278,0.11,0.042,0.059,0
FRD_00001646,CUST_00000044,TXN_0000004104,None,0.167,0.161,0.007,0.347,0.111,0
FRD_00001647,CUST_00000568,TXN_0000053751,None,0.266,0.104,0.045,0.684,0.247,0
FRD_00001648,CUST_00000779,TXN_0000073841,None,0.27,0.107,0.3,0.485,0.257,0
FRD_00001649,CUST_00000280,TXN_0000026487,None,0.127,0.259,0.022,0.122,0.008,0
FRD_00001650,CUST_00000130,TXN_0000012299,None,0.161,0.192,0.067,0.192,0.161,0
FRD_00001651,CUST_00000620,TXN_0000058706,None,0.126,0.242,0.002,0.012,0.188,0
FRD_00001652,CUST_00000695,TXN_0000065866,None,0.075,0.101,0.147,0.037,0.005,0
FRD_00001653,CUST_00000343,TXN_0000032460,None,0.158,0.119,0.439,0.116,0.0,0
FRD_00001654,CUST_00000291,TXN_0000027496,Account Takeover (ATO),0.427,0.974,0.342,0.063,0.008,1
FRD_00001655,CUST_00000896,TXN_0000084835,None,0.157,0.202,0.367,0.046,0.008,0
FRD_00001656,CUST_00000993,TXN_0000094018,None,0.129,0.166,0.2,0.117,0.007,0
FRD_00001657,CUST_00000971,TXN_0000091936,None,0.078,0.111,0.092,0.057,0.031,0
FRD_00001658,CUST_00000922,TXN_0000087381,None,0.08,0.197,0.011,0.032,0.002,0
FRD_00001659,CUST_00000455,TXN_0000043137,None,0.1,0.132,0.024,0.153,0.052,0
FRD_00001660,CUST_00000717,TXN_0000067941,None,0.292,0.278,0.35,0.479,0.024,0
FRD_00001661,CUST_00000953,TXN_0000090246,None,0.173,0.232,0.033,0.318,0.028,0
FRD_00001662,CUST_00000846,TXN_0000080121,None,0.154,0.274,0.04,0.197,0.003,0
FRD_00001663,CUST_00000997,TXN_0000094458,None,0.035,0.072,0.001,0.038,0.0,0
FRD_00001664,CUST_00000847,TXN_0000080242,Identity Theft / Synthetic ID,0.348,0.885,0.016,0.048,0.116,1
FRD_00001665,CUST_00000009,TXN_0000000821,None,0.131,0.211,0.152,0.107,0.002,0
FRD_00001666,CUST_00000481,TXN_0000045602,None,0.125,0.237,0.004,0.068,0.123,0
FRD_00001667,CUST_00000708,TXN_0000067044,None,0.227,0.289,0.014,0.493,0.0,0
FRD_00001668,CUST_00000807,TXN_0000076480,None,0.113,0.245,0.015,0.057,0.051,0
FRD_00001669,CUST_00000246,TXN_0000023283,None,0.097,0.142,0.197,0.014,0.02,0
FRD_00001670,CUST_00000087,TXN_0000008226,None,0.131,0.238,0.162,0.058,0.006,0
FRD_00001671,CUST_00000567,TXN_0000053729,None,0.178,0.272,0.007,0.326,0.001,0
FRD_00001672,CUST_00000030,TXN_0000002798,None,0.066,0.071,0.035,0.11,0.032,0
FRD_00001673,CUST_00000088,TXN_0000008326,None,0.138,0.261,0.046,0.135,0.017,0
FRD_00001674,CUST_00000834,TXN_0000079033,None,0.245,0.254,0.092,0.533,0.023,0
FRD_00001675,CUST_00000705,TXN_0000066821,None,0.2,0.375,0.004,0.229,0.055,0
FRD_00001676,CUST_00000957,TXN_0000090688,None,0.156,0.187,0.015,0.346,0.004,0
FRD_00001677,CUST_00000796,TXN_0000075446,None,0.168,0.119,0.185,0.291,0.081,0
FRD_00001678,CUST_00000829,TXN_0000078510,None,0.149,0.207,0.043,0.271,0.001,0
FRD_00001679,CUST_00000900,TXN_0000085265,None,0.114,0.07,0.098,0.203,0.094,0
FRD_00001680,CUST_00000497,TXN_0000047088,None,0.074,0.08,0.123,0.079,0.007,0
FRD_00001681,CUST_00000217,TXN_0000020566,None,0.181,0.201,0.015,0.348,0.102,0
FRD_00001682,CUST_00000208,TXN_0000019731,None,0.116,0.099,0.076,0.216,0.063,0
FRD_00001683,CUST_00000727,TXN_0000068831,None,0.268,0.16,0.172,0.44,0.339,0
FRD_00001684,CUST_00000938,TXN_0000088805,None,0.269,0.12,0.001,0.9,0.007,0
FRD_00001685,CUST_00000054,TXN_0000005041,None,0.063,0.099,0.041,0.042,0.048,0
FRD_00001686,CUST_00000755,TXN_0000071498,None,0.216,0.199,0.101,0.505,0.001,0
FRD_00001687,CUST_00000477,TXN_0000045195,None,0.033,0.047,0.026,0.044,0.001,0
FRD_00001688,CUST_00000729,TXN_0000069030,None,0.158,0.234,0.148,0.185,0.0,0
FRD_00001689,CUST_00000418,TXN_0000039590,None,0.188,0.143,0.116,0.199,0.323,0
FRD_00001690,CUST_00000355,TXN_0000033651,None,0.152,0.257,0.116,0.155,0.002,0
FRD_00001691,CUST_00000288,TXN_0000027233,None,0.165,0.288,0.147,0.138,0.0,0
FRD_00001692,CUST_00000626,TXN_0000059254,None,0.167,0.139,0.203,0.03,0.353,0
FRD_00001693,CUST_00000828,TXN_0000078421,None,0.143,0.153,0.253,0.144,0.013,0
FRD_00001694,CUST_00000853,TXN_0000080813,None,0.121,0.295,0.019,0.022,0.044,0
FRD_00001695,CUST_00000844,TXN_0000079980,None,0.129,0.127,0.116,0.231,0.02,0
FRD_00001696,CUST_00000445,TXN_0000042169,UPI Phishing / Collect Request Fraud,0.449,0.983,0.052,0.366,0.014,1
FRD_00001697,CUST_00000894,TXN_0000084725,None,0.166,0.083,0.01,0.535,0.005,0
FRD_00001698,CUST_00000520,TXN_0000049235,None,0.176,0.144,0.014,0.171,0.398,0
FRD_00001699,CUST_00000194,TXN_0000018426,None,0.181,0.303,0.03,0.258,0.024,0
FRD_00001700,CUST_00000905,TXN_0000085733,None,0.091,0.148,0.058,0.068,0.052,0
FRD_00001701,CUST_00000390,TXN_0000036892,None,0.102,0.169,0.038,0.13,0.015,0
FRD_00001702,CUST_00000859,TXN_0000081377,None,0.164,0.291,0.289,0.001,0.02,0
FRD_00001703,CUST_00000152,TXN_0000014393,None,0.132,0.244,0.085,0.064,0.07,0
FRD_00001704,CUST_00000364,TXN_0000034492,None,0.181,0.333,0.121,0.118,0.052,0
FRD_00001705,CUST_00000986,TXN_0000093409,None,0.095,0.134,0.113,0.092,0.01,0
FRD_00001706,CUST_00000215,TXN_0000020347,None,0.234,0.061,0.243,0.646,0.015,0
FRD_00001707,CUST_00000217,TXN_0000020592,None,0.128,0.241,0.001,0.138,0.043,0
FRD_00001708,CUST_00000782,TXN_0000074062,None,0.11,0.118,0.006,0.123,0.185,0
FRD_00001709,CUST_00000140,TXN_0000013279,None,0.266,0.314,0.102,0.544,0.0,0
FRD_00001710,CUST_00000702,TXN_0000066467,None,0.24,0.396,0.028,0.382,0.001,0
FRD_00001711,CUST_00000234,TXN_0000022200,None,0.182,0.276,0.257,0.051,0.105,0
FRD_00001712,CUST_00000017,TXN_0000001582,None,0.102,0.128,0.032,0.205,0.0,0
FRD_00001713,CUST_00000580,TXN_0000054904,UPI Phishing / Collect Request Fraud,0.352,0.877,0.117,0.064,0.026,1
FRD_00001714,CUST_00000860,TXN_0000081421,None,0.186,0.208,0.05,0.404,0.01,0
FRD_00001715,CUST_00000025,TXN_0000002339,None,0.323,0.191,0.375,0.626,0.121,0
FRD_00001716,CUST_00000188,TXN_0000017789,None,0.119,0.04,0.006,0.329,0.109,0
FRD_00001717,CUST_00000930,TXN_0000088072,None,0.128,0.258,0.002,0.149,0.002,0
FRD_00001718,CUST_00000765,TXN_0000072467,None,0.284,0.353,0.309,0.394,0.0,0
FRD_00001719,CUST_00000055,TXN_0000005223,None,0.223,0.249,0.02,0.408,0.149,0
FRD_00001720,CUST_00000760,TXN_0000072030,None,0.103,0.206,0.0,0.116,0.01,0
FRD_00001721,CUST_00000054,TXN_0000005053,None,0.22,0.282,0.023,0.466,0.002,0
FRD_00001722,CUST_00000882,TXN_0000083536,None,0.148,0.293,0.049,0.017,0.158,0
FRD_00001723,CUST_00000264,TXN_0000024914,None,0.171,0.089,0.032,0.487,0.06,0
FRD_00001724,CUST_00000547,TXN_0000051810,None,0.233,0.221,0.028,0.092,0.635,0
FRD_00001725,CUST_00000198,TXN_0000018727,None,0.292,0.232,0.125,0.598,0.184,0
FRD_00001726,CUST_00000593,TXN_0000056172,None,0.181,0.237,0.049,0.326,0.035,0
FRD_00001727,CUST_00000214,TXN_0000020283,None,0.027,0.046,0.01,0.035,0.0,0
FRD_00001728,CUST_00000267,TXN_0000025244,None,0.172,0.172,0.002,0.438,0.011,0
FRD_00001729,CUST_00000422,TXN_0000039945,None,0.115,0.228,0.0,0.118,0.03,0
FRD_00001730,CUST_00000221,TXN_0000020960,None,0.056,0.102,0.017,0.063,0.004,0
FRD_00001731,CUST_00000341,TXN_0000032312,None,0.174,0.287,0.003,0.262,0.038,0
FRD_00001732,CUST_00000978,TXN_0000092649,None,0.158,0.268,0.004,0.239,0.018,0
FRD_00001733,CUST_00000891,TXN_0000084383,None,0.165,0.302,0.103,0.109,0.057,0
FRD_00001734,CUST_00000087,TXN_0000008192,None,0.398,0.289,0.527,0.767,0.001,0
FRD_00001735,CUST_00000641,TXN_0000060755,None,0.173,0.216,0.354,0.106,0.0,0
FRD_00001736,CUST_00000411,TXN_0000038881,None,0.1,0.222,0.03,0.05,0.019,0
FRD_00001737,CUST_00000911,TXN_0000086271,None,0.178,0.171,0.055,0.373,0.067,0
FRD_00001738,CUST_00000300,TXN_0000028436,None,0.187,0.278,0.036,0.246,0.104,0
FRD_00001739,CUST_00000987,TXN_0000093475,None,0.113,0.116,0.026,0.164,0.13,0
FRD_00001740,CUST_00000890,TXN_0000084257,None,0.156,0.142,0.162,0.296,0.0,0
FRD_00001741,CUST_00000176,TXN_0000016717,None,0.07,0.191,0.002,0.01,0.001,0
FRD_00001742,CUST_00000792,TXN_0000075082,UPI Phishing / Collect Request Fraud,0.369,0.997,0.007,0.069,0.006,1
FRD_00001743,CUST_00000080,TXN_0000007581,None,0.043,0.077,0.037,0.033,0.0,0
FRD_00001744,CUST_00000259,TXN_0000024469,None,0.16,0.192,0.0,0.353,0.023,0
FRD_00001745,CUST_00000334,TXN_0000031643,None,0.114,0.131,0.044,0.237,0.0,0
FRD_00001746,CUST_00000678,TXN_0000064234,None,0.12,0.188,0.045,0.179,0.002,0
FRD_00001747,CUST_00000626,TXN_0000059310,None,0.066,0.046,0.005,0.112,0.105,0
FRD_00001748,CUST_00000492,TXN_0000046556,None,0.174,0.196,0.092,0.344,0.006,0
FRD_00001749,CUST_00000124,TXN_0000011754,None,0.116,0.214,0.024,0.078,0.084,0
FRD_00001750,CUST_00000201,TXN_0000019021,None,0.15,0.199,0.005,0.317,0.0,0
FRD_00001751,CUST_00000137,TXN_0000012991,None,0.073,0.056,0.012,0.204,0.0,0
FRD_00001752,CUST_00000153,TXN_0000014512,UPI Phishing / Collect Request Fraud,0.433,0.929,0.305,0.058,0.16,1
FRD_00001753,CUST_00000839,TXN_0000079453,None,0.202,0.355,0.149,0.192,0.0,0
FRD_00001754,CUST_00000213,TXN_0000020207,None,0.199,0.157,0.117,0.224,0.322,0
FRD_00001755,CUST_00000939,TXN_0000088981,None,0.164,0.224,0.015,0.264,0.085,0
FRD_00001756,CUST_00000438,TXN_0000041490,None,0.124,0.151,0.073,0.207,0.024,0
FRD_00001757,CUST_00000906,TXN_0000085819,None,0.11,0.128,0.009,0.227,0.034,0
FRD_00001758,CUST_00000829,TXN_0000078575,None,0.105,0.287,0.0,0.018,0.0,0
FRD_00001759,CUST_00000019,TXN_0000001737,None,0.334,0.35,0.226,0.649,0.02,0
FRD_00001760,CUST_00000508,TXN_0000048153,None,0.076,0.187,0.005,0.027,0.015,0
FRD_00001761,CUST_00000051,TXN_0000004780,None,0.28,0.319,0.155,0.546,0.004,0
FRD_00001762,CUST_00000430,TXN_0000040690,None,0.298,0.317,0.006,0.731,0.015,0
FRD_00001763,CUST_00000046,TXN_0000004288,None,0.09,0.184,0.034,0.074,0.001,0
FRD_00001764,CUST_00000284,TXN_0000026909,None,0.073,0.113,0.025,0.108,0.009,0
FRD_00001765,CUST_00000602,TXN_0000057018,None,0.036,0.05,0.001,0.07,0.003,0
FRD_00001766,CUST_00000010,TXN_0000000924,None,0.169,0.316,0.086,0.035,0.162,0
FRD_00001767,CUST_00000057,TXN_0000005354,None,0.088,0.21,0.007,0.048,0.006,0
FRD_00001768,CUST_00000177,TXN_0000016804,None,0.154,0.334,0.129,0.028,0.023,0
FRD_00001769,CUST_00000290,TXN_0000027481,None,0.131,0.17,0.139,0.163,0.017,0
FRD_00001770,CUST_00000780,TXN_0000073868,None,0.051,0.078,0.014,0.007,0.098,0
FRD_00001771,CUST_00000613,TXN_0000058064,None,0.152,0.11,0.135,0.306,0.048,0
FRD_00001772,CUST_00000396,TXN_0000037493,None,0.114,0.307,0.004,0.025,0.0,0
FRD_00001773,CUST_00000964,TXN_0000091321,None,0.073,0.186,0.007,0.018,0.012,0
FRD_00001774,CUST_00000399,TXN_0000037803,None,0.183,0.272,0.383,0.044,0.001,0
FRD_00001775,CUST_00000677,TXN_0000064098,Velocity / Rapid Drain Attack,0.368,0.974,0.002,0.027,0.1,1
FRD_00001776,CUST_00000884,TXN_0000083740,None,0.138,0.178,0.246,0.008,0.123,0
FRD_00001777,CUST_00000746,TXN_0000070689,None,0.126,0.277,0.011,0.108,0.001,0
FRD_00001778,CUST_00000227,TXN_0000021539,None,0.151,0.296,0.023,0.172,0.0,0
FRD_00001779,CUST_00000054,TXN_0000005070,None,0.176,0.294,0.02,0.238,0.048,0
FRD_00001780,CUST_00000139,TXN_0000013191,None,0.173,0.371,0.0,0.154,0.021,0
FRD_00001781,CUST_00000941,TXN_0000089166,None,0.095,0.117,0.05,0.1,0.096,0
FRD_00001782,CUST_00000338,TXN_0000032001,None,0.242,0.362,0.211,0.291,0.001,0
FRD_00001783,CUST_00000390,TXN_0000036905,None,0.215,0.225,0.159,0.337,0.103,0
FRD_00001784,CUST_00000607,TXN_0000057453,None,0.173,0.216,0.314,0.124,0.017,0
FRD_00001785,CUST_00000575,TXN_0000054418,None,0.109,0.124,0.06,0.201,0.017,0
FRD_00001786,CUST_00000408,TXN_0000038606,None,0.109,0.028,0.115,0.142,0.203,0
FRD_00001787,CUST_00000312,TXN_0000029515,None,0.074,0.099,0.04,0.122,0.006,0
FRD_00001788,CUST_00000057,TXN_0000005344,None,0.153,0.276,0.037,0.198,0.0,0
FRD_00001789,CUST_00000256,TXN_0000024245,None,0.08,0.18,0.003,0.035,0.037,0
FRD_00001790,CUST_00000871,TXN_0000082461,None,0.074,0.076,0.056,0.11,0.042,0
FRD_00001791,CUST_00000636,TXN_0000060274,None,0.151,0.076,0.001,0.496,0.003,0
FRD_00001792,CUST_00000553,TXN_0000052416,None,0.237,0.263,0.26,0.345,0.033,0
FRD_00001793,CUST_00000679,TXN_0000064328,None,0.169,0.301,0.24,0.064,0.0,0
FRD_00001794,CUST_00000850,TXN_0000080474,None,0.158,0.231,0.196,0.14,0.016,0
FRD_00001795,CUST_00000212,TXN_0000020069,None,0.15,0.133,0.035,0.386,0.0,0
FRD_00001796,CUST_00000177,TXN_0000016751,None,0.226,0.266,0.39,0.221,0.0,0
FRD_00001797,CUST_00000513,TXN_0000048558,None,0.254,0.25,0.477,0.285,0.0,0
FRD_00001798,CUST_00000191,TXN_0000018108,None,0.075,0.073,0.113,0.097,0.014,0
FRD_00001799,CUST_00000117,TXN_0000011082,None,0.084,0.078,0.212,0.043,0.016,0
FRD_00001800,CUST_00000483,TXN_0000045743,None,0.133,0.283,0.022,0.119,0.0,0
FRD_00001801,CUST_00000960,TXN_0000090924,None,0.103,0.234,0.006,0.08,0.0,0
FRD_00001802,CUST_00000447,TXN_0000042337,None,0.097,0.173,0.008,0.026,0.141,0
FRD_00001803,CUST_00000186,TXN_0000017580,None,0.092,0.24,0.002,0.032,0.0,0
FRD_00001804,CUST_00000432,TXN_0000040867,None,0.213,0.296,0.015,0.229,0.246,0
FRD_00001805,CUST_00000709,TXN_0000067200,None,0.161,0.227,0.297,0.039,0.063,0
FRD_00001806,CUST_00000908,TXN_0000085992,None,0.161,0.292,0.034,0.162,0.059,0
FRD_00001807,CUST_00000096,TXN_0000009102,None,0.177,0.241,0.036,0.341,0.001,0
FRD_00001808,CUST_00000815,TXN_0000077159,None,0.182,0.274,0.022,0.302,0.031,0
FRD_00001809,CUST_00000316,TXN_0000029910,None,0.147,0.225,0.21,0.106,0.0,0
FRD_00001810,CUST_00000805,TXN_0000076272,None,0.216,0.288,0.007,0.439,0.022,0
FRD_00001811,CUST_00000561,TXN_0000053120,None,0.201,0.119,0.332,0.362,0.013,0
FRD_00001812,CUST_00000395,TXN_0000037407,None,0.183,0.247,0.041,0.322,0.04,0
FRD_00001813,CUST_00000816,TXN_0000077308,None,0.057,0.103,0.038,0.048,0.005,0
FRD_00001814,CUST_00000849,TXN_0000080399,None,0.099,0.162,0.093,0.088,0.011,0
FRD_00001815,CUST_00000218,TXN_0000020620,None,0.079,0.089,0.041,0.105,0.066,0
FRD_00001816,CUST_00000273,TXN_0000025858,None,0.165,0.24,0.005,0.27,0.062,0
FRD_00001817,CUST_00000590,TXN_0000055889,None,0.104,0.176,0.033,0.062,0.101,0
FRD_00001818,CUST_00000680,TXN_0000064432,None,0.083,0.102,0.134,0.063,0.023,0
FRD_00001819,CUST_00000626,TXN_0000059300,None,0.261,0.266,0.031,0.585,0.075,0
FRD_00001820,CUST_00000371,TXN_0000035155,None,0.086,0.223,0.017,0.011,0.01,0
FRD_00001821,CUST_00000766,TXN_0000072537,None,0.067,0.169,0.001,0.018,0.015,0
FRD_00001822,CUST_00000068,TXN_0000006371,None,0.098,0.142,0.002,0.151,0.049,0
FRD_00001823,CUST_00000926,TXN_0000087747,None,0.112,0.236,0.002,0.11,0.009,0
FRD_00001824,CUST_00000335,TXN_0000031732,None,0.082,0.179,0.05,0.029,0.011,0
FRD_00001825,CUST_00000218,TXN_0000020658,None,0.177,0.343,0.011,0.18,0.051,0
FRD_00001826,CUST_00000805,TXN_0000076306,None,0.069,0.019,0.213,0.07,0.01,0
FRD_00001827,CUST_00000243,TXN_0000023009,None,0.136,0.296,0.012,0.121,0.0,0
FRD_00001828,CUST_00000673,TXN_0000063758,None,0.184,0.305,0.341,0.033,0.002,0
FRD_00001829,CUST_00000047,TXN_0000004368,None,0.127,0.134,0.001,0.268,0.062,0
FRD_00001830,CUST_00000620,TXN_0000058733,None,0.185,0.227,0.078,0.357,0.003,0
FRD_00001831,CUST_00000541,TXN_0000051218,None,0.123,0.285,0.038,0.037,0.031,0
FRD_00001832,CUST_00000481,TXN_0000045569,None,0.081,0.173,0.019,0.068,0.0,0
FRD_00001833,CUST_00000272,TXN_0000025691,None,0.153,0.141,0.156,0.268,0.027,0
FRD_00001834,CUST_00000658,TXN_0000062363,None,0.201,0.222,0.211,0.173,0.191,0
FRD_00001835,CUST_00000513,TXN_0000048609,None,0.114,0.212,0.094,0.032,0.064,0
FRD_00001836,CUST_00000384,TXN_0000036338,None,0.145,0.165,0.06,0.151,0.187,0
FRD_00001837,CUST_00000188,TXN_0000017815,None,0.185,0.273,0.44,0.004,0.0,0
FRD_00001838,CUST_00000511,TXN_0000048435,None,0.225,0.231,0.166,0.425,0.021,0
FRD_00001839,CUST_00000884,TXN_0000083702,None,0.107,0.251,0.014,0.05,0.02,0
FRD_00001840,CUST_00000348,TXN_0000032966,None,0.175,0.352,0.009,0.056,0.178,0
FRD_00001841,CUST_00000526,TXN_0000049777,None,0.181,0.279,0.093,0.139,0.148,0
FRD_00001842,CUST_00000045,TXN_0000004196,None,0.203,0.224,0.018,0.416,0.083,0
FRD_00001843,CUST_00000345,TXN_0000032651,None,0.118,0.129,0.15,0.164,0.009,0
FRD_00001844,CUST_00000130,TXN_0000012257,None,0.216,0.25,0.1,0.434,0.001,0
FRD_00001845,CUST_00000247,TXN_0000023389,None,0.117,0.241,0.039,0.1,0.0,0
FRD_00001846,CUST_00000528,TXN_0000050033,None,0.112,0.251,0.061,0.044,0.005,0
FRD_00001847,CUST_00000229,TXN_0000021692,None,0.098,0.117,0.104,0.143,0.003,0
FRD_00001848,CUST_00000515,TXN_0000048747,None,0.219,0.203,0.015,0.566,0.019,0
FRD_00001849,CUST_00000303,TXN_0000028650,None,0.114,0.27,0.088,0.009,0.0,0
FRD_00001850,CUST_00000860,TXN_0000081480,None,0.076,0.114,0.008,0.124,0.016,0
FRD_00001851,CUST_00000781,TXN_0000073975,None,0.111,0.079,0.229,0.149,0.0,0
FRD_00001852,CUST_00000694,TXN_0000065788,None,0.098,0.143,0.132,0.087,0.0,0
FRD_00001853,CUST_00000361,TXN_0000034224,None,0.172,0.105,0.008,0.431,0.128,0
FRD_00001854,CUST_00000068,TXN_0000006433,None,0.246,0.239,0.599,0.165,0.007,0
FRD_00001855,CUST_00000151,TXN_0000014305,None,0.133,0.193,0.001,0.025,0.293,0
FRD_00001856,CUST_00000562,TXN_0000053249,None,0.152,0.223,0.031,0.213,0.07,0
FRD_00001857,CUST_00000787,TXN_0000074592,None,0.182,0.271,0.0,0.187,0.203,0
FRD_00001858,CUST_00000681,TXN_0000064509,None,0.132,0.309,0.032,0.065,0.005,0
FRD_00001859,CUST_00000474,TXN_0000044919,None,0.169,0.348,0.214,0.009,0.01,0
FRD_00001860,CUST_00000009,TXN_0000000822,None,0.153,0.291,0.033,0.058,0.151,0
FRD_00001861,CUST_00000439,TXN_0000041565,None,0.164,0.272,0.316,0.022,0.0,0
FRD_00001862,CUST_00000416,TXN_0000039367,None,0.298,0.242,0.376,0.292,0.326,0
FRD_00001863,CUST_00000799,TXN_0000075733,None,0.11,0.269,0.0,0.01,0.068,0
FRD_00001864,CUST_00000269,TXN_0000025418,None,0.068,0.187,0.002,0.008,0.002,0
FRD_00001865,CUST_00000088,TXN_0000008312,None,0.15,0.337,0.0,0.13,0.0,0
FRD_00001866,CUST_00000758,TXN_0000071838,None,0.206,0.249,0.228,0.248,0.058,0
FRD_00001867,CUST_00000718,TXN_0000067993,None,0.159,0.137,0.08,0.382,0.0,0
FRD_00001868,CUST_00000255,TXN_0000024146,None,0.146,0.338,0.0,0.092,0.025,0
FRD_00001869,CUST_00000719,TXN_0000068076,None,0.075,0.145,0.001,0.056,0.049,0
FRD_00001870,CUST_00000350,TXN_0000033110,None,0.08,0.157,0.014,0.088,0.001,0
FRD_00001871,CUST_00000230,TXN_0000021790,None,0.141,0.306,0.026,0.102,0.016,0
FRD_00001872,CUST_00000568,TXN_0000053767,None,0.172,0.296,0.175,0.129,0.008,0
FRD_00001873,CUST_00000041,TXN_0000003862,None,0.133,0.29,0.002,0.074,0.061,0
FRD_00001874,CUST_00000434,TXN_0000041059,None,0.086,0.185,0.048,0.032,0.016,0
FRD_00001875,CUST_00000923,TXN_0000087418,None,0.104,0.19,0.121,0.048,0.007,0
FRD_00001876,CUST_00000108,TXN_0000010181,None,0.261,0.19,0.011,0.659,0.138,0
FRD_00001877,CUST_00000327,TXN_0000030940,None,0.166,0.246,0.017,0.306,0.002,0
FRD_00001878,CUST_00000265,TXN_0000025089,None,0.122,0.27,0.0,0.035,0.093,0
FRD_00001879,CUST_00000810,TXN_0000076699,None,0.071,0.131,0.001,0.089,0.013,0
FRD_00001880,CUST_00000171,TXN_0000016201,None,0.119,0.213,0.055,0.05,0.103,0
FRD_00001881,CUST_00000441,TXN_0000041781,None,0.101,0.265,0.008,0.006,0.026,0
FRD_00001882,CUST_00000493,TXN_0000046725,None,0.089,0.159,0.0,0.126,0.007,0
FRD_00001883,CUST_00000951,TXN_0000090112,None,0.146,0.041,0.234,0.333,0.006,0
FRD_00001884,CUST_00000782,TXN_0000074122,None,0.178,0.234,0.229,0.117,0.107,0
FRD_00001885,CUST_00000389,TXN_0000036792,None,0.069,0.157,0.003,0.054,0.0,0
FRD_00001886,CUST_00000910,TXN_0000086230,None,0.17,0.276,0.267,0.081,0.0,0
FRD_00001887,CUST_00000047,TXN_0000004423,None,0.278,0.28,0.096,0.639,0.004,0
FRD_00001888,CUST_00000528,TXN_0000050003,None,0.198,0.251,0.022,0.391,0.038,0
FRD_00001889,CUST_00000587,TXN_0000055602,None,0.116,0.086,0.104,0.189,0.087,0
FRD_00001890,CUST_00000555,TXN_0000052512,None,0.395,0.161,0.218,0.986,0.244,0
FRD_00001891,CUST_00000330,TXN_0000031224,None,0.126,0.295,0.048,0.049,0.002,0
FRD_00001892,CUST_00000585,TXN_0000055424,None,0.154,0.365,0.001,0.103,0.0,0
FRD_00001893,CUST_00000668,TXN_0000063243,None,0.143,0.285,0.011,0.157,0.01,0
FRD_00001894,CUST_00000342,TXN_0000032347,None,0.126,0.053,0.056,0.381,0.004,0
FRD_00001895,CUST_00000784,TXN_0000074272,None,0.108,0.265,0.016,0.032,0.021,0
FRD_00001896,CUST_00000138,TXN_0000013094,None,0.218,0.263,0.015,0.392,0.123,0
FRD_00001897,CUST_00000503,TXN_0000047640,None,0.139,0.21,0.027,0.195,0.055,0
FRD_00001898,CUST_00000256,TXN_0000024252,None,0.185,0.353,0.256,0.027,0.02,0
FRD_00001899,CUST_00000509,TXN_0000048214,None,0.244,0.334,0.191,0.332,0.031,0
FRD_00001900,CUST_00000763,TXN_0000072274,None,0.12,0.187,0.042,0.186,0.0,0
FRD_00001901,CUST_00000213,TXN_0000020210,None,0.164,0.368,0.006,0.063,0.093,0
FRD_00001902,CUST_00000878,TXN_0000083129,None,0.127,0.209,0.245,0.021,0.0,0
FRD_00001903,CUST_00000235,TXN_0000022222,None,0.278,0.297,0.347,0.401,0.02,0
FRD_00001904,CUST_00000586,TXN_0000055494,None,0.07,0.13,0.071,0.033,0.012,0
FRD_00001905,CUST_00000637,TXN_0000060363,None,0.075,0.167,0.058,0.015,0.004,0
FRD_00001906,CUST_00000750,TXN_0000071106,None,0.083,0.179,0.083,0.016,0.0,0
FRD_00001907,CUST_00000292,TXN_0000027672,None,0.13,0.151,0.05,0.267,0.001,0
FRD_00001908,CUST_00000518,TXN_0000049047,None,0.19,0.059,0.001,0.609,0.084,0
FRD_00001909,CUST_00000781,TXN_0000074000,None,0.117,0.112,0.246,0.051,0.081,0
FRD_00001910,CUST_00000025,TXN_0000002299,None,0.12,0.307,0.035,0.024,0.0,0
FRD_00001911,CUST_00000329,TXN_0000031125,None,0.158,0.274,0.003,0.247,0.001,0
FRD_00001912,CUST_00000871,TXN_0000082522,None,0.158,0.276,0.004,0.237,0.009,0
FRD_00001913,CUST_00000966,TXN_0000091488,None,0.125,0.094,0.042,0.336,0.0,0
FRD_00001914,CUST_00000818,TXN_0000077472,None,0.046,0.052,0.005,0.106,0.003,0
FRD_00001915,CUST_00000779,TXN_0000073827,None,0.134,0.073,0.052,0.312,0.1,0
FRD_00001916,CUST_00000739,TXN_0000069965,None,0.083,0.225,0.013,0.004,0.004,0
FRD_00001917,CUST_00000764,TXN_0000072419,None,0.106,0.127,0.223,0.006,0.077,0
FRD_00001918,CUST_00000538,TXN_0000050951,None,0.123,0.134,0.146,0.149,0.047,0
FRD_00001919,CUST_00000555,TXN_0000052556,None,0.122,0.187,0.022,0.188,0.024,0
FRD_00001920,CUST_00000385,TXN_0000036403,None,0.048,0.082,0.005,0.063,0.012,0
FRD_00001921,CUST_00000267,TXN_0000025266,None,0.073,0.078,0.134,0.017,0.072,0
FRD_00001922,CUST_00000116,TXN_0000010982,None,0.082,0.149,0.09,0.046,0.004,0
FRD_00001923,CUST_00000533,TXN_0000050454,None,0.133,0.281,0.044,0.093,0.011,0
FRD_00001924,CUST_00000648,TXN_0000061420,None,0.266,0.378,0.004,0.529,0.005,0
FRD_00001925,CUST_00000555,TXN_0000052531,None,0.146,0.157,0.279,0.139,0.0,0
FRD_00001926,CUST_00000687,TXN_0000065111,None,0.228,0.225,0.02,0.355,0.285,0
FRD_00001927,CUST_00000781,TXN_0000073992,None,0.14,0.255,0.066,0.12,0.04,0
FRD_00001928,CUST_00000772,TXN_0000073081,None,0.095,0.181,0.013,0.107,0.012,0
FRD_00001929,CUST_00000775,TXN_0000073389,None,0.137,0.223,0.01,0.225,0.003,0
FRD_00001930,CUST_00000152,TXN_0000014371,None,0.263,0.325,0.272,0.379,0.0,0
FRD_00001931,CUST_00000303,TXN_0000028658,None,0.116,0.05,0.09,0.292,0.038,0
FRD_00001932,CUST_00000200,TXN_0000018980,None,0.143,0.235,0.011,0.233,0.0,0
FRD_00001933,CUST_00000114,TXN_0000010814,None,0.167,0.182,0.012,0.404,0.0,0
FRD_00001934,CUST_00000324,TXN_0000030682,None,0.143,0.273,0.04,0.139,0.021,0
FRD_00001935,CUST_00000446,TXN_0000042190,None,0.236,0.189,0.001,0.674,0.005,0
FRD_00001936,CUST_00000385,TXN_0000036483,None,0.199,0.172,0.012,0.381,0.208,0
FRD_00001937,CUST_00000017,TXN_0000001571,None,0.116,0.141,0.009,0.194,0.08,0
FRD_00001938,CUST_00000913,TXN_0000086511,None,0.101,0.134,0.004,0.135,0.098,0
FRD_00001939,CUST_00000349,TXN_0000033010,None,0.097,0.26,0.0,0.025,0.0,0
FRD_00001940,CUST_00000526,TXN_0000049809,None,0.082,0.219,0.019,0.005,0.001,0
FRD_00001941,CUST_00000055,TXN_0000005211,None,0.159,0.221,0.052,0.286,0.0,0
FRD_00001942,CUST_00000873,TXN_0000082636,None,0.173,0.339,0.002,0.11,0.13,0
FRD_00001943,CUST_00000166,TXN_0000015754,None,0.135,0.119,0.09,0.265,0.047,0
FRD_00001944,CUST_00000130,TXN_0000012332,None,0.169,0.321,0.069,0.169,0.001,0
FRD_00001945,CUST_00000184,TXN_0000017437,None,0.137,0.289,0.088,0.068,0.008,0
FRD_00001946,CUST_00000988,TXN_0000093568,None,0.083,0.086,0.164,0.049,0.038,0
FRD_00001947,CUST_00000510,TXN_0000048334,None,0.185,0.309,0.108,0.024,0.245,0
FRD_00001948,CUST_00000599,TXN_0000056692,None,0.151,0.194,0.004,0.33,0.0,0
FRD_00001949,CUST_00000453,TXN_0000042868,None,0.158,0.226,0.1,0.237,0.0,0
FRD_00001950,CUST_00000164,TXN_0000015493,None,0.122,0.223,0.0,0.169,0.007,0
FRD_00001951,CUST_00000722,TXN_0000068366,None,0.195,0.158,0.04,0.527,0.0,0
FRD_00001952,CUST_00000153,TXN_0000014525,Account Takeover (ATO),0.358,0.925,0.121,0.038,0.003,1
FRD_00001953,CUST_00000700,TXN_0000066292,None,0.157,0.248,0.005,0.11,0.211,0
FRD_00001954,CUST_00000871,TXN_0000082514,None,0.216,0.282,0.003,0.459,0.01,0
FRD_00001955,CUST_00000104,TXN_0000009843,None,0.182,0.133,0.188,0.39,0.001,0
FRD_00001956,CUST_00000966,TXN_0000091515,None,0.164,0.111,0.283,0.254,0.026,0
FRD_00001957,CUST_00000179,TXN_0000016934,None,0.133,0.139,0.006,0.304,0.035,0
FRD_00001958,CUST_00000103,TXN_0000009754,None,0.265,0.318,0.301,0.312,0.075,0
FRD_00001959,CUST_00000189,TXN_0000017898,None,0.185,0.277,0.293,0.038,0.101,0
FRD_00001960,CUST_00000757,TXN_0000071681,None,0.075,0.148,0.024,0.071,0.002,0
FRD_00001961,CUST_00000531,TXN_0000050313,None,0.26,0.364,0.031,0.495,0.015,0
FRD_00001962,CUST_00000170,TXN_0000016124,None,0.128,0.239,0.023,0.138,0.028,0
FRD_00001963,CUST_00000232,TXN_0000021936,Account Takeover (ATO),0.358,0.957,0.035,0.005,0.074,1
FRD_00001964,CUST_00000125,TXN_0000011804,None,0.2,0.257,0.037,0.409,0.0,0
FRD_00001965,CUST_00000068,TXN_0000006424,None,0.139,0.355,0.039,0.027,0.001,0
FRD_00001966,CUST_00000132,TXN_0000012451,None,0.263,0.198,0.186,0.626,0.001,0
FRD_00001967,CUST_00000048,TXN_0000004473,None,0.072,0.121,0.081,0.052,0.001,0
FRD_00001968,CUST_00000109,TXN_0000010290,None,0.259,0.191,0.557,0.312,0.016,0
FRD_00001969,CUST_00000837,TXN_0000079328,None,0.098,0.114,0.118,0.116,0.025,0
FRD_00001970,CUST_00000146,TXN_0000013827,None,0.211,0.083,0.001,0.551,0.219,0
FRD_00001971,CUST_00000820,TXN_0000077689,UPI Phishing / Collect Request Fraud,0.342,0.959,0.006,0.02,0.002,1
FRD_00001972,CUST_00000327,TXN_0000030963,None,0.141,0.365,0.001,0.043,0.011,0
FRD_00001973,CUST_00000356,TXN_0000033730,None,0.148,0.234,0.088,0.143,0.065,0
FRD_00001974,CUST_00000853,TXN_0000080762,None,0.096,0.136,0.198,0.03,0.005,0
FRD_00001975,CUST_00000754,TXN_0000071418,None,0.127,0.165,0.053,0.202,0.041,0
FRD_00001976,CUST_00000985,TXN_0000093271,None,0.217,0.11,0.038,0.591,0.117,0
FRD_00001977,CUST_00000142,TXN_0000013465,None,0.077,0.15,0.01,0.084,0.006,0
FRD_00001978,CUST_00000837,TXN_0000079296,None,0.144,0.253,0.203,0.059,0.001,0
FRD_00001979,CUST_00000290,TXN_0000027436,None,0.103,0.178,0.07,0.095,0.016,0
FRD_00001980,CUST_00000169,TXN_0000016051,None,0.223,0.256,0.064,0.476,0.006,0
FRD_00001981,CUST_00000757,TXN_0000071762,None,0.19,0.299,0.028,0.303,0.018,0
FRD_00001982,CUST_00000601,TXN_0000056932,None,0.244,0.25,0.018,0.583,0.038,0
FRD_00001983,CUST_00000276,TXN_0000026110,None,0.164,0.112,0.327,0.194,0.056,0
FRD_00001984,CUST_00000533,TXN_0000050452,None,0.198,0.25,0.089,0.371,0.001,0
FRD_00001985,CUST_00000611,TXN_0000057883,None,0.053,0.098,0.003,0.038,0.042,0
FRD_00001986,CUST_00000927,TXN_0000087828,None,0.065,0.12,0.011,0.079,0.005,0
FRD_00001987,CUST_00000226,TXN_0000021380,None,0.102,0.188,0.175,0.002,0.003,0
FRD_00001988,CUST_00000906,TXN_0000085773,None,0.09,0.06,0.059,0.229,0.0,0
FRD_00001989,CUST_00000707,TXN_0000066953,None,0.217,0.227,0.494,0.114,0.053,0
FRD_00001990,CUST_00000328,TXN_0000031096,None,0.222,0.277,0.042,0.312,0.194,0
FRD_00001991,CUST_00000254,TXN_0000024067,None,0.091,0.104,0.03,0.188,0.007,0
FRD_00001992,CUST_00000061,TXN_0000005712,None,0.205,0.124,0.05,0.603,0.006,0
FRD_00001993,CUST_00000689,TXN_0000065279,None,0.163,0.258,0.019,0.274,0.0,0
FRD_00001994,CUST_00000347,TXN_0000032871,None,0.098,0.17,0.003,0.134,0.023,0
FRD_00001995,CUST_00000639,TXN_0000060558,None,0.127,0.186,0.026,0.064,0.205,0
FRD_00001996,CUST_00000762,TXN_0000072224,None,0.105,0.151,0.057,0.144,0.024,0
FRD_00001997,CUST_00000342,TXN_0000032411,None,0.133,0.287,0.108,0.041,0.002,0
FRD_00001998,CUST_00000842,TXN_0000079713,None,0.108,0.202,0.024,0.084,0.06,0
FRD_00001999,CUST_00000088,TXN_0000008297,None,0.045,0.075,0.07,0.003,0.021,0
FRD_00002000,CUST_00000396,TXN_0000037451,None,0.163,0.213,0.149,0.23,0.008,0
FRD_00002001,CUST_00000733,TXN_0000069468,None,0.158,0.346,0.084,0.037,0.052,0
FRD_00002002,CUST_00000317,TXN_0000030056,None,0.105,0.134,0.143,0.046,0.091,0
FRD_00002003,CUST_00000993,TXN_0000094062,None,0.189,0.261,0.017,0.337,0.05,0
FRD_00002004,CUST_00000521,TXN_0000049316,Card Not Present (CNP) Fraud,0.424,0.97,0.002,0.326,0.013,1
FRD_00002005,CUST_00000426,TXN_0000040300,None,0.138,0.247,0.132,0.097,0.006,0
FRD_00002006,CUST_00000337,TXN_0000031881,None,0.164,0.234,0.071,0.239,0.043,0
FRD_00002007,CUST_00000717,TXN_0000067870,None,0.175,0.334,0.043,0.198,0.0,0
FRD_00002008,CUST_00000099,TXN_0000009315,None,0.199,0.266,0.054,0.325,0.067,0
FRD_00002009,CUST_00000142,TXN_0000013472,None,0.217,0.117,0.005,0.566,0.168,0
FRD_00002010,CUST_00000933,TXN_0000088351,None,0.181,0.31,0.165,0.158,0.0,0
FRD_00002011,CUST_00000989,TXN_0000093628,None,0.126,0.201,0.069,0.168,0.0,0
FRD_00002012,CUST_00000490,TXN_0000046418,None,0.134,0.295,0.014,0.113,0.0,0
FRD_00002013,CUST_00000613,TXN_0000058108,None,0.105,0.067,0.05,0.278,0.012,0
FRD_00002014,CUST_00000872,TXN_0000082587,None,0.072,0.117,0.017,0.017,0.119,0
FRD_00002015,CUST_00000841,TXN_0000079658,None,0.184,0.339,0.134,0.024,0.162,0
FRD_00002016,CUST_00000153,TXN_0000014453,Identity Theft / Synthetic ID,0.417,0.947,0.075,0.186,0.118,1
FRD_00002017,CUST_00000537,TXN_0000050829,None,0.328,0.279,0.69,0.276,0.115,0
FRD_00002018,CUST_00000245,TXN_0000023205,None,0.128,0.239,0.007,0.169,0.001,0
FRD_00002019,CUST_00000602,TXN_0000057047,None,0.116,0.125,0.023,0.215,0.072,0
FRD_00002020,CUST_00000564,TXN_0000053404,None,0.095,0.166,0.069,0.078,0.018,0
FRD_00002021,CUST_00000701,TXN_0000066391,None,0.201,0.091,0.008,0.408,0.328,0
FRD_00002022,CUST_00000561,TXN_0000053123,None,0.152,0.273,0.027,0.09,0.142,0
FRD_00002023,CUST_00000874,TXN_0000082738,None,0.17,0.27,0.147,0.153,0.039,0
FRD_00002024,CUST_00000382,TXN_0000036138,None,0.097,0.093,0.026,0.237,0.0,0
FRD_00002025,CUST_00000557,TXN_0000052718,None,0.145,0.171,0.015,0.262,0.084,0
FRD_00002026,CUST_00000375,TXN_0000035529,None,0.087,0.242,0.003,0.002,0.005,0
FRD_00002027,CUST_00000112,TXN_0000010640,None,0.105,0.08,0.043,0.131,0.179,0
FRD_00002028,CUST_00000035,TXN_0000003307,None,0.113,0.158,0.136,0.015,0.132,0
FRD_00002029,CUST_00000103,TXN_0000009732,None,0.208,0.306,0.017,0.388,0.0,0
FRD_00002030,CUST_00000673,TXN_0000063748,None,0.13,0.132,0.168,0.199,0.0,0
FRD_00002031,CUST_00000859,TXN_0000081397,None,0.151,0.224,0.211,0.096,0.03,0
FRD_00002032,CUST_00000216,TXN_0000020410,None,0.141,0.163,0.086,0.268,0.001,0
FRD_00002033,CUST_00000365,TXN_0000034591,None,0.123,0.298,0.01,0.052,0.017,0
FRD_00002034,CUST_00000518,TXN_0000049070,None,0.115,0.238,0.005,0.122,0.0,0
FRD_00002035,CUST_00000723,TXN_0000068526,None,0.091,0.046,0.025,0.276,0.006,0
FRD_00002036,CUST_00000078,TXN_0000007336,None,0.109,0.112,0.028,0.198,0.072,0
FRD_00002037,CUST_00000888,TXN_0000084142,None,0.065,0.113,0.041,0.068,0.0,0
FRD_00002038,CUST_00000934,TXN_0000088493,None,0.105,0.098,0.047,0.033,0.266,0
FRD_00002039,CUST_00000054,TXN_0000005047,None,0.205,0.338,0.126,0.244,0.003,0
FRD_00002040,CUST_00000358,TXN_0000033870,None,0.127,0.09,0.0,0.38,0.001,0
FRD_00002041,CUST_00000861,TXN_0000081541,None,0.161,0.094,0.002,0.438,0.092,0
FRD_00002042,CUST_00000093,TXN_0000008806,None,0.129,0.295,0.047,0.049,0.022,0
FRD_00002043,CUST_00000428,TXN_0000040557,None,0.071,0.139,0.034,0.018,0.053,0
FRD_00002044,CUST_00000498,TXN_0000047167,None,0.116,0.112,0.25,0.104,0.002,0
FRD_00002045,CUST_00000122,TXN_0000011526,None,0.134,0.305,0.003,0.091,0.022,0
FRD_00002046,CUST_00000897,TXN_0000084997,None,0.177,0.252,0.006,0.351,0.001,0
FRD_00002047,CUST_00000841,TXN_0000079622,None,0.158,0.175,0.001,0.388,0.0,0
FRD_00002048,CUST_00000730,TXN_0000069180,None,0.083,0.155,0.001,0.114,0.0,0
FRD_00002049,CUST_00000010,TXN_0000000853,None,0.083,0.126,0.031,0.131,0.0,0
FRD_00002050,CUST_00000169,TXN_0000016070,None,0.128,0.093,0.127,0.279,0.002,0
FRD_00002051,CUST_00000991,TXN_0000093809,None,0.216,0.273,0.099,0.403,0.0,0
FRD_00002052,CUST_00000118,TXN_0000011176,None,0.12,0.194,0.123,0.104,0.007,0
FRD_00002053,CUST_00000443,TXN_0000041929,None,0.142,0.178,0.251,0.114,0.003,0
FRD_00002054,CUST_00000266,TXN_0000025134,None,0.261,0.23,0.24,0.465,0.083,0
FRD_00002055,CUST_00000108,TXN_0000010217,None,0.073,0.125,0.041,0.063,0.026,0
FRD_00002056,CUST_00000715,TXN_0000067689,None,0.089,0.246,0.001,0.01,0.0,0
FRD_00002057,CUST_00000385,TXN_0000036466,None,0.165,0.324,0.019,0.19,0.0,0
FRD_00002058,CUST_00000962,TXN_0000091139,None,0.284,0.321,0.635,0.179,0.001,0
FRD_00002059,CUST_00000671,TXN_0000063592,None,0.072,0.183,0.002,0.014,0.021,0
FRD_00002060,CUST_00000013,TXN_0000001200,None,0.163,0.29,0.27,0.001,0.038,0
FRD_00002061,CUST_00000423,TXN_0000040055,None,0.11,0.227,0.081,0.038,0.023,0
FRD_00002062,CUST_00000943,TXN_0000089312,None,0.084,0.179,0.076,0.013,0.015,0
FRD_00002063,CUST_00000589,TXN_0000055805,None,0.192,0.179,0.336,0.247,0.0,0
FRD_00002064,CUST_00000382,TXN_0000036152,None,0.261,0.263,0.005,0.671,0.002,0
FRD_00002065,CUST_00000343,TXN_0000032469,None,0.101,0.181,0.001,0.127,0.031,0
FRD_00002066,CUST_00000681,TXN_0000064531,None,0.107,0.154,0.02,0.188,0.01,0
FRD_00002067,CUST_00000642,TXN_0000060793,None,0.157,0.28,0.0,0.183,0.065,0
FRD_00002068,CUST_00000073,TXN_0000006852,None,0.24,0.297,0.106,0.435,0.03,0
FRD_00002069,CUST_00000359,TXN_0000034016,None,0.135,0.316,0.041,0.064,0.003,0
FRD_00002070,CUST_00000867,TXN_0000082151,None,0.164,0.163,0.261,0.127,0.115,0
FRD_00002071,CUST_00000954,TXN_0000090405,None,0.149,0.375,0.002,0.039,0.037,0
FRD_00002072,CUST_00000122,TXN_0000011531,None,0.142,0.312,0.028,0.106,0.003,0
FRD_00002073,CUST_00000833,TXN_0000078918,None,0.141,0.258,0.213,0.03,0.003,0
FRD_00002074,CUST_00000414,TXN_0000039222,None,0.118,0.156,0.126,0.1,0.065,0
FRD_00002075,CUST_00000464,TXN_0000043948,None,0.093,0.196,0.104,0.009,0.005,0
FRD_00002076,CUST_00000478,TXN_0000045329,None,0.146,0.354,0.072,0.031,0.002,0
FRD_00002077,CUST_00000593,TXN_0000056178,None,0.099,0.094,0.016,0.191,0.076,0
FRD_00002078,CUST_00000519,TXN_0000049125,None,0.151,0.18,0.14,0.118,0.153,0
FRD_00002079,CUST_00000381,TXN_0000036053,None,0.089,0.122,0.066,0.029,0.13,0
FRD_00002080,CUST_00000255,TXN_0000024160,None,0.218,0.32,0.134,0.247,0.086,0
FRD_00002081,CUST_00000999,TXN_0000094592,None,0.349,0.283,0.402,0.57,0.137,0
FRD_00002082,CUST_00000099,TXN_0000009394,None,0.152,0.229,0.008,0.179,0.13,0
FRD_00002083,CUST_00000943,TXN_0000089353,None,0.065,0.144,0.005,0.012,0.053,0
FRD_00002084,CUST_00000853,TXN_0000080827,None,0.313,0.286,0.233,0.477,0.233,0
FRD_00002085,CUST_00000753,TXN_0000071371,None,0.085,0.104,0.0,0.175,0.022,0
FRD_00002086,CUST_00000129,TXN_0000012163,None,0.149,0.071,0.001,0.493,0.004,0
FRD_00002087,CUST_00000082,TXN_0000007727,None,0.192,0.255,0.298,0.171,0.001,0
FRD_00002088,CUST_00000020,TXN_0000001861,None,0.052,0.052,0.015,0.064,0.076,0
FRD_00002089,CUST_00000468,TXN_0000044356,None,0.057,0.112,0.025,0.049,0.004,0
FRD_00002090,CUST_00000361,TXN_0000034189,None,0.131,0.227,0.025,0.1,0.106,0
FRD_00002091,CUST_00000258,TXN_0000024370,None,0.082,0.172,0.002,0.077,0.011,0
FRD_00002092,CUST_00000238,TXN_0000022546,None,0.089,0.099,0.159,0.052,0.047,0
FRD_00002093,CUST_00000923,TXN_0000087443,None,0.222,0.199,0.034,0.584,0.0,0
FRD_00002094,CUST_00000850,TXN_0000080526,None,0.224,0.252,0.331,0.275,0.003,0
FRD_00002095,CUST_00000050,TXN_0000004685,None,0.135,0.246,0.168,0.062,0.001,0
FRD_00002096,CUST_00000365,TXN_0000034539,None,0.207,0.217,0.219,0.242,0.136,0
FRD_00002097,CUST_00000548,TXN_0000051899,None,0.143,0.214,0.031,0.239,0.009,0
FRD_00002098,CUST_00000930,TXN_0000088038,None,0.152,0.297,0.194,0.034,0.003,0
FRD_00002099,CUST_00000241,TXN_0000022804,None,0.118,0.29,0.0,0.046,0.027,0
FRD_00002100,CUST_00000929,TXN_0000088026,None,0.242,0.067,0.04,0.767,0.093,0
FRD_00002101,CUST_00000162,TXN_0000015347,None,0.093,0.122,0.189,0.046,0.003,0
FRD_00002102,CUST_00000541,TXN_0000051233,None,0.101,0.217,0.027,0.072,0.007,0
FRD_00002103,CUST_00000410,TXN_0000038781,None,0.15,0.249,0.264,0.036,0.007,0
FRD_00002104,CUST_00000857,TXN_0000081176,None,0.123,0.266,0.024,0.073,0.034,0
FRD_00002105,CUST_00000804,TXN_0000076136,None,0.134,0.265,0.001,0.101,0.077,0
FRD_00002106,CUST_00000597,TXN_0000056520,None,0.105,0.294,0.0,0.008,0.0,0
FRD_00002107,CUST_00000235,TXN_0000022267,None,0.101,0.213,0.004,0.039,0.082,0
FRD_00002108,CUST_00000668,TXN_0000063257,None,0.189,0.156,0.358,0.227,0.03,0
FRD_00002109,CUST_00000411,TXN_0000038918,None,0.115,0.295,0.013,0.036,0.0,0
FRD_00002110,CUST_00000268,TXN_0000025360,Identity Theft / Synthetic ID,0.359,0.857,0.031,0.21,0.0,1
FRD_00002111,CUST_00000977,TXN_0000092557,None,0.136,0.201,0.287,0.032,0.0,0
FRD_00002112,CUST_00000617,TXN_0000058484,None,0.336,0.363,0.332,0.566,0.007,0
FRD_00002113,CUST_00000659,TXN_0000062408,None,0.123,0.154,0.022,0.256,0.002,0
FRD_00002114,CUST_00000575,TXN_0000054473,None,0.244,0.262,0.068,0.412,0.179,0
FRD_00002115,CUST_00000469,TXN_0000044444,None,0.093,0.16,0.02,0.133,0.0,0
FRD_00002116,CUST_00000646,TXN_0000061228,None,0.181,0.288,0.029,0.26,0.045,0
FRD_00002117,CUST_00000729,TXN_0000069005,None,0.191,0.293,0.2,0.192,0.002,0
FRD_00002118,CUST_00000331,TXN_0000031334,None,0.145,0.049,0.005,0.462,0.057,0
FRD_00002119,CUST_00000572,TXN_0000054117,None,0.159,0.264,0.236,0.078,0.0,0
FRD_00002120,CUST_00000619,TXN_0000058593,None,0.274,0.369,0.295,0.322,0.026,0
FRD_00002121,CUST_00000245,TXN_0000023199,None,0.141,0.214,0.047,0.227,0.002,0
FRD_00002122,CUST_00000173,TXN_0000016432,None,0.144,0.125,0.003,0.398,0.0,0
FRD_00002123,CUST_00000260,TXN_0000024594,None,0.176,0.151,0.131,0.383,0.008,0
FRD_00002124,CUST_00000335,TXN_0000031701,None,0.128,0.178,0.173,0.122,0.001,0
FRD_00002125,CUST_00000784,TXN_0000074252,None,0.227,0.12,0.0,0.572,0.21,0
FRD_00002126,CUST_00000363,TXN_0000034345,None,0.11,0.092,0.02,0.267,0.036,0
FRD_00002127,CUST_00000746,TXN_0000070637,None,0.17,0.253,0.159,0.161,0.046,0
FRD_00002128,CUST_00000383,TXN_0000036253,None,0.096,0.123,0.089,0.079,0.077,0
FRD_00002129,CUST_00000751,TXN_0000071119,None,0.202,0.275,0.122,0.326,0.0,0
FRD_00002130,CUST_00000155,TXN_0000014713,None,0.14,0.199,0.131,0.158,0.025,0
FRD_00002131,CUST_00000396,TXN_0000037497,None,0.182,0.333,0.0,0.259,0.001,0
FRD_00002132,CUST_00000649,TXN_0000061512,None,0.232,0.308,0.344,0.182,0.052,0
FRD_00002133,CUST_00000806,TXN_0000076398,None,0.13,0.154,0.228,0.118,0.006,0
FRD_00002134,CUST_00000119,TXN_0000011257,None,0.155,0.286,0.019,0.077,0.158,0
FRD_00002135,CUST_00000615,TXN_0000058215,None,0.179,0.121,0.138,0.431,0.004,0
FRD_00002136,CUST_00000296,TXN_0000028046,None,0.122,0.318,0.01,0.017,0.022,0
FRD_00002137,CUST_00000825,TXN_0000078148,None,0.095,0.032,0.003,0.325,0.011,0
FRD_00002138,CUST_00000536,TXN_0000050753,None,0.174,0.158,0.152,0.349,0.007,0
FRD_00002139,CUST_00000558,TXN_0000052867,None,0.146,0.186,0.062,0.272,0.003,0
FRD_00002140,CUST_00000334,TXN_0000031611,None,0.107,0.281,0.034,0.006,0.002,0
FRD_00002141,CUST_00000485,TXN_0000045926,None,0.248,0.27,0.165,0.466,0.021,0
FRD_00002142,CUST_00000212,TXN_0000020071,None,0.077,0.126,0.033,0.071,0.044,0
FRD_00002143,CUST_00000672,TXN_0000063620,None,0.216,0.256,0.001,0.335,0.214,0
FRD_00002144,CUST_00000016,TXN_0000001425,None,0.281,0.323,0.005,0.62,0.06,0
FRD_00002145,CUST_00000163,TXN_0000015395,None,0.194,0.263,0.147,0.291,0.0,0
FRD_00002146,CUST_00000307,TXN_0000029107,None,0.169,0.345,0.113,0.1,0.001,0
FRD_00002147,CUST_00000179,TXN_0000016950,None,0.154,0.204,0.167,0.121,0.094,0
FRD_00002148,CUST_00000219,TXN_0000020744,None,0.14,0.129,0.001,0.378,0.001,0
FRD_00002149,CUST_00000030,TXN_0000002806,None,0.139,0.196,0.294,0.044,0.002,0
FRD_00002150,CUST_00000137,TXN_0000012967,None,0.133,0.16,0.036,0.021,0.323,0
FRD_00002151,CUST_00000368,TXN_0000034864,None,0.087,0.127,0.023,0.152,0.001,0
FRD_00002152,CUST_00000453,TXN_0000042896,None,0.19,0.224,0.43,0.087,0.021,0
FRD_00002153,CUST_00000273,TXN_0000025856,None,0.138,0.247,0.132,0.1,0.0,0
FRD_00002154,CUST_00000881,TXN_0000083405,None,0.068,0.138,0.031,0.052,0.002,0
FRD_00002155,CUST_00000725,TXN_0000068645,None,0.101,0.249,0.002,0.014,0.05,0
FRD_00002156,CUST_00000990,TXN_0000093763,None,0.124,0.318,0.002,0.049,0.001,0
FRD_00002157,CUST_00000106,TXN_0000010055,None,0.117,0.162,0.179,0.074,0.028,0
FRD_00002158,CUST_00000519,TXN_0000049153,None,0.196,0.289,0.272,0.161,0.0,0
FRD_00002159,CUST_00000006,TXN_0000000506,None,0.055,0.043,0.053,0.117,0.0,0
FRD_00002160,CUST_00000452,TXN_0000042827,None,0.109,0.156,0.162,0.076,0.015,0
FRD_00002161,CUST_00000434,TXN_0000041056,None,0.179,0.287,0.096,0.236,0.003,0
FRD_00002162,CUST_00000572,TXN_0000054172,None,0.131,0.147,0.002,0.19,0.158,0
FRD_00002163,CUST_00000776,TXN_0000073508,None,0.056,0.151,0.006,0.003,0.008,0
FRD_00002164,CUST_00000097,TXN_0000009150,None,0.267,0.194,0.125,0.661,0.042,0
FRD_00002165,CUST_00000709,TXN_0000067154,None,0.205,0.27,0.185,0.273,0.027,0
FRD_00002166,CUST_00000078,TXN_0000007333,None,0.206,0.034,0.13,0.672,0.001,0
FRD_00002167,CUST_00000546,TXN_0000051711,None,0.126,0.279,0.001,0.095,0.02,0
FRD_00002168,CUST_00000196,TXN_0000018554,None,0.21,0.317,0.055,0.347,0.007,0
FRD_00002169,CUST_00000128,TXN_0000012079,None,0.123,0.175,0.254,0.028,0.021,0
FRD_00002170,CUST_00000868,TXN_0000082208,None,0.119,0.155,0.013,0.247,0.0,0
FRD_00002171,CUST_00000561,TXN_0000053137,None,0.148,0.173,0.027,0.329,0.001,0
FRD_00002172,CUST_00000998,TXN_0000094531,None,0.123,0.277,0.003,0.051,0.062,0
FRD_00002173,CUST_00000809,TXN_0000076644,None,0.151,0.272,0.25,0.022,0.0,0
FRD_00002174,CUST_00000389,TXN_0000036830,None,0.089,0.107,0.016,0.078,0.145,0
FRD_00002175,CUST_00000636,TXN_0000060256,None,0.179,0.333,0.01,0.239,0.003,0
FRD_00002176,CUST_00000546,TXN_0000051738,None,0.123,0.342,0.005,0.006,0.003,0
FRD_00002177,CUST_00000536,TXN_0000050721,None,0.327,0.196,0.017,0.992,0.034,0
FRD_00002178,CUST_00000920,TXN_0000087125,None,0.071,0.16,0.003,0.044,0.015,0
FRD_00002179,CUST_00000985,TXN_0000093290,None,0.083,0.125,0.007,0.113,0.049,0
FRD_00002180,CUST_00000683,TXN_0000064668,None,0.218,0.213,0.098,0.423,0.091,0
FRD_00002181,CUST_00000966,TXN_0000091511,None,0.127,0.261,0.001,0.109,0.042,0
FRD_00002182,CUST_00000278,TXN_0000026261,None,0.185,0.181,0.034,0.352,0.135,0
FRD_00002183,CUST_00000244,TXN_0000023077,None,0.111,0.128,0.316,0.01,0.002,0
FRD_00002184,CUST_00000303,TXN_0000028651,None,0.181,0.163,0.255,0.238,0.068,0
FRD_00002185,CUST_00000456,TXN_0000043215,None,0.296,0.23,0.004,0.855,0.005,0
FRD_00002186,CUST_00000762,TXN_0000072209,None,0.166,0.177,0.087,0.253,0.115,0
FRD_00002187,CUST_00000484,TXN_0000045860,None,0.239,0.389,0.086,0.341,0.002,0
FRD_00002188,CUST_00000725,TXN_0000068715,None,0.071,0.123,0.014,0.099,0.003,0
FRD_00002189,CUST_00000521,TXN_0000049320,Velocity / Rapid Drain Attack,0.368,0.954,0.081,0.07,0.0,1
FRD_00002190,CUST_00000395,TXN_0000037386,None,0.114,0.15,0.22,0.062,0.012,0
FRD_00002191,CUST_00000045,TXN_0000004185,None,0.168,0.242,0.003,0.321,0.012,0
FRD_00002192,CUST_00000342,TXN_0000032385,None,0.179,0.167,0.277,0.221,0.049,0
FRD_00002193,CUST_00000579,TXN_0000054806,None,0.135,0.187,0.023,0.26,0.0,0
FRD_00002194,CUST_00000765,TXN_0000072497,None,0.132,0.17,0.114,0.169,0.039,0
FRD_00002195,CUST_00000166,TXN_0000015743,None,0.107,0.159,0.241,0.013,0.0,0
FRD_00002196,CUST_00000380,TXN_0000035948,None,0.083,0.109,0.138,0.06,0.01,0
FRD_00002197,CUST_00000717,TXN_0000067920,None,0.131,0.235,0.002,0.162,0.04,0
FRD_00002198,CUST_00000203,TXN_0000019212,None,0.167,0.126,0.084,0.114,0.386,0
FRD_00002199,CUST_00000505,TXN_0000047790,None,0.05,0.077,0.054,0.018,0.04,0
FRD_00002200,CUST_00000330,TXN_0000031222,None,0.131,0.253,0.088,0.034,0.082,0
FRD_00002201,CUST_00000862,TXN_0000081609,None,0.262,0.198,0.366,0.262,0.269,0
FRD_00002202,CUST_00000873,TXN_0000082648,None,0.111,0.214,0.001,0.073,0.087,0
FRD_00002203,CUST_00000841,TXN_0000079639,None,0.045,0.093,0.035,0.018,0.006,0
FRD_00002204,CUST_00000285,TXN_0000026979,None,0.138,0.294,0.014,0.088,0.053,0
FRD_00002205,CUST_00000471,TXN_0000044612,None,0.192,0.285,0.208,0.202,0.0,0
FRD_00002206,CUST_00000663,TXN_0000062848,None,0.139,0.135,0.346,0.088,0.002,0
FRD_00002207,CUST_00000771,TXN_0000073045,None,0.178,0.277,0.005,0.069,0.312,0
FRD_00002208,CUST_00000225,TXN_0000021298,None,0.136,0.237,0.096,0.104,0.04,0
FRD_00002209,CUST_00000411,TXN_0000038902,None,0.239,0.219,0.006,0.64,0.004,0
FRD_00002210,CUST_00000854,TXN_0000080843,None,0.158,0.373,0.0,0.089,0.025,0
FRD_00002211,CUST_00000506,TXN_0000047944,None,0.14,0.35,0.021,0.052,0.002,0
FRD_00002212,CUST_00000173,TXN_0000016436,None,0.212,0.035,0.198,0.545,0.12,0
FRD_00002213,CUST_00000940,TXN_0000089049,None,0.139,0.2,0.143,0.127,0.043,0
FRD_00002214,CUST_00000399,TXN_0000037736,None,0.232,0.298,0.38,0.202,0.007,0
FRD_00002215,CUST_00000786,TXN_0000074510,None,0.139,0.2,0.079,0.164,0.06,0
FRD_00002216,CUST_00000799,TXN_0000075731,None,0.115,0.303,0.041,0.003,0.0,0
FRD_00002217,CUST_00000275,TXN_0000026021,None,0.086,0.193,0.018,0.004,0.071,0
FRD_00002218,CUST_00000750,TXN_0000071051,None,0.077,0.117,0.139,0.034,0.0,0
FRD_00002219,CUST_00000626,TXN_0000059292,None,0.216,0.18,0.45,0.04,0.264,0
FRD_00002220,CUST_00000567,TXN_0000053667,None,0.107,0.26,0.074,0.003,0.001,0
FRD_00002221,CUST_00000378,TXN_0000035760,None,0.07,0.149,0.056,0.025,0.001,0
FRD_00002222,CUST_00000867,TXN_0000082085,None,0.108,0.252,0.08,0.011,0.004,0
FRD_00002223,CUST_00000013,TXN_0000001222,None,0.103,0.082,0.238,0.093,0.018,0
FRD_00002224,CUST_00000880,TXN_0000083318,None,0.214,0.365,0.267,0.121,0.014,0
FRD_00002225,CUST_00000034,TXN_0000003183,None,0.066,0.17,0.022,0.002,0.007,0
FRD_00002226,CUST_00000206,TXN_0000019541,None,0.27,0.278,0.257,0.385,0.126,0
FRD_00002227,CUST_00000555,TXN_0000052515,None,0.122,0.186,0.006,0.189,0.04,0
FRD_00002228,CUST_00000397,TXN_0000037566,None,0.155,0.17,0.014,0.044,0.408,0
FRD_00002229,CUST_00000699,TXN_0000066238,None,0.14,0.177,0.098,0.232,0.0,0
FRD_00002230,CUST_00000469,TXN_0000044427,None,0.111,0.148,0.009,0.198,0.038,0
FRD_00002231,CUST_00000124,TXN_0000011736,None,0.112,0.173,0.085,0.131,0.006,0
FRD_00002232,CUST_00000716,TXN_0000067814,None,0.136,0.13,0.004,0.359,0.001,0
FRD_00002233,CUST_00000139,TXN_0000013135,None,0.147,0.313,0.002,0.15,0.0,0
FRD_00002234,CUST_00000903,TXN_0000085577,None,0.17,0.331,0.256,0.011,0.0,0
FRD_00002235,CUST_00000093,TXN_0000008769,None,0.12,0.144,0.05,0.238,0.001,0
FRD_00002236,CUST_00000620,TXN_0000058699,None,0.318,0.141,0.658,0.535,0.014,0
FRD_00002237,CUST_00000065,TXN_0000006153,None,0.1,0.247,0.055,0.011,0.0,0
FRD_00002238,CUST_00000174,TXN_0000016462,None,0.219,0.264,0.159,0.381,0.0,0
FRD_00002239,CUST_00000851,TXN_0000080566,None,0.252,0.234,0.052,0.638,0.0,0
FRD_00002240,CUST_00000536,TXN_0000050755,None,0.221,0.264,0.097,0.435,0.001,0
FRD_00002241,CUST_00000658,TXN_0000062355,None,0.176,0.283,0.102,0.224,0.003,0
FRD_00002242,CUST_00000112,TXN_0000010619,None,0.109,0.197,0.127,0.052,0.01,0
FRD_00002243,CUST_00000628,TXN_0000059521,None,0.163,0.376,0.001,0.118,0.01,0
FRD_00002244,CUST_00000066,TXN_0000006236,None,0.125,0.255,0.102,0.06,0.0,0
FRD_00002245,CUST_00000018,TXN_0000001693,None,0.165,0.234,0.22,0.146,0.011,0
FRD_00002246,CUST_00000407,TXN_0000038580,None,0.178,0.107,0.4,0.228,0.016,0
FRD_00002247,CUST_00000305,TXN_0000028868,None,0.128,0.193,0.003,0.151,0.108,0
FRD_00002248,CUST_00000390,TXN_0000036933,None,0.189,0.235,0.032,0.304,0.124,0
FRD_00002249,CUST_00000317,TXN_0000029973,None,0.144,0.243,0.013,0.225,0.0,0
FRD_00002250,CUST_00000397,TXN_0000037546,None,0.232,0.193,0.309,0.41,0.0,0
FRD_00002251,CUST_00000025,TXN_0000002361,None,0.121,0.252,0.018,0.11,0.006,0
FRD_00002252,CUST_00000377,TXN_0000035696,None,0.217,0.293,0.156,0.332,0.0,0
FRD_00002253,CUST_00000002,TXN_0000000183,None,0.128,0.161,0.178,0.064,0.098,0
FRD_00002254,CUST_00000350,TXN_0000033164,None,0.195,0.314,0.007,0.335,0.0,0
FRD_00002255,CUST_00000503,TXN_0000047679,None,0.117,0.297,0.011,0.037,0.008,0
FRD_00002256,CUST_00000373,TXN_0000035276,None,0.068,0.111,0.032,0.08,0.012,0
FRD_00002257,CUST_00000068,TXN_0000006412,None,0.184,0.19,0.204,0.206,0.128,0
FRD_00002258,CUST_00000987,TXN_0000093486,None,0.194,0.316,0.0,0.331,0.002,0
FRD_00002259,CUST_00000489,TXN_0000046334,None,0.153,0.185,0.01,0.29,0.068,0
FRD_00002260,CUST_00000393,TXN_0000037246,None,0.156,0.109,0.058,0.398,0.032,0
FRD_00002261,CUST_00000373,TXN_0000035280,None,0.084,0.148,0.004,0.094,0.042,0
FRD_00002262,CUST_00000637,TXN_0000060323,None,0.112,0.25,0.004,0.093,0.002,0
FRD_00002263,CUST_00000132,TXN_0000012473,None,0.147,0.272,0.098,0.116,0.017,0
FRD_00002264,CUST_00000112,TXN_0000010566,None,0.268,0.333,0.157,0.353,0.159,0
FRD_00002265,CUST_00000408,TXN_0000038622,None,0.041,0.056,0.009,0.08,0.0,0
FRD_00002266,CUST_00000332,TXN_0000031463,None,0.223,0.303,0.132,0.361,0.001,0
FRD_00002267,CUST_00000269,TXN_0000025442,None,0.121,0.129,0.147,0.185,0.0,0
FRD_00002268,CUST_00000432,TXN_0000040943,None,0.207,0.23,0.298,0.11,0.199,0
FRD_00002269,CUST_00000332,TXN_0000031399,None,0.22,0.341,0.308,0.158,0.0,0
FRD_00002270,CUST_00000275,TXN_0000025975,None,0.218,0.295,0.123,0.36,0.001,0
FRD_00002271,CUST_00000661,TXN_0000062600,None,0.095,0.079,0.047,0.215,0.021,0
FRD_00002272,CUST_00000402,TXN_0000038036,None,0.221,0.199,0.145,0.461,0.036,0
FRD_00002273,CUST_00000195,TXN_0000018456,Account Takeover (ATO),0.42,0.946,0.091,0.281,0.002,1
FRD_00002274,CUST_00000520,TXN_0000049249,None,0.173,0.107,0.03,0.519,0.0,0
FRD_00002275,CUST_00000685,TXN_0000064942,None,0.212,0.206,0.148,0.441,0.0,0
FRD_00002276,CUST_00000984,TXN_0000093221,None,0.173,0.221,0.222,0.118,0.11,0
FRD_00002277,CUST_00000926,TXN_0000087692,None,0.089,0.132,0.05,0.095,0.044,0
FRD_00002278,CUST_00000481,TXN_0000045552,None,0.059,0.03,0.13,0.085,0.004,0
FRD_00002279,CUST_00000391,TXN_0000036991,None,0.118,0.224,0.074,0.099,0.0,0
FRD_00002280,CUST_00000732,TXN_0000069369,None,0.088,0.223,0.0,0.023,0.023,0
FRD_00002281,CUST_00000808,TXN_0000076544,None,0.206,0.379,0.13,0.078,0.137,0
FRD_00002282,CUST_00000213,TXN_0000020175,None,0.202,0.226,0.389,0.05,0.165,0
FRD_00002283,CUST_00000820,TXN_0000077670,Mule Account Activity,0.384,0.853,0.0,0.34,0.001,1
FRD_00002284,CUST_00000679,TXN_0000064305,None,0.153,0.25,0.013,0.25,0.001,0
FRD_00002285,CUST_00000444,TXN_0000042067,None,0.132,0.235,0.035,0.066,0.131,0
FRD_00002286,CUST_00000032,TXN_0000003017,None,0.082,0.202,0.023,0.017,0.011,0
FRD_00002287,CUST_00000361,TXN_0000034216,None,0.151,0.174,0.0,0.362,0.0,0
FRD_00002288,CUST_00000530,TXN_0000050235,None,0.065,0.11,0.044,0.059,0.013,0
FRD_00002289,CUST_00000531,TXN_0000050265,None,0.148,0.219,0.006,0.258,0.029,0
FRD_00002290,CUST_00000935,TXN_0000088602,None,0.238,0.111,0.489,0.402,0.005,0
FRD_00002291,CUST_00000010,TXN_0000000921,None,0.147,0.25,0.091,0.149,0.022,0
FRD_00002292,CUST_00000079,TXN_0000007449,None,0.144,0.358,0.01,0.055,0.013,0
FRD_00002293,CUST_00000945,TXN_0000089489,None,0.095,0.125,0.048,0.167,0.0,0
FRD_00002294,CUST_00000365,TXN_0000034606,None,0.151,0.316,0.014,0.144,0.009,0
FRD_00002295,CUST_00000739,TXN_0000069983,None,0.168,0.21,0.018,0.364,0.0,0
FRD_00002296,CUST_00000011,TXN_0000000950,None,0.093,0.15,0.002,0.039,0.15,0
FRD_00002297,CUST_00000443,TXN_0000041926,None,0.187,0.316,0.018,0.271,0.024,0
FRD_00002298,CUST_00000680,TXN_0000064444,None,0.165,0.032,0.006,0.609,0.0,0
FRD_00002299,CUST_00000596,TXN_0000056435,None,0.088,0.137,0.001,0.14,0.022,0
FRD_00002300,CUST_00000756,TXN_0000071590,None,0.132,0.066,0.405,0.088,0.028,0
FRD_00002301,CUST_00000700,TXN_0000066329,None,0.114,0.16,0.072,0.176,0.0,0
FRD_00002302,CUST_00000297,TXN_0000028073,None,0.192,0.243,0.01,0.399,0.027,0
FRD_00002303,CUST_00000240,TXN_0000022740,None,0.109,0.169,0.012,0.189,0.0,0
FRD_00002304,CUST_00000482,TXN_0000045673,None,0.122,0.205,0.119,0.105,0.002,0
FRD_00002305,CUST_00000573,TXN_0000054281,None,0.082,0.114,0.013,0.156,0.003,0
FRD_00002306,CUST_00000214,TXN_0000020293,None,0.181,0.238,0.011,0.341,0.052,0
FRD_00002307,CUST_00000592,TXN_0000056044,None,0.133,0.115,0.206,0.132,0.095,0
FRD_00002308,CUST_00000075,TXN_0000007109,None,0.182,0.314,0.049,0.251,0.0,0
FRD_00002309,CUST_00000252,TXN_0000023860,None,0.154,0.269,0.052,0.155,0.054,0
FRD_00002310,CUST_00000181,TXN_0000017147,None,0.237,0.289,0.281,0.288,0.039,0
FRD_00002311,CUST_00000839,TXN_0000079520,None,0.133,0.223,0.16,0.088,0.003,0
FRD_00002312,CUST_00000224,TXN_0000021190,None,0.083,0.131,0.057,0.071,0.041,0
FRD_00002313,CUST_00000451,TXN_0000042726,None,0.131,0.298,0.083,0.035,0.007,0
FRD_00002314,CUST_00000850,TXN_0000080481,None,0.21,0.168,0.255,0.348,0.065,0
FRD_00002315,CUST_00000750,TXN_0000071086,None,0.082,0.135,0.101,0.053,0.006,0
FRD_00002316,CUST_00000583,TXN_0000055208,None,0.23,0.309,0.015,0.47,0.006,0
FRD_00002317,CUST_00000050,TXN_0000004657,None,0.132,0.252,0.029,0.145,0.007,0
FRD_00002318,CUST_00000298,TXN_0000028250,None,0.04,0.049,0.0,0.093,0.0,0
FRD_00002319,CUST_00000723,TXN_0000068472,None,0.178,0.154,0.034,0.142,0.41,0
FRD_00002320,CUST_00000205,TXN_0000019416,None,0.101,0.157,0.041,0.07,0.103,0
FRD_00002321,CUST_00000675,TXN_0000063954,None,0.091,0.12,0.002,0.19,0.008,0
FRD_00002322,CUST_00000466,TXN_0000044171,None,0.169,0.302,0.097,0.164,0.012,0
FRD_00002323,CUST_00000963,TXN_0000091261,None,0.271,0.143,0.24,0.68,0.014,0
FRD_00002324,CUST_00000812,TXN_0000076876,None,0.139,0.18,0.098,0.223,0.001,0
FRD_00002325,CUST_00000121,TXN_0000011408,None,0.266,0.205,0.012,0.737,0.04,0
FRD_00002326,CUST_00000054,TXN_0000005035,None,0.077,0.202,0.032,0.0,0.0,0
FRD_00002327,CUST_00000095,TXN_0000008939,None,0.249,0.037,0.169,0.652,0.198,0
FRD_00002328,CUST_00000287,TXN_0000027148,None,0.198,0.183,0.063,0.44,0.059,0
FRD_00002329,CUST_00000495,TXN_0000046898,None,0.077,0.192,0.014,0.027,0.0,0
FRD_00002330,CUST_00000506,TXN_0000047968,None,0.122,0.247,0.005,0.133,0.006,0
FRD_00002331,CUST_00000159,TXN_0000015057,Card Not Present (CNP) Fraud,0.406,0.879,0.388,0.083,0.0,1
FRD_00002332,CUST_00000870,TXN_0000082420,None,0.216,0.327,0.307,0.05,0.138,0
FRD_00002333,CUST_00000965,TXN_0000091434,None,0.102,0.203,0.0,0.106,0.02,0
FRD_00002334,CUST_00000829,TXN_0000078522,None,0.139,0.212,0.071,0.203,0.0,0
FRD_00002335,CUST_00000553,TXN_0000052383,None,0.127,0.114,0.01,0.015,0.405,0
FRD_00002336,CUST_00000771,TXN_0000073042,None,0.174,0.278,0.366,0.013,0.0,0
FRD_00002337,CUST_00000800,TXN_0000075835,None,0.107,0.095,0.02,0.263,0.019,0
FRD_00002338,CUST_00000758,TXN_0000071813,None,0.092,0.238,0.033,0.007,0.0,0
FRD_00002339,CUST_00000384,TXN_0000036316,None,0.091,0.228,0.016,0.033,0.001,0
FRD_00002340,CUST_00000667,TXN_0000063157,None,0.297,0.334,0.001,0.648,0.09,0
FRD_00002341,CUST_00000259,TXN_0000024461,None,0.26,0.144,0.048,0.412,0.483,0
FRD_00002342,CUST_00000124,TXN_0000011728,None,0.104,0.082,0.039,0.255,0.017,0
FRD_00002343,CUST_00000003,TXN_0000000196,None,0.171,0.233,0.067,0.291,0.016,0
FRD_00002344,CUST_00000098,TXN_0000009299,None,0.211,0.265,0.005,0.467,0.001,0
FRD_00002345,CUST_00001000,TXN_0000094726,None,0.03,0.057,0.014,0.03,0.0,0
FRD_00002346,CUST_00000233,TXN_0000022090,None,0.111,0.264,0.0,0.076,0.0,0
FRD_00002347,CUST_00000780,TXN_0000073919,None,0.279,0.159,0.349,0.614,0.002,0
FRD_00002348,CUST_00000287,TXN_0000027156,None,0.118,0.119,0.146,0.161,0.036,0
FRD_00002349,CUST_00000691,TXN_0000065462,None,0.114,0.1,0.034,0.156,0.166,0
FRD_00002350,CUST_00000575,TXN_0000054394,None,0.186,0.241,0.099,0.328,0.001,0
FRD_00002351,CUST_00000766,TXN_0000072532,None,0.096,0.19,0.0,0.116,0.001,0
FRD_00002352,CUST_00000246,TXN_0000023321,None,0.152,0.184,0.193,0.197,0.0,0
FRD_00002353,CUST_00000497,TXN_0000047080,None,0.162,0.215,0.283,0.114,0.01,0
FRD_00002354,CUST_00000506,TXN_0000047904,None,0.095,0.226,0.015,0.05,0.001,0
FRD_00002355,CUST_00000493,TXN_0000046709,None,0.118,0.175,0.096,0.107,0.055,0
FRD_00002356,CUST_00000236,TXN_0000022374,None,0.1,0.153,0.066,0.103,0.038,0
FRD_00002357,CUST_00000504,TXN_0000047697,None,0.138,0.026,0.21,0.189,0.198,0
FRD_00002358,CUST_00000484,TXN_0000045873,None,0.147,0.161,0.084,0.294,0.0,0
FRD_00002359,CUST_00000276,TXN_0000026136,None,0.204,0.282,0.016,0.215,0.243,0
FRD_00002360,CUST_00000956,TXN_0000090528,None,0.114,0.307,0.01,0.017,0.0,0
FRD_00002361,CUST_00000337,TXN_0000031907,None,0.155,0.162,0.139,0.272,0.01,0
FRD_00002362,CUST_00000903,TXN_0000085524,None,0.223,0.209,0.104,0.346,0.215,0
FRD_00002363,CUST_00000816,TXN_0000077287,None,0.136,0.33,0.003,0.069,0.012,0
FRD_00002364,CUST_00000842,TXN_0000079790,None,0.067,0.17,0.0,0.008,0.029,0
FRD_00002365,CUST_00000606,TXN_0000057369,None,0.096,0.148,0.002,0.173,0.004,0
FRD_00002366,CUST_00000905,TXN_0000085684,None,0.103,0.228,0.028,0.07,0.002,0
FRD_00002367,CUST_00000636,TXN_0000060275,None,0.064,0.076,0.048,0.108,0.002,0
FRD_00002368,CUST_00000863,TXN_0000081758,None,0.155,0.142,0.063,0.342,0.038,0
FRD_00002369,CUST_00000277,TXN_0000026238,None,0.135,0.111,0.006,0.376,0.006,0
FRD_00002370,CUST_00000992,TXN_0000093918,None,0.194,0.271,0.212,0.145,0.105,0
FRD_00002371,CUST_00000072,TXN_0000006764,None,0.083,0.065,0.103,0.158,0.002,0
FRD_00002372,CUST_00000947,TXN_0000089703,None,0.117,0.078,0.163,0.104,0.155,0
FRD_00002373,CUST_00000943,TXN_0000089305,None,0.248,0.234,0.015,0.572,0.101,0
FRD_00002374,CUST_00000723,TXN_0000068462,None,0.086,0.231,0.021,0.005,0.0,0
FRD_00002375,CUST_00000825,TXN_0000078128,None,0.156,0.243,0.004,0.225,0.072,0
FRD_00002376,CUST_00000935,TXN_0000088605,None,0.14,0.189,0.001,0.271,0.029,0
FRD_00002377,CUST_00000616,TXN_0000058374,None,0.138,0.292,0.0,0.141,0.004,0
FRD_00002378,CUST_00000313,TXN_0000029619,None,0.262,0.231,0.367,0.428,0.004,0
FRD_00002379,CUST_00000154,TXN_0000014565,None,0.223,0.294,0.227,0.299,0.001,0
FRD_00002380,CUST_00000522,TXN_0000049389,None,0.227,0.21,0.042,0.384,0.248,0
FRD_00002381,CUST_00000374,TXN_0000035391,None,0.123,0.061,0.001,0.406,0.002,0
FRD_00002382,CUST_00000135,TXN_0000012828,None,0.135,0.274,0.008,0.096,0.069,0
FRD_00002383,CUST_00000757,TXN_0000071710,None,0.179,0.309,0.043,0.25,0.001,0
FRD_00002384,CUST_00000522,TXN_0000049424,None,0.222,0.284,0.206,0.323,0.001,0
FRD_00002385,CUST_00000273,TXN_0000025841,None,0.095,0.186,0.126,0.005,0.018,0
FRD_00002386,CUST_00000854,TXN_0000080842,None,0.309,0.288,0.128,0.709,0.027,0
FRD_00002387,CUST_00000321,TXN_0000030364,None,0.265,0.302,0.293,0.348,0.069,0
FRD_00002388,CUST_00000446,TXN_0000042207,None,0.112,0.25,0.0,0.096,0.001,0
FRD_00002389,CUST_00000858,TXN_0000081226,None,0.184,0.21,0.264,0.219,0.013,0
FRD_00002390,CUST_00000606,TXN_0000057351,None,0.246,0.319,0.21,0.354,0.019,0
FRD_00002391,CUST_00000424,TXN_0000040138,None,0.209,0.164,0.291,0.375,0.0,0
FRD_00002392,CUST_00000461,TXN_0000043616,None,0.151,0.194,0.005,0.33,0.0,0
FRD_00002393,CUST_00000057,TXN_0000005355,None,0.105,0.223,0.005,0.103,0.0,0
FRD_00002394,CUST_00000771,TXN_0000073019,None,0.193,0.161,0.463,0.176,0.0,0
FRD_00002395,CUST_00000211,TXN_0000019937,None,0.17,0.237,0.001,0.325,0.026,0
FRD_00002396,CUST_00000052,TXN_0000004912,None,0.082,0.162,0.006,0.062,0.041,0
FRD_00002397,CUST_00000112,TXN_0000010578,None,0.218,0.267,0.037,0.468,0.003,0
FRD_00002398,CUST_00000040,TXN_0000003738,None,0.08,0.1,0.014,0.127,0.054,0
FRD_00002399,CUST_00000187,TXN_0000017750,None,0.085,0.104,0.199,0.013,0.03,0
FRD_00002400,CUST_00000753,TXN_0000071368,None,0.128,0.269,0.113,0.039,0.009,0
FRD_00002401,CUST_00000649,TXN_0000061463,None,0.104,0.145,0.037,0.076,0.135,0
FRD_00002402,CUST_00000545,TXN_0000051621,None,0.16,0.245,0.007,0.286,0.008,0
FRD_00002403,CUST_00000489,TXN_0000046297,None,0.049,0.119,0.015,0.005,0.016,0
FRD_00002404,CUST_00000983,TXN_0000093091,None,0.117,0.19,0.001,0.2,0.004,0
FRD_00002405,CUST_00000009,TXN_0000000759,None,0.137,0.225,0.169,0.096,0.0,0
FRD_00002406,CUST_00000435,TXN_0000041182,None,0.085,0.126,0.141,0.008,0.052,0
FRD_00002407,CUST_00000737,TXN_0000069788,None,0.162,0.117,0.273,0.258,0.01,0
FRD_00002408,CUST_00000437,TXN_0000041376,None,0.17,0.186,0.348,0.141,0.002,0
FRD_00002409,CUST_00000260,TXN_0000024628,None,0.15,0.224,0.0,0.288,0.0,0
FRD_00002410,CUST_00000629,TXN_0000059590,None,0.136,0.324,0.042,0.057,0.0,0
FRD_00002411,CUST_00000104,TXN_0000009859,None,0.104,0.192,0.024,0.082,0.058,0
FRD_00002412,CUST_00000117,TXN_0000011115,None,0.142,0.154,0.178,0.21,0.0,0
FRD_00002413,CUST_00000172,TXN_0000016277,None,0.183,0.264,0.013,0.347,0.005,0
FRD_00002414,CUST_00000752,TXN_0000071303,None,0.099,0.15,0.052,0.118,0.032,0
FRD_00002415,CUST_00000223,TXN_0000021148,None,0.159,0.304,0.221,0.035,0.0,0
FRD_00002416,CUST_00000074,TXN_0000006957,None,0.11,0.228,0.001,0.064,0.072,0
FRD_00002417,CUST_00000350,TXN_0000033105,None,0.115,0.31,0.02,0.008,0.001,0
FRD_00002418,CUST_00000406,TXN_0000038454,None,0.084,0.178,0.002,0.084,0.0,0
FRD_00002419,CUST_00000173,TXN_0000016358,None,0.19,0.24,0.372,0.122,0.007,0
FRD_00002420,CUST_00000185,TXN_0000017552,None,0.113,0.216,0.003,0.147,0.002,0
FRD_00002421,CUST_00000338,TXN_0000032044,None,0.149,0.124,0.002,0.414,0.007,0
FRD_00002422,CUST_00000559,TXN_0000052890,None,0.344,0.287,0.0,0.967,0.008,0
FRD_00002423,CUST_00000048,TXN_0000004499,None,0.241,0.286,0.346,0.268,0.024,0
FRD_00002424,CUST_00000891,TXN_0000084419,None,0.07,0.188,0.006,0.011,0.0,0
FRD_00002425,CUST_00000020,TXN_0000001825,None,0.167,0.087,0.002,0.335,0.263,0
FRD_00002426,CUST_00000814,TXN_0000077081,None,0.105,0.138,0.003,0.223,0.003,0
FRD_00002427,CUST_00000398,TXN_0000037637,None,0.28,0.275,0.051,0.695,0.0,0
FRD_00002428,CUST_00000283,TXN_0000026775,None,0.132,0.122,0.061,0.198,0.137,0
FRD_00002429,CUST_00000179,TXN_0000016987,None,0.155,0.269,0.129,0.069,0.089,0
FRD_00002430,CUST_00000195,TXN_0000018458,Account Takeover (ATO),0.369,0.947,0.0,0.106,0.053,1
FRD_00002431,CUST_00000070,TXN_0000006579,None,0.165,0.138,0.401,0.146,0.0,0
FRD_00002432,CUST_00000733,TXN_0000069428,None,0.119,0.069,0.006,0.351,0.031,0
FRD_00002433,CUST_00000526,TXN_0000049786,None,0.056,0.074,0.116,0.026,0.0,0
FRD_00002434,CUST_00000557,TXN_0000052766,None,0.104,0.052,0.036,0.305,0.011,0
FRD_00002435,CUST_00000847,TXN_0000080189,Mule Account Activity,0.405,0.867,0.048,0.369,0.0,1
FRD_00002436,CUST_00000672,TXN_0000063632,None,0.102,0.17,0.024,0.106,0.055,0
FRD_00002437,CUST_00000603,TXN_0000057151,None,0.123,0.326,0.023,0.011,0.008,0
FRD_00002438,CUST_00000251,TXN_0000023746,None,0.179,0.054,0.022,0.465,0.198,0
FRD_00002439,CUST_00000320,TXN_0000030303,None,0.052,0.093,0.062,0.013,0.02,0
FRD_00002440,CUST_00000666,TXN_0000063055,None,0.251,0.149,0.335,0.526,0.0,0
FRD_00002441,CUST_00000530,TXN_0000050203,None,0.117,0.23,0.127,0.044,0.002,0
FRD_00002442,CUST_00000362,TXN_0000034276,None,0.211,0.321,0.299,0.154,0.004,0
FRD_00002443,CUST_00000696,TXN_0000065923,None,0.232,0.299,0.197,0.247,0.132,0
FRD_00002444,CUST_00000024,TXN_0000002268,None,0.123,0.198,0.003,0.139,0.092,0
FRD_00002445,CUST_00000214,TXN_0000020215,None,0.191,0.158,0.015,0.396,0.166,0
FRD_00002446,CUST_00000206,TXN_0000019517,None,0.126,0.109,0.245,0.155,0.0,0
FRD_00002447,CUST_00000993,TXN_0000094034,None,0.192,0.32,0.075,0.131,0.16,0
FRD_00002448,CUST_00000547,TXN_0000051853,None,0.179,0.135,0.102,0.432,0.017,0
FRD_00002449,CUST_00000687,TXN_0000065074,None,0.128,0.157,0.065,0.201,0.05,0
FRD_00002450,CUST_00000951,TXN_0000090109,None,0.225,0.231,0.329,0.291,0.026,0
FRD_00002451,CUST_00000408,TXN_0000038648,None,0.175,0.173,0.138,0.329,0.025,0
FRD_00002452,CUST_00000193,TXN_0000018251,None,0.148,0.123,0.07,0.359,0.006,0
FRD_00002453,CUST_00000616,TXN_0000058386,None,0.11,0.174,0.008,0.183,0.008,0
FRD_00002454,CUST_00000357,TXN_0000033782,None,0.23,0.241,0.048,0.544,0.0,0
FRD_00002455,CUST_00000678,TXN_0000064218,None,0.178,0.352,0.068,0.113,0.064,0
FRD_00002456,CUST_00000207,TXN_0000019555,None,0.307,0.245,0.005,0.51,0.465,0
FRD_00002457,CUST_00000325,TXN_0000030752,None,0.299,0.205,0.172,0.729,0.054,0
FRD_00002458,CUST_00000336,TXN_0000031810,None,0.16,0.093,0.577,0.05,0.0,0
FRD_00002459,CUST_00000988,TXN_0000093537,None,0.141,0.197,0.241,0.088,0.011,0
FRD_00002460,CUST_00000881,TXN_0000083395,None,0.044,0.071,0.021,0.035,0.03,0
FRD_00002461,CUST_00000579,TXN_0000054805,None,0.145,0.319,0.095,0.058,0.0,0
FRD_00002462,CUST_00000419,TXN_0000039671,None,0.164,0.289,0.295,0.017,0.0,0
FRD_00002463,CUST_00000765,TXN_0000072486,None,0.144,0.133,0.182,0.224,0.023,0
FRD_00002464,CUST_00000117,TXN_0000011119,None,0.139,0.153,0.0,0.34,0.001,0
FRD_00002465,CUST_00000003,TXN_0000000251,None,0.121,0.134,0.089,0.216,0.012,0
FRD_00002466,CUST_00000720,TXN_0000068157,None,0.142,0.292,0.073,0.1,0.001,0
FRD_00002467,CUST_00000225,TXN_0000021288,None,0.143,0.166,0.204,0.077,0.125,0
FRD_00002468,CUST_00000863,TXN_0000081713,None,0.107,0.2,0.081,0.051,0.038,0
FRD_00002469,CUST_00000481,TXN_0000045594,None,0.169,0.343,0.012,0.055,0.165,0
FRD_00002470,CUST_00000199,TXN_0000018859,None,0.207,0.185,0.204,0.337,0.087,0
FRD_00002471,CUST_00000945,TXN_0000089468,None,0.094,0.168,0.022,0.055,0.087,0
FRD_00002472,CUST_00000574,TXN_0000054366,None,0.097,0.147,0.007,0.177,0.001,0
FRD_00002473,CUST_00000621,TXN_0000058858,None,0.222,0.343,0.103,0.292,0.042,0
FRD_00002474,CUST_00000014,TXN_0000001249,None,0.181,0.038,0.09,0.303,0.369,0
FRD_00002475,CUST_00000834,TXN_0000079041,None,0.109,0.069,0.001,0.152,0.235,0
FRD_00002476,CUST_00000011,TXN_0000000980,None,0.151,0.27,0.011,0.217,0.0,0
FRD_00002477,CUST_00000964,TXN_0000091299,None,0.267,0.255,0.0,0.711,0.0,0
FRD_00002478,CUST_00000920,TXN_0000087137,None,0.041,0.06,0.002,0.077,0.0,0
FRD_00002479,CUST_00000858,TXN_0000081286,None,0.113,0.143,0.0,0.252,0.0,0
FRD_00002480,CUST_00000696,TXN_0000065935,None,0.149,0.241,0.008,0.25,0.005,0
FRD_00002481,CUST_00000736,TXN_0000069702,None,0.159,0.206,0.234,0.143,0.023,0
FRD_00002482,CUST_00000499,TXN_0000047248,None,0.197,0.248,0.001,0.216,0.28,0
FRD_00002483,CUST_00000138,TXN_0000013099,None,0.111,0.115,0.029,0.257,0.001,0
FRD_00002484,CUST_00000888,TXN_0000084089,None,0.135,0.332,0.018,0.037,0.031,0
FRD_00002485,CUST_00000410,TXN_0000038782,None,0.237,0.341,0.199,0.225,0.109,0
FRD_00002486,CUST_00000362,TXN_0000034251,None,0.129,0.248,0.016,0.154,0.001,0
FRD_00002487,CUST_00000598,TXN_0000056617,None,0.171,0.25,0.003,0.331,0.0,0
FRD_00002488,CUST_00000721,TXN_0000068301,None,0.084,0.206,0.006,0.032,0.012,0
FRD_00002489,CUST_00000227,TXN_0000021502,None,0.069,0.178,0.002,0.027,0.0,0
FRD_00002490,CUST_00000444,TXN_0000042022,None,0.219,0.254,0.03,0.496,0.0,0
FRD_00002491,CUST_00000606,TXN_0000057414,None,0.11,0.279,0.046,0.006,0.006,0
FRD_00002492,CUST_00000894,TXN_0000084669,None,0.069,0.099,0.009,0.127,0.003,0
FRD_00002493,CUST_00000883,TXN_0000083649,None,0.159,0.229,0.015,0.304,0.0,0
FRD_00002494,CUST_00000130,TXN_0000012310,None,0.175,0.299,0.125,0.178,0.005,0
FRD_00002495,CUST_00000742,TXN_0000070275,None,0.099,0.19,0.011,0.111,0.012,0
FRD_00002496,CUST_00000527,TXN_0000049930,None,0.224,0.171,0.032,0.374,0.32,0
FRD_00002497,CUST_00000867,TXN_0000082076,None,0.079,0.091,0.073,0.037,0.116,0
FRD_00002498,CUST_00000787,TXN_0000074557,None,0.129,0.292,0.011,0.096,0.001,0
FRD_00002499,CUST_00000002,TXN_0000000125,None,0.111,0.192,0.016,0.159,0.003,0
FRD_00002500,CUST_00000067,TXN_0000006294,None,0.16,0.188,0.045,0.333,0.011,0
FRD_00002501,CUST_00000988,TXN_0000093614,None,0.168,0.152,0.002,0.427,0.038,0
FRD_00002502,CUST_00000958,TXN_0000090763,None,0.073,0.122,0.0,0.113,0.012,0
FRD_00002503,CUST_00000998,TXN_0000094472,None,0.104,0.207,0.025,0.002,0.129,0
FRD_00002504,CUST_00000619,TXN_0000058611,None,0.048,0.079,0.038,0.052,0.001,0
FRD_00002505,CUST_00000654,TXN_0000061961,None,0.237,0.327,0.014,0.414,0.082,0
FRD_00002506,CUST_00000618,TXN_0000058502,None,0.287,0.257,0.319,0.461,0.091,0
FRD_00002507,CUST_00000059,TXN_0000005541,None,0.108,0.104,0.067,0.155,0.099,0
FRD_00002508,CUST_00000887,TXN_0000084023,None,0.097,0.199,0.008,0.102,0.002,0
FRD_00002509,CUST_00000963,TXN_0000091244,None,0.153,0.212,0.126,0.213,0.0,0
FRD_00002510,CUST_00000918,TXN_0000086990,None,0.137,0.122,0.258,0.142,0.034,0
FRD_00002511,CUST_00000056,TXN_0000005271,None,0.161,0.12,0.012,0.382,0.104,0
FRD_00002512,CUST_00000805,TXN_0000076215,None,0.195,0.163,0.01,0.545,0.0,0
FRD_00002513,CUST_00000961,TXN_0000091068,None,0.13,0.21,0.271,0.011,0.0,0
FRD_00002514,CUST_00000979,TXN_0000092745,None,0.151,0.121,0.018,0.418,0.002,0
FRD_00002515,CUST_00000549,TXN_0000051968,None,0.451,0.326,0.378,0.884,0.199,0
FRD_00002516,CUST_00000628,TXN_0000059472,None,0.16,0.353,0.177,0.003,0.0,0
FRD_00002517,CUST_00000498,TXN_0000047175,None,0.049,0.136,0.0,0.002,0.002,0
FRD_00002518,CUST_00000101,TXN_0000009574,None,0.133,0.262,0.005,0.146,0.017,0
FRD_00002519,CUST_00000005,TXN_0000000455,None,0.06,0.105,0.0,0.052,0.05,0
FRD_00002520,CUST_00000171,TXN_0000016228,None,0.069,0.142,0.01,0.071,0.0,0
FRD_00002521,CUST_00000796,TXN_0000075461,None,0.145,0.225,0.008,0.259,0.001,0
FRD_00002522,CUST_00000653,TXN_0000061882,None,0.167,0.161,0.095,0.264,0.126,0
FRD_00002523,CUST_00000702,TXN_0000066455,None,0.183,0.375,0.092,0.016,0.145,0
FRD_00002524,CUST_00000957,TXN_0000090609,None,0.11,0.212,0.063,0.088,0.007,0
FRD_00002525,CUST_00000615,TXN_0000058223,None,0.188,0.291,0.002,0.083,0.327,0
FRD_00002526,CUST_00000658,TXN_0000062344,None,0.215,0.29,0.311,0.036,0.211,0
FRD_00002527,CUST_00000442,TXN_0000041868,None,0.122,0.182,0.0,0.224,0.013,0
FRD_00002528,CUST_00000942,TXN_0000089235,None,0.144,0.193,0.211,0.13,0.011,0
FRD_00002529,CUST_00000431,TXN_0000040811,None,0.115,0.134,0.061,0.072,0.189,0
FRD_00002530,CUST_00000843,TXN_0000079834,None,0.036,0.033,0.073,0.04,0.0,0
FRD_00002531,CUST_00000827,TXN_0000078327,None,0.21,0.232,0.145,0.401,0.0,0
FRD_00002532,CUST_00000364,TXN_0000034467,None,0.177,0.326,0.219,0.067,0.014,0
FRD_00002533,CUST_00000793,TXN_0000075130,Identity Theft / Synthetic ID,0.422,0.976,0.016,0.29,0.023,1
FRD_00002534,CUST_00000999,TXN_0000094662,None,0.145,0.276,0.004,0.177,0.017,0
FRD_00002535,CUST_00000220,TXN_0000020815,None,0.161,0.208,0.393,0.025,0.015,0
FRD_00002536,CUST_00000837,TXN_0000079243,None,0.216,0.248,0.223,0.315,0.03,0
FRD_00002537,CUST_00000783,TXN_0000074162,None,0.153,0.315,0.164,0.039,0.002,0
FRD_00002538,CUST_00000352,TXN_0000033316,None,0.179,0.117,0.157,0.419,0.007,0
FRD_00002539,CUST_00000880,TXN_0000083369,None,0.209,0.381,0.009,0.288,0.011,0
FRD_00002540,CUST_00000276,TXN_0000026060,None,0.161,0.32,0.0,0.189,0.011,0
FRD_00002541,CUST_00000508,TXN_0000048090,None,0.149,0.247,0.171,0.089,0.031,0
FRD_00002542,CUST_00000578,TXN_0000054724,None,0.162,0.266,0.172,0.085,0.066,0
FRD_00002543,CUST_00000135,TXN_0000012789,None,0.241,0.257,0.29,0.373,0.001,0
FRD_00002544,CUST_00000027,TXN_0000002469,None,0.051,0.112,0.0,0.049,0.0,0
FRD_00002545,CUST_00000836,TXN_0000079177,None,0.106,0.256,0.005,0.06,0.002,0
FRD_00002546,CUST_00000569,TXN_0000053845,None,0.202,0.291,0.028,0.379,0.0,0
FRD_00002547,CUST_00000231,TXN_0000021857,None,0.144,0.346,0.02,0.073,0.002,0
FRD_00002548,CUST_00000336,TXN_0000031839,None,0.069,0.11,0.015,0.08,0.037,0
FRD_00002549,CUST_00000128,TXN_0000012061,None,0.171,0.228,0.002,0.351,0.017,0
FRD_00002550,CUST_00000609,TXN_0000057663,None,0.061,0.058,0.032,0.137,0.001,0
FRD_00002551,CUST_00000619,TXN_0000058681,None,0.168,0.06,0.021,0.456,0.146,0
FRD_00002552,CUST_00000063,TXN_0000005971,None,0.115,0.144,0.149,0.063,0.096,0
FRD_00002553,CUST_00000353,TXN_0000033408,None,0.066,0.165,0.026,0.007,0.006,0
FRD_00002554,CUST_00000934,TXN_0000088441,None,0.102,0.116,0.193,0.089,0.002,0
FRD_00002555,CUST_00000674,TXN_0000063810,None,0.145,0.276,0.056,0.147,0.001,0
FRD_00002556,CUST_00000818,TXN_0000077462,None,0.109,0.193,0.003,0.085,0.1,0
FRD_00002557,CUST_00000167,TXN_0000015863,None,0.243,0.204,0.183,0.52,0.024,0
FRD_00002558,CUST_00000403,TXN_0000038140,None,0.193,0.119,0.155,0.436,0.056,0
FRD_00002559,CUST_00000334,TXN_0000031597,None,0.16,0.368,0.013,0.092,0.027,0
FRD_00002560,CUST_00000406,TXN_0000038444,None,0.093,0.147,0.009,0.063,0.121,0
FRD_00002561,CUST_00000463,TXN_0000043830,None,0.113,0.178,0.001,0.159,0.054,0
FRD_00002562,CUST_00000130,TXN_0000012259,None,0.082,0.049,0.106,0.047,0.158,0
FRD_00002563,CUST_00000744,TXN_0000070515,None,0.2,0.38,0.108,0.181,0.0,0
FRD_00002564,CUST_00000838,TXN_0000079420,None,0.135,0.256,0.039,0.147,0.002,0
FRD_00002565,CUST_00000719,TXN_0000068065,None,0.214,0.167,0.006,0.485,0.165,0
FRD_00002566,CUST_00000646,TXN_0000061223,None,0.278,0.286,0.171,0.562,0.015,0
FRD_00002567,CUST_00000206,TXN_0000019531,None,0.082,0.212,0.008,0.024,0.001,0
FRD_00002568,CUST_00000035,TXN_0000003255,None,0.15,0.324,0.047,0.11,0.0,0
FRD_00002569,CUST_00000011,TXN_0000001004,None,0.111,0.065,0.042,0.321,0.0,0
FRD_00002570,CUST_00000039,TXN_0000003612,None,0.118,0.136,0.001,0.016,0.331,0
FRD_00002571,CUST_00000710,TXN_0000067274,None,0.099,0.131,0.052,0.172,0.0,0
FRD_00002572,CUST_00000143,TXN_0000013565,None,0.065,0.105,0.089,0.04,0.003,0
FRD_00002573,CUST_00000582,TXN_0000055102,None,0.062,0.148,0.007,0.022,0.017,0
FRD_00002574,CUST_00000011,TXN_0000001033,None,0.126,0.227,0.072,0.009,0.149,0
FRD_00002575,CUST_00000482,TXN_0000045634,None,0.239,0.207,0.181,0.446,0.092,0
FRD_00002576,CUST_00000479,TXN_0000045384,None,0.11,0.187,0.12,0.078,0.006,0
FRD_00002577,CUST_00000609,TXN_0000057719,None,0.041,0.077,0.043,0.021,0.002,0
FRD_00002578,CUST_00000909,TXN_0000086095,None,0.179,0.278,0.109,0.237,0.001,0
FRD_00002579,CUST_00000305,TXN_0000028853,None,0.232,0.244,0.082,0.522,0.0,0
FRD_00002580,CUST_00000081,TXN_0000007647,None,0.146,0.234,0.001,0.14,0.146,0
FRD_00002581,CUST_00000626,TXN_0000059285,None,0.085,0.143,0.0,0.141,0.0,0
FRD_00002582,CUST_00000785,TXN_0000074400,None,0.16,0.167,0.274,0.186,0.0,0
FRD_00002583,CUST_00000261,TXN_0000024677,None,0.179,0.094,0.441,0.219,0.016,0
FRD_00002584,CUST_00000133,TXN_0000012607,None,0.158,0.225,0.247,0.121,0.0,0
FRD_00002585,CUST_00000657,TXN_0000062260,None,0.284,0.341,0.0,0.657,0.002,0
FRD_00002586,CUST_00000874,TXN_0000082774,None,0.129,0.203,0.108,0.071,0.095,0
FRD_00002587,CUST_00000835,TXN_0000079075,None,0.078,0.169,0.018,0.059,0.003,0
FRD_00002588,CUST_00000147,TXN_0000013877,None,0.124,0.254,0.014,0.131,0.0,0
FRD_00002589,CUST_00000078,TXN_0000007341,None,0.215,0.273,0.523,0.058,0.0,0
FRD_00002590,CUST_00000625,TXN_0000059245,None,0.142,0.229,0.27,0.03,0.0,0
FRD_00002591,CUST_00000515,TXN_0000048741,None,0.129,0.234,0.008,0.169,0.015,0
FRD_00002592,CUST_00000072,TXN_0000006822,None,0.305,0.395,0.021,0.648,0.003,0
FRD_00002593,CUST_00000916,TXN_0000086744,None,0.102,0.123,0.157,0.11,0.0,0
FRD_00002594,CUST_00000133,TXN_0000012623,None,0.141,0.192,0.175,0.152,0.002,0
FRD_00002595,CUST_00000278,TXN_0000026281,None,0.149,0.288,0.056,0.147,0.001,0
FRD_00002596,CUST_00000387,TXN_0000036592,None,0.217,0.296,0.088,0.379,0.004,0
FRD_00002597,CUST_00000455,TXN_0000043048,None,0.118,0.206,0.001,0.174,0.011,0
FRD_00002598,CUST_00000026,TXN_0000002392,None,0.146,0.341,0.003,0.024,0.1,0
FRD_00002599,CUST_00000631,TXN_0000059810,None,0.186,0.153,0.219,0.353,0.004,0
FRD_00002600,CUST_00000422,TXN_0000039972,None,0.222,0.251,0.065,0.483,0.001,0
FRD_00002601,CUST_00000357,TXN_0000033807,None,0.164,0.219,0.013,0.328,0.015,0
FRD_00002602,CUST_00000264,TXN_0000024939,None,0.143,0.372,0.023,0.017,0.021,0
FRD_00002603,CUST_00000819,TXN_0000077557,None,0.123,0.276,0.024,0.074,0.017,0
FRD_00002604,CUST_00000157,TXN_0000014905,None,0.045,0.046,0.008,0.106,0.006,0
FRD_00002605,CUST_00000702,TXN_0000066518,None,0.112,0.16,0.061,0.16,0.018,0
FRD_00002606,CUST_00000485,TXN_0000045957,None,0.116,0.165,0.001,0.156,0.094,0
FRD_00002607,CUST_00000939,TXN_0000088966,None,0.136,0.06,0.179,0.316,0.0,0
FRD_00002608,CUST_00000550,TXN_0000052038,None,0.174,0.211,0.005,0.197,0.252,0
FRD_00002609,CUST_00000363,TXN_0000034356,None,0.159,0.23,0.051,0.27,0.006,0
FRD_00002610,CUST_00000244,TXN_0000023041,None,0.215,0.35,0.028,0.19,0.198,0
FRD_00002611,CUST_00000470,TXN_0000044540,Account Takeover (ATO),0.41,0.976,0.097,0.195,0.0,1
FRD_00002612,CUST_00000205,TXN_0000019380,None,0.167,0.17,0.167,0.207,0.111,0
FRD_00002613,CUST_00000335,TXN_0000031734,None,0.207,0.376,0.24,0.078,0.039,0
FRD_00002614,CUST_00000583,TXN_0000055174,None,0.196,0.176,0.043,0.402,0.124,0
FRD_00002615,CUST_00000648,TXN_0000061394,None,0.16,0.169,0.005,0.368,0.04,0
FRD_00002616,CUST_00000720,TXN_0000068219,None,0.14,0.166,0.074,0.27,0.0,0
FRD_00002617,CUST_00000726,TXN_0000068792,None,0.281,0.281,0.064,0.618,0.079,0
FRD_00002618,CUST_00000811,TXN_0000076832,None,0.261,0.225,0.099,0.479,0.212,0
FRD_00002619,CUST_00000815,TXN_0000077186,None,0.148,0.219,0.235,0.088,0.012,0
FRD_00002620,CUST_00000064,TXN_0000006063,None,0.152,0.194,0.333,0.008,0.075,0
FRD_00002621,CUST_00000926,TXN_0000087694,None,0.076,0.209,0.001,0.006,0.005,0
FRD_00002622,CUST_00000736,TXN_0000069685,None,0.108,0.25,0.005,0.076,0.001,0
FRD_00002623,CUST_00000168,TXN_0000015952,None,0.167,0.181,0.083,0.339,0.013,0
FRD_00002624,CUST_00000231,TXN_0000021871,None,0.105,0.079,0.063,0.214,0.057,0
FRD_00002625,CUST_00000863,TXN_0000081763,None,0.128,0.265,0.023,0.121,0.0,0
FRD_00002626,CUST_00000557,TXN_0000052722,None,0.157,0.222,0.018,0.297,0.005,0
FRD_00002627,CUST_00000632,TXN_0000059878,None,0.201,0.29,0.115,0.308,0.0,0
FRD_00002628,CUST_00000302,TXN_0000028577,None,0.159,0.168,0.329,0.081,0.071,0
FRD_00002629,CUST_00000095,TXN_0000009003,None,0.162,0.35,0.156,0.033,0.001,0
FRD_00002630,CUST_00000572,TXN_0000054115,None,0.194,0.227,0.013,0.429,0.023,0
FRD_00002631,CUST_00000768,TXN_0000072711,None,0.085,0.172,0.011,0.067,0.03,0
FRD_00002632,CUST_00000914,TXN_0000086593,None,0.125,0.153,0.002,0.184,0.125,0
FRD_00002633,CUST_00000646,TXN_0000061244,None,0.216,0.343,0.099,0.301,0.003,0
FRD_00002634,CUST_00000056,TXN_0000005269,None,0.318,0.267,0.121,0.784,0.024,0
FRD_00002635,CUST_00000659,TXN_0000062429,None,0.107,0.143,0.077,0.163,0.004,0
FRD_00002636,CUST_00000013,TXN_0000001197,None,0.114,0.242,0.001,0.097,0.022,0
FRD_00002637,CUST_00000025,TXN_0000002323,None,0.109,0.25,0.038,0.055,0.0,0
FRD_00002638,CUST_00000131,TXN_0000012386,None,0.07,0.147,0.038,0.039,0.004,0
FRD_00002639,CUST_00000658,TXN_0000062374,None,0.092,0.034,0.054,0.068,0.26,0
FRD_00002640,CUST_00000421,TXN_0000039864,None,0.252,0.326,0.001,0.35,0.251,0
FRD_00002641,CUST_00000649,TXN_0000061536,None,0.133,0.203,0.012,0.203,0.045,0
FRD_00002642,CUST_00000724,TXN_0000068541,None,0.116,0.183,0.042,0.16,0.02,0
FRD_00002643,CUST_00000831,TXN_0000078746,None,0.052,0.115,0.006,0.041,0.001,0
FRD_00002644,CUST_00000660,TXN_0000062483,None,0.231,0.335,0.007,0.45,0.0,0
FRD_00002645,CUST_00000044,TXN_0000004156,None,0.163,0.226,0.272,0.113,0.005,0
FRD_00002646,CUST_00000745,TXN_0000070555,None,0.149,0.124,0.043,0.354,0.044,0
FRD_00002647,CUST_00000203,TXN_0000019182,None,0.064,0.134,0.012,0.058,0.0,0
FRD_00002648,CUST_00000372,TXN_0000035260,None,0.154,0.082,0.001,0.455,0.056,0
FRD_00002649,CUST_00000756,TXN_0000071665,None,0.111,0.116,0.024,0.197,0.08,0
FRD_00002650,CUST_00000985,TXN_0000093298,None,0.12,0.216,0.01,0.17,0.0,0
FRD_00002651,CUST_00000504,TXN_0000047759,None,0.211,0.257,0.001,0.477,0.007,0
FRD_00002652,CUST_00000779,TXN_0000073785,None,0.269,0.37,0.001,0.545,0.017,0
FRD_00002653,CUST_00000846,TXN_0000080116,None,0.208,0.328,0.023,0.275,0.097,0
FRD_00002654,CUST_00000260,TXN_0000024543,None,0.109,0.25,0.071,0.003,0.032,0
FRD_00002655,CUST_00000610,TXN_0000057755,None,0.093,0.081,0.004,0.09,0.209,0
FRD_00002656,CUST_00000273,TXN_0000025847,None,0.098,0.117,0.025,0.016,0.238,0
FRD_00002657,CUST_00000673,TXN_0000063774,None,0.11,0.226,0.063,0.012,0.077,0
FRD_00002658,CUST_00000297,TXN_0000028080,None,0.149,0.285,0.0,0.196,0.0,0
FRD_00002659,CUST_00000343,TXN_0000032494,None,0.117,0.188,0.172,0.067,0.0,0
FRD_00002660,CUST_00000925,TXN_0000087655,None,0.139,0.296,0.003,0.122,0.023,0
FRD_00002661,CUST_00000635,TXN_0000060183,None,0.291,0.308,0.327,0.459,0.013,0
FRD_00002662,CUST_00000380,TXN_0000036002,None,0.115,0.236,0.003,0.088,0.048,0
FRD_00002663,CUST_00000875,TXN_0000082829,None,0.108,0.225,0.005,0.104,0.013,0
FRD_00002664,CUST_00000601,TXN_0000056917,None,0.125,0.128,0.266,0.082,0.034,0
FRD_00002665,CUST_00000426,TXN_0000040308,None,0.181,0.311,0.112,0.199,0.002,0
FRD_00002666,CUST_00000250,TXN_0000023643,None,0.174,0.359,0.073,0.134,0.0,0
FRD_00002667,CUST_00000338,TXN_0000032049,None,0.119,0.308,0.001,0.034,0.013,0
FRD_00002668,CUST_00000568,TXN_0000053796,None,0.127,0.079,0.067,0.241,0.127,0
FRD_00002669,CUST_00000026,TXN_0000002438,None,0.2,0.309,0.176,0.128,0.125,0
FRD_00002670,CUST_00000591,TXN_0000055970,None,0.09,0.119,0.119,0.097,0.002,0
FRD_00002671,CUST_00000592,TXN_0000056030,None,0.107,0.211,0.139,0.023,0.0,0
FRD_00002672,CUST_00000064,TXN_0000006076,None,0.134,0.293,0.011,0.112,0.007,0
FRD_00002673,CUST_00000931,TXN_0000088133,None,0.183,0.146,0.526,0.106,0.0,0
FRD_00002674,CUST_00000446,TXN_0000042197,None,0.165,0.302,0.012,0.227,0.002,0
FRD_00002675,CUST_00000555,TXN_0000052548,None,0.109,0.135,0.003,0.242,0.001,0
FRD_00002676,CUST_00000394,TXN_0000037285,Mule Account Activity,0.394,0.878,0.137,0.206,0.04,1
FRD_00002677,CUST_00000170,TXN_0000016101,None,0.12,0.161,0.09,0.18,0.005,0
FRD_00002678,CUST_00000478,TXN_0000045306,None,0.19,0.207,0.039,0.216,0.278,0
FRD_00002679,CUST_00000444,TXN_0000042035,None,0.194,0.196,0.0,0.5,0.001,0
FRD_00002680,CUST_00000587,TXN_0000055586,None,0.219,0.314,0.442,0.08,0.003,0
FRD_00002681,CUST_00000249,TXN_0000023605,None,0.141,0.2,0.076,0.114,0.135,0
FRD_00002682,CUST_00000256,TXN_0000024197,None,0.072,0.19,0.005,0.018,0.0,0
FRD_00002683,CUST_00000112,TXN_0000010593,None,0.109,0.105,0.008,0.266,0.023,0
FRD_00002684,CUST_00000633,TXN_0000059927,None,0.161,0.201,0.204,0.201,0.0,0
FRD_00002685,CUST_00000172,TXN_0000016308,None,0.142,0.192,0.0,0.296,0.002,0
FRD_00002686,CUST_00000848,TXN_0000080359,None,0.356,0.379,0.202,0.372,0.451,0
FRD_00002687,CUST_00000451,TXN_0000042689,None,0.154,0.227,0.12,0.197,0.007,0
FRD_00002688,CUST_00000843,TXN_0000079837,None,0.066,0.06,0.039,0.148,0.0,0
FRD_00002689,CUST_00000162,TXN_0000015303,None,0.145,0.202,0.001,0.137,0.198,0
FRD_00002690,CUST_00000773,TXN_0000073263,None,0.095,0.155,0.0,0.085,0.095,0
FRD_00002691,CUST_00000789,TXN_0000074746,None,0.169,0.291,0.016,0.224,0.038,0
FRD_00002692,CUST_00000224,TXN_0000021178,None,0.141,0.284,0.046,0.114,0.02,0
FRD_00002693,CUST_00000697,TXN_0000066003,None,0.191,0.288,0.24,0.018,0.19,0
FRD_00002694,CUST_00000538,TXN_0000050924,None,0.156,0.228,0.302,0.062,0.001,0
FRD_00002695,CUST_00000251,TXN_0000023767,None,0.114,0.162,0.057,0.136,0.059,0
FRD_00002696,CUST_00000886,TXN_0000083929,None,0.128,0.22,0.007,0.195,0.003,0
FRD_00002697,CUST_00000141,TXN_0000013374,None,0.12,0.317,0.024,0.009,0.008,0
FRD_00002698,CUST_00000263,TXN_0000024891,None,0.085,0.175,0.019,0.061,0.022,0
FRD_00002699,CUST_00000351,TXN_0000033275,None,0.081,0.175,0.015,0.067,0.0,0
FRD_00002700,CUST_00000878,TXN_0000083115,None,0.244,0.268,0.135,0.318,0.22,0
FRD_00002701,CUST_00000785,TXN_0000074379,None,0.055,0.08,0.008,0.1,0.0,0
FRD_00002702,CUST_00000694,TXN_0000065761,None,0.077,0.068,0.004,0.196,0.015,0
FRD_00002703,CUST_00000822,TXN_0000077839,None,0.134,0.268,0.013,0.083,0.083,0
FRD_00002704,CUST_00000491,TXN_0000046548,None,0.127,0.285,0.005,0.105,0.0,0
FRD_00002705,CUST_00000904,TXN_0000085636,Card Not Present (CNP) Fraud,0.38,0.931,0.176,0.015,0.078,1
FRD_00002706,CUST_00000352,TXN_0000033287,None,0.205,0.118,0.195,0.499,0.0,0
FRD_00002707,CUST_00000644,TXN_0000060981,None,0.176,0.297,0.162,0.112,0.058,0
FRD_00002708,CUST_00000340,TXN_0000032160,None,0.076,0.195,0.014,0.015,0.008,0
FRD_00002709,CUST_00000635,TXN_0000060173,None,0.163,0.261,0.045,0.218,0.042,0
FRD_00002710,CUST_00000998,TXN_0000094471,None,0.201,0.074,0.087,0.629,0.001,0
FRD_00002711,CUST_00000443,TXN_0000041910,None,0.203,0.172,0.238,0.088,0.365,0
FRD_00002712,CUST_00000427,TXN_0000040406,None,0.104,0.188,0.032,0.075,0.064,0
FRD_00002713,CUST_00000648,TXN_0000061393,None,0.091,0.228,0.001,0.036,0.012,0
FRD_00002714,CUST_00000324,TXN_0000030684,None,0.108,0.189,0.058,0.066,0.068,0
FRD_00002715,CUST_00000748,TXN_0000070916,None,0.21,0.366,0.003,0.326,0.001,0
FRD_00002716,CUST_00000429,TXN_0000040624,None,0.183,0.241,0.096,0.094,0.282,0
FRD_00002717,CUST_00000817,TXN_0000077371,None,0.152,0.279,0.044,0.136,0.057,0
FRD_00002718,CUST_00000588,TXN_0000055657,None,0.15,0.216,0.118,0.185,0.023,0
FRD_00002719,CUST_00000774,TXN_0000073327,None,0.102,0.204,0.072,0.062,0.002,0
FRD_00002720,CUST_00000339,TXN_0000032125,None,0.084,0.224,0.0,0.018,0.005,0
FRD_00002721,CUST_00000997,TXN_0000094465,None,0.127,0.284,0.066,0.055,0.003,0
FRD_00002722,CUST_00000335,TXN_0000031756,None,0.135,0.109,0.005,0.385,0.0,0
FRD_00002723,CUST_00000175,TXN_0000016603,Account Takeover (ATO),0.385,0.867,0.38,0.01,0.017,1
FRD_00002724,CUST_00000374,TXN_0000035457,None,0.063,0.176,0.001,0.005,0.002,0
FRD_00002725,CUST_00000625,TXN_0000059238,None,0.129,0.158,0.208,0.103,0.032,0
FRD_00002726,CUST_00000735,TXN_0000069592,None,0.076,0.163,0.063,0.004,0.025,0
FRD_00002727,CUST_00000116,TXN_0000010964,None,0.22,0.17,0.121,0.28,0.329,0
FRD_00002728,CUST_00000905,TXN_0000085736,None,0.243,0.292,0.184,0.415,0.0,0
FRD_00002729,CUST_00000216,TXN_0000020486,None,0.192,0.181,0.016,0.484,0.02,0
FRD_00002730,CUST_00000496,TXN_0000046950,None,0.069,0.174,0.029,0.001,0.008,0
FRD_00002731,CUST_00000461,TXN_0000043686,None,0.168,0.328,0.149,0.092,0.001,0
FRD_00002732,CUST_00000223,TXN_0000021091,None,0.143,0.265,0.012,0.021,0.215,0
FRD_00002733,CUST_00000493,TXN_0000046658,None,0.187,0.173,0.013,0.495,0.003,0
FRD_00002734,CUST_00000810,TXN_0000076712,None,0.144,0.24,0.116,0.136,0.015,0
FRD_00002735,CUST_00000704,TXN_0000066714,None,0.302,0.266,0.363,0.52,0.03,0
FRD_00002736,CUST_00000536,TXN_0000050799,None,0.14,0.169,0.36,0.037,0.0,0
FRD_00002737,CUST_00000214,TXN_0000020267,None,0.108,0.288,0.001,0.025,0.006,0
FRD_00002738,CUST_00000922,TXN_0000087295,None,0.191,0.243,0.009,0.323,0.117,0
FRD_00002739,CUST_00000815,TXN_0000077214,None,0.14,0.314,0.001,0.109,0.012,0
FRD_00002740,CUST_00000292,TXN_0000027661,None,0.124,0.117,0.235,0.144,0.0,0
FRD_00002741,CUST_00000381,TXN_0000036083,None,0.043,0.086,0.036,0.023,0.001,0
FRD_00002742,CUST_00000450,TXN_0000042595,None,0.114,0.17,0.01,0.189,0.025,0
FRD_00002743,CUST_00000982,TXN_0000092971,None,0.098,0.198,0.063,0.065,0.0,0
FRD_00002744,CUST_00000644,TXN_0000061037,None,0.109,0.036,0.045,0.292,0.074,0
FRD_00002745,CUST_00000100,TXN_0000009457,None,0.06,0.12,0.0,0.032,0.051,0
FRD_00002746,CUST_00000774,TXN_0000073360,None,0.058,0.09,0.005,0.104,0.0,0
FRD_00002747,CUST_00000921,TXN_0000087280,None,0.112,0.106,0.012,0.244,0.058,0
FRD_00002748,CUST_00000386,TXN_0000036557,None,0.146,0.064,0.144,0.331,0.058,0
FRD_00002749,CUST_00000440,TXN_0000041664,None,0.099,0.168,0.125,0.047,0.016,0
FRD_00002750,CUST_00000677,TXN_0000064130,Card Not Present (CNP) Fraud,0.339,0.957,0.006,0.007,0.004,1
FRD_00002751,CUST_00000742,TXN_0000070353,None,0.102,0.158,0.029,0.162,0.001,0
FRD_00002752,CUST_00000324,TXN_0000030666,None,0.24,0.217,0.259,0.167,0.353,0
FRD_00002753,CUST_00000028,TXN_0000002606,None,0.151,0.085,0.036,0.449,0.011,0
FRD_00002754,CUST_00000137,TXN_0000012973,None,0.144,0.327,0.02,0.102,0.0,0
FRD_00002755,CUST_00000007,TXN_0000000656,None,0.205,0.176,0.08,0.301,0.261,0
FRD_00002756,CUST_00000936,TXN_0000088662,None,0.092,0.172,0.088,0.057,0.0,0
FRD_00002757,CUST_00000425,TXN_0000040244,None,0.25,0.228,0.018,0.659,0.01,0
FRD_00002758,CUST_00000246,TXN_0000023273,None,0.312,0.172,0.04,0.886,0.111,0
FRD_00002759,CUST_00000996,TXN_0000094322,Card Not Present (CNP) Fraud,0.448,0.908,0.029,0.398,0.126,1
FRD_00002760,CUST_00000591,TXN_0000055982,None,0.123,0.163,0.198,0.082,0.028,0
FRD_00002761,CUST_00000349,TXN_0000033055,None,0.153,0.245,0.114,0.176,0.0,0
FRD_00002762,CUST_00000266,TXN_0000025126,None,0.16,0.128,0.067,0.39,0.019,0
FRD_00002763,CUST_00000863,TXN_0000081756,None,0.086,0.127,0.0,0.121,0.055,0
FRD_00002764,CUST_00000766,TXN_0000072533,None,0.157,0.337,0.005,0.15,0.001,0
FRD_00002765,CUST_00000975,TXN_0000092336,None,0.217,0.29,0.104,0.371,0.009,0
FRD_00002766,CUST_00000894,TXN_0000084713,None,0.057,0.125,0.001,0.046,0.006,0
FRD_00002767,CUST_00000657,TXN_0000062275,None,0.083,0.134,0.13,0.033,0.008,0
FRD_00002768,CUST_00000104,TXN_0000009820,None,0.173,0.215,0.0,0.388,0.005,0
FRD_00002769,CUST_00000397,TXN_0000037557,None,0.122,0.324,0.0,0.025,0.011,0
FRD_00002770,CUST_00000213,TXN_0000020125,None,0.229,0.261,0.0,0.551,0.0,0
FRD_00002771,CUST_00000848,TXN_0000080348,None,0.204,0.281,0.049,0.369,0.016,0
FRD_00002772,CUST_00000311,TXN_0000029469,None,0.238,0.282,0.013,0.516,0.04,0
FRD_00002773,CUST_00000379,TXN_0000035853,None,0.228,0.238,0.007,0.56,0.016,0
FRD_00002774,CUST_00000560,TXN_0000053024,None,0.104,0.135,0.065,0.169,0.008,0
FRD_00002775,CUST_00000483,TXN_0000045790,None,0.196,0.219,0.31,0.201,0.034,0
FRD_00002776,CUST_00000201,TXN_0000019019,None,0.296,0.302,0.017,0.543,0.257,0
FRD_00002777,CUST_00000025,TXN_0000002363,None,0.114,0.123,0.227,0.101,0.004,0
FRD_00002778,CUST_00000432,TXN_0000040890,None,0.154,0.242,0.056,0.207,0.03,0
FRD_00002779,CUST_00000137,TXN_0000012932,None,0.097,0.172,0.008,0.078,0.08,0
FRD_00002780,CUST_00000610,TXN_0000057740,None,0.053,0.054,0.111,0.008,0.052,0
FRD_00002781,CUST_00000102,TXN_0000009609,None,0.135,0.09,0.026,0.395,0.0,0
FRD_00002782,CUST_00000060,TXN_0000005708,None,0.159,0.292,0.007,0.06,0.202,0
FRD_00002783,CUST_00000754,TXN_0000071444,None,0.088,0.246,0.007,0.0,0.002,0
FRD_00002784,CUST_00000444,TXN_0000042063,None,0.04,0.079,0.022,0.011,0.024,0
FRD_00002785,CUST_00000563,TXN_0000053346,None,0.237,0.362,0.0,0.369,0.09,0
FRD_00002786,CUST_00000450,TXN_0000042610,None,0.195,0.198,0.109,0.337,0.099,0
FRD_00002787,CUST_00000271,TXN_0000025594,None,0.09,0.189,0.048,0.054,0.002,0
FRD_00002788,CUST_00000691,TXN_0000065445,None,0.112,0.175,0.021,0.186,0.0,0
FRD_00002789,CUST_00000121,TXN_0000011492,None,0.298,0.309,0.106,0.656,0.023,0
FRD_00002790,CUST_00000037,TXN_0000003435,None,0.266,0.269,0.315,0.436,0.001,0
FRD_00002791,CUST_00000072,TXN_0000006749,None,0.146,0.271,0.0,0.189,0.022,0
FRD_00002792,CUST_00000236,TXN_0000022359,None,0.054,0.066,0.148,0.003,0.004,0
FRD_00002793,CUST_00000209,TXN_0000019822,None,0.105,0.248,0.012,0.054,0.014,0
FRD_00002794,CUST_00000147,TXN_0000013952,None,0.088,0.193,0.009,0.075,0.001,0
FRD_00002795,CUST_00000794,TXN_0000075224,None,0.087,0.204,0.037,0.015,0.023,0
FRD_00002796,CUST_00000569,TXN_0000053895,None,0.357,0.382,0.098,0.734,0.102,0
FRD_00002797,CUST_00000790,TXN_0000074811,None,0.126,0.155,0.066,0.235,0.001,0
FRD_00002798,CUST_00000405,TXN_0000038291,None,0.088,0.137,0.014,0.039,0.14,0
FRD_00002799,CUST_00000982,TXN_0000093030,None,0.14,0.109,0.107,0.316,0.007,0
FRD_00002800,CUST_00000892,TXN_0000084439,None,0.188,0.142,0.219,0.28,0.12,0
FRD_00002801,CUST_00000190,TXN_0000018049,None,0.159,0.076,0.169,0.395,0.0,0
FRD_00002802,CUST_00000956,TXN_0000090573,None,0.164,0.227,0.046,0.292,0.014,0
FRD_00002803,CUST_00000598,TXN_0000056619,None,0.081,0.084,0.014,0.127,0.087,0
FRD_00002804,CUST_00000899,TXN_0000085196,None,0.147,0.178,0.277,0.067,0.065,0
FRD_00002805,CUST_00000640,TXN_0000060650,None,0.126,0.239,0.04,0.137,0.0,0
FRD_00002806,CUST_00000440,TXN_0000041648,None,0.202,0.288,0.02,0.382,0.008,0
FRD_00002807,CUST_00000875,TXN_0000082844,None,0.235,0.311,0.342,0.098,0.168,0
FRD_00002808,CUST_00000829,TXN_0000078527,None,0.117,0.238,0.029,0.098,0.015,0
FRD_00002809,CUST_00000424,TXN_0000040191,None,0.17,0.205,0.258,0.15,0.047,0
FRD_00002810,CUST_00000619,TXN_0000058669,None,0.089,0.206,0.013,0.057,0.001,0
FRD_00002811,CUST_00000680,TXN_0000064388,None,0.293,0.322,0.005,0.409,0.387,0
FRD_00002812,CUST_00000931,TXN_0000088167,None,0.215,0.2,0.121,0.482,0.001,0
FRD_00002813,CUST_00000827,TXN_0000078397,None,0.139,0.218,0.055,0.142,0.079,0
FRD_00002814,CUST_00000824,TXN_0000078099,None,0.051,0.106,0.0,0.053,0.001,0
FRD_00002815,CUST_00000958,TXN_0000090765,None,0.202,0.136,0.646,0.067,0.043,0
FRD_00002816,CUST_00000158,TXN_0000014950,None,0.203,0.219,0.019,0.492,0.0,0
FRD_00002817,CUST_00000898,TXN_0000085086,None,0.153,0.304,0.011,0.177,0.0,0
FRD_00002818,CUST_00000517,TXN_0000048963,None,0.144,0.285,0.001,0.177,0.0,0
FRD_00002819,CUST_00000723,TXN_0000068463,None,0.212,0.367,0.205,0.076,0.116,0
FRD_00002820,CUST_00000593,TXN_0000056205,None,0.103,0.105,0.126,0.127,0.044,0
FRD_00002821,CUST_00000747,TXN_0000070786,None,0.104,0.166,0.148,0.031,0.043,0
FRD_00002822,CUST_00000441,TXN_0000041750,None,0.201,0.236,0.0,0.377,0.119,0
FRD_00002823,CUST_00000582,TXN_0000055103,None,0.116,0.187,0.085,0.132,0.001,0
FRD_00002824,CUST_00000527,TXN_0000049890,None,0.181,0.223,0.216,0.226,0.018,0
FRD_00002825,CUST_00000600,TXN_0000056782,None,0.228,0.248,0.097,0.439,0.059,0
FRD_00002826,CUST_00000486,TXN_0000046012,None,0.22,0.158,0.445,0.074,0.287,0
FRD_00002827,CUST_00000768,TXN_0000072733,None,0.127,0.233,0.001,0.043,0.17,0
FRD_00002828,CUST_00000720,TXN_0000068232,None,0.064,0.1,0.002,0.095,0.025,0
FRD_00002829,CUST_00000177,TXN_0000016802,None,0.269,0.182,0.156,0.69,0.006,0
FRD_00002830,CUST_00000859,TXN_0000081323,None,0.148,0.152,0.019,0.364,0.002,0
FRD_00002831,CUST_00000206,TXN_0000019544,None,0.273,0.168,0.31,0.185,0.528,0
FRD_00002832,CUST_00000002,TXN_0000000152,None,0.184,0.334,0.007,0.262,0.0,0
FRD_00002833,CUST_00000868,TXN_0000082162,None,0.101,0.247,0.004,0.005,0.061,0
FRD_00002834,CUST_00000680,TXN_0000064453,None,0.111,0.224,0.003,0.058,0.086,0
FRD_00002835,CUST_00000687,TXN_0000065131,None,0.131,0.133,0.225,0.064,0.118,0
FRD_00002836,CUST_00000770,TXN_0000072962,None,0.093,0.157,0.174,0.002,0.014,0
FRD_00002837,CUST_00000102,TXN_0000009660,None,0.109,0.211,0.0,0.035,0.13,0
FRD_00002838,CUST_00000877,TXN_0000083098,None,0.159,0.257,0.022,0.119,0.175,0
FRD_00002839,CUST_00000811,TXN_0000076788,None,0.191,0.18,0.079,0.445,0.005,0
FRD_00002840,CUST_00000072,TXN_0000006805,None,0.104,0.128,0.011,0.228,0.0,0
FRD_00002841,CUST_00000285,TXN_0000026964,None,0.142,0.168,0.241,0.124,0.019,0
FRD_00002842,CUST_00000497,TXN_0000047108,None,0.075,0.083,0.056,0.126,0.018,0
FRD_00002843,CUST_00000683,TXN_0000064723,None,0.091,0.124,0.01,0.118,0.079,0
FRD_00002844,CUST_00000131,TXN_0000012383,None,0.162,0.143,0.016,0.434,0.002,0
FRD_00002845,CUST_00000360,TXN_0000034094,Identity Theft / Synthetic ID,0.404,0.897,0.102,0.277,0.0,1
FRD_00002846,CUST_00000680,TXN_0000064445,None,0.051,0.127,0.025,0.002,0.004,0
FRD_00002847,CUST_00000578,TXN_0000054756,None,0.128,0.052,0.003,0.437,0.0,0
FRD_00002848,CUST_00000656,TXN_0000062098,None,0.298,0.291,0.097,0.696,0.012,0
FRD_00002849,CUST_00000985,TXN_0000093261,None,0.15,0.33,0.042,0.095,0.013,0
FRD_00002850,CUST_00000429,TXN_0000040599,None,0.138,0.271,0.035,0.135,0.012,0
FRD_00002851,CUST_00000046,TXN_0000004294,None,0.154,0.17,0.183,0.23,0.0,0
FRD_00002852,CUST_00000318,TXN_0000030126,None,0.113,0.251,0.064,0.046,0.004,0
FRD_00002853,CUST_00000705,TXN_0000066758,None,0.137,0.181,0.008,0.22,0.084,0
FRD_00002854,CUST_00000066,TXN_0000006193,None,0.143,0.157,0.145,0.196,0.05,0
FRD_00002855,CUST_00000457,TXN_0000043324,None,0.179,0.043,0.02,0.638,0.0,0
FRD_00002856,CUST_00000735,TXN_0000069621,None,0.212,0.211,0.163,0.218,0.255,0
FRD_00002857,CUST_00000746,TXN_0000070726,None,0.227,0.308,0.089,0.393,0.014,0
FRD_00002858,CUST_00000867,TXN_0000082125,None,0.059,0.086,0.046,0.08,0.001,0
FRD_00002859,CUST_00000220,TXN_0000020798,None,0.184,0.238,0.028,0.374,0.009,0
FRD_00002860,CUST_00000243,TXN_0000022963,None,0.147,0.345,0.0,0.106,0.0,0
FRD_00002861,CUST_00000221,TXN_0000020963,None,0.157,0.118,0.187,0.3,0.017,0
FRD_00002862,CUST_00000134,TXN_0000012659,None,0.139,0.231,0.026,0.108,0.131,0
FRD_00002863,CUST_00000865,TXN_0000081905,None,0.195,0.263,0.115,0.254,0.084,0
FRD_00002864,CUST_00000855,TXN_0000080967,None,0.12,0.161,0.042,0.222,0.001,0
FRD_00002865,CUST_00000865,TXN_0000081957,None,0.244,0.163,0.069,0.688,0.005,0
FRD_00002866,CUST_00000285,TXN_0000027020,None,0.111,0.297,0.03,0.005,0.0,0
FRD_00002867,CUST_00000348,TXN_0000032933,None,0.217,0.311,0.398,0.022,0.117,0
FRD_00002868,CUST_00000175,TXN_0000016557,Card Not Present (CNP) Fraud,0.437,0.946,0.08,0.356,0.003,1
FRD_00002869,CUST_00000827,TXN_0000078366,None,0.205,0.17,0.128,0.337,0.179,0
FRD_00002870,CUST_00000883,TXN_0000083652,None,0.204,0.257,0.208,0.062,0.285,0
FRD_00002871,CUST_00000022,TXN_0000002073,None,0.125,0.281,0.0,0.105,0.0,0
FRD_00002872,CUST_00000078,TXN_0000007396,None,0.166,0.067,0.35,0.292,0.0,0
FRD_00002873,CUST_00000214,TXN_0000020296,None,0.153,0.309,0.125,0.081,0.0,0
FRD_00002874,CUST_00000253,TXN_0000023896,Mule Account Activity,0.604,0.943,0.542,0.573,0.112,1
FRD_00002875,CUST_00000167,TXN_0000015809,None,0.186,0.265,0.014,0.352,0.011,0
FRD_00002876,CUST_00000633,TXN_0000060009,None,0.119,0.226,0.01,0.051,0.125,0
FRD_00002877,CUST_00000177,TXN_0000016824,None,0.163,0.296,0.133,0.009,0.154,0
FRD_00002878,CUST_00000549,TXN_0000052028,None,0.207,0.12,0.06,0.327,0.358,0
FRD_00002879,CUST_00000888,TXN_0000084115,None,0.165,0.214,0.313,0.108,0.003,0
FRD_00002880,CUST_00000372,TXN_0000035198,None,0.197,0.163,0.02,0.544,0.0,0
FRD_00002881,CUST_00000336,TXN_0000031866,None,0.155,0.178,0.002,0.368,0.001,0
FRD_00002882,CUST_00000752,TXN_0000071208,None,0.181,0.191,0.013,0.443,0.004,0
FRD_00002883,CUST_00000112,TXN_0000010592,None,0.083,0.121,0.001,0.112,0.062,0
FRD_00002884,CUST_00000558,TXN_0000052878,None,0.104,0.168,0.003,0.156,0.029,0
FRD_00002885,CUST_00000175,TXN_0000016605,Identity Theft / Synthetic ID,0.364,0.982,0.001,0.081,0.0,1
FRD_00002886,CUST_00000263,TXN_0000024852,None,0.162,0.177,0.001,0.318,0.104,0
FRD_00002887,CUST_00000225,TXN_0000021338,None,0.121,0.238,0.013,0.141,0.001,0
FRD_00002888,CUST_00000395,TXN_0000037435,None,0.137,0.285,0.161,0.01,0.015,0
FRD_00002889,CUST_00000443,TXN_0000041952,None,0.253,0.285,0.255,0.408,0.001,0
FRD_00002890,CUST_00000218,TXN_0000020604,None,0.177,0.294,0.168,0.159,0.004,0
FRD_00002891,CUST_00000054,TXN_0000005074,None,0.119,0.218,0.011,0.063,0.123,0
FRD_00002892,CUST_00000944,TXN_0000089372,None,0.176,0.34,0.002,0.17,0.068,0
FRD_00002893,CUST_00000677,TXN_0000064101,UPI Phishing / Collect Request Fraud,0.38,0.968,0.001,0.163,0.0,1
FRD_00002894,CUST_00000612,TXN_0000058012,None,0.221,0.162,0.0,0.645,0.015,0
FRD_00002895,CUST_00000027,TXN_0000002548,None,0.154,0.373,0.048,0.057,0.0,0
FRD_00002896,CUST_00000630,TXN_0000059724,None,0.149,0.169,0.154,0.233,0.004,0
FRD_00002897,CUST_00000740,TXN_0000070067,None,0.101,0.179,0.048,0.022,0.114,0
FRD_00002898,CUST_00000075,TXN_0000007117,None,0.067,0.177,0.011,0.008,0.006,0
FRD_00002899,CUST_00000179,TXN_0000016988,None,0.069,0.123,0.0,0.103,0.001,0
FRD_00002900,CUST_00000444,TXN_0000042086,None,0.212,0.33,0.024,0.347,0.027,0
FRD_00002901,CUST_00000737,TXN_0000069819,None,0.042,0.024,0.062,0.07,0.018,0
FRD_00002902,CUST_00000146,TXN_0000013825,None,0.113,0.227,0.046,0.038,0.072,0
FRD_00002903,CUST_00000474,TXN_0000044902,None,0.156,0.234,0.22,0.07,0.061,0
FRD_00002904,CUST_00000451,TXN_0000042703,None,0.135,0.216,0.264,0.004,0.03,0
FRD_00002905,CUST_00000280,TXN_0000026457,None,0.075,0.211,0.001,0.003,0.0,0
FRD_00002906,CUST_00000565,TXN_0000053475,None,0.213,0.219,0.226,0.361,0.002,0
FRD_00002907,CUST_00000210,TXN_0000019834,UPI Phishing / Collect Request Fraud,0.414,0.885,0.105,0.302,0.037,1
FRD_00002908,CUST_00000272,TXN_0000025692,None,0.187,0.291,0.147,0.223,0.001,0
FRD_00002909,CUST_00000383,TXN_0000036294,None,0.108,0.256,0.077,0.011,0.001,0
FRD_00002910,CUST_00000945,TXN_0000089515,None,0.066,0.155,0.014,0.023,0.016,0
FRD_00002911,CUST_00000785,TXN_0000074414,None,0.166,0.274,0.093,0.18,0.03,0
FRD_00002912,CUST_00000614,TXN_0000058204,None,0.216,0.168,0.087,0.556,0.002,0
FRD_00002913,CUST_00000313,TXN_0000029665,None,0.134,0.065,0.009,0.393,0.058,0
FRD_00002914,CUST_00000468,TXN_0000044342,None,0.118,0.265,0.052,0.058,0.001,0
FRD_00002915,CUST_00000187,TXN_0000017761,None,0.11,0.21,0.036,0.105,0.014,0
FRD_00002916,CUST_00000578,TXN_0000054725,None,0.158,0.146,0.006,0.192,0.288,0
FRD_00002917,CUST_00000531,TXN_0000050262,None,0.091,0.047,0.044,0.249,0.018,0
FRD_00002918,CUST_00000126,TXN_0000011942,None,0.177,0.306,0.05,0.207,0.04,0
FRD_00002919,CUST_00000545,TXN_0000051624,None,0.241,0.281,0.017,0.555,0.0,0
FRD_00002920,CUST_00000669,TXN_0000063386,None,0.15,0.131,0.008,0.361,0.06,0
FRD_00002921,CUST_00000431,TXN_0000040859,None,0.184,0.214,0.097,0.097,0.329,0
FRD_00002922,CUST_00000953,TXN_0000090297,None,0.153,0.183,0.013,0.344,0.003,0
FRD_00002923,CUST_00000698,TXN_0000066161,None,0.132,0.247,0.007,0.105,0.09,0
FRD_00002924,CUST_00000497,TXN_0000047035,None,0.191,0.123,0.353,0.311,0.0,0
FRD_00002925,CUST_00000003,TXN_0000000275,None,0.161,0.217,0.007,0.335,0.0,0
FRD_00002926,CUST_00000369,TXN_0000034968,None,0.312,0.224,0.373,0.633,0.002,0
FRD_00002927,CUST_00000782,TXN_0000074051,None,0.123,0.219,0.006,0.028,0.192,0
FRD_00002928,CUST_00000198,TXN_0000018752,None,0.22,0.273,0.079,0.227,0.258,0
FRD_00002929,CUST_00000621,TXN_0000058826,None,0.123,0.163,0.034,0.232,0.005,0
FRD_00002930,CUST_00000342,TXN_0000032389,None,0.145,0.289,0.005,0.145,0.034,0
FRD_00002931,CUST_00000986,TXN_0000093420,None,0.14,0.339,0.003,0.083,0.001,0
FRD_00002932,CUST_00000425,TXN_0000040239,None,0.125,0.18,0.023,0.189,0.049,0
FRD_00002933,CUST_00000075,TXN_0000007078,None,0.163,0.15,0.089,0.348,0.03,0
FRD_00002934,CUST_00000090,TXN_0000008515,None,0.255,0.28,0.001,0.259,0.462,0
FRD_00002935,CUST_00000586,TXN_0000055483,None,0.085,0.156,0.002,0.121,0.0,0
FRD_00002936,CUST_00000323,TXN_0000030547,None,0.056,0.142,0.002,0.019,0.006,0
FRD_00002937,CUST_00000704,TXN_0000066649,None,0.16,0.213,0.017,0.286,0.054,0
FRD_00002938,CUST_00000469,TXN_0000044458,None,0.159,0.254,0.005,0.27,0.009,0
FRD_00002939,CUST_00000518,TXN_0000049028,None,0.186,0.195,0.151,0.349,0.0,0
FRD_00002940,CUST_00000299,TXN_0000028320,None,0.195,0.16,0.026,0.489,0.057,0
FRD_00002941,CUST_00000607,TXN_0000057487,None,0.116,0.134,0.078,0.192,0.029,0
FRD_00002942,CUST_00000667,TXN_0000063137,None,0.182,0.281,0.341,0.058,0.004,0
FRD_00002943,CUST_00000026,TXN_0000002443,None,0.14,0.218,0.001,0.233,0.027,0
FRD_00002944,CUST_00000981,TXN_0000092945,None,0.289,0.262,0.046,0.602,0.189,0
FRD_00002945,CUST_00000971,TXN_0000092008,None,0.096,0.175,0.054,0.096,0.001,0
FRD_00002946,CUST_00000389,TXN_0000036782,None,0.067,0.144,0.008,0.058,0.004,0
FRD_00002947,CUST_00000969,TXN_0000091787,None,0.153,0.058,0.131,0.414,0.013,0
FRD_00002948,CUST_00000211,TXN_0000019949,None,0.288,0.36,0.154,0.476,0.061,0
FRD_00002949,CUST_00000162,TXN_0000015352,None,0.082,0.191,0.0,0.03,0.04,0
FRD_00002950,CUST_00000734,TXN_0000069572,None,0.148,0.262,0.213,0.004,0.065,0
FRD_00002951,CUST_00000875,TXN_0000082866,None,0.072,0.166,0.032,0.01,0.025,0
FRD_00002952,CUST_00000794,TXN_0000075249,None,0.192,0.154,0.002,0.374,0.221,0
FRD_00002953,CUST_00000701,TXN_0000066374,None,0.11,0.151,0.144,0.01,0.13,0
FRD_00002954,CUST_00000004,TXN_0000000348,None,0.144,0.113,0.018,0.346,0.071,0
FRD_00002955,CUST_00000745,TXN_0000070547,None,0.134,0.165,0.056,0.26,0.0,0
FRD_00002956,CUST_00000113,TXN_0000010671,None,0.095,0.075,0.005,0.272,0.0,0
FRD_00002957,CUST_00000226,TXN_0000021369,None,0.12,0.283,0.0,0.058,0.031,0
FRD_00002958,CUST_00000103,TXN_0000009723,None,0.095,0.169,0.054,0.091,0.013,0
FRD_00002959,CUST_00000055,TXN_0000005135,None,0.203,0.285,0.132,0.181,0.159,0
FRD_00002960,CUST_00000178,TXN_0000016874,None,0.16,0.243,0.213,0.022,0.132,0
FRD_00002961,CUST_00000147,TXN_0000013916,None,0.138,0.23,0.217,0.004,0.067,0
FRD_00002962,CUST_00000146,TXN_0000013840,None,0.099,0.03,0.077,0.282,0.013,0
FRD_00002963,CUST_00000300,TXN_0000028400,None,0.18,0.241,0.035,0.355,0.0,0
FRD_00002964,CUST_00000151,TXN_0000014337,None,0.072,0.107,0.003,0.134,0.0,0
FRD_00002965,CUST_00000270,TXN_0000025555,None,0.127,0.303,0.077,0.023,0.0,0
FRD_00002966,CUST_00000835,TXN_0000079125,None,0.256,0.321,0.098,0.487,0.011,0
FRD_00002967,CUST_00000217,TXN_0000020591,None,0.065,0.138,0.001,0.065,0.0,0
FRD_00002968,CUST_00000151,TXN_0000014347,None,0.083,0.161,0.112,0.001,0.018,0
FRD_00002969,CUST_00000109,TXN_0000010280,None,0.159,0.249,0.002,0.202,0.107,0
FRD_00002970,CUST_00000634,TXN_0000060025,None,0.142,0.247,0.11,0.126,0.008,0
FRD_00002971,CUST_00000975,TXN_0000092329,None,0.149,0.151,0.217,0.208,0.002,0
FRD_00002972,CUST_00000067,TXN_0000006322,None,0.13,0.273,0.017,0.125,0.0,0
FRD_00002973,CUST_00000629,TXN_0000059570,None,0.186,0.23,0.002,0.42,0.001,0
FRD_00002974,CUST_00000017,TXN_0000001551,None,0.16,0.251,0.0,0.287,0.003,0
FRD_00002975,CUST_00000010,TXN_0000000881,None,0.189,0.347,0.127,0.086,0.104,0
FRD_00002976,CUST_00000443,TXN_0000041934,None,0.192,0.379,0.004,0.233,0.0,0
FRD_00002977,CUST_00000211,TXN_0000019982,None,0.192,0.391,0.111,0.131,0.003,0
FRD_00002978,CUST_00000729,TXN_0000069012,None,0.22,0.184,0.266,0.385,0.031,0
FRD_00002979,CUST_00000048,TXN_0000004520,None,0.305,0.337,0.099,0.67,0.0,0
FRD_00002980,CUST_00000778,TXN_0000073743,None,0.073,0.034,0.004,0.226,0.018,0
FRD_00002981,CUST_00000309,TXN_0000029246,None,0.189,0.164,0.108,0.373,0.084,0
FRD_00002982,CUST_00000152,TXN_0000014407,None,0.188,0.139,0.385,0.233,0.02,0
FRD_00002983,CUST_00000155,TXN_0000014702,None,0.178,0.292,0.001,0.179,0.156,0
FRD_00002984,CUST_00000340,TXN_0000032181,None,0.265,0.353,0.021,0.549,0.0,0
FRD_00002985,CUST_00000248,TXN_0000023506,None,0.108,0.228,0.036,0.086,0.0,0
FRD_00002986,CUST_00000672,TXN_0000063684,None,0.186,0.25,0.036,0.365,0.001,0
FRD_00002987,CUST_00000550,TXN_0000052071,None,0.282,0.208,0.17,0.643,0.072,0
FRD_00002988,CUST_00000109,TXN_0000010272,None,0.196,0.182,0.012,0.138,0.476,0
FRD_00002989,CUST_00000788,TXN_0000074650,None,0.062,0.087,0.005,0.121,0.003,0
FRD_00002990,CUST_00000199,TXN_0000018888,None,0.206,0.256,0.001,0.211,0.319,0
FRD_00002991,CUST_00000526,TXN_0000049799,None,0.17,0.192,0.068,0.325,0.038,0
FRD_00002992,CUST_00000344,TXN_0000032542,None,0.136,0.281,0.002,0.009,0.177,0
FRD_00002993,CUST_00000666,TXN_0000063075,None,0.145,0.21,0.07,0.226,0.003,0
FRD_00002994,CUST_00000650,TXN_0000061582,None,0.133,0.202,0.235,0.035,0.032,0
FRD_00002995,CUST_00000590,TXN_0000055846,None,0.134,0.251,0.063,0.069,0.083,0
FRD_00002996,CUST_00000860,TXN_0000081454,None,0.119,0.172,0.223,0.055,0.0,0
FRD_00002997,CUST_00000696,TXN_0000065914,None,0.102,0.179,0.003,0.148,0.009,0
FRD_00002998,CUST_00000103,TXN_0000009736,None,0.192,0.207,0.059,0.248,0.231,0
FRD_00002999,CUST_00000309,TXN_0000029261,None,0.176,0.287,0.026,0.246,0.042,0
FRD_00003000,CUST_00000769,TXN_0000072892,None,0.139,0.346,0.031,0.045,0.003,0
FRD_00003001,CUST_00000319,TXN_0000030182,None,0.12,0.147,0.067,0.162,0.071,0
FRD_00003002,CUST_00000052,TXN_0000004907,None,0.244,0.232,0.157,0.276,0.311,0
FRD_00003003,CUST_00000475,TXN_0000044993,None,0.171,0.338,0.031,0.175,0.012,0
FRD_00003004,CUST_00000185,TXN_0000017487,None,0.083,0.185,0.063,0.022,0.001,0
FRD_00003005,CUST_00000705,TXN_0000066811,None,0.081,0.162,0.052,0.056,0.0,0
FRD_00003006,CUST_00000172,TXN_0000016350,None,0.086,0.168,0.069,0.055,0.0,0
FRD_00003007,CUST_00000217,TXN_0000020580,None,0.172,0.251,0.302,0.09,0.004,0
FRD_00003008,CUST_00000792,TXN_0000075006,Account Takeover (ATO),0.424,0.881,0.162,0.33,0.006,1
FRD_00003009,CUST_00000644,TXN_0000061048,None,0.122,0.243,0.007,0.058,0.104,0
FRD_00003010,CUST_00000858,TXN_0000081266,None,0.116,0.153,0.212,0.065,0.021,0
FRD_00003011,CUST_00000927,TXN_0000087818,None,0.182,0.157,0.0,0.504,0.006,0
FRD_00003012,CUST_00000289,TXN_0000027396,None,0.128,0.265,0.118,0.036,0.011,0
FRD_00003013,CUST_00000796,TXN_0000075393,None,0.093,0.159,0.126,0.048,0.0,0
FRD_00003014,CUST_00000350,TXN_0000033166,None,0.088,0.191,0.003,0.081,0.0,0
FRD_00003015,CUST_00000477,TXN_0000045225,None,0.111,0.288,0.025,0.02,0.0,0
FRD_00003016,CUST_00000758,TXN_0000071865,None,0.166,0.172,0.166,0.288,0.002,0
FRD_00003017,CUST_00000399,TXN_0000037782,None,0.184,0.359,0.19,0.056,0.031,0
FRD_00003018,CUST_00000691,TXN_0000065506,None,0.11,0.235,0.036,0.004,0.1,0
FRD_00003019,CUST_00000282,TXN_0000026688,None,0.181,0.211,0.403,0.088,0.021,0
FRD_00003020,CUST_00000926,TXN_0000087726,None,0.145,0.23,0.111,0.171,0.0,0
FRD_00003021,CUST_00000790,TXN_0000074815,None,0.088,0.144,0.02,0.122,0.015,0
FRD_00003022,CUST_00000068,TXN_0000006397,None,0.214,0.213,0.01,0.483,0.082,0
FRD_00003023,CUST_00000314,TXN_0000029752,None,0.143,0.259,0.0,0.207,0.001,0
FRD_00003024,CUST_00000241,TXN_0000022820,None,0.186,0.177,0.438,0.122,0.031,0
FRD_00003025,CUST_00000930,TXN_0000088046,None,0.121,0.304,0.001,0.057,0.003,0
FRD_00003026,CUST_00000812,TXN_0000076951,None,0.234,0.327,0.002,0.408,0.086,0
FRD_00003027,CUST_00000703,TXN_0000066566,None,0.248,0.137,0.04,0.658,0.14,0
FRD_00003028,CUST_00000271,TXN_0000025621,None,0.128,0.266,0.0,0.122,0.022,0
FRD_00003029,CUST_00000428,TXN_0000040540,None,0.222,0.339,0.058,0.354,0.018,0
FRD_00003030,CUST_00000865,TXN_0000081897,None,0.115,0.192,0.191,0.037,0.0,0
FRD_00003031,CUST_00000517,TXN_0000048970,None,0.161,0.197,0.406,0.033,0.011,0
FRD_00003032,CUST_00000239,TXN_0000022631,None,0.136,0.29,0.112,0.01,0.05,0
FRD_00003033,CUST_00000484,TXN_0000045838,None,0.116,0.164,0.022,0.216,0.0,0
FRD_00003034,CUST_00000483,TXN_0000045721,None,0.103,0.146,0.11,0.059,0.078,0
FRD_00003035,CUST_00000632,TXN_0000059911,None,0.148,0.217,0.222,0.046,0.079,0
FRD_00003036,CUST_00000777,TXN_0000073615,None,0.084,0.148,0.007,0.064,0.072,0
FRD_00003037,CUST_00000872,TXN_0000082599,None,0.099,0.147,0.014,0.048,0.166,0
FRD_00003038,CUST_00000876,TXN_0000082959,None,0.202,0.241,0.163,0.338,0.002,0
FRD_00003039,CUST_00000829,TXN_0000078568,None,0.097,0.166,0.109,0.038,0.038,0
FRD_00003040,CUST_00000891,TXN_0000084352,None,0.159,0.311,0.039,0.134,0.044,0
FRD_00003041,CUST_00000662,TXN_0000062728,None,0.309,0.218,0.243,0.538,0.248,0
FRD_00003042,CUST_00000283,TXN_0000026750,None,0.22,0.307,0.001,0.141,0.384,0
FRD_00003043,CUST_00000355,TXN_0000033572,None,0.133,0.309,0.073,0.031,0.011,0
FRD_00003044,CUST_00000617,TXN_0000058455,None,0.149,0.163,0.0,0.357,0.016,0
FRD_00003045,CUST_00000339,TXN_0000032145,None,0.19,0.19,0.027,0.464,0.01,0
FRD_00003046,CUST_00000336,TXN_0000031848,None,0.202,0.268,0.044,0.32,0.095,0
FRD_00003047,CUST_00000194,TXN_0000018434,None,0.211,0.334,0.089,0.304,0.001,0
FRD_00003048,CUST_00000126,TXN_0000011915,None,0.121,0.203,0.134,0.087,0.006,0
FRD_00003049,CUST_00000538,TXN_0000050977,None,0.179,0.156,0.482,0.032,0.101,0
FRD_00003050,CUST_00000778,TXN_0000073757,None,0.108,0.251,0.014,0.031,0.046,0
FRD_00003051,CUST_00000362,TXN_0000034292,None,0.17,0.105,0.233,0.333,0.017,0
FRD_00003052,CUST_00000469,TXN_0000044385,None,0.067,0.163,0.0,0.013,0.035,0
FRD_00003053,CUST_00000360,TXN_0000034120,UPI Phishing / Collect Request Fraud,0.445,0.937,0.145,0.3,0.063,1
FRD_00003054,CUST_00000094,TXN_0000008888,None,0.169,0.138,0.05,0.439,0.003,0
FRD_00003055,CUST_00000721,TXN_0000068297,None,0.072,0.039,0.025,0.213,0.0,0
FRD_00003056,CUST_00000263,TXN_0000024881,None,0.233,0.232,0.002,0.603,0.001,0
FRD_00003057,CUST_00000067,TXN_0000006356,None,0.199,0.296,0.01,0.372,0.0,0
FRD_00003058,CUST_00000936,TXN_0000088691,None,0.191,0.322,0.056,0.265,0.002,0
FRD_00003059,CUST_00000782,TXN_0000074098,None,0.185,0.221,0.001,0.371,0.073,0
FRD_00003060,CUST_00000777,TXN_0000073572,None,0.101,0.207,0.119,0.018,0.0,0
FRD_00003061,CUST_00000804,TXN_0000076139,None,0.362,0.315,0.383,0.525,0.222,0
FRD_00003062,CUST_00000312,TXN_0000029522,None,0.1,0.074,0.072,0.228,0.012,0
FRD_00003063,CUST_00000455,TXN_0000043122,None,0.225,0.174,0.387,0.34,0.007,0
FRD_00003064,CUST_00000012,TXN_0000001071,None,0.15,0.321,0.041,0.116,0.001,0
FRD_00003065,CUST_00000360,TXN_0000034060,Velocity / Rapid Drain Attack,0.392,0.918,0.006,0.252,0.035,1
FRD_00003066,CUST_00000803,TXN_0000076067,None,0.059,0.146,0.012,0.012,0.013,0
FRD_00003067,CUST_00000044,TXN_0000004149,None,0.098,0.093,0.217,0.087,0.0,0
FRD_00003068,CUST_00000290,TXN_0000027467,None,0.128,0.199,0.03,0.207,0.005,0
FRD_00003069,CUST_00000130,TXN_0000012311,None,0.082,0.147,0.0,0.094,0.033,0
FRD_00003070,CUST_00000053,TXN_0000004941,None,0.14,0.108,0.035,0.38,0.0,0
FRD_00003071,CUST_00000790,TXN_0000074840,None,0.138,0.326,0.005,0.021,0.087,0
FRD_00003072,CUST_00000786,TXN_0000074462,None,0.137,0.275,0.004,0.14,0.027,0
FRD_00003073,CUST_00000253,TXN_0000023975,UPI Phishing / Collect Request Fraud,0.379,0.872,0.136,0.185,0.002,1
FRD_00003074,CUST_00000945,TXN_0000089477,None,0.107,0.207,0.001,0.126,0.012,0
FRD_00003075,CUST_00000671,TXN_0000063586,None,0.135,0.162,0.078,0.197,0.066,0
FRD_00003076,CUST_00000623,TXN_0000059001,None,0.063,0.137,0.017,0.003,0.054,0
FRD_00003077,CUST_00000204,TXN_0000019311,Account Takeover (ATO),0.394,0.954,0.065,0.165,0.028,1
FRD_00003078,CUST_00000199,TXN_0000018850,None,0.274,0.244,0.049,0.676,0.049,0
FRD_00003079,CUST_00000755,TXN_0000071573,None,0.134,0.136,0.024,0.328,0.0,0
FRD_00003080,CUST_00000591,TXN_0000056008,None,0.23,0.284,0.006,0.515,0.004,0
FRD_00003081,CUST_00000078,TXN_0000007334,None,0.196,0.13,0.295,0.167,0.249,0
FRD_00003082,CUST_00000071,TXN_0000006663,None,0.086,0.105,0.006,0.188,0.004,0
FRD_00003083,CUST_00000178,TXN_0000016872,None,0.165,0.278,0.212,0.051,0.065,0
FRD_00003084,CUST_00000915,TXN_0000086626,None,0.12,0.283,0.06,0.027,0.01,0
FRD_00003085,CUST_00000865,TXN_0000081921,None,0.09,0.175,0.004,0.11,0.0,0
FRD_00003086,CUST_00000861,TXN_0000081535,None,0.052,0.087,0.016,0.073,0.0,0
FRD_00003087,CUST_00000986,TXN_0000093344,None,0.153,0.361,0.049,0.047,0.027,0
FRD_00003088,CUST_00000724,TXN_0000068567,None,0.129,0.313,0.002,0.06,0.022,0
FRD_00003089,CUST_00000340,TXN_0000032217,None,0.109,0.243,0.021,0.077,0.002,0
FRD_00003090,CUST_00000517,TXN_0000048945,None,0.149,0.101,0.205,0.283,0.009,0
FRD_00003091,CUST_00000579,TXN_0000054816,None,0.162,0.166,0.289,0.182,0.004,0
FRD_00003092,CUST_00000802,TXN_0000075984,None,0.132,0.099,0.065,0.336,0.002,0
FRD_00003093,CUST_00000590,TXN_0000055909,None,0.149,0.281,0.001,0.2,0.0,0
FRD_00003094,CUST_00000145,TXN_0000013695,None,0.235,0.225,0.063,0.498,0.096,0
FRD_00003095,CUST_00000645,TXN_0000061066,None,0.092,0.256,0.003,0.008,0.001,0
FRD_00003096,CUST_00000511,TXN_0000048440,None,0.165,0.117,0.392,0.18,0.001,0
FRD_00003097,CUST_00000200,TXN_0000018926,None,0.258,0.11,0.103,0.711,0.108,0
FRD_00003098,CUST_00000630,TXN_0000059701,None,0.078,0.106,0.058,0.095,0.029,0
FRD_00003099,CUST_00000719,TXN_0000068102,None,0.191,0.155,0.477,0.145,0.024,0
FRD_00003100,CUST_00000158,TXN_0000014983,None,0.208,0.187,0.072,0.513,0.0,0
FRD_00003101,CUST_00000007,TXN_0000000652,None,0.126,0.218,0.134,0.082,0.012,0
FRD_00003102,CUST_00000773,TXN_0000073256,None,0.082,0.088,0.21,0.022,0.017,0
FRD_00003103,CUST_00000551,TXN_0000052178,None,0.055,0.071,0.072,0.023,0.05,0
FRD_00003104,CUST_00000799,TXN_0000075748,None,0.169,0.359,0.037,0.142,0.0,0
FRD_00003105,CUST_00000553,TXN_0000052359,None,0.063,0.037,0.155,0.075,0.0,0
FRD_00003106,CUST_00000540,TXN_0000051184,None,0.113,0.196,0.008,0.168,0.006,0
FRD_00003107,CUST_00000518,TXN_0000049101,None,0.199,0.27,0.071,0.362,0.0,0
FRD_00003108,CUST_00000968,TXN_0000091696,None,0.087,0.132,0.103,0.077,0.004,0
FRD_00003109,CUST_00000728,TXN_0000068936,None,0.117,0.179,0.0,0.218,0.001,0
FRD_00003110,CUST_00000798,TXN_0000075569,None,0.353,0.195,0.48,0.672,0.105,0
FRD_00003111,CUST_00000520,TXN_0000049260,None,0.255,0.198,0.156,0.585,0.041,0
FRD_00003112,CUST_00000650,TXN_0000061596,None,0.12,0.173,0.116,0.044,0.128,0
FRD_00003113,CUST_00000862,TXN_0000081655,None,0.091,0.04,0.228,0.048,0.096,0
FRD_00003114,CUST_00000411,TXN_0000038951,None,0.226,0.302,0.172,0.338,0.007,0
FRD_00003115,CUST_00000185,TXN_0000017521,None,0.051,0.079,0.011,0.066,0.022,0
FRD_00003116,CUST_00000423,TXN_0000040039,None,0.111,0.212,0.047,0.107,0.001,0
FRD_00003117,CUST_00000563,TXN_0000053294,None,0.159,0.264,0.017,0.183,0.087,0
FRD_00003118,CUST_00000729,TXN_0000069029,None,0.173,0.111,0.369,0.239,0.005,0
FRD_00003119,CUST_00000692,TXN_0000065578,None,0.144,0.275,0.041,0.142,0.02,0
FRD_00003120,CUST_00000572,TXN_0000054193,None,0.183,0.264,0.017,0.342,0.01,0
FRD_00003121,CUST_00000335,TXN_0000031738,None,0.242,0.272,0.402,0.249,0.022,0
FRD_00003122,CUST_00000400,TXN_0000037879,None,0.035,0.066,0.0,0.036,0.016,0
FRD_00003123,CUST_00000024,TXN_0000002221,None,0.218,0.231,0.001,0.542,0.005,0
FRD_00003124,CUST_00000730,TXN_0000069174,None,0.25,0.37,0.035,0.451,0.002,0
FRD_00003125,CUST_00000480,TXN_0000045433,None,0.224,0.322,0.292,0.199,0.018,0
FRD_00003126,CUST_00000462,TXN_0000043748,None,0.148,0.153,0.228,0.066,0.164,0
FRD_00003127,CUST_00000522,TXN_0000049429,None,0.196,0.307,0.143,0.236,0.005,0
FRD_00003128,CUST_00000595,TXN_0000056344,None,0.24,0.349,0.111,0.271,0.14,0
FRD_00003129,CUST_00000384,TXN_0000036386,None,0.138,0.255,0.005,0.19,0.003,0
FRD_00003130,CUST_00000538,TXN_0000050926,None,0.186,0.256,0.1,0.221,0.107,0
FRD_00003131,CUST_00000760,TXN_0000071990,None,0.125,0.137,0.011,0.279,0.026,0
FRD_00003132,CUST_00000498,TXN_0000047206,None,0.137,0.181,0.04,0.171,0.114,0
FRD_00003133,CUST_00000071,TXN_0000006659,None,0.121,0.201,0.004,0.194,0.005,0
FRD_00003134,CUST_00000287,TXN_0000027138,None,0.247,0.198,0.295,0.468,0.008,0
FRD_00003135,CUST_00000677,TXN_0000064146,Card Not Present (CNP) Fraud,0.366,0.964,0.094,0.013,0.033,1
FRD_00003136,CUST_00000257,TXN_0000024342,None,0.181,0.223,0.007,0.4,0.009,0
FRD_00003137,CUST_00000092,TXN_0000008711,None,0.113,0.193,0.171,0.019,0.032,0
FRD_00003138,CUST_00000607,TXN_0000057460,None,0.185,0.219,0.001,0.433,0.0,0
FRD_00003139,CUST_00000271,TXN_0000025611,None,0.184,0.322,0.009,0.267,0.013,0
FRD_00003140,CUST_00000581,TXN_0000055024,None,0.184,0.22,0.319,0.171,0.0,0
FRD_00003141,CUST_00000013,TXN_0000001140,None,0.135,0.326,0.027,0.031,0.037,0
FRD_00003142,CUST_00000013,TXN_0000001147,None,0.229,0.263,0.409,0.221,0.001,0
FRD_00003143,CUST_00000323,TXN_0000030632,None,0.093,0.111,0.194,0.025,0.044,0
FRD_00003144,CUST_00000671,TXN_0000063530,None,0.238,0.235,0.114,0.53,0.004,0
FRD_00003145,CUST_00000029,TXN_0000002743,None,0.205,0.347,0.191,0.148,0.044,0
FRD_00003146,CUST_00000901,TXN_0000085330,None,0.169,0.154,0.043,0.426,0.001,0
FRD_00003147,CUST_00000709,TXN_0000067192,None,0.09,0.173,0.082,0.03,0.029,0
FRD_00003148,CUST_00000602,TXN_0000056969,None,0.276,0.166,0.012,0.318,0.679,0
FRD_00003149,CUST_00000706,TXN_0000066907,None,0.205,0.257,0.015,0.372,0.096,0
FRD_00003150,CUST_00000881,TXN_0000083434,None,0.072,0.142,0.076,0.019,0.01,0
FRD_00003151,CUST_00000072,TXN_0000006813,None,0.237,0.24,0.003,0.212,0.496,0
FRD_00003152,CUST_00000853,TXN_0000080748,None,0.122,0.181,0.089,0.116,0.06,0
FRD_00003153,CUST_00000178,TXN_0000016870,None,0.136,0.283,0.006,0.141,0.005,0
FRD_00003154,CUST_00000019,TXN_0000001748,None,0.072,0.03,0.211,0.077,0.002,0
FRD_00003155,CUST_00000208,TXN_0000019658,None,0.206,0.237,0.024,0.313,0.198,0
FRD_00003156,CUST_00000419,TXN_0000039692,None,0.126,0.07,0.01,0.298,0.127,0
FRD_00003157,CUST_00000657,TXN_0000062226,None,0.17,0.046,0.038,0.37,0.268,0
FRD_00003158,CUST_00000746,TXN_0000070706,None,0.076,0.113,0.01,0.136,0.002,0
FRD_00003159,CUST_00000590,TXN_0000055888,None,0.152,0.231,0.018,0.268,0.001,0
FRD_00003160,CUST_00000036,TXN_0000003320,None,0.285,0.172,0.164,0.763,0.006,0
FRD_00003161,CUST_00000973,TXN_0000092132,None,0.096,0.083,0.123,0.1,0.085,0
FRD_00003162,CUST_00000836,TXN_0000079171,None,0.203,0.199,0.067,0.471,0.013,0
FRD_00003163,CUST_00000160,TXN_0000015183,None,0.122,0.164,0.061,0.207,0.003,0
FRD_00003164,CUST_00000530,TXN_0000050222,None,0.123,0.231,0.118,0.058,0.021,0
FRD_00003165,CUST_00000952,TXN_0000090149,None,0.21,0.228,0.039,0.465,0.029,0
FRD_00003166,CUST_00000433,TXN_0000041036,None,0.146,0.209,0.225,0.112,0.001,0
FRD_00003167,CUST_00000735,TXN_0000069615,None,0.229,0.224,0.016,0.588,0.0,0
FRD_00003168,CUST_00000135,TXN_0000012790,None,0.121,0.022,0.024,0.435,0.0,0
FRD_00003169,CUST_00000168,TXN_0000015907,None,0.134,0.168,0.053,0.257,0.004,0
FRD_00003170,CUST_00000219,TXN_0000020776,None,0.302,0.279,0.0,0.668,0.187,0
FRD_00003171,CUST_00000502,TXN_0000047514,None,0.085,0.217,0.009,0.029,0.0,0
FRD_00003172,CUST_00000755,TXN_0000071515,None,0.27,0.305,0.254,0.415,0.043,0
FRD_00003173,CUST_00000906,TXN_0000085848,None,0.106,0.261,0.004,0.032,0.029,0
FRD_00003174,CUST_00000508,TXN_0000048075,None,0.267,0.149,0.476,0.235,0.305,0
FRD_00003175,CUST_00000699,TXN_0000066201,None,0.055,0.049,0.084,0.084,0.0,0
FRD_00003176,CUST_00000260,TXN_0000024578,None,0.071,0.117,0.117,0.026,0.003,0
FRD_00003177,CUST_00000100,TXN_0000009421,None,0.068,0.091,0.072,0.068,0.025,0
FRD_00003178,CUST_00000954,TXN_0000090329,None,0.239,0.311,0.081,0.345,0.141,0
FRD_00003179,CUST_00000099,TXN_0000009316,None,0.191,0.056,0.316,0.431,0.001,0
FRD_00003180,CUST_00000933,TXN_0000088414,None,0.199,0.186,0.119,0.439,0.0,0
FRD_00003181,CUST_00000856,TXN_0000081092,None,0.103,0.133,0.004,0.187,0.045,0
FRD_00003182,CUST_00000626,TXN_0000059330,None,0.169,0.104,0.309,0.232,0.063,0
FRD_00003183,CUST_00000847,TXN_0000080259,Account Takeover (ATO),0.403,0.867,0.144,0.104,0.226,1
FRD_00003184,CUST_00000872,TXN_0000082581,None,0.242,0.26,0.332,0.337,0.002,0
FRD_00003185,CUST_00000623,TXN_0000059030,None,0.227,0.287,0.192,0.316,0.048,0
FRD_00003186,CUST_00000006,TXN_0000000492,None,0.037,0.083,0.0,0.03,0.0,0
FRD_00003187,CUST_00000436,TXN_0000041276,None,0.091,0.157,0.157,0.015,0.005,0
FRD_00003188,CUST_00000407,TXN_0000038537,None,0.144,0.29,0.187,0.019,0.0,0
FRD_00003189,CUST_00000128,TXN_0000012067,None,0.12,0.121,0.325,0.046,0.008,0
FRD_00003190,CUST_00000550,TXN_0000052054,None,0.173,0.263,0.192,0.169,0.002,0
FRD_00003191,CUST_00000622,TXN_0000058890,None,0.126,0.248,0.11,0.068,0.0,0
FRD_00003192,CUST_00000345,TXN_0000032674,None,0.181,0.121,0.366,0.258,0.003,0
FRD_00003193,CUST_00000175,TXN_0000016639,Account Takeover (ATO),0.403,0.969,0.142,0.124,0.021,1
FRD_00003194,CUST_00000245,TXN_0000023220,None,0.136,0.261,0.0,0.163,0.018,0
FRD_00003195,CUST_00000304,TXN_0000028817,None,0.149,0.226,0.027,0.186,0.088,0
FRD_00003196,CUST_00000210,TXN_0000019922,Identity Theft / Synthetic ID,0.437,0.897,0.052,0.442,0.01,1
FRD_00003197,CUST_00000149,TXN_0000014132,None,0.164,0.301,0.156,0.108,0.003,0
FRD_00003198,CUST_00000750,TXN_0000071105,None,0.248,0.217,0.042,0.656,0.0,0
FRD_00003199,CUST_00000822,TXN_0000077906,None,0.118,0.082,0.15,0.053,0.232,0
FRD_00003200,CUST_00000979,TXN_0000092725,None,0.075,0.179,0.04,0.018,0.0,0
FRD_00003201,CUST_00000213,TXN_0000020183,None,0.113,0.06,0.0,0.298,0.086,0
FRD_00003202,CUST_00000654,TXN_0000061982,None,0.177,0.293,0.0,0.188,0.136,0
FRD_00003203,CUST_00000323,TXN_0000030573,None,0.12,0.139,0.028,0.241,0.03,0
FRD_00003204,CUST_00000719,TXN_0000068099,None,0.105,0.191,0.022,0.099,0.044,0
FRD_00003205,CUST_00000213,TXN_0000020136,None,0.159,0.176,0.005,0.346,0.051,0
FRD_00003206,CUST_00000569,TXN_0000053886,None,0.157,0.104,0.392,0.17,0.0,0
FRD_00003207,CUST_00000193,TXN_0000018276,None,0.225,0.352,0.025,0.387,0.0,0
FRD_00003208,CUST_00000134,TXN_0000012650,None,0.095,0.032,0.019,0.31,0.011,0
FRD_00003209,CUST_00000412,TXN_0000038983,None,0.136,0.192,0.008,0.181,0.11,0
FRD_00003210,CUST_00000933,TXN_0000088408,None,0.204,0.183,0.16,0.401,0.039,0
FRD_00003211,CUST_00000631,TXN_0000059815,None,0.085,0.116,0.094,0.097,0.008,0
FRD_00003212,CUST_00000389,TXN_0000036790,None,0.095,0.125,0.089,0.121,0.014,0
FRD_00003213,CUST_00000247,TXN_0000023327,None,0.125,0.234,0.154,0.047,0.004,0
FRD_00003214,CUST_00000468,TXN_0000044305,None,0.175,0.263,0.111,0.222,0.026,0
FRD_00003215,CUST_00000220,TXN_0000020866,None,0.228,0.1,0.561,0.323,0.0,0
FRD_00003216,CUST_00000532,TXN_0000050343,None,0.147,0.266,0.233,0.025,0.005,0
FRD_00003217,CUST_00000458,TXN_0000043411,None,0.164,0.368,0.113,0.026,0.029,0
FRD_00003218,CUST_00000114,TXN_0000010758,None,0.092,0.134,0.012,0.154,0.023,0
FRD_00003219,CUST_00000592,TXN_0000056020,None,0.165,0.265,0.002,0.277,0.012,0
FRD_00003220,CUST_00000001,TXN_0000000088,None,0.108,0.051,0.396,0.039,0.005,0
FRD_00003221,CUST_00000760,TXN_0000072005,None,0.131,0.071,0.0,0.195,0.285,0
FRD_00003222,CUST_00000630,TXN_0000059728,None,0.092,0.155,0.01,0.144,0.001,0
FRD_00003223,CUST_00000271,TXN_0000025637,None,0.125,0.263,0.027,0.11,0.002,0
FRD_00003224,CUST_00000626,TXN_0000059286,None,0.081,0.027,0.003,0.201,0.105,0
FRD_00003225,CUST_00000912,TXN_0000086387,None,0.172,0.065,0.279,0.349,0.03,0
FRD_00003226,CUST_00000844,TXN_0000079975,None,0.147,0.343,0.006,0.102,0.001,0
FRD_00003227,CUST_00000453,TXN_0000042894,None,0.166,0.251,0.0,0.105,0.26,0
FRD_00003228,CUST_00000579,TXN_0000054799,None,0.057,0.082,0.106,0.027,0.003,0
FRD_00003229,CUST_00000462,TXN_0000043796,None,0.143,0.203,0.135,0.18,0.0,0
FRD_00003230,CUST_00000315,TXN_0000029823,None,0.056,0.126,0.034,0.02,0.002,0
FRD_00003231,CUST_00000205,TXN_0000019419,None,0.139,0.293,0.075,0.041,0.058,0
FRD_00003232,CUST_00000149,TXN_0000014118,None,0.112,0.209,0.0,0.156,0.0,0
FRD_00003233,CUST_00000957,TXN_0000090649,None,0.142,0.149,0.224,0.177,0.005,0
FRD_00003234,CUST_00000986,TXN_0000093372,None,0.285,0.027,0.117,0.846,0.202,0
FRD_00003235,CUST_00000093,TXN_0000008746,None,0.246,0.361,0.034,0.441,0.012,0
FRD_00003236,CUST_00000874,TXN_0000082786,None,0.183,0.231,0.011,0.399,0.002,0
FRD_00003237,CUST_00000886,TXN_0000083878,None,0.089,0.193,0.014,0.055,0.025,0
FRD_00003238,CUST_00000874,TXN_0000082782,None,0.158,0.308,0.167,0.067,0.001,0
FRD_00003239,CUST_00000839,TXN_0000079472,None,0.167,0.243,0.053,0.118,0.208,0
FRD_00003240,CUST_00000721,TXN_0000068300,None,0.071,0.135,0.013,0.072,0.016,0
FRD_00003241,CUST_00000417,TXN_0000039467,None,0.095,0.173,0.053,0.087,0.011,0
FRD_00003242,CUST_00000035,TXN_0000003290,None,0.061,0.076,0.049,0.043,0.07,0
FRD_00003243,CUST_00000015,TXN_0000001365,None,0.094,0.069,0.044,0.157,0.109,0
FRD_00003244,CUST_00000096,TXN_0000009092,None,0.12,0.199,0.076,0.112,0.036,0
FRD_00003245,CUST_00000346,TXN_0000032725,None,0.152,0.31,0.098,0.093,0.002,0
FRD_00003246,CUST_00000702,TXN_0000066490,None,0.127,0.206,0.039,0.171,0.024,0
FRD_00003247,CUST_00000556,TXN_0000052642,None,0.163,0.188,0.132,0.241,0.054,0
FRD_00003248,CUST_00000857,TXN_0000081194,None,0.07,0.195,0.0,0.001,0.009,0
FRD_00003249,CUST_00000128,TXN_0000012112,None,0.166,0.306,0.014,0.137,0.109,0
FRD_00003250,CUST_00000152,TXN_0000014410,None,0.139,0.123,0.31,0.095,0.05,0
FRD_00003251,CUST_00000027,TXN_0000002541,None,0.21,0.186,0.167,0.175,0.339,0
FRD_00003252,CUST_00000163,TXN_0000015398,None,0.177,0.161,0.002,0.404,0.094,0
FRD_00003253,CUST_00000458,TXN_0000043412,None,0.136,0.22,0.086,0.169,0.0,0
FRD_00003254,CUST_00000173,TXN_0000016425,None,0.096,0.252,0.02,0.013,0.002,0
FRD_00003255,CUST_00000473,TXN_0000044781,None,0.183,0.259,0.146,0.009,0.304,0
FRD_00003256,CUST_00000033,TXN_0000003030,None,0.086,0.037,0.089,0.219,0.001,0
FRD_00003257,CUST_00000063,TXN_0000005986,None,0.157,0.052,0.019,0.541,0.0,0
FRD_00003258,CUST_00000214,TXN_0000020297,None,0.083,0.028,0.188,0.139,0.005,0
FRD_00003259,CUST_00000355,TXN_0000033617,None,0.222,0.236,0.494,0.15,0.015,0
FRD_00003260,CUST_00000457,TXN_0000043235,None,0.112,0.141,0.131,0.086,0.073,0
FRD_00003261,CUST_00000766,TXN_0000072557,None,0.158,0.244,0.073,0.233,0.0,0
FRD_00003262,CUST_00000949,TXN_0000089903,None,0.157,0.264,0.014,0.239,0.01,0
FRD_00003263,CUST_00000405,TXN_0000038367,None,0.2,0.129,0.27,0.402,0.0,0
FRD_00003264,CUST_00000445,TXN_0000042156,Account Takeover (ATO),0.359,0.963,0.024,0.024,0.058,1
FRD_00003265,CUST_00000488,TXN_0000046239,None,0.236,0.378,0.017,0.365,0.043,0
FRD_00003266,CUST_00000015,TXN_0000001403,None,0.178,0.075,0.409,0.264,0.02,0
FRD_00003267,CUST_00000601,TXN_0000056905,None,0.106,0.093,0.001,0.293,0.0,0
FRD_00003268,CUST_00000479,TXN_0000045337,None,0.184,0.243,0.047,0.312,0.06,0
FRD_00003269,CUST_00000769,TXN_0000072894,None,0.182,0.256,0.449,0.006,0.005,0
FRD_00003270,CUST_00000033,TXN_0000003051,None,0.072,0.152,0.024,0.026,0.035,0
FRD_00003271,CUST_00000216,TXN_0000020504,None,0.181,0.309,0.201,0.13,0.0,0
FRD_00003272,CUST_00000579,TXN_0000054830,None,0.138,0.202,0.009,0.086,0.219,0
FRD_00003273,CUST_00000058,TXN_0000005429,None,0.253,0.13,0.24,0.606,0.04,0
FRD_00003274,CUST_00000529,TXN_0000050083,None,0.118,0.289,0.045,0.021,0.015,0
FRD_00003275,CUST_00000890,TXN_0000084251,None,0.102,0.176,0.0,0.144,0.023,0
FRD_00003276,CUST_00000651,TXN_0000061697,None,0.146,0.29,0.088,0.101,0.01,0
FRD_00003277,CUST_00000902,TXN_0000085449,None,0.153,0.072,0.058,0.43,0.043,0
FRD_00003278,CUST_00000086,TXN_0000008094,None,0.158,0.235,0.056,0.039,0.273,0
FRD_00003279,CUST_00000450,TXN_0000042594,None,0.174,0.354,0.206,0.036,0.001,0
FRD_00003280,CUST_00000707,TXN_0000066933,None,0.088,0.205,0.003,0.027,0.045,0
FRD_00003281,CUST_00000463,TXN_0000043858,None,0.18,0.327,0.0,0.233,0.039,0
FRD_00003282,CUST_00000259,TXN_0000024448,None,0.227,0.258,0.093,0.47,0.002,0
FRD_00003283,CUST_00000664,TXN_0000062888,None,0.26,0.361,0.023,0.489,0.036,0
FRD_00003284,CUST_00000183,TXN_0000017371,None,0.044,0.069,0.067,0.025,0.003,0
FRD_00003285,CUST_00000604,TXN_0000057216,None,0.145,0.239,0.104,0.16,0.001,0
FRD_00003286,CUST_00000276,TXN_0000026081,None,0.187,0.133,0.177,0.364,0.072,0
FRD_00003287,CUST_00000719,TXN_0000068154,None,0.149,0.263,0.001,0.226,0.001,0
FRD_00003288,CUST_00000365,TXN_0000034550,None,0.144,0.243,0.059,0.189,0.0,0
FRD_00003289,CUST_00000232,TXN_0000021946,UPI Phishing / Collect Request Fraud,0.467,0.961,0.007,0.454,0.079,1
FRD_00003290,CUST_00000976,TXN_0000092474,None,0.096,0.09,0.0,0.259,0.0,0
FRD_00003291,CUST_00000643,TXN_0000060878,None,0.176,0.245,0.016,0.336,0.013,0
FRD_00003292,CUST_00000255,TXN_0000024116,None,0.117,0.146,0.003,0.259,0.001,0
FRD_00003293,CUST_00000475,TXN_0000045028,None,0.185,0.306,0.018,0.276,0.026,0
FRD_00003294,CUST_00000076,TXN_0000007179,None,0.204,0.272,0.112,0.219,0.159,0
FRD_00003295,CUST_00000677,TXN_0000064131,Identity Theft / Synthetic ID,0.471,0.994,0.312,0.243,0.001,1
FRD_00003296,CUST_00000376,TXN_0000035643,None,0.163,0.169,0.01,0.407,0.0,0
FRD_00003297,CUST_00000052,TXN_0000004892,None,0.124,0.175,0.0,0.122,0.16,0
FRD_00003298,CUST_00000584,TXN_0000055267,None,0.145,0.189,0.016,0.197,0.134,0
FRD_00003299,CUST_00000199,TXN_0000018843,None,0.19,0.191,0.174,0.276,0.095,0
FRD_00003300,CUST_00000209,TXN_0000019746,None,0.171,0.149,0.096,0.398,0.0,0
FRD_00003301,CUST_00000986,TXN_0000093352,None,0.198,0.063,0.365,0.403,0.01,0
FRD_00003302,CUST_00000253,TXN_0000023935,Card Not Present (CNP) Fraud,0.4,0.946,0.039,0.2,0.054,1
FRD_00003303,CUST_00000169,TXN_0000016029,None,0.275,0.181,0.204,0.613,0.089,0
FRD_00003304,CUST_00000089,TXN_0000008442,None,0.072,0.079,0.0,0.082,0.12,0
FRD_00003305,CUST_00000980,TXN_0000092814,None,0.131,0.203,0.001,0.231,0.011,0
FRD_00003306,CUST_00000380,TXN_0000035941,None,0.153,0.333,0.056,0.095,0.008,0
FRD_00003307,CUST_00000203,TXN_0000019243,None,0.193,0.207,0.43,0.139,0.0,0
FRD_00003308,CUST_00000487,TXN_0000046156,None,0.198,0.351,0.0,0.108,0.24,0
FRD_00003309,CUST_00000275,TXN_0000026042,None,0.115,0.175,0.175,0.061,0.018,0
FRD_00003310,CUST_00000604,TXN_0000057160,None,0.233,0.236,0.024,0.584,0.0,0
FRD_00003311,CUST_00000120,TXN_0000011322,None,0.246,0.33,0.0,0.501,0.028,0
FRD_00003312,CUST_00000074,TXN_0000006975,None,0.189,0.315,0.28,0.09,0.0,0
FRD_00003313,CUST_00000167,TXN_0000015842,None,0.091,0.134,0.149,0.057,0.001,0
FRD_00003314,CUST_00000280,TXN_0000026481,None,0.192,0.382,0.215,0.061,0.0,0
FRD_00003315,CUST_00000472,TXN_0000044755,None,0.09,0.131,0.067,0.021,0.129,0
FRD_00003316,CUST_00000917,TXN_0000086883,None,0.226,0.227,0.171,0.441,0.009,0
FRD_00003317,CUST_00000155,TXN_0000014712,None,0.151,0.177,0.076,0.295,0.0,0
FRD_00003318,CUST_00000184,TXN_0000017404,None,0.133,0.224,0.03,0.16,0.041,0
FRD_00003319,CUST_00000152,TXN_0000014422,None,0.296,0.359,0.003,0.557,0.152,0
FRD_00003320,CUST_00000143,TXN_0000013552,None,0.088,0.198,0.067,0.013,0.008,0
FRD_00003321,CUST_00000034,TXN_0000003137,None,0.161,0.175,0.008,0.342,0.064,0
FRD_00003322,CUST_00000755,TXN_0000071568,None,0.151,0.235,0.093,0.198,0.002,0
FRD_00003323,CUST_00000299,TXN_0000028276,None,0.04,0.069,0.0,0.021,0.052,0
FRD_00003324,CUST_00000269,TXN_0000025474,None,0.123,0.166,0.142,0.094,0.064,0
FRD_00003325,CUST_00000940,TXN_0000089071,None,0.127,0.296,0.012,0.083,0.0,0
FRD_00003326,CUST_00000738,TXN_0000069885,Identity Theft / Synthetic ID,0.413,0.989,0.28,0.011,0.039,1
FRD_00003327,CUST_00000296,TXN_0000027977,None,0.242,0.2,0.01,0.68,0.001,0
FRD_00003328,CUST_00000380,TXN_0000035979,None,0.192,0.227,0.076,0.39,0.001,0
FRD_00003329,CUST_00000215,TXN_0000020335,None,0.114,0.244,0.006,0.031,0.098,0
FRD_00003330,CUST_00000356,TXN_0000033671,None,0.133,0.1,0.286,0.161,0.004,0
FRD_00003331,CUST_00000339,TXN_0000032132,None,0.247,0.2,0.164,0.339,0.295,0
FRD_00003332,CUST_00000002,TXN_0000000162,None,0.154,0.254,0.018,0.216,0.039,0
FRD_00003333,CUST_00000814,TXN_0000077088,None,0.128,0.297,0.05,0.056,0.001,0
FRD_00003334,CUST_00000749,TXN_0000070927,Account Takeover (ATO),0.443,0.945,0.083,0.376,0.008,1
FRD_00003335,CUST_00000551,TXN_0000052142,None,0.211,0.357,0.314,0.011,0.101,0
FRD_00003336,CUST_00000361,TXN_0000034151,None,0.16,0.216,0.001,0.263,0.091,0
FRD_00003337,CUST_00000160,TXN_0000015191,None,0.136,0.185,0.084,0.216,0.001,0
FRD_00003338,CUST_00000445,TXN_0000042100,Card Not Present (CNP) Fraud,0.452,0.998,0.17,0.241,0.041,1
FRD_00003339,CUST_00000642,TXN_0000060848,None,0.106,0.218,0.026,0.098,0.0,0
FRD_00003340,CUST_00000079,TXN_0000007428,None,0.109,0.186,0.002,0.165,0.012,0
FRD_00003341,CUST_00000002,TXN_0000000150,None,0.128,0.301,0.048,0.037,0.019,0
FRD_00003342,CUST_00000277,TXN_0000026237,None,0.183,0.266,0.342,0.045,0.052,0
FRD_00003343,CUST_00000863,TXN_0000081746,None,0.166,0.376,0.048,0.1,0.0,0
FRD_00003344,CUST_00000485,TXN_0000045978,None,0.284,0.18,0.127,0.721,0.078,0
FRD_00003345,CUST_00000323,TXN_0000030583,None,0.137,0.26,0.004,0.082,0.121,0
FRD_00003346,CUST_00000631,TXN_0000059744,None,0.155,0.321,0.006,0.011,0.195,0
FRD_00003347,CUST_00000925,TXN_0000087632,None,0.206,0.275,0.223,0.259,0.0,0
FRD_00003348,CUST_00000867,TXN_0000082080,None,0.131,0.08,0.107,0.326,0.0,0
FRD_00003349,CUST_00000564,TXN_0000053357,None,0.175,0.162,0.006,0.406,0.077,0
FRD_00003350,CUST_00000613,TXN_0000058042,None,0.147,0.142,0.214,0.213,0.004,0
FRD_00003351,CUST_00000604,TXN_0000057158,None,0.181,0.229,0.094,0.325,0.004,0
FRD_00003352,CUST_00000899,TXN_0000085131,None,0.143,0.224,0.001,0.256,0.001,0
FRD_00003353,CUST_00000861,TXN_0000081536,None,0.243,0.358,0.255,0.268,0.0,0
FRD_00003354,CUST_00000810,TXN_0000076683,None,0.181,0.136,0.0,0.522,0.012,0
FRD_00003355,CUST_00000432,TXN_0000040952,None,0.194,0.296,0.054,0.212,0.131,0
FRD_00003356,CUST_00000901,TXN_0000085365,None,0.154,0.017,0.002,0.577,0.015,0
FRD_00003357,CUST_00000603,TXN_0000057132,None,0.071,0.091,0.034,0.109,0.026,0
FRD_00003358,CUST_00000523,TXN_0000049533,None,0.137,0.115,0.054,0.344,0.002,0
FRD_00003359,CUST_00000751,TXN_0000071183,None,0.08,0.186,0.0,0.05,0.01,0
FRD_00003360,CUST_00000674,TXN_0000063901,None,0.176,0.248,0.097,0.172,0.135,0
FRD_00003361,CUST_00000244,TXN_0000023074,None,0.157,0.266,0.007,0.215,0.043,0
FRD_00003362,CUST_00000316,TXN_0000029917,None,0.163,0.252,0.009,0.278,0.015,0
FRD_00003363,CUST_00000063,TXN_0000005982,None,0.197,0.222,0.032,0.333,0.147,0
FRD_00003364,CUST_00000658,TXN_0000062342,None,0.237,0.151,0.122,0.593,0.056,0
FRD_00003365,CUST_00000160,TXN_0000015200,None,0.185,0.355,0.019,0.079,0.184,0
FRD_00003366,CUST_00000875,TXN_0000082906,None,0.181,0.214,0.003,0.033,0.485,0
FRD_00003367,CUST_00000766,TXN_0000072540,None,0.208,0.309,0.0,0.383,0.02,0
FRD_00003368,CUST_00000366,TXN_0000034667,None,0.083,0.048,0.186,0.118,0.0,0
FRD_00003369,CUST_00000693,TXN_0000065627,None,0.058,0.154,0.018,0.002,0.0,0
FRD_00003370,CUST_00000165,TXN_0000015667,None,0.25,0.29,0.136,0.482,0.005,0
FRD_00003371,CUST_00000135,TXN_0000012761,None,0.162,0.284,0.045,0.156,0.073,0
FRD_00003372,CUST_00000702,TXN_0000066486,None,0.131,0.159,0.0,0.229,0.09,0
FRD_00003373,CUST_00000644,TXN_0000060997,None,0.191,0.122,0.137,0.478,0.005,0
FRD_00003374,CUST_00000957,TXN_0000090637,None,0.087,0.118,0.084,0.102,0.016,0
FRD_00003375,CUST_00000440,TXN_0000041631,None,0.055,0.071,0.049,0.08,0.0,0
FRD_00003376,CUST_00000276,TXN_0000026065,None,0.23,0.359,0.002,0.415,0.0,0
FRD_00003377,CUST_00000869,TXN_0000082313,None,0.237,0.131,0.086,0.689,0.008,0
FRD_00003378,CUST_00000555,TXN_0000052578,None,0.034,0.062,0.017,0.032,0.006,0
FRD_00003379,CUST_00000574,TXN_0000054308,None,0.157,0.136,0.099,0.36,0.0,0
FRD_00003380,CUST_00000190,TXN_0000018026,None,0.179,0.209,0.058,0.334,0.056,0
FRD_00003381,CUST_00000819,TXN_0000077623,None,0.129,0.223,0.048,0.106,0.073,0
FRD_00003382,CUST_00000619,TXN_0000058618,None,0.128,0.196,0.085,0.169,0.0,0
FRD_00003383,CUST_00000562,TXN_0000053228,None,0.044,0.074,0.0,0.072,0.002,0
FRD_00003384,CUST_00000050,TXN_0000004728,None,0.081,0.036,0.019,0.217,0.05,0
FRD_00003385,CUST_00000866,TXN_0000082043,None,0.062,0.116,0.051,0.005,0.051,0
FRD_00003386,CUST_00000661,TXN_0000062568,None,0.188,0.167,0.0,0.373,0.179,0
FRD_00003387,CUST_00000871,TXN_0000082486,None,0.108,0.297,0.009,0.009,0.002,0
FRD_00003388,CUST_00000704,TXN_0000066701,None,0.265,0.103,0.473,0.513,0.028,0
FRD_00003389,CUST_00000471,TXN_0000044637,None,0.186,0.244,0.1,0.159,0.204,0
FRD_00003390,CUST_00000110,TXN_0000010400,None,0.17,0.252,0.268,0.111,0.003,0
FRD_00003391,CUST_00000607,TXN_0000057540,None,0.221,0.332,0.041,0.373,0.016,0
FRD_00003392,CUST_00000745,TXN_0000070581,None,0.101,0.057,0.003,0.235,0.11,0
FRD_00003393,CUST_00000702,TXN_0000066495,None,0.174,0.34,0.079,0.153,0.004,0
FRD_00003394,CUST_00000180,TXN_0000017053,None,0.111,0.228,0.057,0.081,0.0,0
FRD_00003395,CUST_00000949,TXN_0000089876,None,0.089,0.122,0.022,0.169,0.0,0
FRD_00003396,CUST_00000197,TXN_0000018635,None,0.152,0.356,0.093,0.037,0.0,0
FRD_00003397,CUST_00000910,TXN_0000086187,None,0.153,0.25,0.007,0.249,0.01,0
FRD_00003398,CUST_00000667,TXN_0000063183,None,0.121,0.144,0.154,0.159,0.0,0
FRD_00003399,CUST_00000720,TXN_0000068206,None,0.203,0.344,0.077,0.268,0.001,0
FRD_00003400,CUST_00000906,TXN_0000085780,None,0.133,0.246,0.002,0.186,0.0,0
FRD_00003401,CUST_00000695,TXN_0000065807,None,0.216,0.224,0.184,0.405,0.0,0
FRD_00003402,CUST_00000082,TXN_0000007719,None,0.128,0.118,0.244,0.096,0.071,0
FRD_00003403,CUST_00000389,TXN_0000036858,None,0.068,0.195,0.0,0.001,0.0,0
FRD_00003404,CUST_00000728,TXN_0000068949,None,0.103,0.19,0.086,0.076,0.001,0
FRD_00003405,CUST_00000601,TXN_0000056908,None,0.281,0.353,0.186,0.48,0.0,0
FRD_00003406,CUST_00000528,TXN_0000049993,None,0.203,0.314,0.138,0.252,0.014,0
FRD_00003407,CUST_00000225,TXN_0000021334,None,0.194,0.297,0.284,0.069,0.082,0
FRD_00003408,CUST_00000162,TXN_0000015341,None,0.119,0.244,0.03,0.054,0.072,0
FRD_00003409,CUST_00000407,TXN_0000038520,None,0.238,0.334,0.083,0.408,0.014,0
FRD_00003410,CUST_00000382,TXN_0000036128,None,0.057,0.118,0.0,0.008,0.066,0
FRD_00003411,CUST_00000413,TXN_0000039113,None,0.102,0.223,0.044,0.056,0.006,0
FRD_00003412,CUST_00000207,TXN_0000019615,None,0.123,0.103,0.004,0.339,0.005,0
FRD_00003413,CUST_00000020,TXN_0000001842,None,0.188,0.103,0.013,0.583,0.017,0
FRD_00003414,CUST_00000170,TXN_0000016154,None,0.182,0.2,0.048,0.409,0.0,0
FRD_00003415,CUST_00000983,TXN_0000093088,None,0.101,0.208,0.002,0.101,0.014,0
FRD_00003416,CUST_00000932,TXN_0000088276,None,0.094,0.117,0.046,0.134,0.052,0
FRD_00003417,CUST_00000008,TXN_0000000709,None,0.087,0.157,0.031,0.099,0.006,0
FRD_00003418,CUST_00000077,TXN_0000007299,None,0.112,0.217,0.001,0.142,0.001,0
FRD_00003419,CUST_00000865,TXN_0000081941,None,0.134,0.149,0.091,0.253,0.0,0
FRD_00003420,CUST_00000251,TXN_0000023752,None,0.079,0.128,0.073,0.071,0.009,0
FRD_00003421,CUST_00000349,TXN_0000033092,None,0.102,0.16,0.008,0.179,0.0,0
FRD_00003422,CUST_00000698,TXN_0000066160,None,0.096,0.18,0.081,0.066,0.0,0
FRD_00003423,CUST_00000631,TXN_0000059761,None,0.083,0.174,0.035,0.059,0.003,0
FRD_00003424,CUST_00000507,TXN_0000047989,None,0.174,0.375,0.104,0.082,0.008,0
FRD_00003425,CUST_00000329,TXN_0000031167,None,0.082,0.052,0.136,0.146,0.0,0
FRD_00003426,CUST_00000161,TXN_0000015218,None,0.258,0.292,0.343,0.344,0.006,0
FRD_00003427,CUST_00000355,TXN_0000033644,None,0.139,0.124,0.069,0.296,0.039,0
FRD_00003428,CUST_00000257,TXN_0000024341,None,0.179,0.235,0.077,0.327,0.0,0
FRD_00003429,CUST_00000796,TXN_0000075400,None,0.175,0.33,0.053,0.194,0.0,0
FRD_00003430,CUST_00000761,TXN_0000072066,None,0.108,0.249,0.067,0.005,0.032,0
FRD_00003431,CUST_00000563,TXN_0000053278,None,0.126,0.285,0.023,0.078,0.011,0
FRD_00003432,CUST_00000351,TXN_0000033185,None,0.131,0.263,0.135,0.042,0.005,0
FRD_00003433,CUST_00000024,TXN_0000002246,None,0.067,0.118,0.005,0.099,0.001,0
FRD_00003434,CUST_00000900,TXN_0000085296,None,0.087,0.154,0.014,0.121,0.0,0
FRD_00003435,CUST_00000389,TXN_0000036842,None,0.234,0.277,0.031,0.519,0.007,0
FRD_00003436,CUST_00000399,TXN_0000037816,None,0.152,0.235,0.086,0.209,0.0,0
FRD_00003437,CUST_00000236,TXN_0000022385,None,0.11,0.057,0.013,0.344,0.008,0
FRD_00003438,CUST_00000516,TXN_0000048882,None,0.291,0.365,0.238,0.456,0.009,0
FRD_00003439,CUST_00000992,TXN_0000093909,None,0.264,0.307,0.256,0.421,0.0,0
FRD_00003440,CUST_00000488,TXN_0000046185,None,0.165,0.257,0.193,0.098,0.06,0
FRD_00003441,CUST_00000796,TXN_0000075432,None,0.107,0.146,0.011,0.212,0.002,0
FRD_00003442,CUST_00000091,TXN_0000008547,None,0.104,0.174,0.051,0.044,0.111,0
FRD_00003443,CUST_00000395,TXN_0000037409,None,0.186,0.27,0.095,0.267,0.03,0
FRD_00003444,CUST_00000159,TXN_0000015045,Identity Theft / Synthetic ID,0.385,0.984,0.071,0.096,0.011,1
FRD_00003445,CUST_00000167,TXN_0000015873,None,0.187,0.313,0.164,0.162,0.02,0
FRD_00003446,CUST_00000091,TXN_0000008618,None,0.12,0.185,0.24,0.017,0.013,0
FRD_00003447,CUST_00000333,TXN_0000031570,None,0.077,0.191,0.016,0.011,0.022,0
FRD_00003448,CUST_00000829,TXN_0000078563,None,0.202,0.275,0.019,0.334,0.091,0
FRD_00003449,CUST_00000754,TXN_0000071437,None,0.091,0.168,0.022,0.085,0.032,0
FRD_00003450,CUST_00000235,TXN_0000022262,None,0.199,0.132,0.449,0.203,0.062,0
FRD_00003451,CUST_00000860,TXN_0000081400,None,0.153,0.266,0.285,0.009,0.001,0
FRD_00003452,CUST_00000118,TXN_0000011190,None,0.116,0.132,0.191,0.124,0.001,0
FRD_00003453,CUST_00000454,TXN_0000042953,None,0.096,0.078,0.065,0.216,0.007,0
FRD_00003454,CUST_00000482,TXN_0000045697,None,0.25,0.386,0.001,0.192,0.335,0
FRD_00003455,CUST_00000234,TXN_0000022193,None,0.189,0.29,0.155,0.192,0.04,0
FRD_00003456,CUST_00000778,TXN_0000073733,None,0.08,0.131,0.045,0.075,0.034,0
FRD_00003457,CUST_00000727,TXN_0000068874,None,0.081,0.111,0.094,0.078,0.019,0
FRD_00003458,CUST_00000012,TXN_0000001046,None,0.106,0.227,0.017,0.071,0.028,0
FRD_00003459,CUST_00000211,TXN_0000020018,None,0.115,0.215,0.074,0.077,0.026,0
FRD_00003460,CUST_00000851,TXN_0000080559,None,0.182,0.278,0.01,0.307,0.031,0
FRD_00003461,CUST_00000192,TXN_0000018242,None,0.078,0.1,0.132,0.032,0.045,0
FRD_00003462,CUST_00000117,TXN_0000011041,None,0.229,0.29,0.233,0.235,0.112,0
FRD_00003463,CUST_00000617,TXN_0000058429,None,0.162,0.227,0.021,0.314,0.0,0
FRD_00003464,CUST_00000499,TXN_0000047263,None,0.165,0.188,0.178,0.138,0.145,0
FRD_00003465,CUST_00000563,TXN_0000053339,None,0.07,0.162,0.034,0.024,0.001,0
FRD_00003466,CUST_00000028,TXN_0000002634,None,0.148,0.191,0.024,0.258,0.057,0
FRD_00003467,CUST_00000768,TXN_0000072736,None,0.128,0.177,0.21,0.096,0.0,0
FRD_00003468,CUST_00000828,TXN_0000078491,None,0.081,0.13,0.051,0.103,0.0,0
FRD_00003469,CUST_00000642,TXN_0000060791,None,0.106,0.229,0.028,0.079,0.0,0
FRD_00003470,CUST_00000332,TXN_0000031428,None,0.089,0.236,0.005,0.023,0.0,0
FRD_00003471,CUST_00000980,TXN_0000092795,None,0.138,0.202,0.024,0.248,0.002,0
FRD_00003472,CUST_00000562,TXN_0000053179,None,0.103,0.24,0.002,0.073,0.0,0
FRD_00003473,CUST_00000434,TXN_0000041141,None,0.08,0.131,0.086,0.063,0.006,0
FRD_00003474,CUST_00000851,TXN_0000080582,None,0.114,0.211,0.0,0.137,0.031,0
FRD_00003475,CUST_00000332,TXN_0000031477,None,0.141,0.124,0.042,0.28,0.097,0
FRD_00003476,CUST_00000864,TXN_0000081797,None,0.188,0.237,0.0,0.421,0.001,0
FRD_00003477,CUST_00000847,TXN_0000080191,Identity Theft / Synthetic ID,0.313,0.883,0.01,0.005,0.003,1
FRD_00003478,CUST_00000201,TXN_0000019038,None,0.074,0.16,0.042,0.023,0.017,0
FRD_00003479,CUST_00000635,TXN_0000060152,None,0.081,0.082,0.199,0.033,0.022,0
FRD_00003480,CUST_00000078,TXN_0000007321,None,0.167,0.111,0.031,0.342,0.183,0
FRD_00003481,CUST_00000850,TXN_0000080469,None,0.192,0.391,0.089,0.09,0.072,0
FRD_00003482,CUST_00000027,TXN_0000002494,None,0.227,0.217,0.412,0.166,0.138,0
FRD_00003483,CUST_00000526,TXN_0000049779,None,0.082,0.161,0.03,0.079,0.0,0
FRD_00003484,CUST_00000987,TXN_0000093504,None,0.152,0.272,0.004,0.206,0.021,0
FRD_00003485,CUST_00000230,TXN_0000021734,None,0.077,0.074,0.078,0.052,0.112,0
FRD_00003486,CUST_00000515,TXN_0000048799,None,0.126,0.306,0.008,0.07,0.001,0
FRD_00003487,CUST_00000055,TXN_0000005147,None,0.158,0.133,0.208,0.101,0.222,0
FRD_00003488,CUST_00000212,TXN_0000020087,None,0.081,0.153,0.013,0.08,0.022,0
FRD_00003489,CUST_00000482,TXN_0000045702,None,0.112,0.157,0.136,0.121,0.0,0
FRD_00003490,CUST_00000880,TXN_0000083306,None,0.169,0.193,0.01,0.205,0.242,0
FRD_00003491,CUST_00000413,TXN_0000039150,None,0.14,0.291,0.0,0.149,0.004,0
FRD_00003492,CUST_00000293,TXN_0000027700,None,0.144,0.309,0.013,0.135,0.0,0
FRD_00003493,CUST_00000029,TXN_0000002732,None,0.216,0.259,0.058,0.443,0.016,0
FRD_00003494,CUST_00000571,TXN_0000054060,None,0.155,0.154,0.028,0.349,0.043,0
FRD_00003495,CUST_00000688,TXN_0000065145,None,0.115,0.236,0.0,0.128,0.001,0
FRD_00003496,CUST_00000627,TXN_0000059429,None,0.054,0.049,0.056,0.056,0.058,0
FRD_00003497,CUST_00000734,TXN_0000069571,None,0.118,0.144,0.06,0.22,0.003,0
FRD_00003498,CUST_00000601,TXN_0000056933,None,0.191,0.344,0.184,0.102,0.041,0
FRD_00003499,CUST_00000552,TXN_0000052264,None,0.176,0.293,0.026,0.271,0.003,0
FRD_00003500,CUST_00000050,TXN_0000004659,None,0.069,0.184,0.011,0.008,0.003,0
FRD_00003501,CUST_00000670,TXN_0000063471,None,0.181,0.269,0.041,0.313,0.001,0
FRD_00003502,CUST_00000062,TXN_0000005880,None,0.233,0.268,0.025,0.422,0.142,0
FRD_00003503,CUST_00000973,TXN_0000092184,None,0.112,0.172,0.0,0.014,0.241,0
FRD_00003504,CUST_00000583,TXN_0000055235,None,0.15,0.314,0.153,0.037,0.001,0
FRD_00003505,CUST_00000449,TXN_0000042557,None,0.129,0.091,0.167,0.244,0.016,0
FRD_00003506,CUST_00000021,TXN_0000001911,None,0.122,0.246,0.009,0.131,0.005,0
FRD_00003507,CUST_00000745,TXN_0000070635,None,0.21,0.134,0.006,0.615,0.04,0
FRD_00003508,CUST_00000754,TXN_0000071430,None,0.08,0.213,0.0,0.02,0.0,0
FRD_00003509,CUST_00000826,TXN_0000078297,UPI Phishing / Collect Request Fraud,0.445,0.873,0.437,0.206,0.002,1
FRD_00003510,CUST_00000580,TXN_0000054902,Identity Theft / Synthetic ID,0.358,0.887,0.086,0.122,0.0,1
FRD_00003511,CUST_00000620,TXN_0000058778,None,0.131,0.112,0.223,0.19,0.0,0
FRD_00003512,CUST_00000546,TXN_0000051696,None,0.18,0.113,0.002,0.561,0.001,0
FRD_00003513,CUST_00000762,TXN_0000072236,None,0.175,0.242,0.193,0.207,0.0,0
FRD_00003514,CUST_00000635,TXN_0000060193,None,0.134,0.295,0.002,0.033,0.113,0
FRD_00003515,CUST_00000586,TXN_0000055465,None,0.199,0.308,0.063,0.312,0.005,0
FRD_00003516,CUST_00000087,TXN_0000008248,None,0.144,0.164,0.003,0.345,0.0,0
FRD_00003517,CUST_00000251,TXN_0000023750,None,0.135,0.177,0.161,0.147,0.022,0
FRD_00003518,CUST_00000217,TXN_0000020508,None,0.244,0.226,0.006,0.639,0.018,0
FRD_00003519,CUST_00000617,TXN_0000058425,None,0.136,0.271,0.049,0.125,0.001,0
FRD_00003520,CUST_00000346,TXN_0000032739,None,0.124,0.116,0.006,0.33,0.0,0
FRD_00003521,CUST_00000697,TXN_0000066033,None,0.158,0.289,0.176,0.073,0.017,0
FRD_00003522,CUST_00000411,TXN_0000038937,None,0.052,0.121,0.011,0.023,0.009,0
FRD_00003523,CUST_00000748,TXN_0000070883,None,0.155,0.226,0.045,0.172,0.119,0
FRD_00003524,CUST_00000437,TXN_0000041397,None,0.135,0.143,0.005,0.334,0.0,0
FRD_00003525,CUST_00000862,TXN_0000081662,None,0.132,0.123,0.294,0.118,0.001,0
FRD_00003526,CUST_00000314,TXN_0000029777,None,0.13,0.215,0.003,0.199,0.02,0
FRD_00003527,CUST_00000565,TXN_0000053448,None,0.173,0.172,0.061,0.292,0.137,0
FRD_00003528,CUST_00000260,TXN_0000024589,None,0.107,0.24,0.057,0.046,0.0,0
FRD_00003529,CUST_00000541,TXN_0000051267,None,0.183,0.289,0.005,0.323,0.0,0
FRD_00003530,CUST_00000847,TXN_0000080210,Card Not Present (CNP) Fraud,0.38,0.983,0.0,0.142,0.0,1
FRD_00003531,CUST_00000959,TXN_0000090824,None,0.141,0.271,0.042,0.15,0.0,0
FRD_00003532,CUST_00000672,TXN_0000063616,None,0.227,0.249,0.129,0.379,0.097,0
FRD_00003533,CUST_00000129,TXN_0000012173,None,0.061,0.067,0.005,0.119,0.034,0
FRD_00003534,CUST_00000072,TXN_0000006782,None,0.14,0.312,0.02,0.094,0.015,0
FRD_00003535,CUST_00000033,TXN_0000003113,None,0.257,0.315,0.24,0.375,0.023,0
FRD_00003536,CUST_00000448,TXN_0000042390,None,0.197,0.386,0.099,0.138,0.037,0
FRD_00003537,CUST_00000509,TXN_0000048174,None,0.094,0.121,0.115,0.107,0.009,0
FRD_00003538,CUST_00000712,TXN_0000067456,None,0.073,0.065,0.222,0.025,0.0,0
FRD_00003539,CUST_00000546,TXN_0000051671,None,0.103,0.106,0.005,0.226,0.042,0
FRD_00003540,CUST_00000671,TXN_0000063547,None,0.214,0.253,0.172,0.358,0.007,0
FRD_00003541,CUST_00000248,TXN_0000023423,None,0.2,0.22,0.063,0.431,0.015,0
FRD_00003542,CUST_00000101,TXN_0000009509,None,0.095,0.088,0.006,0.251,0.001,0
FRD_00003543,CUST_00000212,TXN_0000020107,None,0.126,0.134,0.008,0.289,0.026,0
FRD_00003544,CUST_00000195,TXN_0000018498,Account Takeover (ATO),0.391,0.926,0.005,0.193,0.089,1
FRD_00003545,CUST_00000714,TXN_0000067578,None,0.116,0.26,0.087,0.017,0.016,0
FRD_00003546,CUST_00000856,TXN_0000081103,None,0.121,0.264,0.016,0.02,0.1,0
FRD_00003547,CUST_00000015,TXN_0000001344,None,0.118,0.235,0.039,0.092,0.027,0
FRD_00003548,CUST_00000276,TXN_0000026073,None,0.139,0.251,0.187,0.056,0.0,0
FRD_00003549,CUST_00000367,TXN_0000034790,None,0.169,0.31,0.274,0.02,0.002,0
FRD_00003550,CUST_00000204,TXN_0000019332,Card Not Present (CNP) Fraud,0.468,0.991,0.073,0.284,0.179,1
FRD_00003551,CUST_00000527,TXN_0000049861,None,0.092,0.238,0.001,0.032,0.004,0
FRD_00003552,CUST_00000613,TXN_0000058030,None,0.123,0.22,0.032,0.157,0.002,0
FRD_00003553,CUST_00000486,TXN_0000046077,None,0.152,0.279,0.012,0.204,0.007,0
FRD_00003554,CUST_00000740,TXN_0000070149,None,0.136,0.082,0.044,0.366,0.036,0
FRD_00003555,CUST_00000845,TXN_0000080075,None,0.148,0.305,0.005,0.145,0.021,0
FRD_00003556,CUST_00000648,TXN_0000061431,None,0.172,0.225,0.418,0.008,0.038,0
FRD_00003557,CUST_00000811,TXN_0000076857,None,0.225,0.261,0.38,0.196,0.044,0
FRD_00003558,CUST_00000682,TXN_0000064621,None,0.125,0.167,0.037,0.235,0.0,0
FRD_00003559,CUST_00000378,TXN_0000035749,None,0.108,0.226,0.022,0.091,0.007,0
FRD_00003560,CUST_00000566,TXN_0000053581,Identity Theft / Synthetic ID,0.407,1.0,0.19,0.077,0.0,1
FRD_00003561,CUST_00000533,TXN_0000050463,None,0.159,0.267,0.217,0.088,0.0,0
FRD_00003562,CUST_00000094,TXN_0000008914,None,0.108,0.203,0.027,0.122,0.006,0
FRD_00003563,CUST_00000533,TXN_0000050456,None,0.229,0.313,0.12,0.261,0.15,0
FRD_00003564,CUST_00000103,TXN_0000009690,None,0.155,0.249,0.059,0.225,0.0,0
FRD_00003565,CUST_00000571,TXN_0000054089,None,0.098,0.061,0.013,0.104,0.238,0
FRD_00003566,CUST_00000231,TXN_0000021885,None,0.153,0.232,0.072,0.177,0.065,0
FRD_00003567,CUST_00000773,TXN_0000073190,None,0.218,0.277,0.034,0.457,0.0,0
FRD_00003568,CUST_00000820,TXN_0000077673,UPI Phishing / Collect Request Fraud,0.374,0.977,0.039,0.09,0.011,1
FRD_00003569,CUST_00000694,TXN_0000065707,None,0.178,0.205,0.306,0.174,0.009,0
FRD_00003570,CUST_00000672,TXN_0000063678,None,0.111,0.289,0.0,0.04,0.0,0
FRD_00003571,CUST_00000942,TXN_0000089213,None,0.225,0.202,0.085,0.519,0.037,0
FRD_00003572,CUST_00000689,TXN_0000065269,None,0.184,0.265,0.028,0.335,0.008,0
FRD_00003573,CUST_00000019,TXN_0000001719,None,0.104,0.164,0.02,0.161,0.014,0
FRD_00003574,CUST_00000976,TXN_0000092400,None,0.163,0.178,0.027,0.383,0.0,0
FRD_00003575,CUST_00000534,TXN_0000050580,None,0.156,0.238,0.131,0.186,0.0,0
FRD_00003576,CUST_00000649,TXN_0000061449,None,0.175,0.291,0.017,0.275,0.003,0
FRD_00003577,CUST_00000604,TXN_0000057215,None,0.152,0.155,0.02,0.356,0.022,0
FRD_00003578,CUST_00000271,TXN_0000025582,None,0.177,0.25,0.059,0.304,0.011,0
FRD_00003579,CUST_00000067,TXN_0000006300,None,0.199,0.327,0.003,0.174,0.204,0
FRD_00003580,CUST_00000137,TXN_0000012960,None,0.152,0.249,0.01,0.237,0.02,0
FRD_00003581,CUST_00000802,TXN_0000076015,None,0.115,0.245,0.005,0.103,0.012,0
FRD_00003582,CUST_00000985,TXN_0000093263,None,0.103,0.167,0.009,0.158,0.015,0
FRD_00003583,CUST_00000701,TXN_0000066430,None,0.171,0.16,0.409,0.09,0.055,0
FRD_00003584,CUST_00000647,TXN_0000061323,None,0.063,0.137,0.001,0.053,0.008,0
FRD_00003585,CUST_00000393,TXN_0000037198,None,0.155,0.18,0.425,0.026,0.004,0
FRD_00003586,CUST_00000792,TXN_0000075066,Velocity / Rapid Drain Attack,0.371,0.948,0.02,0.139,0.001,1
FRD_00003587,CUST_00000230,TXN_0000021744,None,0.207,0.283,0.38,0.117,0.014,0
FRD_00003588,CUST_00000815,TXN_0000077175,None,0.174,0.266,0.017,0.211,0.124,0
FRD_00003589,CUST_00000483,TXN_0000045726,None,0.127,0.235,0.003,0.176,0.002,0
FRD_00003590,CUST_00000067,TXN_0000006335,None,0.065,0.096,0.122,0.026,0.001,0
FRD_00003591,CUST_00000030,TXN_0000002772,None,0.26,0.219,0.244,0.537,0.0,0
FRD_00003592,CUST_00000161,TXN_0000015292,None,0.208,0.275,0.07,0.173,0.272,0
FRD_00003593,CUST_00000298,TXN_0000028222,None,0.05,0.083,0.004,0.08,0.0,0
FRD_00003594,CUST_00000080,TXN_0000007516,None,0.143,0.114,0.018,0.399,0.0,0
FRD_00003595,CUST_00000474,TXN_0000044954,None,0.199,0.175,0.044,0.429,0.11,0
FRD_00003596,CUST_00000573,TXN_0000054234,None,0.239,0.342,0.046,0.374,0.081,0
FRD_00003597,CUST_00000714,TXN_0000067606,None,0.177,0.237,0.069,0.322,0.0,0
FRD_00003598,CUST_00000126,TXN_0000011947,None,0.159,0.336,0.002,0.063,0.124,0
FRD_00003599,CUST_00000497,TXN_0000047037,None,0.162,0.277,0.055,0.11,0.132,0
FRD_00003600,CUST_00000770,TXN_0000072914,None,0.141,0.275,0.0,0.093,0.109,0
FRD_00003601,CUST_00000300,TXN_0000028363,None,0.193,0.313,0.294,0.019,0.098,0
FRD_00003602,CUST_00000993,TXN_0000094066,None,0.1,0.264,0.009,0.015,0.009,0
FRD_00003603,CUST_00000325,TXN_0000030757,None,0.218,0.242,0.046,0.495,0.003,0
FRD_00003604,CUST_00000228,TXN_0000021620,None,0.294,0.117,0.208,0.392,0.569,0
FRD_00003605,CUST_00000740,TXN_0000070130,None,0.09,0.075,0.0,0.169,0.108,0
FRD_00003606,CUST_00000911,TXN_0000086305,None,0.136,0.302,0.002,0.02,0.124,0
FRD_00003607,CUST_00000185,TXN_0000017498,None,0.297,0.25,0.012,0.38,0.559,0
FRD_00003608,CUST_00000987,TXN_0000093490,None,0.12,0.28,0.012,0.076,0.004,0
FRD_00003609,CUST_00000226,TXN_0000021407,None,0.199,0.302,0.185,0.219,0.009,0
FRD_00003610,CUST_00000880,TXN_0000083353,None,0.106,0.051,0.006,0.334,0.017,0
FRD_00003611,CUST_00000299,TXN_0000028316,None,0.143,0.222,0.006,0.256,0.0,0
FRD_00003612,CUST_00000389,TXN_0000036863,None,0.196,0.243,0.207,0.205,0.092,0
FRD_00003613,CUST_00000093,TXN_0000008752,None,0.217,0.221,0.015,0.395,0.189,0
FRD_00003614,CUST_00000386,TXN_0000036566,None,0.169,0.183,0.022,0.404,0.0,0
FRD_00003615,CUST_00000804,TXN_0000076129,None,0.143,0.322,0.043,0.08,0.01,0
FRD_00003616,CUST_00000681,TXN_0000064480,None,0.173,0.179,0.023,0.423,0.002,0
FRD_00003617,CUST_00000247,TXN_0000023370,None,0.148,0.358,0.069,0.016,0.024,0
FRD_00003618,CUST_00000186,TXN_0000017610,None,0.116,0.217,0.018,0.147,0.0,0
FRD_00003619,CUST_00000717,TXN_0000067888,None,0.183,0.233,0.019,0.389,0.004,0
FRD_00003620,CUST_00000107,TXN_0000010076,None,0.178,0.34,0.069,0.175,0.009,0
FRD_00003621,CUST_00000410,TXN_0000038820,None,0.025,0.066,0.001,0.007,0.0,0
FRD_00003622,CUST_00000608,TXN_0000057622,None,0.086,0.203,0.011,0.05,0.0,0
FRD_00003623,CUST_00000322,TXN_0000030507,None,0.245,0.21,0.001,0.686,0.0,0
FRD_00003624,CUST_00000703,TXN_0000066621,None,0.167,0.186,0.279,0.042,0.179,0
FRD_00003625,CUST_00000875,TXN_0000082878,None,0.135,0.24,0.013,0.028,0.208,0
FRD_00003626,CUST_00000515,TXN_0000048809,None,0.237,0.129,0.386,0.46,0.0,0
FRD_00003627,CUST_00000786,TXN_0000074484,None,0.165,0.246,0.124,0.208,0.009,0
FRD_00003628,CUST_00000593,TXN_0000056146,None,0.13,0.183,0.212,0.093,0.0,0
FRD_00003629,CUST_00000440,TXN_0000041688,None,0.152,0.101,0.04,0.382,0.068,0
FRD_00003630,CUST_00000443,TXN_0000041948,None,0.104,0.197,0.071,0.074,0.011,0
FRD_00003631,CUST_00000822,TXN_0000077848,None,0.166,0.221,0.159,0.212,0.018,0
FRD_00003632,CUST_00000260,TXN_0000024573,None,0.255,0.261,0.056,0.596,0.019,0
FRD_00003633,CUST_00000379,TXN_0000035908,None,0.247,0.318,0.172,0.304,0.128,0
FRD_00003634,CUST_00000368,TXN_0000034861,None,0.147,0.352,0.0,0.082,0.018,0
FRD_00003635,CUST_00000382,TXN_0000036150,None,0.087,0.137,0.02,0.142,0.0,0
FRD_00003636,CUST_00000279,TXN_0000026435,None,0.065,0.083,0.0,0.133,0.011,0
FRD_00003637,CUST_00000033,TXN_0000003095,None,0.172,0.169,0.148,0.142,0.24,0
FRD_00003638,CUST_00000978,TXN_0000092677,None,0.07,0.078,0.003,0.068,0.123,0
FRD_00003639,CUST_00000707,TXN_0000066955,None,0.133,0.346,0.011,0.031,0.009,0
FRD_00003640,CUST_00000533,TXN_0000050472,None,0.111,0.183,0.043,0.051,0.126,0
FRD_00003641,CUST_00000658,TXN_0000062333,None,0.21,0.364,0.093,0.227,0.035,0
FRD_00003642,CUST_00000869,TXN_0000082308,None,0.275,0.268,0.215,0.527,0.033,0
FRD_00003643,CUST_00000147,TXN_0000013956,None,0.129,0.314,0.008,0.053,0.02,0
FRD_00003644,CUST_00000267,TXN_0000025201,None,0.178,0.25,0.346,0.087,0.0,0
FRD_00003645,CUST_00000905,TXN_0000085678,None,0.125,0.276,0.0,0.112,0.004,0
FRD_00003646,CUST_00000418,TXN_0000039612,None,0.197,0.304,0.274,0.03,0.139,0
FRD_00003647,CUST_00000877,TXN_0000083100,None,0.159,0.357,0.027,0.112,0.003,0
FRD_00003648,CUST_00000093,TXN_0000008778,None,0.15,0.063,0.366,0.217,0.001,0
FRD_00003649,CUST_00000299,TXN_0000028304,None,0.151,0.256,0.08,0.179,0.004,0
FRD_00003650,CUST_00000035,TXN_0000003238,None,0.077,0.158,0.01,0.077,0.001,0
FRD_00003651,CUST_00000073,TXN_0000006905,None,0.161,0.221,0.16,0.164,0.053,0
FRD_00003652,CUST_00000318,TXN_0000030143,None,0.071,0.095,0.031,0.128,0.0,0
FRD_00003653,CUST_00000775,TXN_0000073378,None,0.214,0.25,0.138,0.374,0.029,0
FRD_00003654,CUST_00000124,TXN_0000011752,None,0.078,0.185,0.022,0.015,0.026,0
FRD_00003655,CUST_00000432,TXN_0000040912,None,0.049,0.052,0.1,0.005,0.049,0
FRD_00003656,CUST_00000186,TXN_0000017618,None,0.243,0.198,0.141,0.329,0.315,0
FRD_00003657,CUST_00000839,TXN_0000079498,None,0.118,0.121,0.039,0.126,0.182,0
FRD_00003658,CUST_00000082,TXN_0000007758,None,0.155,0.103,0.554,0.032,0.0,0
FRD_00003659,CUST_00000457,TXN_0000043275,None,0.124,0.152,0.12,0.188,0.001,0
FRD_00003660,CUST_00000826,TXN_0000078272,UPI Phishing / Collect Request Fraud,0.394,0.924,0.003,0.169,0.141,1
FRD_00003661,CUST_00000859,TXN_0000081366,None,0.182,0.375,0.016,0.039,0.188,0
FRD_00003662,CUST_00000109,TXN_0000010292,None,0.166,0.231,0.145,0.203,0.028,0
FRD_00003663,CUST_00000788,TXN_0000074693,None,0.206,0.276,0.075,0.378,0.0,0
FRD_00003664,CUST_00000930,TXN_0000088121,None,0.274,0.329,0.156,0.511,0.0,0
FRD_00003665,CUST_00000446,TXN_0000042261,None,0.292,0.238,0.078,0.332,0.548,0
FRD_00003666,CUST_00000961,TXN_0000091015,None,0.369,0.372,0.262,0.744,0.002,0
FRD_00003667,CUST_00000333,TXN_0000031533,None,0.164,0.228,0.003,0.336,0.0,0
FRD_00003668,CUST_00000642,TXN_0000060829,None,0.114,0.237,0.003,0.119,0.001,0
FRD_00003669,CUST_00000098,TXN_0000009288,None,0.21,0.334,0.027,0.349,0.001,0
FRD_00003670,CUST_00000585,TXN_0000055384,None,0.098,0.136,0.001,0.158,0.051,0
FRD_00003671,CUST_00000704,TXN_0000066660,None,0.195,0.366,0.038,0.238,0.0,0
FRD_00003672,CUST_00000017,TXN_0000001521,None,0.146,0.278,0.082,0.129,0.001,0
FRD_00003673,CUST_00000750,TXN_0000071059,None,0.113,0.266,0.032,0.045,0.009,0
FRD_00003674,CUST_00000329,TXN_0000031198,None,0.075,0.104,0.008,0.128,0.024,0
FRD_00003675,CUST_00000734,TXN_0000069513,None,0.112,0.291,0.0,0.034,0.007,0
FRD_00003676,CUST_00000364,TXN_0000034421,None,0.17,0.264,0.122,0.163,0.061,0
FRD_00003677,CUST_00000103,TXN_0000009725,None,0.114,0.15,0.285,0.017,0.002,0
FRD_00003678,CUST_00000471,TXN_0000044608,None,0.08,0.13,0.008,0.12,0.016,0
FRD_00003679,CUST_00000799,TXN_0000075659,None,0.105,0.116,0.008,0.253,0.0,0
FRD_00003680,CUST_00000194,TXN_0000018417,None,0.125,0.165,0.102,0.186,0.0,0
FRD_00003681,CUST_00000739,TXN_0000069993,None,0.104,0.142,0.007,0.186,0.034,0
FRD_00003682,CUST_00000134,TXN_0000012703,None,0.123,0.137,0.038,0.271,0.0,0
FRD_00003683,CUST_00000177,TXN_0000016766,None,0.058,0.159,0.009,0.0,0.001,0
FRD_00003684,CUST_00000754,TXN_0000071453,None,0.098,0.194,0.049,0.071,0.015,0
FRD_00003685,CUST_00000235,TXN_0000022289,None,0.192,0.325,0.116,0.211,0.014,0
FRD_00003686,CUST_00000374,TXN_0000035385,None,0.184,0.368,0.0,0.174,0.057,0
FRD_00003687,CUST_00000626,TXN_0000059298,None,0.14,0.219,0.021,0.234,0.001,0
FRD_00003688,CUST_00000665,TXN_0000062965,None,0.061,0.098,0.004,0.088,0.02,0
FRD_00003689,CUST_00000972,TXN_0000092104,None,0.196,0.324,0.264,0.12,0.001,0
FRD_00003690,CUST_00000112,TXN_0000010598,None,0.158,0.287,0.035,0.159,0.054,0
FRD_00003691,CUST_00000552,TXN_0000052260,None,0.1,0.221,0.011,0.082,0.002,0
FRD_00003692,CUST_00000348,TXN_0000032945,None,0.175,0.285,0.168,0.162,0.004,0
FRD_00003693,CUST_00000232,TXN_0000021982,Account Takeover (ATO),0.321,0.875,0.024,0.017,0.028,1
FRD_00003694,CUST_00000714,TXN_0000067621,None,0.071,0.072,0.007,0.174,0.005,0
FRD_00003695,CUST_00000048,TXN_0000004550,None,0.204,0.246,0.094,0.276,0.151,0
FRD_00003696,CUST_00000533,TXN_0000050516,None,0.126,0.103,0.006,0.024,0.416,0
FRD_00003697,CUST_00000646,TXN_0000061214,None,0.235,0.191,0.065,0.598,0.028,0
FRD_00003698,CUST_00000282,TXN_0000026654,None,0.132,0.09,0.01,0.394,0.001,0
FRD_00003699,CUST_00000362,TXN_0000034268,None,0.088,0.096,0.048,0.179,0.0,0
FRD_00003700,CUST_00000781,TXN_0000074008,None,0.098,0.13,0.048,0.173,0.0,0
FRD_00003701,CUST_00000996,TXN_0000094348,Card Not Present (CNP) Fraud,0.39,0.855,0.058,0.063,0.319,1
FRD_00003702,CUST_00000620,TXN_0000058718,None,0.039,0.053,0.093,0.007,0.001,0
FRD_00003703,CUST_00000363,TXN_0000034418,None,0.113,0.077,0.199,0.001,0.232,0
FRD_00003704,CUST_00000337,TXN_0000031961,None,0.149,0.231,0.054,0.231,0.0,0
FRD_00003705,CUST_00000431,TXN_0000040830,None,0.103,0.287,0.006,0.004,0.0,0
FRD_00003706,CUST_00000772,TXN_0000073133,None,0.136,0.204,0.009,0.23,0.028,0
FRD_00003707,CUST_00000331,TXN_0000031385,None,0.128,0.278,0.068,0.022,0.059,0
FRD_00003708,CUST_00000164,TXN_0000015518,None,0.124,0.118,0.004,0.326,0.0,0
FRD_00003709,CUST_00000557,TXN_0000052732,None,0.151,0.167,0.039,0.338,0.0,0
FRD_00003710,CUST_00000172,TXN_0000016342,None,0.137,0.141,0.041,0.216,0.127,0
FRD_00003711,CUST_00000183,TXN_0000017360,None,0.108,0.185,0.113,0.081,0.001,0
FRD_00003712,CUST_00000388,TXN_0000036754,None,0.106,0.223,0.076,0.011,0.05,0
FRD_00003713,CUST_00000047,TXN_0000004420,None,0.116,0.313,0.002,0.001,0.031,0
FRD_00003714,CUST_00000976,TXN_0000092446,None,0.112,0.064,0.147,0.24,0.001,0
FRD_00003715,CUST_00000875,TXN_0000082826,None,0.244,0.307,0.003,0.523,0.026,0
FRD_00003716,CUST_00000113,TXN_0000010742,None,0.161,0.117,0.031,0.369,0.108,0
FRD_00003717,CUST_00000595,TXN_0000056365,None,0.096,0.139,0.011,0.179,0.004,0
FRD_00003718,CUST_00000187,TXN_0000017747,None,0.284,0.266,0.047,0.531,0.243,0
FRD_00003719,CUST_00000844,TXN_0000079960,None,0.108,0.223,0.089,0.038,0.012,0
FRD_00003720,CUST_00000455,TXN_0000043082,None,0.162,0.099,0.37,0.215,0.0,0
FRD_00003721,CUST_00000164,TXN_0000015573,None,0.12,0.154,0.055,0.18,0.05,0
FRD_00003722,CUST_00000586,TXN_0000055466,None,0.142,0.203,0.001,0.143,0.175,0
FRD_00003723,CUST_00000425,TXN_0000040218,None,0.127,0.316,0.006,0.061,0.001,0
FRD_00003724,CUST_00000015,TXN_0000001391,None,0.173,0.089,0.366,0.23,0.058,0
FRD_00003725,CUST_00000435,TXN_0000041181,None,0.106,0.167,0.092,0.11,0.009,0
FRD_00003726,CUST_00000622,TXN_0000058944,None,0.115,0.207,0.001,0.158,0.014,0
FRD_00003727,CUST_00000517,TXN_0000048960,None,0.184,0.371,0.031,0.184,0.009,0
FRD_00003728,CUST_00000301,TXN_0000028489,None,0.185,0.268,0.0,0.121,0.306,0
FRD_00003729,CUST_00000997,TXN_0000094394,None,0.059,0.113,0.004,0.069,0.009,0
FRD_00003730,CUST_00000040,TXN_0000003715,None,0.156,0.298,0.018,0.187,0.009,0
FRD_00003731,CUST_00000087,TXN_0000008181,None,0.11,0.188,0.014,0.031,0.169,0
FRD_00003732,CUST_00000594,TXN_0000056284,None,0.15,0.216,0.001,0.298,0.0,0
FRD_00003733,CUST_00000535,TXN_0000050713,None,0.191,0.228,0.01,0.279,0.197,0
FRD_00003734,CUST_00000769,TXN_0000072842,None,0.119,0.242,0.012,0.125,0.005,0
FRD_00003735,CUST_00000678,TXN_0000064280,None,0.062,0.099,0.015,0.098,0.0,0
FRD_00003736,CUST_00000383,TXN_0000036234,None,0.086,0.213,0.039,0.006,0.011,0
FRD_00003737,CUST_00000143,TXN_0000013580,None,0.151,0.179,0.159,0.16,0.085,0
FRD_00003738,CUST_00000319,TXN_0000030197,None,0.115,0.239,0.002,0.089,0.046,0
FRD_00003739,CUST_00000748,TXN_0000070862,None,0.134,0.283,0.157,0.014,0.002,0
FRD_00003740,CUST_00000950,TXN_0000089965,None,0.113,0.216,0.164,0.015,0.006,0
FRD_00003741,CUST_00000396,TXN_0000037504,None,0.173,0.362,0.028,0.156,0.009,0
FRD_00003742,CUST_00000662,TXN_0000062734,None,0.186,0.322,0.085,0.144,0.102,0
FRD_00003743,CUST_00000046,TXN_0000004283,None,0.23,0.324,0.066,0.318,0.117,0
FRD_00003744,CUST_00000962,TXN_0000091086,None,0.25,0.35,0.01,0.498,0.006,0
FRD_00003745,CUST_00000465,TXN_0000044009,None,0.222,0.267,0.213,0.342,0.0,0
FRD_00003746,CUST_00000622,TXN_0000058971,None,0.152,0.273,0.103,0.144,0.0,0
FRD_00003747,CUST_00000341,TXN_0000032244,None,0.175,0.29,0.003,0.238,0.069,0
FRD_00003748,CUST_00000902,TXN_0000085406,None,0.151,0.076,0.001,0.497,0.0,0
FRD_00003749,CUST_00000423,TXN_0000040067,None,0.103,0.209,0.04,0.063,0.033,0
FRD_00003750,CUST_00000376,TXN_0000035595,None,0.127,0.181,0.21,0.087,0.001,0
FRD_00003751,CUST_00000797,TXN_0000075535,None,0.076,0.052,0.003,0.228,0.0,0
FRD_00003752,CUST_00000072,TXN_0000006780,None,0.174,0.162,0.072,0.404,0.007,0
FRD_00003753,CUST_00000691,TXN_0000065486,None,0.138,0.244,0.0,0.205,0.008,0
FRD_00003754,CUST_00000933,TXN_0000088375,None,0.154,0.231,0.059,0.204,0.05,0
FRD_00003755,CUST_00000350,TXN_0000033114,None,0.135,0.226,0.024,0.192,0.016,0
FRD_00003756,CUST_00000164,TXN_0000015548,None,0.088,0.163,0.005,0.121,0.0,0
FRD_00003757,CUST_00000625,TXN_0000059194,None,0.097,0.165,0.001,0.155,0.0,0
FRD_00003758,CUST_00000008,TXN_0000000670,None,0.098,0.156,0.0,0.172,0.001,0
FRD_00003759,CUST_00000314,TXN_0000029722,None,0.286,0.176,0.002,0.49,0.509,0
FRD_00003760,CUST_00000290,TXN_0000027459,None,0.132,0.134,0.072,0.229,0.067,0
FRD_00003761,CUST_00000824,TXN_0000078074,None,0.17,0.246,0.051,0.233,0.079,0
FRD_00003762,CUST_00000178,TXN_0000016865,None,0.144,0.2,0.056,0.201,0.062,0
FRD_00003763,CUST_00000496,TXN_0000046938,None,0.255,0.34,0.16,0.339,0.094,0
FRD_00003764,CUST_00000419,TXN_0000039670,None,0.21,0.258,0.012,0.469,0.0,0
FRD_00003765,CUST_00000295,TXN_0000027904,None,0.192,0.198,0.294,0.237,0.024,0
FRD_00003766,CUST_00000310,TXN_0000029324,None,0.231,0.285,0.119,0.429,0.0,0
FRD_00003767,CUST_00000471,TXN_0000044599,None,0.068,0.11,0.06,0.07,0.001,0
FRD_00003768,CUST_00000118,TXN_0000011194,None,0.105,0.093,0.029,0.264,0.001,0
FRD_00003769,CUST_00000349,TXN_0000033089,None,0.123,0.122,0.022,0.243,0.078,0
FRD_00003770,CUST_00000266,TXN_0000025117,None,0.201,0.222,0.066,0.426,0.018,0
FRD_00003771,CUST_00000659,TXN_0000062447,None,0.07,0.18,0.003,0.008,0.021,0
FRD_00003772,CUST_00000008,TXN_0000000696,None,0.185,0.271,0.223,0.104,0.097,0
FRD_00003773,CUST_00000978,TXN_0000092614,None,0.176,0.236,0.149,0.255,0.0,0
FRD_00003774,CUST_00000153,TXN_0000014536,Account Takeover (ATO),0.376,0.931,0.051,0.161,0.0,1
FRD_00003775,CUST_00000166,TXN_0000015693,None,0.222,0.175,0.001,0.641,0.002,0
FRD_00003776,CUST_00000836,TXN_0000079162,None,0.097,0.228,0.08,0.003,0.0,0
FRD_00003777,CUST_00000081,TXN_0000007663,None,0.223,0.177,0.154,0.46,0.074,0
FRD_00003778,CUST_00000159,TXN_0000015036,Account Takeover (ATO),0.366,0.89,0.014,0.042,0.205,1
FRD_00003779,CUST_00000638,TXN_0000060477,None,0.043,0.02,0.079,0.077,0.003,0
FRD_00003780,CUST_00000025,TXN_0000002310,None,0.094,0.148,0.023,0.054,0.12,0
FRD_00003781,CUST_00000195,TXN_0000018438,Account Takeover (ATO),0.463,0.901,0.008,0.556,0.035,1
FRD_00003782,CUST_00000256,TXN_0000024214,None,0.27,0.16,0.065,0.442,0.453,0
FRD_00003783,CUST_00000439,TXN_0000041587,None,0.215,0.282,0.051,0.395,0.039,0
FRD_00003784,CUST_00000396,TXN_0000037491,None,0.084,0.101,0.0,0.174,0.028,0
FRD_00003785,CUST_00000701,TXN_0000066411,None,0.223,0.247,0.572,0.089,0.001,0
FRD_00003786,CUST_00000660,TXN_0000062558,None,0.177,0.258,0.25,0.1,0.058,0
FRD_00003787,CUST_00000657,TXN_0000062219,None,0.15,0.205,0.249,0.111,0.005,0
FRD_00003788,CUST_00000810,TXN_0000076766,None,0.146,0.279,0.042,0.159,0.0,0
FRD_00003789,CUST_00000936,TXN_0000088613,None,0.218,0.182,0.002,0.541,0.092,0
FRD_00003790,CUST_00000870,TXN_0000082350,None,0.121,0.186,0.184,0.067,0.012,0
FRD_00003791,CUST_00000343,TXN_0000032461,None,0.111,0.244,0.028,0.079,0.0,0
FRD_00003792,CUST_00000710,TXN_0000067224,None,0.239,0.117,0.034,0.764,0.003,0
FRD_00003793,CUST_00000823,TXN_0000077984,None,0.108,0.115,0.249,0.005,0.083,0
FRD_00003794,CUST_00000933,TXN_0000088350,None,0.13,0.27,0.011,0.045,0.11,0
FRD_00003795,CUST_00000502,TXN_0000047504,None,0.19,0.369,0.002,0.102,0.176,0
FRD_00003796,CUST_00000267,TXN_0000025202,None,0.177,0.351,0.14,0.052,0.066,0
FRD_00003797,CUST_00000993,TXN_0000094085,None,0.217,0.282,0.398,0.04,0.145,0
FRD_00003798,CUST_00000367,TXN_0000034781,None,0.13,0.244,0.001,0.108,0.087,0
FRD_00003799,CUST_00000783,TXN_0000074186,None,0.188,0.244,0.151,0.193,0.119,0
FRD_00003800,CUST_00000842,TXN_0000079745,None,0.114,0.267,0.046,0.047,0.0,0
FRD_00003801,CUST_00000928,TXN_0000087931,None,0.112,0.182,0.184,0.04,0.007,0
FRD_00003802,CUST_00000509,TXN_0000048222,None,0.099,0.155,0.071,0.124,0.0,0
FRD_00003803,CUST_00000748,TXN_0000070834,None,0.165,0.353,0.02,0.148,0.003,0
FRD_00003804,CUST_00000532,TXN_0000050359,None,0.125,0.227,0.03,0.157,0.001,0
FRD_00003805,CUST_00000194,TXN_0000018366,None,0.185,0.222,0.009,0.423,0.001,0
FRD_00003806,CUST_00000153,TXN_0000014476,Velocity / Rapid Drain Attack,0.355,0.941,0.04,0.001,0.086,1
FRD_00003807,CUST_00000291,TXN_0000027557,Card Not Present (CNP) Fraud,0.422,0.902,0.079,0.362,0.0,1
FRD_00003808,CUST_00000705,TXN_0000066786,None,0.071,0.11,0.02,0.013,0.125,0
FRD_00003809,CUST_00000130,TXN_0000012283,None,0.206,0.058,0.707,0.096,0.099,0
FRD_00003810,CUST_00000649,TXN_0000061538,None,0.139,0.153,0.287,0.112,0.0,0
FRD_00003811,CUST_00000749,TXN_0000071004,Account Takeover (ATO),0.429,0.954,0.006,0.357,0.024,1
FRD_00003812,CUST_00000214,TXN_0000020280,None,0.119,0.094,0.181,0.201,0.0,0
FRD_00003813,CUST_00000855,TXN_0000080931,None,0.126,0.17,0.096,0.163,0.031,0
FRD_00003814,CUST_00000572,TXN_0000054136,None,0.206,0.221,0.326,0.232,0.029,0
FRD_00003815,CUST_00000633,TXN_0000060008,None,0.115,0.21,0.204,0.002,0.0,0
FRD_00003816,CUST_00000223,TXN_0000021071,None,0.149,0.262,0.001,0.13,0.121,0
FRD_00003817,CUST_00000274,TXN_0000025870,None,0.169,0.158,0.0,0.373,0.104,0
FRD_00003818,CUST_00000862,TXN_0000081652,None,0.204,0.162,0.206,0.416,0.012,0
FRD_00003819,CUST_00000893,TXN_0000084541,None,0.097,0.173,0.018,0.1,0.037,0
FRD_00003820,CUST_00000741,TXN_0000070245,None,0.128,0.178,0.08,0.185,0.017,0
FRD_00003821,CUST_00000378,TXN_0000035796,None,0.308,0.227,0.718,0.338,0.0,0
FRD_00003822,CUST_00000394,TXN_0000037279,UPI Phishing / Collect Request Fraud,0.366,0.988,0.016,0.067,0.001,1
FRD_00003823,CUST_00000176,TXN_0000016696,None,0.072,0.087,0.056,0.122,0.0,0
FRD_00003824,CUST_00000824,TXN_0000078036,None,0.106,0.13,0.051,0.197,0.003,0
FRD_00003825,CUST_00000660,TXN_0000062506,None,0.134,0.23,0.153,0.086,0.006,0
FRD_00003826,CUST_00000749,TXN_0000070964,UPI Phishing / Collect Request Fraud,0.546,0.972,0.199,0.574,0.112,1
FRD_00003827,CUST_00000735,TXN_0000069595,None,0.171,0.303,0.003,0.25,0.008,0
FRD_00003828,CUST_00000035,TXN_0000003222,None,0.189,0.133,0.248,0.369,0.005,0
FRD_00003829,CUST_00000940,TXN_0000089035,None,0.099,0.182,0.001,0.125,0.021,0
FRD_00003830,CUST_00000946,TXN_0000089575,None,0.15,0.236,0.025,0.249,0.002,0
FRD_00003831,CUST_00000680,TXN_0000064424,None,0.041,0.045,0.019,0.042,0.054,0
FRD_00003832,CUST_00000149,TXN_0000014107,None,0.151,0.108,0.16,0.317,0.009,0
FRD_00003833,CUST_00000598,TXN_0000056665,None,0.119,0.226,0.091,0.073,0.019,0
FRD_00003834,CUST_00000628,TXN_0000059494,None,0.068,0.13,0.023,0.049,0.026,0
FRD_00003835,CUST_00000091,TXN_0000008589,None,0.103,0.18,0.001,0.16,0.001,0
FRD_00003836,CUST_00000600,TXN_0000056803,None,0.16,0.1,0.0,0.401,0.124,0
FRD_00003837,CUST_00000800,TXN_0000075811,None,0.103,0.261,0.023,0.017,0.013,0
FRD_00003838,CUST_00000423,TXN_0000040020,None,0.048,0.017,0.004,0.025,0.173,0
FRD_00003839,CUST_00000257,TXN_0000024295,None,0.167,0.161,0.023,0.423,0.0,0
FRD_00003840,CUST_00000652,TXN_0000061793,None,0.147,0.157,0.001,0.369,0.0,0
FRD_00003841,CUST_00000700,TXN_0000066326,None,0.185,0.296,0.0,0.208,0.145,0
FRD_00003842,CUST_00000917,TXN_0000086884,None,0.126,0.232,0.026,0.099,0.076,0
FRD_00003843,CUST_00000456,TXN_0000043151,None,0.205,0.072,0.076,0.619,0.047,0
FRD_00003844,CUST_00000458,TXN_0000043369,None,0.148,0.225,0.005,0.271,0.001,0
FRD_00003845,CUST_00000710,TXN_0000067211,None,0.2,0.236,0.181,0.104,0.275,0
FRD_00003846,CUST_00000086,TXN_0000008115,None,0.245,0.325,0.056,0.404,0.094,0
FRD_00003847,CUST_00000248,TXN_0000023436,None,0.261,0.282,0.224,0.47,0.0,0
FRD_00003848,CUST_00000618,TXN_0000058499,None,0.234,0.318,0.197,0.324,0.012,0
FRD_00003849,CUST_00000104,TXN_0000009827,None,0.134,0.073,0.063,0.337,0.06,0
FRD_00003850,CUST_00000234,TXN_0000022176,None,0.171,0.245,0.147,0.177,0.058,0
FRD_00003851,CUST_00000567,TXN_0000053727,None,0.197,0.273,0.084,0.274,0.079,0
FRD_00003852,CUST_00000825,TXN_0000078133,None,0.23,0.155,0.4,0.368,0.017,0
FRD_00003853,CUST_00000266,TXN_0000025149,None,0.136,0.092,0.073,0.117,0.301,0
FRD_00003854,CUST_00000922,TXN_0000087354,None,0.075,0.18,0.002,0.045,0.004,0
FRD_00003855,CUST_00000903,TXN_0000085562,None,0.294,0.363,0.541,0.213,0.028,0
FRD_00003856,CUST_00000431,TXN_0000040812,None,0.099,0.092,0.042,0.232,0.004,0
FRD_00003857,CUST_00000063,TXN_0000005929,None,0.204,0.245,0.053,0.425,0.005,0
FRD_00003858,CUST_00000938,TXN_0000088833,None,0.119,0.182,0.161,0.064,0.037,0
FRD_00003859,CUST_00000794,TXN_0000075204,None,0.063,0.085,0.032,0.107,0.001,0
FRD_00003860,CUST_00000691,TXN_0000065463,None,0.122,0.287,0.006,0.056,0.031,0
FRD_00003861,CUST_00000041,TXN_0000003787,None,0.108,0.199,0.138,0.008,0.046,0
FRD_00003862,CUST_00000422,TXN_0000040000,None,0.195,0.284,0.038,0.292,0.074,0
FRD_00003863,CUST_00000620,TXN_0000058692,None,0.26,0.215,0.105,0.653,0.0,0
FRD_00003864,CUST_00000671,TXN_0000063522,None,0.157,0.133,0.008,0.324,0.139,0
FRD_00003865,CUST_00000799,TXN_0000075711,None,0.079,0.064,0.114,0.133,0.001,0
FRD_00003866,CUST_00000739,TXN_0000069977,None,0.18,0.366,0.146,0.034,0.072,0
FRD_00003867,CUST_00000131,TXN_0000012352,None,0.147,0.265,0.157,0.055,0.045,0
FRD_00003868,CUST_00000912,TXN_0000086362,None,0.219,0.364,0.034,0.333,0.008,0
FRD_00003869,CUST_00000042,TXN_0000003936,None,0.175,0.183,0.01,0.423,0.017,0
FRD_00003870,CUST_00000249,TXN_0000023603,None,0.123,0.118,0.062,0.142,0.169,0
FRD_00003871,CUST_00000561,TXN_0000053072,None,0.243,0.183,0.399,0.395,0.004,0
FRD_00003872,CUST_00000254,TXN_0000024076,None,0.292,0.3,0.036,0.699,0.025,0
FRD_00003873,CUST_00000664,TXN_0000062870,None,0.105,0.248,0.047,0.034,0.0,0
FRD_00003874,CUST_00000826,TXN_0000078240,Identity Theft / Synthetic ID,0.437,0.873,0.101,0.362,0.106,1
FRD_00003875,CUST_00000961,TXN_0000091058,None,0.069,0.129,0.011,0.039,0.057,0
FRD_00003876,CUST_00000480,TXN_0000045449,None,0.166,0.322,0.015,0.158,0.053,0
FRD_00003877,CUST_00000238,TXN_0000022520,None,0.165,0.307,0.008,0.22,0.004,0
FRD_00003878,CUST_00000379,TXN_0000035914,None,0.152,0.252,0.045,0.195,0.032,0
FRD_00003879,CUST_00000829,TXN_0000078525,None,0.096,0.199,0.007,0.093,0.007,0
FRD_00003880,CUST_00000535,TXN_0000050692,None,0.205,0.249,0.13,0.36,0.007,0
FRD_00003881,CUST_00000871,TXN_0000082512,None,0.206,0.287,0.111,0.219,0.141,0
FRD_00003882,CUST_00000367,TXN_0000034777,None,0.131,0.198,0.109,0.142,0.022,0
FRD_00003883,CUST_00000684,TXN_0000064838,Account Takeover (ATO),0.376,0.856,0.112,0.216,0.002,1
FRD_00003884,CUST_00000920,TXN_0000087149,None,0.203,0.38,0.15,0.158,0.002,0
FRD_00003885,CUST_00000805,TXN_0000076256,None,0.159,0.302,0.031,0.173,0.021,0
FRD_00003886,CUST_00000449,TXN_0000042480,None,0.095,0.117,0.01,0.092,0.146,0
FRD_00003887,CUST_00000318,TXN_0000030065,None,0.236,0.253,0.057,0.545,0.0,0
FRD_00003888,CUST_00000417,TXN_0000039472,None,0.086,0.126,0.135,0.06,0.001,0
FRD_00003889,CUST_00000355,TXN_0000033635,None,0.178,0.307,0.038,0.208,0.057,0
FRD_00003890,CUST_00000201,TXN_0000019028,None,0.126,0.173,0.054,0.172,0.06,0
FRD_00003891,CUST_00000909,TXN_0000086129,None,0.183,0.31,0.335,0.029,0.0,0
FRD_00003892,CUST_00000312,TXN_0000029508,None,0.104,0.169,0.168,0.042,0.005,0
FRD_00003893,CUST_00000322,TXN_0000030477,None,0.088,0.185,0.011,0.086,0.0,0
FRD_00003894,CUST_00000011,TXN_0000001026,None,0.136,0.283,0.105,0.046,0.02,0
FRD_00003895,CUST_00000760,TXN_0000072035,None,0.175,0.334,0.043,0.193,0.004,0
FRD_00003896,CUST_00000490,TXN_0000046453,None,0.108,0.232,0.055,0.015,0.058,0
FRD_00003897,CUST_00000467,TXN_0000044237,None,0.066,0.176,0.018,0.002,0.0,0
FRD_00003898,CUST_00000333,TXN_0000031547,None,0.143,0.258,0.038,0.161,0.022,0
FRD_00003899,CUST_00000581,TXN_0000055006,None,0.04,0.085,0.003,0.031,0.011,0
FRD_00003900,CUST_00000256,TXN_0000024188,None,0.171,0.073,0.055,0.512,0.034,0
FRD_00003901,CUST_00000416,TXN_0000039396,None,0.08,0.211,0.019,0.007,0.003,0
FRD_00003902,CUST_00000646,TXN_0000061201,None,0.159,0.327,0.012,0.168,0.002,0
FRD_00003903,CUST_00000680,TXN_0000064454,None,0.133,0.188,0.033,0.241,0.0,0
FRD_00003904,CUST_00000199,TXN_0000018865,None,0.084,0.121,0.004,0.098,0.08,0
FRD_00003905,CUST_00000840,TXN_0000079594,None,0.077,0.075,0.03,0.18,0.001,0
FRD_00003906,CUST_00000818,TXN_0000077448,None,0.111,0.258,0.078,0.021,0.001,0
FRD_00003907,CUST_00000383,TXN_0000036268,None,0.122,0.232,0.007,0.114,0.054,0
FRD_00003908,CUST_00000327,TXN_0000030999,None,0.175,0.197,0.001,0.422,0.0,0
FRD_00003909,CUST_00000851,TXN_0000080610,None,0.169,0.069,0.003,0.576,0.002,0
FRD_00003910,CUST_00000101,TXN_0000009507,None,0.099,0.146,0.014,0.181,0.0,0
FRD_00003911,CUST_00000867,TXN_0000082114,None,0.242,0.256,0.118,0.488,0.032,0
FRD_00003912,CUST_00000470,TXN_0000044530,Identity Theft / Synthetic ID,0.449,0.885,0.053,0.507,0.007,1
FRD_00003913,CUST_00000339,TXN_0000032135,None,0.176,0.209,0.193,0.257,0.0,0
FRD_00003914,CUST_00000260,TXN_0000024564,None,0.162,0.16,0.025,0.403,0.0,0
FRD_00003915,CUST_00000103,TXN_0000009756,None,0.126,0.26,0.02,0.123,0.001,0
FRD_00003916,CUST_00000385,TXN_0000036454,None,0.093,0.053,0.155,0.01,0.207,0
FRD_00003917,CUST_00000895,TXN_0000084774,None,0.108,0.102,0.02,0.265,0.011,0
FRD_00003918,CUST_00000996,TXN_0000094323,Identity Theft / Synthetic ID,0.369,0.964,0.028,0.093,0.015,1
FRD_00003919,CUST_00000447,TXN_0000042302,None,0.125,0.229,0.065,0.127,0.0,0
FRD_00003920,CUST_00000511,TXN_0000048402,None,0.163,0.294,0.085,0.171,0.0,0
FRD_00003921,CUST_00000617,TXN_0000058403,None,0.082,0.116,0.075,0.102,0.003,0
FRD_00003922,CUST_00000761,TXN_0000072113,None,0.238,0.321,0.078,0.379,0.075,0
FRD_00003923,CUST_00000467,TXN_0000044197,None,0.161,0.349,0.084,0.084,0.006,0
FRD_00003924,CUST_00000857,TXN_0000081139,None,0.111,0.128,0.038,0.193,0.052,0
FRD_00003925,CUST_00000602,TXN_0000057042,None,0.279,0.25,0.278,0.541,0.001,0
FRD_00003926,CUST_00000109,TXN_0000010255,None,0.183,0.23,0.065,0.316,0.051,0
FRD_00003927,CUST_00000784,TXN_0000074275,None,0.12,0.224,0.147,0.046,0.002,0
FRD_00003928,CUST_00000362,TXN_0000034277,None,0.299,0.15,0.247,0.704,0.108,0
FRD_00003929,CUST_00000614,TXN_0000058192,None,0.122,0.176,0.114,0.111,0.047,0
FRD_00003930,CUST_00000471,TXN_0000044670,None,0.088,0.117,0.001,0.157,0.039,0
FRD_00003931,CUST_00000897,TXN_0000085004,None,0.163,0.101,0.025,0.49,0.0,0
FRD_00003932,CUST_00000706,TXN_0000066899,None,0.236,0.298,0.003,0.473,0.063,0
FRD_00003933,CUST_00000958,TXN_0000090724,None,0.114,0.24,0.04,0.027,0.078,0
FRD_00003934,CUST_00000432,TXN_0000040865,None,0.094,0.12,0.077,0.017,0.163,0
FRD_00003935,CUST_00000110,TXN_0000010362,None,0.172,0.263,0.106,0.1,0.171,0
FRD_00003936,CUST_00000996,TXN_0000094347,UPI Phishing / Collect Request Fraud,0.431,0.934,0.0,0.286,0.161,1
FRD_00003937,CUST_00000307,TXN_0000029072,None,0.141,0.351,0.009,0.062,0.002,0
FRD_00003938,CUST_00000867,TXN_0000082143,None,0.097,0.244,0.017,0.03,0.003,0
FRD_00003939,CUST_00000141,TXN_0000013328,None,0.236,0.252,0.18,0.344,0.13,0
FRD_00003940,CUST_00000941,TXN_0000089126,None,0.217,0.128,0.548,0.202,0.06,0
FRD_00003941,CUST_00000724,TXN_0000068550,None,0.33,0.289,0.013,0.525,0.473,0
FRD_00003942,CUST_00000939,TXN_0000088912,None,0.221,0.295,0.491,0.076,0.001,0
FRD_00003943,CUST_00000619,TXN_0000058671,None,0.12,0.235,0.035,0.12,0.003,0
FRD_00003944,CUST_00000321,TXN_0000030415,None,0.373,0.354,0.186,0.407,0.553,0
FRD_00003945,CUST_00000669,TXN_0000063397,None,0.104,0.248,0.013,0.051,0.011,0
FRD_00003946,CUST_00000793,TXN_0000075106,Identity Theft / Synthetic ID,0.366,0.976,0.049,0.049,0.01,1
FRD_00003947,CUST_00000703,TXN_0000066647,None,0.174,0.177,0.125,0.112,0.296,0
FRD_00003948,CUST_00000843,TXN_0000079868,None,0.07,0.151,0.065,0.016,0.0,0
FRD_00003949,CUST_00000506,TXN_0000047920,None,0.127,0.232,0.15,0.008,0.068,0
FRD_00003950,CUST_00000173,TXN_0000016395,None,0.098,0.15,0.043,0.143,0.006,0
FRD_00003951,CUST_00000964,TXN_0000091306,None,0.182,0.329,0.003,0.256,0.013,0
FRD_00003952,CUST_00000133,TXN_0000012549,None,0.161,0.266,0.003,0.271,0.0,0
FRD_00003953,CUST_00000795,TXN_0000075366,None,0.177,0.286,0.044,0.272,0.003,0
FRD_00003954,CUST_00000714,TXN_0000067626,None,0.076,0.103,0.067,0.066,0.048,0
FRD_00003955,CUST_00000525,TXN_0000049706,None,0.203,0.29,0.382,0.099,0.003,0
FRD_00003956,CUST_00000076,TXN_0000007201,None,0.119,0.165,0.047,0.207,0.0,0
FRD_00003957,CUST_00000493,TXN_0000046684,None,0.132,0.219,0.089,0.074,0.096,0
FRD_00003958,CUST_00000724,TXN_0000068572,None,0.067,0.071,0.021,0.101,0.061,0
FRD_00003959,CUST_00000297,TXN_0000028158,None,0.141,0.151,0.227,0.17,0.001,0
FRD_00003960,CUST_00000095,TXN_0000008951,None,0.233,0.266,0.011,0.545,0.008,0
FRD_00003961,CUST_00000558,TXN_0000052795,None,0.165,0.101,0.001,0.471,0.061,0
FRD_00003962,CUST_00000054,TXN_0000005048,None,0.095,0.032,0.001,0.335,0.0,0
FRD_00003963,CUST_00000065,TXN_0000006106,None,0.168,0.275,0.014,0.055,0.276,0
FRD_00003964,CUST_00000904,TXN_0000085669,Account Takeover (ATO),0.346,0.874,0.067,0.099,0.011,1
FRD_00003965,CUST_00000173,TXN_0000016421,None,0.25,0.223,0.047,0.607,0.054,0
FRD_00003966,CUST_00000745,TXN_0000070587,None,0.063,0.166,0.0,0.013,0.007,0
FRD_00003967,CUST_00000025,TXN_0000002350,None,0.078,0.147,0.051,0.067,0.0,0
FRD_00003968,CUST_00000178,TXN_0000016885,None,0.118,0.2,0.052,0.068,0.104,0
FRD_00003969,CUST_00000669,TXN_0000063403,None,0.076,0.114,0.018,0.064,0.081,0
FRD_00003970,CUST_00000252,TXN_0000023869,None,0.21,0.225,0.038,0.494,0.0,0
FRD_00003971,CUST_00000997,TXN_0000094451,None,0.138,0.217,0.042,0.207,0.008,0
FRD_00003972,CUST_00000663,TXN_0000062751,None,0.197,0.201,0.001,0.506,0.0,0
FRD_00003973,CUST_00000544,TXN_0000051498,Card Not Present (CNP) Fraud,0.392,0.992,0.048,0.064,0.096,1
FRD_00003974,CUST_00000258,TXN_0000024391,None,0.04,0.048,0.003,0.051,0.049,0
FRD_00003975,CUST_00000405,TXN_0000038374,None,0.098,0.161,0.008,0.158,0.001,0
FRD_00003976,CUST_00000957,TXN_0000090621,None,0.126,0.286,0.001,0.092,0.012,0
FRD_00003977,CUST_00000934,TXN_0000088492,None,0.206,0.36,0.0,0.316,0.003,0
FRD_00003978,CUST_00000688,TXN_0000065220,None,0.138,0.198,0.0,0.27,0.007,0
FRD_00003979,CUST_00000364,TXN_0000034432,None,0.152,0.279,0.002,0.174,0.05,0
FRD_00003980,CUST_00000072,TXN_0000006808,None,0.13,0.286,0.014,0.081,0.032,0
FRD_00003981,CUST_00000836,TXN_0000079180,None,0.174,0.175,0.058,0.405,0.0,0
FRD_00003982,CUST_00000297,TXN_0000028077,None,0.236,0.084,0.392,0.492,0.027,0
FRD_00003983,CUST_00000787,TXN_0000074525,None,0.101,0.072,0.006,0.251,0.061,0
FRD_00003984,CUST_00000522,TXN_0000049468,None,0.054,0.117,0.008,0.047,0.001,0
FRD_00003985,CUST_00000561,TXN_0000053129,None,0.209,0.326,0.359,0.093,0.0,0
FRD_00003986,CUST_00000187,TXN_0000017690,None,0.058,0.082,0.002,0.097,0.022,0
FRD_00003987,CUST_00000915,TXN_0000086644,None,0.054,0.109,0.065,0.003,0.012,0
FRD_00003988,CUST_00000563,TXN_0000053290,None,0.183,0.299,0.092,0.057,0.231,0
FRD_00003989,CUST_00000821,TXN_0000077791,None,0.131,0.319,0.008,0.071,0.0,0
FRD_00003990,CUST_00000464,TXN_0000043941,None,0.195,0.275,0.015,0.213,0.211,0
FRD_00003991,CUST_00000008,TXN_0000000702,None,0.227,0.247,0.244,0.368,0.001,0
FRD_00003992,CUST_00000560,TXN_0000053012,None,0.07,0.101,0.013,0.128,0.0,0
FRD_00003993,CUST_00000131,TXN_0000012359,None,0.195,0.306,0.014,0.337,0.003,0
FRD_00003994,CUST_00000206,TXN_0000019469,None,0.097,0.198,0.066,0.052,0.007,0
FRD_00003995,CUST_00000344,TXN_0000032620,None,0.116,0.098,0.051,0.144,0.177,0
FRD_00003996,CUST_00000981,TXN_0000092888,None,0.109,0.166,0.002,0.174,0.036,0
FRD_00003997,CUST_00000392,TXN_0000037131,None,0.303,0.291,0.284,0.539,0.048,0
FRD_00003998,CUST_00000835,TXN_0000079070,None,0.128,0.308,0.057,0.035,0.002,0
FRD_00003999,CUST_00000377,TXN_0000035677,None,0.253,0.179,0.021,0.679,0.083,0
FRD_00004000,CUST_00000411,TXN_0000038950,None,0.169,0.231,0.054,0.202,0.136,0
FRD_00004001,CUST_00000262,TXN_0000024764,None,0.378,0.344,0.296,0.609,0.23,0
FRD_00004002,CUST_00000831,TXN_0000078699,None,0.135,0.221,0.006,0.223,0.001,0
FRD_00004003,CUST_00000947,TXN_0000089718,None,0.166,0.304,0.02,0.193,0.035,0
FRD_00004004,CUST_00000671,TXN_0000063545,None,0.142,0.195,0.05,0.253,0.0,0
FRD_00004005,CUST_00000774,TXN_0000073346,None,0.064,0.027,0.125,0.118,0.0,0
FRD_00004006,CUST_00000283,TXN_0000026830,None,0.07,0.138,0.085,0.004,0.017,0
FRD_00004007,CUST_00000105,TXN_0000009909,None,0.156,0.101,0.002,0.443,0.048,0
FRD_00004008,CUST_00000989,TXN_0000093678,None,0.128,0.214,0.001,0.21,0.0,0
FRD_00004009,CUST_00000712,TXN_0000067448,None,0.234,0.193,0.094,0.569,0.026,0
FRD_00004010,CUST_00000858,TXN_0000081238,None,0.098,0.197,0.041,0.075,0.008,0
FRD_00004011,CUST_00000362,TXN_0000034237,None,0.175,0.109,0.139,0.424,0.017,0
FRD_00004012,CUST_00000396,TXN_0000037458,None,0.145,0.239,0.014,0.232,0.004,0
FRD_00004013,CUST_00000370,TXN_0000035052,None,0.201,0.253,0.158,0.298,0.03,0
FRD_00004014,CUST_00000678,TXN_0000064221,None,0.173,0.208,0.284,0.059,0.141,0
FRD_00004015,CUST_00000025,TXN_0000002300,None,0.054,0.126,0.029,0.013,0.003,0
FRD_00004016,CUST_00000781,TXN_0000074036,None,0.139,0.348,0.006,0.064,0.0,0
FRD_00004017,CUST_00000240,TXN_0000022664,None,0.329,0.235,0.124,0.886,0.002,0
FRD_00004018,CUST_00000710,TXN_0000067273,None,0.15,0.238,0.039,0.236,0.001,0
FRD_00004019,CUST_00000121,TXN_0000011406,None,0.222,0.286,0.215,0.304,0.012,0
FRD_00004020,CUST_00000323,TXN_0000030606,None,0.129,0.22,0.0,0.118,0.111,0
FRD_00004021,CUST_00000419,TXN_0000039720,None,0.126,0.293,0.031,0.067,0.0,0
FRD_00004022,CUST_00000570,TXN_0000053931,None,0.234,0.19,0.45,0.305,0.006,0
FRD_00004023,CUST_00000085,TXN_0000008028,None,0.104,0.239,0.078,0.019,0.0,0
FRD_00004024,CUST_00000544,TXN_0000051562,Identity Theft / Synthetic ID,0.433,0.946,0.21,0.188,0.066,1
FRD_00004025,CUST_00000247,TXN_0000023340,None,0.072,0.153,0.007,0.004,0.079,0
FRD_00004026,CUST_00000809,TXN_0000076633,None,0.139,0.151,0.131,0.222,0.022,0
FRD_00004027,CUST_00000232,TXN_0000021996,Card Not Present (CNP) Fraud,0.36,0.869,0.14,0.044,0.085,1
FRD_00004028,CUST_00000231,TXN_0000021844,None,0.201,0.064,0.311,0.062,0.503,0
FRD_00004029,CUST_00000304,TXN_0000028763,None,0.127,0.135,0.024,0.298,0.002,0
FRD_00004030,CUST_00000139,TXN_0000013155,None,0.14,0.334,0.004,0.087,0.001,0
FRD_00004031,CUST_00000035,TXN_0000003305,None,0.116,0.142,0.071,0.209,0.001,0
FRD_00004032,CUST_00000866,TXN_0000081987,None,0.117,0.17,0.015,0.181,0.046,0
FRD_00004033,CUST_00000856,TXN_0000081050,None,0.14,0.174,0.0,0.296,0.027,0
FRD_00004034,CUST_00000624,TXN_0000059131,None,0.115,0.206,0.06,0.079,0.058,0
FRD_00004035,CUST_00000946,TXN_0000089599,None,0.153,0.178,0.171,0.226,0.0,0
FRD_00004036,CUST_00000440,TXN_0000041653,None,0.199,0.232,0.058,0.025,0.5,0
FRD_00004037,CUST_00000938,TXN_0000088842,None,0.132,0.273,0.084,0.019,0.075,0
FRD_00004038,CUST_00000567,TXN_0000053659,None,0.15,0.16,0.049,0.334,0.003,0
FRD_00004039,CUST_00000091,TXN_0000008570,None,0.127,0.183,0.075,0.177,0.018,0
FRD_00004040,CUST_00000068,TXN_0000006400,None,0.066,0.105,0.087,0.041,0.01,0
FRD_00004041,CUST_00000883,TXN_0000083599,None,0.12,0.12,0.128,0.007,0.252,0
FRD_00004042,CUST_00000276,TXN_0000026102,None,0.1,0.178,0.009,0.13,0.019,0
FRD_00004043,CUST_00000758,TXN_0000071857,None,0.254,0.318,0.002,0.539,0.04,0
FRD_00004044,CUST_00000407,TXN_0000038497,None,0.104,0.104,0.075,0.208,0.001,0
FRD_00004045,CUST_00000842,TXN_0000079788,None,0.17,0.257,0.089,0.168,0.101,0
FRD_00004046,CUST_00000198,TXN_0000018780,None,0.147,0.299,0.005,0.133,0.042,0
FRD_00004047,CUST_00000977,TXN_0000092538,None,0.117,0.199,0.021,0.059,0.142,0
FRD_00004048,CUST_00000405,TXN_0000038318,None,0.203,0.219,0.19,0.253,0.123,0
FRD_00004049,CUST_00000407,TXN_0000038525,None,0.069,0.133,0.074,0.021,0.013,0
FRD_00004050,CUST_00000009,TXN_0000000785,None,0.123,0.256,0.056,0.081,0.008,0
FRD_00004051,CUST_00000289,TXN_0000027390,None,0.122,0.318,0.016,0.026,0.006,0
FRD_00004052,CUST_00000605,TXN_0000057313,None,0.127,0.133,0.248,0.123,0.0,0
FRD_00004053,CUST_00000956,TXN_0000090531,None,0.178,0.322,0.001,0.26,0.0,0
FRD_00004054,CUST_00000473,TXN_0000044804,None,0.101,0.273,0.01,0.009,0.006,0
FRD_00004055,CUST_00000585,TXN_0000055348,None,0.125,0.18,0.097,0.169,0.003,0
FRD_00004056,CUST_00000142,TXN_0000013481,None,0.132,0.125,0.023,0.321,0.016,0
FRD_00004057,CUST_00000894,TXN_0000084637,None,0.221,0.304,0.0,0.45,0.012,0
FRD_00004058,CUST_00000112,TXN_0000010580,None,0.227,0.35,0.035,0.388,0.001,0
FRD_00004059,CUST_00000189,TXN_0000017928,None,0.102,0.178,0.066,0.062,0.056,0
FRD_00004060,CUST_00000809,TXN_0000076609,None,0.102,0.248,0.001,0.026,0.045,0
FRD_00004061,CUST_00000566,TXN_0000053561,UPI Phishing / Collect Request Fraud,0.368,0.985,0.002,0.093,0.0,1
FRD_00004062,CUST_00000793,TXN_0000075091,Identity Theft / Synthetic ID,0.618,1.0,0.271,0.781,0.091,1
FRD_00004063,CUST_00000553,TXN_0000052344,None,0.156,0.139,0.051,0.138,0.311,0
FRD_00004064,CUST_00000354,TXN_0000033516,None,0.204,0.022,0.091,0.09,0.78,0
FRD_00004065,CUST_00000647,TXN_0000061320,None,0.108,0.206,0.068,0.087,0.002,0
FRD_00004066,CUST_00000222,TXN_0000021011,None,0.093,0.165,0.002,0.138,0.0,0
FRD_00004067,CUST_00000193,TXN_0000018339,None,0.14,0.218,0.017,0.241,0.001,0
FRD_00004068,CUST_00000093,TXN_0000008822,None,0.207,0.235,0.115,0.391,0.02,0
FRD_00004069,CUST_00000530,TXN_0000050220,None,0.103,0.241,0.027,0.049,0.005,0
FRD_00004070,CUST_00000754,TXN_0000071457,None,0.123,0.203,0.003,0.201,0.006,0
FRD_00004071,CUST_00000449,TXN_0000042555,None,0.146,0.125,0.0,0.359,0.064,0
FRD_00004072,CUST_00000221,TXN_0000020897,None,0.104,0.119,0.211,0.08,0.0,0
FRD_00004073,CUST_00000782,TXN_0000074079,None,0.165,0.325,0.095,0.082,0.06,0
FRD_00004074,CUST_00000604,TXN_0000057244,None,0.166,0.072,0.002,0.56,0.0,0
FRD_00004075,CUST_00000910,TXN_0000086163,None,0.141,0.262,0.188,0.011,0.047,0
FRD_00004076,CUST_00000324,TXN_0000030662,None,0.082,0.187,0.0,0.059,0.01,0
FRD_00004077,CUST_00000551,TXN_0000052193,None,0.152,0.179,0.25,0.123,0.045,0
FRD_00004078,CUST_00000425,TXN_0000040256,None,0.063,0.143,0.023,0.029,0.006,0
FRD_00004079,CUST_00000501,TXN_0000047495,None,0.098,0.107,0.064,0.181,0.01,0
FRD_00004080,CUST_00000631,TXN_0000059753,None,0.099,0.16,0.068,0.062,0.071,0
FRD_00004081,CUST_00000837,TXN_0000079251,None,0.256,0.266,0.037,0.568,0.067,0
FRD_00004082,CUST_00000729,TXN_0000069031,None,0.216,0.266,0.426,0.049,0.126,0
FRD_00004083,CUST_00000906,TXN_0000085844,None,0.269,0.361,0.24,0.359,0.022,0
FRD_00004084,CUST_00000475,TXN_0000045015,None,0.116,0.22,0.144,0.041,0.001,0
FRD_00004085,CUST_00000227,TXN_0000021505,None,0.124,0.183,0.029,0.212,0.008,0
FRD_00004086,CUST_00000895,TXN_0000084746,None,0.146,0.157,0.001,0.203,0.201,0
FRD_00004087,CUST_00000069,TXN_0000006502,None,0.162,0.094,0.073,0.445,0.016,0
FRD_00004088,CUST_00000049,TXN_0000004594,Velocity / Rapid Drain Attack,0.409,0.965,0.175,0.141,0.005,1
FRD_00004089,CUST_00000108,TXN_0000010240,None,0.191,0.209,0.205,0.207,0.124,0
FRD_00004090,CUST_00000631,TXN_0000059754,None,0.092,0.138,0.172,0.018,0.024,0
FRD_00004091,CUST_00000895,TXN_0000084750,None,0.176,0.202,0.036,0.369,0.03,0
FRD_00004092,CUST_00000488,TXN_0000046181,None,0.087,0.03,0.0,0.308,0.0,0
FRD_00004093,CUST_00000517,TXN_0000048937,None,0.166,0.28,0.115,0.172,0.01,0
FRD_00004094,CUST_00000998,TXN_0000094530,None,0.136,0.235,0.021,0.171,0.033,0
FRD_00004095,CUST_00000018,TXN_0000001685,None,0.092,0.03,0.058,0.274,0.006,0
FRD_00004096,CUST_00000366,TXN_0000034703,None,0.148,0.111,0.05,0.354,0.052,0
FRD_00004097,CUST_00000567,TXN_0000053661,None,0.066,0.028,0.056,0.116,0.078,0
FRD_00004098,CUST_00000971,TXN_0000091980,None,0.1,0.189,0.005,0.132,0.0,0
FRD_00004099,CUST_00000142,TXN_0000013416,None,0.092,0.192,0.104,0.016,0.002,0
FRD_00004100,CUST_00000534,TXN_0000050611,None,0.063,0.051,0.039,0.099,0.063,0
FRD_00004101,CUST_00000492,TXN_0000046555,None,0.092,0.12,0.204,0.034,0.005,0
FRD_00004102,CUST_00000656,TXN_0000062153,None,0.252,0.213,0.085,0.635,0.008,0
FRD_00004103,CUST_00000247,TXN_0000023368,None,0.176,0.318,0.161,0.054,0.094,0
FRD_00004104,CUST_00000010,TXN_0000000887,None,0.078,0.159,0.001,0.088,0.001,0
FRD_00004105,CUST_00000314,TXN_0000029706,None,0.118,0.265,0.0,0.019,0.103,0
FRD_00004106,CUST_00000936,TXN_0000088647,None,0.076,0.155,0.025,0.068,0.0,0
FRD_00004107,CUST_00000500,TXN_0000047339,None,0.162,0.243,0.071,0.202,0.063,0
FRD_00004108,CUST_00000693,TXN_0000065623,None,0.078,0.194,0.0,0.041,0.0,0
FRD_00004109,CUST_00000189,TXN_0000017955,None,0.23,0.306,0.015,0.481,0.0,0
FRD_00004110,CUST_00000785,TXN_0000074345,None,0.21,0.292,0.04,0.395,0.003,0
FRD_00004111,CUST_00000125,TXN_0000011847,None,0.24,0.304,0.007,0.445,0.107,0
FRD_00004112,CUST_00000849,TXN_0000080420,None,0.103,0.182,0.02,0.115,0.031,0
FRD_00004113,CUST_00000426,TXN_0000040322,None,0.108,0.172,0.054,0.118,0.037,0
FRD_00004114,CUST_00000332,TXN_0000031442,None,0.198,0.345,0.249,0.076,0.041,0
FRD_00004115,CUST_00000383,TXN_0000036285,None,0.136,0.13,0.033,0.007,0.413,0
FRD_00004116,CUST_00000506,TXN_0000047896,None,0.132,0.121,0.089,0.285,0.002,0
FRD_00004117,CUST_00000233,TXN_0000022024,None,0.134,0.206,0.247,0.044,0.005,0
FRD_00004118,CUST_00000845,TXN_0000080005,None,0.212,0.252,0.072,0.253,0.229,0
FRD_00004119,CUST_00000527,TXN_0000049942,None,0.141,0.173,0.006,0.168,0.185,0
FRD_00004120,CUST_00000798,TXN_0000075594,None,0.228,0.305,0.187,0.329,0.006,0
FRD_00004121,CUST_00000514,TXN_0000048663,None,0.148,0.249,0.0,0.245,0.0,0
FRD_00004122,CUST_00000160,TXN_0000015128,None,0.136,0.335,0.017,0.0,0.075,0
FRD_00004123,CUST_00000730,TXN_0000069092,None,0.078,0.049,0.001,0.022,0.278,0
FRD_00004124,CUST_00000842,TXN_0000079771,None,0.084,0.061,0.11,0.146,0.02,0
FRD_00004125,CUST_00000774,TXN_0000073322,None,0.29,0.271,0.129,0.638,0.051,0
FRD_00004126,CUST_00000223,TXN_0000021067,None,0.1,0.208,0.01,0.066,0.042,0
FRD_00004127,CUST_00000840,TXN_0000079555,None,0.212,0.265,0.122,0.314,0.083,0
FRD_00004128,CUST_00000590,TXN_0000055875,None,0.194,0.112,0.002,0.546,0.09,0
FRD_00004129,CUST_00000952,TXN_0000090165,None,0.127,0.251,0.026,0.134,0.0,0
FRD_00004130,CUST_00000398,TXN_0000037725,None,0.19,0.294,0.001,0.335,0.014,0
FRD_00004131,CUST_00000484,TXN_0000045851,None,0.148,0.145,0.046,0.333,0.022,0
FRD_00004132,CUST_00000688,TXN_0000065192,None,0.089,0.125,0.141,0.061,0.008,0
FRD_00004133,CUST_00000706,TXN_0000066879,None,0.191,0.216,0.169,0.324,0.001,0
FRD_00004134,CUST_00000214,TXN_0000020273,None,0.102,0.108,0.178,0.027,0.107,0
FRD_00004135,CUST_00000083,TXN_0000007842,None,0.193,0.359,0.001,0.191,0.096,0
FRD_00004136,CUST_00000809,TXN_0000076679,None,0.087,0.121,0.205,0.011,0.003,0
FRD_00004137,CUST_00000229,TXN_0000021654,None,0.257,0.333,0.002,0.453,0.132,0
FRD_00004138,CUST_00000344,TXN_0000032595,None,0.213,0.373,0.094,0.255,0.0,0
FRD_00004139,CUST_00000892,TXN_0000084514,None,0.096,0.132,0.07,0.129,0.019,0
FRD_00004140,CUST_00000997,TXN_0000094427,None,0.217,0.361,0.016,0.275,0.095,0
FRD_00004141,CUST_00001000,TXN_0000094702,None,0.195,0.181,0.411,0.113,0.106,0
FRD_00004142,CUST_00000566,TXN_0000053537,UPI Phishing / Collect Request Fraud,0.503,0.855,0.095,0.722,0.019,1
FRD_00004143,CUST_00000153,TXN_0000014480,Identity Theft / Synthetic ID,0.419,0.916,0.038,0.335,0.037,1
FRD_00004144,CUST_00000806,TXN_0000076352,None,0.178,0.192,0.276,0.092,0.164,0
FRD_00004145,CUST_00000503,TXN_0000047678,None,0.094,0.157,0.166,0.019,0.007,0
FRD_00004146,CUST_00000410,TXN_0000038777,None,0.104,0.169,0.107,0.074,0.023,0
FRD_00004147,CUST_00000068,TXN_0000006393,None,0.15,0.396,0.022,0.02,0.009,0
FRD_00004148,CUST_00000865,TXN_0000081896,None,0.173,0.246,0.41,0.013,0.008,0
FRD_00004149,CUST_00000154,TXN_0000014562,None,0.129,0.168,0.141,0.135,0.039,0
FRD_00004150,CUST_00000577,TXN_0000054659,None,0.093,0.168,0.004,0.128,0.007,0
FRD_00004151,CUST_00000386,TXN_0000036551,None,0.155,0.146,0.113,0.324,0.0,0
FRD_00004152,CUST_00000561,TXN_0000053068,None,0.095,0.185,0.097,0.044,0.0,0
FRD_00004153,CUST_00000664,TXN_0000062927,None,0.131,0.305,0.02,0.082,0.001,0
FRD_00004154,CUST_00000150,TXN_0000014216,None,0.043,0.083,0.005,0.053,0.001,0
FRD_00004155,CUST_00000700,TXN_0000066270,None,0.126,0.26,0.046,0.018,0.104,0
FRD_00004156,CUST_00000713,TXN_0000067553,None,0.08,0.076,0.0,0.213,0.0,0
FRD_00004157,CUST_00000281,TXN_0000026633,None,0.195,0.187,0.05,0.462,0.019,0
FRD_00004158,CUST_00000517,TXN_0000049013,None,0.342,0.172,0.431,0.705,0.098,0
FRD_00004159,CUST_00000145,TXN_0000013757,None,0.17,0.288,0.014,0.263,0.001,0
FRD_00004160,CUST_00000183,TXN_0000017365,None,0.105,0.197,0.016,0.058,0.09,0
FRD_00004161,CUST_00000005,TXN_0000000424,None,0.112,0.151,0.003,0.216,0.021,0
FRD_00004162,CUST_00000897,TXN_0000084956,None,0.085,0.176,0.018,0.079,0.0,0
FRD_00004163,CUST_00000912,TXN_0000086396,None,0.179,0.175,0.004,0.468,0.0,0
FRD_00004164,CUST_00000999,TXN_0000094568,None,0.128,0.289,0.026,0.011,0.093,0
FRD_00004165,CUST_00000513,TXN_0000048574,None,0.108,0.155,0.134,0.044,0.079,0
FRD_00004166,CUST_00000927,TXN_0000087787,None,0.085,0.197,0.001,0.062,0.004,0
FRD_00004167,CUST_00000402,TXN_0000038069,None,0.12,0.247,0.04,0.104,0.0,0
FRD_00004168,CUST_00000831,TXN_0000078707,None,0.124,0.081,0.016,0.336,0.044,0
FRD_00004169,CUST_00000248,TXN_0000023434,None,0.176,0.372,0.01,0.174,0.0,0
FRD_00004170,CUST_00000332,TXN_0000031483,None,0.099,0.21,0.003,0.096,0.003,0
FRD_00004171,CUST_00000916,TXN_0000086734,None,0.072,0.185,0.006,0.016,0.008,0
FRD_00004172,CUST_00000703,TXN_0000066592,None,0.159,0.272,0.165,0.087,0.045,0
FRD_00004173,CUST_00000530,TXN_0000050215,None,0.3,0.373,0.0,0.676,0.001,0
FRD_00004174,CUST_00000390,TXN_0000036909,None,0.182,0.252,0.124,0.087,0.238,0
FRD_00004175,CUST_00000726,TXN_0000068769,None,0.152,0.087,0.286,0.224,0.043,0
FRD_00004176,CUST_00000766,TXN_0000072523,None,0.164,0.153,0.032,0.384,0.04,0
FRD_00004177,CUST_00000755,TXN_0000071545,None,0.146,0.082,0.023,0.229,0.275,0
FRD_00004178,CUST_00000292,TXN_0000027588,None,0.129,0.336,0.003,0.033,0.014,0
FRD_00004179,CUST_00000627,TXN_0000059390,None,0.222,0.268,0.014,0.486,0.018,0
FRD_00004180,CUST_00000809,TXN_0000076654,None,0.109,0.232,0.067,0.033,0.033,0
FRD_00004181,CUST_00000450,TXN_0000042562,None,0.2,0.233,0.003,0.471,0.002,0
FRD_00004182,CUST_00000947,TXN_0000089741,None,0.176,0.063,0.001,0.616,0.001,0
FRD_00004183,CUST_00000903,TXN_0000085517,None,0.148,0.301,0.112,0.082,0.001,0
FRD_00004184,CUST_00000749,TXN_0000070932,Account Takeover (ATO),0.439,0.889,0.069,0.423,0.043,1
FRD_00004185,CUST_00000938,TXN_0000088880,None,0.12,0.198,0.046,0.167,0.0,0
FRD_00004186,CUST_00000991,TXN_0000093825,None,0.139,0.258,0.0,0.119,0.093,0
FRD_00004187,CUST_00000717,TXN_0000067874,None,0.062,0.096,0.042,0.081,0.0,0
FRD_00004188,CUST_00000528,TXN_0000049960,None,0.121,0.068,0.04,0.356,0.0,0
FRD_00004189,CUST_00000849,TXN_0000080435,None,0.2,0.318,0.301,0.109,0.005,0
FRD_00004190,CUST_00000949,TXN_0000089881,None,0.201,0.311,0.022,0.286,0.083,0
FRD_00004191,CUST_00000268,TXN_0000025350,UPI Phishing / Collect Request Fraud,0.462,0.993,0.001,0.454,0.005,1
FRD_00004192,CUST_00000525,TXN_0000049713,None,0.129,0.128,0.04,0.231,0.092,0
FRD_00004193,CUST_00000791,TXN_0000074943,None,0.155,0.146,0.123,0.314,0.003,0
FRD_00004194,CUST_00000983,TXN_0000093059,None,0.282,0.185,0.433,0.518,0.007,0
FRD_00004195,CUST_00000397,TXN_0000037615,None,0.164,0.246,0.05,0.248,0.028,0
FRD_00004196,CUST_00000302,TXN_0000028602,None,0.169,0.216,0.139,0.262,0.001,0
FRD_00004197,CUST_00000425,TXN_0000040241,None,0.198,0.14,0.313,0.347,0.0,0
FRD_00004198,CUST_00000072,TXN_0000006760,None,0.202,0.281,0.157,0.23,0.073,0
FRD_00004199,CUST_00000410,TXN_0000038776,None,0.182,0.062,0.003,0.599,0.048,0
FRD_00004200,CUST_00000016,TXN_0000001453,None,0.277,0.277,0.004,0.691,0.03,0
FRD_00004201,CUST_00000459,TXN_0000043496,Identity Theft / Synthetic ID,0.343,0.919,0.014,0.027,0.059,1
FRD_00004202,CUST_00000232,TXN_0000021930,Account Takeover (ATO),0.352,0.958,0.002,0.049,0.019,1
FRD_00004203,CUST_00000053,TXN_0000004942,None,0.14,0.163,0.005,0.327,0.0,0
FRD_00004204,CUST_00000592,TXN_0000056014,None,0.095,0.175,0.011,0.125,0.002,0
FRD_00004205,CUST_00000664,TXN_0000062943,None,0.143,0.336,0.015,0.087,0.003,0
FRD_00004206,CUST_00000807,TXN_0000076488,None,0.217,0.143,0.024,0.52,0.162,0
FRD_00004207,CUST_00000845,TXN_0000080086,None,0.175,0.203,0.001,0.407,0.012,0
FRD_00004208,CUST_00000179,TXN_0000017003,None,0.173,0.304,0.26,0.029,0.038,0
FRD_00004209,CUST_00000712,TXN_0000067418,None,0.176,0.121,0.305,0.29,0.0,0
FRD_00004210,CUST_00000684,TXN_0000064833,Identity Theft / Synthetic ID,0.317,0.853,0.064,0.019,0.006,1
FRD_00004211,CUST_00000469,TXN_0000044399,None,0.064,0.064,0.045,0.124,0.008,0
FRD_00004212,CUST_00000302,TXN_0000028592,None,0.172,0.275,0.188,0.085,0.084,0
FRD_00004213,CUST_00000311,TXN_0000029430,None,0.118,0.247,0.028,0.105,0.0,0
FRD_00004214,CUST_00000148,TXN_0000013971,None,0.226,0.344,0.0,0.418,0.007,0
FRD_00004215,CUST_00000893,TXN_0000084552,None,0.239,0.241,0.078,0.355,0.251,0
FRD_00004216,CUST_00000862,TXN_0000081663,None,0.119,0.104,0.322,0.056,0.02,0
FRD_00004217,CUST_00000071,TXN_0000006668,None,0.166,0.22,0.002,0.297,0.072,0
FRD_00004218,CUST_00000229,TXN_0000021669,None,0.15,0.32,0.015,0.119,0.025,0
FRD_00004219,CUST_00000564,TXN_0000053423,None,0.059,0.032,0.036,0.156,0.006,0
FRD_00004220,CUST_00000960,TXN_0000090953,None,0.123,0.147,0.182,0.129,0.013,0
FRD_00004221,CUST_00000532,TXN_0000050390,None,0.125,0.034,0.16,0.325,0.001,0
FRD_00004222,CUST_00000362,TXN_0000034323,None,0.122,0.095,0.182,0.164,0.055,0
FRD_00004223,CUST_00000346,TXN_0000032808,None,0.048,0.114,0.0,0.026,0.006,0
FRD_00004224,CUST_00000607,TXN_0000057522,None,0.163,0.202,0.029,0.333,0.015,0
FRD_00004225,CUST_00000135,TXN_0000012751,None,0.173,0.132,0.016,0.488,0.01,0
FRD_00004226,CUST_00000817,TXN_0000077355,None,0.214,0.301,0.007,0.428,0.0,0
FRD_00004227,CUST_00000164,TXN_0000015571,None,0.236,0.276,0.02,0.543,0.0,0
FRD_00004228,CUST_00000717,TXN_0000067956,None,0.166,0.293,0.004,0.251,0.001,0
FRD_00004229,CUST_00000586,TXN_0000055438,None,0.126,0.293,0.07,0.031,0.01,0
FRD_00004230,CUST_00000909,TXN_0000086089,None,0.149,0.27,0.152,0.094,0.002,0
FRD_00004231,CUST_00000712,TXN_0000067466,None,0.132,0.211,0.049,0.175,0.025,0
FRD_00004232,CUST_00000140,TXN_0000013288,None,0.105,0.147,0.02,0.2,0.0,0
FRD_00004233,CUST_00000469,TXN_0000044433,None,0.141,0.14,0.2,0.203,0.006,0
FRD_00004234,CUST_00000017,TXN_0000001544,None,0.038,0.101,0.0,0.012,0.0,0
FRD_00004235,CUST_00000650,TXN_0000061617,None,0.077,0.096,0.045,0.112,0.034,0
FRD_00004236,CUST_00000583,TXN_0000055168,None,0.126,0.23,0.007,0.176,0.001,0
FRD_00004237,CUST_00000487,TXN_0000046101,None,0.144,0.245,0.0,0.227,0.008,0
FRD_00004238,CUST_00000153,TXN_0000014469,UPI Phishing / Collect Request Fraud,0.398,0.947,0.257,0.052,0.01,1
FRD_00004239,CUST_00000534,TXN_0000050550,None,0.161,0.277,0.03,0.151,0.1,0
FRD_00004240,CUST_00000754,TXN_0000071482,None,0.108,0.123,0.3,0.018,0.002,0
FRD_00004241,CUST_00000898,TXN_0000085096,None,0.091,0.099,0.244,0.02,0.011,0
FRD_00004242,CUST_00000239,TXN_0000022584,None,0.256,0.34,0.185,0.37,0.036,0
FRD_00004243,CUST_00000486,TXN_0000045990,None,0.174,0.237,0.02,0.326,0.026,0
FRD_00004244,CUST_00000598,TXN_0000056685,None,0.136,0.246,0.001,0.198,0.003,0
FRD_00004245,CUST_00000765,TXN_0000072478,None,0.112,0.143,0.032,0.124,0.121,0
FRD_00004246,CUST_00000743,TXN_0000070425,None,0.104,0.176,0.006,0.16,0.004,0
FRD_00004247,CUST_00000687,TXN_0000065087,None,0.114,0.236,0.062,0.071,0.004,0
FRD_00004248,CUST_00000707,TXN_0000066947,None,0.113,0.182,0.008,0.191,0.0,0
FRD_00004249,CUST_00000226,TXN_0000021365,None,0.144,0.21,0.148,0.106,0.07,0
FRD_00004250,CUST_00000082,TXN_0000007757,None,0.11,0.145,0.031,0.164,0.06,0
FRD_00004251,CUST_00000061,TXN_0000005785,None,0.106,0.154,0.103,0.115,0.014,0
FRD_00004252,CUST_00000869,TXN_0000082257,None,0.084,0.211,0.008,0.03,0.003,0
FRD_00004253,CUST_00000091,TXN_0000008564,None,0.256,0.261,0.195,0.349,0.19,0
FRD_00004254,CUST_00000754,TXN_0000071472,None,0.255,0.136,0.158,0.683,0.027,0
FRD_00004255,CUST_00000374,TXN_0000035413,None,0.108,0.138,0.051,0.177,0.025,0
FRD_00004256,CUST_00000268,TXN_0000025362,Account Takeover (ATO),0.463,0.851,0.549,0.223,0.0,1
FRD_00004257,CUST_00000501,TXN_0000047455,None,0.062,0.118,0.031,0.056,0.001,0
FRD_00004258,CUST_00000124,TXN_0000011763,None,0.126,0.226,0.04,0.156,0.001,0
FRD_00004259,CUST_00000360,TXN_0000034054,Identity Theft / Synthetic ID,0.483,0.913,0.111,0.439,0.155,1
FRD_00004260,CUST_00000255,TXN_0000024151,None,0.104,0.112,0.158,0.124,0.009,0
FRD_00004261,CUST_00000218,TXN_0000020622,None,0.224,0.287,0.01,0.291,0.242,0
FRD_00004262,CUST_00000812,TXN_0000076891,None,0.203,0.327,0.155,0.153,0.094,0
FRD_00004263,CUST_00000308,TXN_0000029178,None,0.336,0.199,0.348,0.781,0.008,0
FRD_00004264,CUST_00000399,TXN_0000037746,None,0.174,0.238,0.035,0.084,0.314,0
FRD_00004265,CUST_00000661,TXN_0000062617,None,0.13,0.098,0.058,0.33,0.008,0
FRD_00004266,CUST_00000094,TXN_0000008843,None,0.108,0.201,0.006,0.139,0.011,0
FRD_00004267,CUST_00000130,TXN_0000012270,None,0.163,0.288,0.072,0.179,0.013,0
FRD_00004268,CUST_00000467,TXN_0000044203,None,0.132,0.152,0.178,0.166,0.006,0
FRD_00004269,CUST_00000660,TXN_0000062541,None,0.152,0.283,0.1,0.129,0.004,0
FRD_00004270,CUST_00000142,TXN_0000013452,None,0.053,0.049,0.072,0.086,0.001,0
FRD_00004271,CUST_00000820,TXN_0000077641,UPI Phishing / Collect Request Fraud,0.478,0.984,0.011,0.521,0.007,1
FRD_00004272,CUST_00000541,TXN_0000051280,None,0.093,0.233,0.001,0.045,0.002,0
FRD_00004273,CUST_00000747,TXN_0000070790,None,0.123,0.166,0.07,0.007,0.245,0
FRD_00004274,CUST_00000226,TXN_0000021424,None,0.107,0.137,0.001,0.165,0.086,0
FRD_00004275,CUST_00000083,TXN_0000007778,None,0.038,0.094,0.01,0.014,0.0,0
FRD_00004276,CUST_00000438,TXN_0000041481,None,0.146,0.363,0.096,0.0,0.001,0
FRD_00004277,CUST_00000530,TXN_0000050231,None,0.226,0.175,0.164,0.524,0.005,0
FRD_00004278,CUST_00000133,TXN_0000012587,None,0.265,0.254,0.128,0.486,0.144,0
FRD_00004279,CUST_00000875,TXN_0000082883,None,0.24,0.315,0.387,0.205,0.007,0
FRD_00004280,CUST_00000528,TXN_0000049989,None,0.22,0.241,0.466,0.01,0.2,0
FRD_00004281,CUST_00000150,TXN_0000014255,None,0.245,0.328,0.099,0.28,0.203,0
FRD_00004282,CUST_00000417,TXN_0000039496,None,0.108,0.13,0.108,0.127,0.044,0
FRD_00004283,CUST_00000348,TXN_0000032989,None,0.121,0.268,0.084,0.001,0.049,0
FRD_00004284,CUST_00000408,TXN_0000038643,None,0.107,0.182,0.057,0.026,0.128,0
FRD_00004285,CUST_00000084,TXN_0000007876,None,0.07,0.117,0.09,0.043,0.0,0
FRD_00004286,CUST_00000107,TXN_0000010079,None,0.119,0.139,0.178,0.123,0.021,0
FRD_00004287,CUST_00000550,TXN_0000052042,None,0.203,0.14,0.001,0.599,0.022,0
FRD_00004288,CUST_00000396,TXN_0000037476,None,0.083,0.16,0.031,0.033,0.061,0
FRD_00004289,CUST_00000740,TXN_0000070079,None,0.124,0.274,0.016,0.098,0.002,0
FRD_00004290,CUST_00000149,TXN_0000014138,None,0.199,0.377,0.044,0.018,0.27,0
FRD_00004291,CUST_00000928,TXN_0000087939,None,0.07,0.118,0.011,0.106,0.001,0
FRD_00004292,CUST_00000195,TXN_0000018503,UPI Phishing / Collect Request Fraud,0.402,0.919,0.017,0.301,0.011,1
FRD_00004293,CUST_00000122,TXN_0000011505,None,0.106,0.199,0.043,0.11,0.0,0
FRD_00004294,CUST_00000620,TXN_0000058730,None,0.206,0.143,0.006,0.618,0.0,0
FRD_00004295,CUST_00000702,TXN_0000066512,None,0.056,0.061,0.024,0.116,0.006,0
FRD_00004296,CUST_00000148,TXN_0000014030,None,0.206,0.287,0.03,0.398,0.0,0
FRD_00004297,CUST_00000981,TXN_0000092883,None,0.14,0.124,0.222,0.207,0.0,0
FRD_00004298,CUST_00000116,TXN_0000010956,None,0.223,0.238,0.355,0.101,0.218,0
FRD_00004299,CUST_00000064,TXN_0000006017,None,0.219,0.189,0.176,0.345,0.157,0
FRD_00004300,CUST_00000587,TXN_0000055571,None,0.112,0.2,0.017,0.148,0.006,0
FRD_00004301,CUST_00000876,TXN_0000082926,None,0.079,0.133,0.067,0.077,0.0,0
FRD_00004302,CUST_00000844,TXN_0000079982,None,0.213,0.21,0.243,0.126,0.299,0
FRD_00004303,CUST_00000980,TXN_0000092830,None,0.063,0.142,0.015,0.035,0.009,0
FRD_00004304,CUST_00000353,TXN_0000033424,None,0.09,0.143,0.0,0.128,0.04,0
FRD_00004305,CUST_00000658,TXN_0000062361,None,0.094,0.223,0.032,0.038,0.0,0
FRD_00004306,CUST_00000113,TXN_0000010697,None,0.118,0.244,0.003,0.019,0.136,0
FRD_00004307,CUST_00000962,TXN_0000091129,None,0.089,0.118,0.027,0.168,0.0,0
FRD_00004308,CUST_00001000,TXN_0000094701,None,0.056,0.103,0.028,0.02,0.049,0
FRD_00004309,CUST_00000807,TXN_0000076490,None,0.184,0.323,0.13,0.18,0.001,0
FRD_00004310,CUST_00000196,TXN_0000018573,None,0.12,0.229,0.008,0.151,0.002,0
FRD_00004311,CUST_00000487,TXN_0000046136,None,0.17,0.273,0.005,0.289,0.005,0
FRD_00004312,CUST_00000791,TXN_0000074910,None,0.166,0.264,0.007,0.285,0.003,0
FRD_00004313,CUST_00000748,TXN_0000070895,None,0.196,0.293,0.034,0.316,0.039,0
FRD_00004314,CUST_00000282,TXN_0000026683,None,0.08,0.14,0.126,0.022,0.002,0
FRD_00004315,CUST_00000297,TXN_0000028087,None,0.14,0.116,0.346,0.12,0.002,0
FRD_00004316,CUST_00000125,TXN_0000011778,None,0.196,0.348,0.01,0.29,0.001,0
FRD_00004317,CUST_00000996,TXN_0000094351,Account Takeover (ATO),0.462,0.873,0.036,0.597,0.0,1
FRD_00004318,CUST_00000484,TXN_0000045881,None,0.193,0.172,0.043,0.413,0.106,0
FRD_00004319,CUST_00000722,TXN_0000068375,None,0.241,0.324,0.008,0.287,0.269,0
FRD_00004320,CUST_00000458,TXN_0000043354,None,0.097,0.123,0.149,0.037,0.075,0
FRD_00004321,CUST_00000390,TXN_0000036898,None,0.22,0.326,0.084,0.347,0.012,0
FRD_00004322,CUST_00000102,TXN_0000009661,None,0.091,0.042,0.277,0.074,0.011,0
FRD_00004323,CUST_00000115,TXN_0000010844,None,0.285,0.326,0.478,0.115,0.234,0
FRD_00004324,CUST_00000799,TXN_0000075687,None,0.076,0.165,0.052,0.024,0.008,0
FRD_00004325,CUST_00000383,TXN_0000036260,None,0.149,0.157,0.011,0.082,0.356,0
FRD_00004326,CUST_00000671,TXN_0000063524,None,0.143,0.213,0.0,0.267,0.011,0
FRD_00004327,CUST_00000907,TXN_0000085928,None,0.128,0.168,0.098,0.11,0.112,0
FRD_00004328,CUST_00000697,TXN_0000066000,None,0.153,0.18,0.329,0.098,0.0,0
FRD_00004329,CUST_00000403,TXN_0000038147,None,0.209,0.3,0.125,0.272,0.055,0
FRD_00004330,CUST_00000104,TXN_0000009837,None,0.1,0.162,0.042,0.136,0.004,0
FRD_00004331,CUST_00000294,TXN_0000027843,None,0.136,0.186,0.233,0.096,0.003,0
FRD_00004332,CUST_00000170,TXN_0000016114,None,0.087,0.093,0.003,0.201,0.017,0
FRD_00004333,CUST_00000970,TXN_0000091867,None,0.114,0.155,0.001,0.235,0.002,0
FRD_00004334,CUST_00000660,TXN_0000062562,None,0.184,0.254,0.0,0.382,0.0,0
FRD_00004335,CUST_00000035,TXN_0000003301,None,0.179,0.188,0.35,0.136,0.047,0
FRD_00004336,CUST_00000945,TXN_0000089535,None,0.18,0.108,0.133,0.423,0.05,0
FRD_00004337,CUST_00000194,TXN_0000018347,None,0.149,0.281,0.018,0.188,0.001,0
FRD_00004338,CUST_00000472,TXN_0000044757,None,0.276,0.359,0.01,0.536,0.074,0
FRD_00004339,CUST_00000265,TXN_0000025078,None,0.118,0.063,0.266,0.044,0.157,0
FRD_00004340,CUST_00000283,TXN_0000026828,None,0.17,0.184,0.298,0.185,0.0,0
FRD_00004341,CUST_00000986,TXN_0000093415,None,0.103,0.28,0.0,0.017,0.002,0
FRD_00004342,CUST_00000307,TXN_0000029057,None,0.229,0.374,0.132,0.133,0.191,0
FRD_00004343,CUST_00000708,TXN_0000067087,None,0.153,0.175,0.0,0.228,0.172,0
FRD_00004344,CUST_00000258,TXN_0000024356,None,0.303,0.236,0.479,0.412,0.108,0
FRD_00004345,CUST_00000691,TXN_0000065484,None,0.099,0.096,0.076,0.168,0.04,0
FRD_00004346,CUST_00000906,TXN_0000085832,None,0.115,0.214,0.011,0.152,0.002,0
FRD_00004347,CUST_00000216,TXN_0000020446,None,0.12,0.305,0.04,0.021,0.0,0
FRD_00004348,CUST_00000407,TXN_0000038562,None,0.096,0.259,0.002,0.018,0.0,0
FRD_00004349,CUST_00000546,TXN_0000051670,None,0.214,0.229,0.149,0.411,0.006,0
FRD_00004350,CUST_00000452,TXN_0000042754,None,0.084,0.106,0.016,0.168,0.009,0
FRD_00004351,CUST_00000992,TXN_0000093997,None,0.163,0.31,0.007,0.181,0.037,0
FRD_00004352,CUST_00000544,TXN_0000051534,Account Takeover (ATO),0.411,0.889,0.167,0.265,0.002,1
FRD_00004353,CUST_00000086,TXN_0000008127,None,0.258,0.295,0.248,0.174,0.307,0
FRD_00004354,CUST_00000372,TXN_0000035224,None,0.104,0.154,0.088,0.111,0.025,0
FRD_00004355,CUST_00000781,TXN_0000073996,None,0.149,0.156,0.088,0.121,0.234,0
FRD_00004356,CUST_00000867,TXN_0000082157,None,0.136,0.23,0.178,0.081,0.0,0
FRD_00004357,CUST_00000290,TXN_0000027478,None,0.141,0.161,0.122,0.24,0.0,0
FRD_00004358,CUST_00000968,TXN_0000091666,None,0.095,0.178,0.048,0.093,0.0,0
FRD_00004359,CUST_00000391,TXN_0000037021,None,0.165,0.23,0.197,0.152,0.038,0
FRD_00004360,CUST_00000296,TXN_0000028024,None,0.166,0.315,0.216,0.048,0.001,0
FRD_00004361,CUST_00000318,TXN_0000030128,None,0.092,0.028,0.007,0.312,0.014,0
FRD_00004362,CUST_00000636,TXN_0000060236,None,0.126,0.206,0.066,0.162,0.0,0
FRD_00004363,CUST_00000469,TXN_0000044395,None,0.109,0.31,0.002,0.0,0.0,0
FRD_00004364,CUST_00000391,TXN_0000036984,None,0.057,0.048,0.018,0.106,0.049,0
FRD_00004365,CUST_00000664,TXN_0000062894,None,0.238,0.199,0.207,0.406,0.128,0
FRD_00004366,CUST_00000149,TXN_0000014122,None,0.11,0.255,0.046,0.045,0.004,0
FRD_00004367,CUST_00000863,TXN_0000081729,None,0.14,0.109,0.005,0.387,0.019,0
FRD_00004368,CUST_00000461,TXN_0000043708,None,0.089,0.116,0.116,0.095,0.009,0
FRD_00004369,CUST_00000783,TXN_0000074211,None,0.149,0.287,0.004,0.094,0.122,0
FRD_00004370,CUST_00000578,TXN_0000054731,None,0.213,0.143,0.053,0.533,0.094,0
FRD_00004371,CUST_00000262,TXN_0000024795,None,0.146,0.23,0.061,0.181,0.041,0
FRD_00004372,CUST_00000347,TXN_0000032875,None,0.15,0.183,0.025,0.274,0.061,0
FRD_00004373,CUST_00000946,TXN_0000089574,None,0.211,0.214,0.451,0.059,0.158,0
FRD_00004374,CUST_00000947,TXN_0000089731,None,0.163,0.361,0.056,0.088,0.015,0
FRD_00004375,CUST_00000661,TXN_0000062603,None,0.127,0.114,0.003,0.223,0.153,0
FRD_00004376,CUST_00000386,TXN_0000036507,None,0.223,0.357,0.049,0.329,0.028,0
FRD_00004377,CUST_00000224,TXN_0000021218,None,0.111,0.204,0.059,0.046,0.08,0
FRD_00004378,CUST_00000694,TXN_0000065779,None,0.247,0.324,0.002,0.529,0.005,0
FRD_00004379,CUST_00000275,TXN_0000026052,None,0.134,0.216,0.035,0.201,0.007,0
FRD_00004380,CUST_00000981,TXN_0000092954,None,0.199,0.177,0.246,0.301,0.065,0
FRD_00004381,CUST_00000643,TXN_0000060873,None,0.125,0.148,0.156,0.166,0.001,0
FRD_00004382,CUST_00000224,TXN_0000021232,None,0.173,0.162,0.0,0.276,0.237,0
FRD_00004383,CUST_00000583,TXN_0000055220,None,0.125,0.236,0.144,0.052,0.004,0
FRD_00004384,CUST_00000367,TXN_0000034710,None,0.158,0.108,0.013,0.47,0.003,0
FRD_00004385,CUST_00000266,TXN_0000025171,None,0.158,0.175,0.036,0.355,0.005,0
FRD_00004386,CUST_00000421,TXN_0000039859,None,0.229,0.358,0.023,0.155,0.303,0
FRD_00004387,CUST_00000043,TXN_0000004008,None,0.073,0.104,0.067,0.071,0.029,0
FRD_00004388,CUST_00000991,TXN_0000093813,None,0.141,0.158,0.027,0.304,0.024,0
FRD_00004389,CUST_00000654,TXN_0000061918,None,0.138,0.249,0.016,0.021,0.212,0
FRD_00004390,CUST_00000969,TXN_0000091755,None,0.137,0.325,0.0,0.095,0.0,0
FRD_00004391,CUST_00000817,TXN_0000077425,None,0.235,0.307,0.301,0.089,0.225,0
FRD_00004392,CUST_00000736,TXN_0000069690,None,0.055,0.029,0.004,0.171,0.006,0
FRD_00004393,CUST_00000692,TXN_0000065555,None,0.15,0.272,0.056,0.17,0.003,0
FRD_00004394,CUST_00000166,TXN_0000015778,None,0.067,0.111,0.008,0.102,0.006,0
FRD_00004395,CUST_00000741,TXN_0000070214,None,0.109,0.066,0.01,0.322,0.016,0
FRD_00004396,CUST_00000946,TXN_0000089629,None,0.285,0.337,0.38,0.339,0.03,0
FRD_00004397,CUST_00000043,TXN_0000004023,None,0.212,0.281,0.08,0.342,0.059,0
FRD_00004398,CUST_00000459,TXN_0000043459,Account Takeover (ATO),0.407,0.94,0.103,0.167,0.078,1
FRD_00004399,CUST_00000844,TXN_0000079926,None,0.16,0.118,0.017,0.266,0.246,0
FRD_00004400,CUST_00000769,TXN_0000072804,None,0.158,0.284,0.217,0.048,0.016,0
FRD_00004401,CUST_00000450,TXN_0000042593,None,0.296,0.212,0.071,0.829,0.0,0
FRD_00004402,CUST_00000320,TXN_0000030350,None,0.147,0.367,0.026,0.053,0.0,0
FRD_00004403,CUST_00000460,TXN_0000043567,None,0.074,0.155,0.046,0.031,0.013,0
FRD_00004404,CUST_00000827,TXN_0000078384,None,0.049,0.039,0.069,0.082,0.005,0
FRD_00004405,CUST_00000706,TXN_0000066841,None,0.126,0.205,0.056,0.013,0.199,0
FRD_00004406,CUST_00000575,TXN_0000054416,None,0.151,0.267,0.021,0.162,0.063,0
FRD_00004407,CUST_00000564,TXN_0000053400,None,0.105,0.08,0.172,0.124,0.059,0
FRD_00004408,CUST_00000282,TXN_0000026722,None,0.123,0.248,0.11,0.055,0.002,0
FRD_00004409,CUST_00000499,TXN_0000047236,None,0.118,0.193,0.054,0.158,0.001,0
FRD_00004410,CUST_00000443,TXN_0000041935,None,0.159,0.237,0.364,0.005,0.01,0
FRD_00004411,CUST_00000557,TXN_0000052699,None,0.111,0.031,0.039,0.352,0.023,0
FRD_00004412,CUST_00000968,TXN_0000091650,None,0.088,0.238,0.011,0.008,0.001,0
FRD_00004413,CUST_00000919,TXN_0000087035,None,0.16,0.314,0.045,0.163,0.004,0
FRD_00004414,CUST_00000162,TXN_0000015348,None,0.028,0.046,0.002,0.046,0.001,0
FRD_00004415,CUST_00000874,TXN_0000082766,None,0.128,0.217,0.194,0.021,0.038,0
FRD_00004416,CUST_00000479,TXN_0000045391,None,0.142,0.247,0.028,0.142,0.072,0
FRD_00004417,CUST_00000610,TXN_0000057745,None,0.273,0.285,0.222,0.384,0.165,0
FRD_00004418,CUST_00000317,TXN_0000029989,None,0.15,0.137,0.2,0.116,0.167,0
FRD_00004419,CUST_00000685,TXN_0000064865,None,0.154,0.228,0.006,0.161,0.163,0
FRD_00004420,CUST_00000632,TXN_0000059865,None,0.136,0.201,0.001,0.26,0.0,0
FRD_00004421,CUST_00000036,TXN_0000003394,None,0.219,0.32,0.414,0.098,0.0,0
FRD_00004422,CUST_00000468,TXN_0000044296,None,0.096,0.239,0.026,0.03,0.0,0
FRD_00004423,CUST_00000507,TXN_0000048054,None,0.119,0.156,0.066,0.198,0.009,0
FRD_00004424,CUST_00000117,TXN_0000011097,None,0.118,0.071,0.151,0.059,0.242,0
FRD_00004425,CUST_00000055,TXN_0000005159,None,0.104,0.167,0.056,0.085,0.063,0
FRD_00004426,CUST_00000124,TXN_0000011688,None,0.139,0.214,0.142,0.143,0.001,0
FRD_00004427,CUST_00000549,TXN_0000052029,None,0.28,0.268,0.318,0.384,0.135,0
FRD_00004428,CUST_00000611,TXN_0000057846,None,0.199,0.131,0.391,0.294,0.008,0
FRD_00004429,CUST_00000088,TXN_0000008310,None,0.127,0.149,0.089,0.179,0.06,0
FRD_00004430,CUST_00000171,TXN_0000016189,None,0.182,0.204,0.006,0.368,0.087,0
FRD_00004431,CUST_00000596,TXN_0000056420,None,0.217,0.279,0.0,0.286,0.237,0
FRD_00004432,CUST_00000702,TXN_0000066531,None,0.13,0.109,0.022,0.351,0.0,0
FRD_00004433,CUST_00000938,TXN_0000088856,None,0.142,0.286,0.039,0.118,0.022,0
FRD_00004434,CUST_00000029,TXN_0000002728,None,0.158,0.283,0.06,0.185,0.001,0
FRD_00004435,CUST_00000866,TXN_0000082031,None,0.07,0.121,0.096,0.032,0.004,0
FRD_00004436,CUST_00000374,TXN_0000035460,None,0.156,0.292,0.237,0.002,0.028,0
FRD_00004437,CUST_00000613,TXN_0000058070,None,0.146,0.279,0.111,0.088,0.019,0
FRD_00004438,CUST_00000972,TXN_0000092084,None,0.128,0.258,0.098,0.063,0.012,0
FRD_00004439,CUST_00000250,TXN_0000023662,None,0.225,0.287,0.129,0.396,0.0,0
FRD_00004440,CUST_00000459,TXN_0000043504,Identity Theft / Synthetic ID,0.37,0.935,0.187,0.019,0.001,1
FRD_00004441,CUST_00000984,TXN_0000093231,None,0.088,0.101,0.018,0.185,0.015,0
FRD_00004442,CUST_00000957,TXN_0000090666,None,0.086,0.184,0.023,0.009,0.073,0
FRD_00004443,CUST_00000274,TXN_0000025914,None,0.077,0.119,0.002,0.14,0.0,0
FRD_00004444,CUST_00000961,TXN_0000091046,None,0.146,0.286,0.071,0.106,0.028,0
FRD_00004445,CUST_00000100,TXN_0000009435,None,0.167,0.202,0.029,0.264,0.122,0
FRD_00004446,CUST_00000024,TXN_0000002260,None,0.152,0.222,0.082,0.232,0.0,0
FRD_00004447,CUST_00000173,TXN_0000016387,None,0.206,0.202,0.04,0.509,0.0,0
FRD_00004448,CUST_00000800,TXN_0000075756,None,0.177,0.236,0.28,0.031,0.153,0
FRD_00004449,CUST_00000334,TXN_0000031613,None,0.156,0.059,0.029,0.22,0.372,0
FRD_00004450,CUST_00000878,TXN_0000083126,None,0.222,0.196,0.041,0.468,0.142,0
FRD_00004451,CUST_00000074,TXN_0000006934,None,0.156,0.271,0.054,0.192,0.013,0
FRD_00004452,CUST_00000221,TXN_0000020957,None,0.213,0.278,0.0,0.433,0.035,0
FRD_00004453,CUST_00000945,TXN_0000089470,None,0.225,0.2,0.079,0.469,0.111,0
FRD_00004454,CUST_00000225,TXN_0000021337,None,0.069,0.095,0.004,0.117,0.03,0
FRD_00004455,CUST_00000360,TXN_0000034047,UPI Phishing / Collect Request Fraud,0.457,0.914,0.214,0.363,0.02,1
FRD_00004456,CUST_00000948,TXN_0000089757,None,0.081,0.197,0.003,0.045,0.0,0
FRD_00004457,CUST_00000239,TXN_0000022600,None,0.128,0.165,0.018,0.136,0.162,0
FRD_00004458,CUST_00000456,TXN_0000043158,None,0.17,0.063,0.043,0.357,0.253,0
FRD_00004459,CUST_00000018,TXN_0000001671,None,0.164,0.198,0.021,0.216,0.183,0
FRD_00004460,CUST_00000358,TXN_0000033918,None,0.16,0.243,0.307,0.039,0.021,0
FRD_00004461,CUST_00000953,TXN_0000090267,None,0.106,0.097,0.232,0.103,0.001,0
FRD_00004462,CUST_00000845,TXN_0000080079,None,0.208,0.316,0.091,0.063,0.318,0
FRD_00004463,CUST_00000587,TXN_0000055565,None,0.153,0.317,0.069,0.112,0.002,0
FRD_00004464,CUST_00000123,TXN_0000011667,None,0.097,0.236,0.02,0.039,0.003,0
FRD_00004465,CUST_00000809,TXN_0000076586,None,0.226,0.265,0.011,0.396,0.158,0
FRD_00004466,CUST_00000974,TXN_0000092277,None,0.153,0.251,0.018,0.18,0.083,0
FRD_00004467,CUST_00000784,TXN_0000074278,None,0.119,0.224,0.093,0.058,0.035,0
FRD_00004468,CUST_00000807,TXN_0000076458,None,0.221,0.105,0.23,0.551,0.0,0
FRD_00004469,CUST_00000851,TXN_0000080565,None,0.241,0.252,0.264,0.256,0.179,0
FRD_00004470,CUST_00000640,TXN_0000060666,None,0.097,0.054,0.155,0.186,0.002,0
FRD_00004471,CUST_00000429,TXN_0000040628,None,0.18,0.203,0.135,0.017,0.388,0
FRD_00004472,CUST_00000904,TXN_0000085585,UPI Phishing / Collect Request Fraud,0.348,0.915,0.004,0.098,0.013,1
FRD_00004473,CUST_00000607,TXN_0000057524,None,0.125,0.169,0.064,0.026,0.231,0
FRD_00004474,CUST_00000796,TXN_0000075458,None,0.149,0.303,0.027,0.149,0.003,0
FRD_00004475,CUST_00000046,TXN_0000004344,None,0.224,0.265,0.029,0.501,0.0,0
FRD_00004476,CUST_00000875,TXN_0000082898,None,0.11,0.173,0.001,0.198,0.0,0
FRD_00004477,CUST_00000176,TXN_0000016704,None,0.153,0.219,0.034,0.028,0.315,0
FRD_00004478,CUST_00000611,TXN_0000057928,None,0.064,0.139,0.019,0.017,0.034,0
FRD_00004479,CUST_00000369,TXN_0000034964,None,0.182,0.236,0.405,0.075,0.0,0
FRD_00004480,CUST_00000456,TXN_0000043199,None,0.09,0.166,0.017,0.071,0.053,0
FRD_00004481,CUST_00000992,TXN_0000093993,None,0.139,0.326,0.094,0.023,0.0,0
FRD_00004482,CUST_00000250,TXN_0000023652,None,0.154,0.24,0.001,0.27,0.012,0
FRD_00004483,CUST_00000545,TXN_0000051593,None,0.07,0.165,0.005,0.043,0.001,0
FRD_00004484,CUST_00000096,TXN_0000009094,None,0.171,0.158,0.017,0.419,0.037,0
FRD_00004485,CUST_00000334,TXN_0000031681,None,0.162,0.229,0.177,0.185,0.001,0
FRD_00004486,CUST_00000745,TXN_0000070580,None,0.097,0.183,0.145,0.013,0.001,0
FRD_00004487,CUST_00000632,TXN_0000059919,None,0.234,0.31,0.512,0.003,0.114,0
FRD_00004488,CUST_00000850,TXN_0000080544,None,0.103,0.063,0.016,0.251,0.073,0
FRD_00004489,CUST_00000610,TXN_0000057792,None,0.098,0.172,0.002,0.149,0.0,0
FRD_00004490,CUST_00000876,TXN_0000082974,None,0.106,0.207,0.022,0.117,0.0,0
FRD_00004491,CUST_00000109,TXN_0000010291,None,0.149,0.205,0.003,0.242,0.079,0
FRD_00004492,CUST_00000923,TXN_0000087421,None,0.088,0.108,0.03,0.167,0.014,0
FRD_00004493,CUST_00000444,TXN_0000042077,None,0.287,0.287,0.352,0.39,0.092,0
FRD_00004494,CUST_00000926,TXN_0000087755,None,0.248,0.247,0.001,0.403,0.304,0
FRD_00004495,CUST_00000755,TXN_0000071486,None,0.165,0.305,0.151,0.111,0.0,0
FRD_00004496,CUST_00000526,TXN_0000049819,None,0.205,0.228,0.001,0.258,0.304,0
FRD_00004497,CUST_00000143,TXN_0000013573,None,0.236,0.29,0.408,0.212,0.0,0
FRD_00004498,CUST_00000665,TXN_0000062985,None,0.089,0.155,0.143,0.01,0.019,0
FRD_00004499,CUST_00000372,TXN_0000035181,None,0.159,0.345,0.081,0.078,0.012,0
FRD_00004500,CUST_00000625,TXN_0000059160,None,0.139,0.308,0.002,0.087,0.045,0
FRD_00004501,CUST_00000521,TXN_0000049333,Account Takeover (ATO),0.356,0.957,0.1,0.004,0.0,1
FRD_00004502,CUST_00000964,TXN_0000091295,None,0.081,0.08,0.005,0.208,0.0,0
FRD_00004503,CUST_00000277,TXN_0000026224,None,0.143,0.302,0.152,0.024,0.003,0
FRD_00004504,CUST_00000246,TXN_0000023324,None,0.217,0.354,0.278,0.1,0.064,0
FRD_00004505,CUST_00000515,TXN_0000048824,None,0.176,0.338,0.07,0.122,0.065,0
FRD_00004506,CUST_00000415,TXN_0000039336,None,0.211,0.151,0.01,0.614,0.012,0
FRD_00004507,CUST_00000183,TXN_0000017309,None,0.162,0.184,0.007,0.382,0.003,0
FRD_00004508,CUST_00000364,TXN_0000034449,None,0.132,0.243,0.004,0.186,0.0,0
FRD_00004509,CUST_00000432,TXN_0000040934,None,0.091,0.208,0.064,0.021,0.0,0
FRD_00004510,CUST_00000665,TXN_0000063040,None,0.206,0.11,0.071,0.415,0.25,0
FRD_00004511,CUST_00000713,TXN_0000067479,None,0.119,0.102,0.0,0.33,0.004,0
FRD_00004512,CUST_00000549,TXN_0000052016,None,0.126,0.162,0.004,0.275,0.001,0
FRD_00004513,CUST_00000307,TXN_0000029055,None,0.072,0.183,0.006,0.019,0.009,0
FRD_00004514,CUST_00000623,TXN_0000059063,None,0.098,0.049,0.211,0.143,0.015,0
FRD_00004515,CUST_00000142,TXN_0000013467,None,0.178,0.181,0.098,0.379,0.001,0
FRD_00004516,CUST_00000897,TXN_0000084981,None,0.145,0.177,0.152,0.138,0.091,0
FRD_00004517,CUST_00000125,TXN_0000011792,None,0.192,0.313,0.015,0.235,0.103,0
FRD_00004518,CUST_00000882,TXN_0000083514,None,0.073,0.131,0.036,0.067,0.015,0
FRD_00004519,CUST_00000461,TXN_0000043671,None,0.099,0.186,0.016,0.118,0.008,0
FRD_00004520,CUST_00000569,TXN_0000053891,None,0.097,0.112,0.023,0.168,0.055,0
FRD_00004521,CUST_00000689,TXN_0000065301,None,0.117,0.254,0.007,0.107,0.002,0
FRD_00004522,CUST_00000624,TXN_0000059097,None,0.155,0.114,0.006,0.457,0.0,0
FRD_00004523,CUST_00000642,TXN_0000060784,None,0.208,0.266,0.01,0.451,0.003,0
FRD_00004524,CUST_00000095,TXN_0000008960,None,0.117,0.154,0.09,0.122,0.072,0
FRD_00004525,CUST_00000422,TXN_0000039998,None,0.177,0.214,0.022,0.387,0.003,0
FRD_00004526,CUST_00000940,TXN_0000089024,None,0.125,0.21,0.102,0.125,0.0,0
FRD_00004527,CUST_00000991,TXN_0000093902,None,0.152,0.173,0.072,0.153,0.195,0
FRD_00004528,CUST_00000725,TXN_0000068721,None,0.28,0.309,0.12,0.44,0.189,0
FRD_00004529,CUST_00000344,TXN_0000032565,None,0.021,0.047,0.005,0.013,0.0,0
FRD_00004530,CUST_00000230,TXN_0000021812,None,0.213,0.319,0.205,0.241,0.001,0
FRD_00004531,CUST_00000227,TXN_0000021504,None,0.228,0.182,0.366,0.33,0.045,0
FRD_00004532,CUST_00000341,TXN_0000032277,None,0.091,0.169,0.003,0.119,0.005,0
FRD_00004533,CUST_00000489,TXN_0000046355,None,0.099,0.241,0.004,0.044,0.016,0
FRD_00004534,CUST_00000322,TXN_0000030511,None,0.179,0.297,0.03,0.204,0.09,0
FRD_00004535,CUST_00000243,TXN_0000023036,None,0.209,0.337,0.093,0.161,0.161,0
FRD_00004536,CUST_00000863,TXN_0000081743,None,0.124,0.207,0.024,0.186,0.002,0
FRD_00004537,CUST_00000609,TXN_0000057689,None,0.22,0.28,0.065,0.421,0.019,0
FRD_00004538,CUST_00000862,TXN_0000081606,None,0.089,0.154,0.003,0.111,0.035,0
FRD_00004539,CUST_00000506,TXN_0000047893,None,0.117,0.296,0.018,0.037,0.001,0
FRD_00004540,CUST_00000854,TXN_0000080905,None,0.139,0.23,0.023,0.189,0.034,0
FRD_00004541,CUST_00000843,TXN_0000079848,None,0.125,0.26,0.0,0.137,0.0,0
FRD_00004542,CUST_00000919,TXN_0000087040,None,0.224,0.285,0.077,0.39,0.057,0
FRD_00004543,CUST_00000419,TXN_0000039672,None,0.139,0.144,0.06,0.267,0.048,0
FRD_00004544,CUST_00000463,TXN_0000043831,None,0.159,0.317,0.021,0.075,0.123,0
FRD_00004545,CUST_00000308,TXN_0000029131,None,0.147,0.197,0.073,0.122,0.165,0
FRD_00004546,CUST_00000824,TXN_0000078061,None,0.274,0.306,0.195,0.511,0.0,0
FRD_00004547,CUST_00000622,TXN_0000058881,None,0.171,0.057,0.196,0.442,0.006,0
FRD_00004548,CUST_00000498,TXN_0000047121,None,0.098,0.188,0.003,0.059,0.083,0
FRD_00004549,CUST_00000697,TXN_0000066023,None,0.114,0.268,0.0,0.079,0.0,0
FRD_00004550,CUST_00000189,TXN_0000017954,None,0.15,0.073,0.001,0.466,0.038,0
FRD_00004551,CUST_00000053,TXN_0000004940,None,0.176,0.209,0.088,0.142,0.25,0
FRD_00004552,CUST_00000472,TXN_0000044729,None,0.183,0.243,0.011,0.379,0.003,0
FRD_00004553,CUST_00000610,TXN_0000057754,None,0.152,0.291,0.006,0.194,0.0,0
FRD_00004554,CUST_00000604,TXN_0000057235,None,0.184,0.278,0.105,0.151,0.138,0
FRD_00004555,CUST_00000243,TXN_0000023033,None,0.143,0.223,0.075,0.197,0.006,0
FRD_00004556,CUST_00000539,TXN_0000051089,None,0.178,0.288,0.059,0.251,0.011,0
FRD_00004557,CUST_00000457,TXN_0000043274,None,0.155,0.262,0.144,0.116,0.027,0
FRD_00004558,CUST_00000908,TXN_0000086046,None,0.093,0.208,0.076,0.017,0.006,0
FRD_00004559,CUST_00000392,TXN_0000037103,None,0.081,0.196,0.045,0.014,0.0,0
FRD_00004560,CUST_00000136,TXN_0000012879,None,0.127,0.19,0.1,0.163,0.0,0
FRD_00004561,CUST_00000964,TXN_0000091346,None,0.108,0.247,0.027,0.065,0.002,0
FRD_00004562,CUST_00000279,TXN_0000026425,None,0.161,0.23,0.043,0.213,0.092,0
FRD_00004563,CUST_00000026,TXN_0000002399,None,0.137,0.282,0.0,0.137,0.021,0
FRD_00004564,CUST_00000594,TXN_0000056238,None,0.025,0.056,0.024,0.003,0.0,0
FRD_00004565,CUST_00000559,TXN_0000052942,None,0.137,0.16,0.074,0.088,0.222,0
FRD_00004566,CUST_00000067,TXN_0000006323,None,0.119,0.211,0.009,0.122,0.064,0
FRD_00004567,CUST_00000433,TXN_0000041013,None,0.163,0.342,0.009,0.162,0.007,0
FRD_00004568,CUST_00000434,TXN_0000041123,None,0.109,0.282,0.008,0.036,0.0,0
FRD_00004569,CUST_00000355,TXN_0000033608,None,0.098,0.209,0.064,0.047,0.0,0
FRD_00004570,CUST_00000342,TXN_0000032396,None,0.263,0.15,0.198,0.662,0.028,0
FRD_00004571,CUST_00000888,TXN_0000084107,None,0.206,0.132,0.005,0.557,0.099,0
FRD_00004572,CUST_00000665,TXN_0000062973,None,0.095,0.116,0.031,0.112,0.102,0
FRD_00004573,CUST_00000523,TXN_0000049540,None,0.202,0.316,0.019,0.351,0.0,0
FRD_00004574,CUST_00000039,TXN_0000003661,None,0.183,0.273,0.002,0.347,0.001,0
FRD_00004575,CUST_00000837,TXN_0000079326,None,0.088,0.194,0.0,0.082,0.0,0
FRD_00004576,CUST_00000916,TXN_0000086722,None,0.104,0.24,0.001,0.067,0.013,0
FRD_00004577,CUST_00000081,TXN_0000007589,None,0.124,0.199,0.004,0.209,0.009,0
FRD_00004578,CUST_00000941,TXN_0000089169,None,0.258,0.332,0.114,0.31,0.207,0
FRD_00004579,CUST_00000790,TXN_0000074888,None,0.1,0.223,0.003,0.058,0.036,0
FRD_00004580,CUST_00000092,TXN_0000008666,None,0.131,0.127,0.0,0.345,0.0,0
FRD_00004581,CUST_00000729,TXN_0000069037,None,0.16,0.186,0.004,0.377,0.001,0
FRD_00004582,CUST_00000250,TXN_0000023677,None,0.112,0.061,0.017,0.12,0.287,0
FRD_00004583,CUST_00000887,TXN_0000083990,None,0.138,0.246,0.079,0.142,0.004,0
FRD_00004584,CUST_00000435,TXN_0000041196,None,0.127,0.198,0.009,0.225,0.0,0
FRD_00004585,CUST_00000725,TXN_0000068659,None,0.103,0.212,0.0,0.089,0.035,0
FRD_00004586,CUST_00000286,TXN_0000027072,None,0.203,0.359,0.008,0.017,0.359,0
FRD_00004587,CUST_00000570,TXN_0000053962,None,0.174,0.123,0.36,0.192,0.055,0
FRD_00004588,CUST_00000061,TXN_0000005744,None,0.285,0.208,0.231,0.398,0.332,0
FRD_00004589,CUST_00000462,TXN_0000043746,None,0.048,0.092,0.038,0.028,0.005,0
FRD_00004590,CUST_00000529,TXN_0000050085,None,0.11,0.067,0.065,0.279,0.02,0
FRD_00004591,CUST_00000287,TXN_0000027188,None,0.157,0.298,0.032,0.171,0.018,0
FRD_00004592,CUST_00000572,TXN_0000054109,None,0.231,0.328,0.064,0.412,0.0,0
FRD_00004593,CUST_00000955,TXN_0000090473,None,0.226,0.196,0.502,0.224,0.005,0
FRD_00004594,CUST_00000045,TXN_0000004229,None,0.184,0.247,0.101,0.199,0.14,0
FRD_00004595,CUST_00000399,TXN_0000037790,None,0.21,0.166,0.257,0.382,0.027,0
FRD_00004596,CUST_00000661,TXN_0000062629,None,0.111,0.151,0.148,0.056,0.072,0
FRD_00004597,CUST_00000321,TXN_0000030406,None,0.147,0.333,0.057,0.064,0.016,0
FRD_00004598,CUST_00000246,TXN_0000023296,None,0.158,0.077,0.088,0.452,0.0,0
FRD_00004599,CUST_00000605,TXN_0000057265,None,0.176,0.236,0.005,0.366,0.005,0
FRD_00004600,CUST_00000687,TXN_0000065086,None,0.118,0.094,0.006,0.337,0.0,0
FRD_00004601,CUST_00000405,TXN_0000038332,None,0.137,0.274,0.008,0.144,0.016,0
FRD_00004602,CUST_00000649,TXN_0000061540,None,0.086,0.089,0.068,0.16,0.007,0
FRD_00004603,CUST_00000550,TXN_0000052118,None,0.153,0.339,0.006,0.131,0.0,0
FRD_00004604,CUST_00000507,TXN_0000047984,None,0.26,0.35,0.031,0.526,0.001,0
FRD_00004605,CUST_00000063,TXN_0000005904,None,0.211,0.147,0.436,0.29,0.0,0
FRD_00004606,CUST_00000725,TXN_0000068687,None,0.269,0.287,0.044,0.46,0.223,0
FRD_00004607,CUST_00000627,TXN_0000059382,None,0.251,0.282,0.162,0.45,0.036,0
FRD_00004608,CUST_00000576,TXN_0000054509,None,0.186,0.272,0.215,0.172,0.022,0
FRD_00004609,CUST_00000763,TXN_0000072293,None,0.148,0.34,0.022,0.094,0.006,0
FRD_00004610,CUST_00000400,TXN_0000037860,None,0.149,0.159,0.052,0.327,0.004,0
FRD_00004611,CUST_00000623,TXN_0000058993,None,0.205,0.238,0.077,0.029,0.497,0
FRD_00004612,CUST_00000214,TXN_0000020285,None,0.033,0.026,0.049,0.012,0.057,0
FRD_00004613,CUST_00000411,TXN_0000038940,None,0.347,0.238,0.367,0.759,0.001,0
FRD_00004614,CUST_00000070,TXN_0000006560,None,0.219,0.211,0.291,0.345,0.002,0
FRD_00004615,CUST_00000852,TXN_0000080654,None,0.177,0.339,0.196,0.077,0.0,0
FRD_00004616,CUST_00000022,TXN_0000002060,None,0.174,0.319,0.037,0.213,0.007,0
FRD_00004617,CUST_00000963,TXN_0000091194,None,0.074,0.107,0.168,0.006,0.005,0
FRD_00004618,CUST_00000809,TXN_0000076649,None,0.142,0.251,0.054,0.175,0.0,0
FRD_00004619,CUST_00000632,TXN_0000059846,None,0.121,0.165,0.016,0.226,0.02,0
FRD_00004620,CUST_00000200,TXN_0000018968,None,0.249,0.153,0.027,0.606,0.192,0
FRD_00004621,CUST_00000401,TXN_0000037975,None,0.091,0.125,0.016,0.177,0.0,0
FRD_00004622,CUST_00000717,TXN_0000067900,None,0.126,0.216,0.065,0.135,0.018,0
FRD_00004623,CUST_00000645,TXN_0000061124,None,0.159,0.234,0.147,0.184,0.006,0
FRD_00004624,CUST_00000956,TXN_0000090521,None,0.068,0.172,0.0,0.022,0.013,0
FRD_00004625,CUST_00000595,TXN_0000056323,None,0.147,0.078,0.221,0.301,0.0,0
FRD_00004626,CUST_00000794,TXN_0000075231,None,0.183,0.288,0.004,0.308,0.021,0
FRD_00004627,CUST_00000214,TXN_0000020278,None,0.107,0.15,0.101,0.138,0.001,0
FRD_00004628,CUST_00000917,TXN_0000086854,None,0.235,0.163,0.161,0.546,0.046,0
FRD_00004629,CUST_00000071,TXN_0000006730,None,0.134,0.212,0.017,0.197,0.038,0
FRD_00004630,CUST_00000404,TXN_0000038268,None,0.112,0.111,0.299,0.051,0.005,0
FRD_00004631,CUST_00000097,TXN_0000009139,None,0.044,0.113,0.007,0.007,0.005,0
FRD_00004632,CUST_00000582,TXN_0000055146,None,0.16,0.304,0.106,0.044,0.107,0
FRD_00004633,CUST_00000286,TXN_0000027052,None,0.104,0.163,0.073,0.071,0.072,0
FRD_00004634,CUST_00000327,TXN_0000030954,None,0.169,0.27,0.262,0.025,0.078,0
FRD_00004635,CUST_00000077,TXN_0000007218,None,0.121,0.261,0.097,0.04,0.001,0
FRD_00004636,CUST_00000182,TXN_0000017269,None,0.139,0.091,0.028,0.383,0.03,0
FRD_00004637,CUST_00000573,TXN_0000054277,None,0.13,0.213,0.137,0.114,0.0,0
FRD_00004638,CUST_00000642,TXN_0000060805,None,0.233,0.197,0.281,0.432,0.0,0
FRD_00004639,CUST_00000376,TXN_0000035560,None,0.095,0.178,0.049,0.088,0.006,0
FRD_00004640,CUST_00000771,TXN_0000073053,None,0.129,0.142,0.128,0.141,0.09,0
FRD_00004641,CUST_00000886,TXN_0000083950,None,0.106,0.261,0.0,0.013,0.057,0
FRD_00004642,CUST_00000871,TXN_0000082462,None,0.17,0.258,0.089,0.246,0.003,0
FRD_00004643,CUST_00000177,TXN_0000016817,None,0.245,0.308,0.008,0.537,0.006,0
FRD_00004644,CUST_00000929,TXN_0000088015,None,0.094,0.174,0.053,0.064,0.032,0
FRD_00004645,CUST_00000066,TXN_0000006232,None,0.172,0.273,0.031,0.25,0.039,0
FRD_00004646,CUST_00000067,TXN_0000006273,None,0.152,0.096,0.002,0.301,0.216,0
FRD_00004647,CUST_00000002,TXN_0000000136,None,0.136,0.276,0.001,0.154,0.005,0
FRD_00004648,CUST_00000433,TXN_0000041018,None,0.204,0.274,0.059,0.383,0.001,0
FRD_00004649,CUST_00000563,TXN_0000053259,None,0.127,0.086,0.2,0.201,0.035,0
FRD_00004650,CUST_00000383,TXN_0000036267,None,0.122,0.225,0.15,0.053,0.001,0
FRD_00004651,CUST_00000211,TXN_0000020014,None,0.098,0.236,0.044,0.026,0.0,0
FRD_00004652,CUST_00000229,TXN_0000021681,None,0.131,0.141,0.311,0.076,0.003,0
FRD_00004653,CUST_00000260,TXN_0000024567,None,0.197,0.275,0.33,0.136,0.006,0
FRD_00004654,CUST_00000931,TXN_0000088214,None,0.108,0.132,0.075,0.18,0.008,0
FRD_00004655,CUST_00000131,TXN_0000012369,None,0.177,0.286,0.029,0.282,0.002,0
FRD_00004656,CUST_00000634,TXN_0000060055,None,0.031,0.071,0.0,0.021,0.004,0
FRD_00004657,CUST_00000014,TXN_0000001323,None,0.075,0.14,0.004,0.077,0.032,0
FRD_00004658,CUST_00000569,TXN_0000053888,None,0.197,0.159,0.413,0.161,0.092,0
FRD_00004659,CUST_00000758,TXN_0000071811,None,0.168,0.102,0.01,0.428,0.119,0
FRD_00004660,CUST_00000787,TXN_0000074603,None,0.1,0.194,0.0,0.13,0.0,0
FRD_00004661,CUST_00000653,TXN_0000061892,None,0.12,0.214,0.17,0.034,0.014,0
FRD_00004662,CUST_00000486,TXN_0000046048,None,0.248,0.355,0.003,0.365,0.162,0
FRD_00004663,CUST_00000407,TXN_0000038546,None,0.095,0.144,0.041,0.094,0.065,0
FRD_00004664,CUST_00000450,TXN_0000042611,None,0.236,0.303,0.093,0.367,0.1,0
FRD_00004665,CUST_00000439,TXN_0000041550,None,0.144,0.174,0.061,0.283,0.003,0
FRD_00004666,CUST_00000024,TXN_0000002213,None,0.14,0.317,0.069,0.061,0.0,0
FRD_00004667,CUST_00000324,TXN_0000030709,None,0.08,0.155,0.005,0.099,0.0,0
FRD_00004668,CUST_00000479,TXN_0000045406,None,0.172,0.209,0.003,0.395,0.0,0
FRD_00004669,CUST_00000848,TXN_0000080304,None,0.173,0.236,0.269,0.137,0.011,0
FRD_00004670,CUST_00000687,TXN_0000065107,None,0.153,0.146,0.029,0.351,0.042,0
FRD_00004671,CUST_00000105,TXN_0000009925,None,0.176,0.097,0.193,0.413,0.0,0
FRD_00004672,CUST_00000106,TXN_0000010050,None,0.086,0.148,0.026,0.021,0.121,0
FRD_00004673,CUST_00000566,TXN_0000053597,Account Takeover (ATO),0.375,0.872,0.147,0.153,0.012,1
FRD_00004674,CUST_00000530,TXN_0000050160,None,0.115,0.266,0.005,0.08,0.003,0
FRD_00004675,CUST_00000335,TXN_0000031755,None,0.056,0.123,0.06,0.002,0.0,0
FRD_00004676,CUST_00000211,TXN_0000019932,None,0.161,0.08,0.006,0.525,0.005,0
FRD_00004677,CUST_00000550,TXN_0000052059,None,0.18,0.265,0.157,0.107,0.147,0
FRD_00004678,CUST_00000205,TXN_0000019403,None,0.27,0.198,0.001,0.794,0.009,0
FRD_00004679,CUST_00000815,TXN_0000077221,None,0.28,0.322,0.051,0.157,0.591,0
FRD_00004680,CUST_00000760,TXN_0000072055,None,0.131,0.276,0.03,0.103,0.015,0
FRD_00004681,CUST_00000075,TXN_0000007068,None,0.163,0.193,0.109,0.293,0.001,0
FRD_00004682,CUST_00000942,TXN_0000089259,None,0.19,0.362,0.027,0.006,0.28,0
FRD_00004683,CUST_00000028,TXN_0000002631,None,0.176,0.15,0.001,0.423,0.088,0
FRD_00004684,CUST_00000039,TXN_0000003615,None,0.23,0.193,0.356,0.362,0.004,0
FRD_00004685,CUST_00000325,TXN_0000030822,None,0.157,0.207,0.042,0.138,0.208,0
FRD_00004686,CUST_00000946,TXN_0000089610,None,0.036,0.079,0.012,0.016,0.012,0
FRD_00004687,CUST_00000314,TXN_0000029780,None,0.146,0.192,0.029,0.293,0.001,0
FRD_00004688,CUST_00000265,TXN_0000025028,None,0.09,0.119,0.139,0.051,0.037,0
FRD_00004689,CUST_00000153,TXN_0000014486,UPI Phishing / Collect Request Fraud,0.388,0.981,0.0,0.099,0.099,1
FRD_00004690,CUST_00000205,TXN_0000019448,None,0.124,0.164,0.192,0.108,0.007,0
FRD_00004691,CUST_00000549,TXN_0000051981,None,0.172,0.283,0.171,0.104,0.064,0
FRD_00004692,CUST_00000502,TXN_0000047515,None,0.056,0.125,0.023,0.03,0.001,0
FRD_00004693,CUST_00000570,TXN_0000053923,None,0.184,0.187,0.007,0.469,0.001,0
FRD_00004694,CUST_00000252,TXN_0000023838,None,0.07,0.178,0.015,0.01,0.011,0
FRD_00004695,CUST_00000546,TXN_0000051700,None,0.168,0.324,0.001,0.207,0.012,0
FRD_00004696,CUST_00000030,TXN_0000002786,None,0.095,0.141,0.066,0.064,0.083,0
FRD_00004697,CUST_00000341,TXN_0000032250,None,0.088,0.17,0.121,0.007,0.012,0
FRD_00004698,CUST_00000932,TXN_0000088302,None,0.156,0.276,0.025,0.216,0.001,0
FRD_00004699,CUST_00000560,TXN_0000052990,None,0.1,0.177,0.113,0.049,0.018,0
FRD_00004700,CUST_00000886,TXN_0000083952,None,0.187,0.205,0.062,0.193,0.271,0
FRD_00004701,CUST_00000672,TXN_0000063659,None,0.185,0.33,0.186,0.12,0.011,0
FRD_00004702,CUST_00000773,TXN_0000073255,None,0.183,0.21,0.007,0.421,0.014,0
FRD_00004703,CUST_00000809,TXN_0000076600,None,0.158,0.203,0.261,0.082,0.072,0
FRD_00004704,CUST_00000378,TXN_0000035836,None,0.094,0.04,0.139,0.209,0.0,0
FRD_00004705,CUST_00000565,TXN_0000053490,None,0.115,0.19,0.064,0.142,0.0,0
FRD_00004706,CUST_00000029,TXN_0000002741,None,0.287,0.305,0.048,0.677,0.009,0
FRD_00004707,CUST_00000347,TXN_0000032817,None,0.199,0.181,0.0,0.54,0.001,0
FRD_00004708,CUST_00000169,TXN_0000016052,None,0.189,0.184,0.002,0.235,0.328,0
FRD_00004709,CUST_00000624,TXN_0000059099,None,0.082,0.06,0.011,0.094,0.175,0
FRD_00004710,CUST_00000034,TXN_0000003173,None,0.094,0.066,0.007,0.273,0.008,0
FRD_00004711,CUST_00000418,TXN_0000039555,None,0.172,0.139,0.025,0.447,0.035,0
FRD_00004712,CUST_00000680,TXN_0000064446,None,0.08,0.083,0.097,0.116,0.012,0
FRD_00004713,CUST_00000789,TXN_0000074751,None,0.146,0.189,0.003,0.255,0.078,0
FRD_00004714,CUST_00000594,TXN_0000056295,None,0.217,0.238,0.098,0.438,0.024,0
FRD_00004715,CUST_00000811,TXN_0000076779,None,0.221,0.343,0.004,0.39,0.014,0
FRD_00004716,CUST_00000256,TXN_0000024198,None,0.183,0.343,0.203,0.079,0.013,0
FRD_00004717,CUST_00000377,TXN_0000035665,None,0.122,0.177,0.06,0.167,0.033,0
FRD_00004718,CUST_00000877,TXN_0000083071,None,0.074,0.074,0.165,0.062,0.0,0
FRD_00004719,CUST_00000779,TXN_0000073802,None,0.148,0.098,0.142,0.342,0.0,0
FRD_00004720,CUST_00000184,TXN_0000017412,None,0.146,0.285,0.137,0.057,0.022,0
FRD_00004721,CUST_00000351,TXN_0000033211,None,0.127,0.274,0.137,0.009,0.008,0
FRD_00004722,CUST_00000744,TXN_0000070485,None,0.176,0.376,0.153,0.035,0.024,0
FRD_00004723,CUST_00000618,TXN_0000058535,None,0.178,0.352,0.004,0.136,0.102,0
FRD_00004724,CUST_00000683,TXN_0000064691,None,0.151,0.27,0.247,0.019,0.01,0
FRD_00004725,CUST_00000328,TXN_0000031080,None,0.2,0.256,0.074,0.379,0.002,0
FRD_00004726,CUST_00000991,TXN_0000093890,None,0.1,0.182,0.174,0.001,0.005,0
FRD_00004727,CUST_00000918,TXN_0000086928,None,0.158,0.322,0.003,0.173,0.005,0
FRD_00004728,CUST_00000015,TXN_0000001369,None,0.213,0.145,0.545,0.212,0.0,0
FRD_00004729,CUST_00000364,TXN_0000034477,None,0.074,0.179,0.05,0.006,0.0,0
FRD_00004730,CUST_00000466,TXN_0000044162,None,0.095,0.152,0.022,0.127,0.028,0
FRD_00004731,CUST_00000811,TXN_0000076818,None,0.155,0.062,0.0,0.488,0.055,0
FRD_00004732,CUST_00000556,TXN_0000052620,None,0.08,0.219,0.001,0.01,0.001,0
FRD_00004733,CUST_00000244,TXN_0000023047,None,0.235,0.226,0.051,0.544,0.05,0
FRD_00004734,CUST_00000270,TXN_0000025530,None,0.183,0.201,0.118,0.135,0.276,0
FRD_00004735,CUST_00000353,TXN_0000033466,None,0.11,0.197,0.055,0.119,0.001,0
FRD_00004736,CUST_00000568,TXN_0000053762,None,0.172,0.301,0.047,0.227,0.003,0
FRD_00004737,CUST_00000211,TXN_0000019981,None,0.073,0.113,0.044,0.042,0.069,0
FRD_00004738,CUST_00000597,TXN_0000056518,None,0.139,0.215,0.019,0.241,0.0,0
FRD_00004739,CUST_00000130,TXN_0000012276,None,0.191,0.258,0.067,0.35,0.0,0
FRD_00004740,CUST_00000513,TXN_0000048627,None,0.266,0.271,0.146,0.547,0.027,0
FRD_00004741,CUST_00000683,TXN_0000064697,None,0.119,0.161,0.154,0.129,0.0,0
FRD_00004742,CUST_00000481,TXN_0000045577,None,0.17,0.219,0.107,0.27,0.022,0
FRD_00004743,CUST_00000329,TXN_0000031207,None,0.063,0.109,0.003,0.073,0.029,0
FRD_00004744,CUST_00000501,TXN_0000047480,None,0.053,0.072,0.099,0.032,0.001,0
FRD_00004745,CUST_00000400,TXN_0000037900,None,0.247,0.076,0.455,0.502,0.02,0
FRD_00004746,CUST_00000090,TXN_0000008493,None,0.246,0.178,0.074,0.668,0.01,0
FRD_00004747,CUST_00000413,TXN_0000039101,None,0.211,0.368,0.011,0.32,0.0,0
FRD_00004748,CUST_00000480,TXN_0000045524,None,0.115,0.182,0.007,0.198,0.0,0
FRD_00004749,CUST_00000143,TXN_0000013578,None,0.108,0.143,0.031,0.209,0.0,0
FRD_00004750,CUST_00000603,TXN_0000057085,None,0.144,0.063,0.049,0.016,0.539,0
FRD_00004751,CUST_00000457,TXN_0000043289,None,0.224,0.279,0.148,0.265,0.152,0
FRD_00004752,CUST_00000199,TXN_0000018881,None,0.113,0.116,0.003,0.287,0.0,0
FRD_00004753,CUST_00000461,TXN_0000043707,None,0.252,0.223,0.225,0.504,0.016,0
FRD_00004754,CUST_00000048,TXN_0000004514,None,0.183,0.209,0.191,0.285,0.0,0
FRD_00004755,CUST_00000755,TXN_0000071565,None,0.135,0.133,0.09,0.053,0.284,0
FRD_00004756,CUST_00000910,TXN_0000086161,None,0.167,0.195,0.266,0.182,0.001,0
FRD_00004757,CUST_00000097,TXN_0000009195,None,0.183,0.215,0.088,0.362,0.0,0
FRD_00004758,CUST_00000966,TXN_0000091454,None,0.115,0.235,0.0,0.071,0.076,0
FRD_00004759,CUST_00000371,TXN_0000035135,None,0.166,0.317,0.042,0.092,0.119,0
FRD_00004760,CUST_00000243,TXN_0000022979,None,0.188,0.208,0.174,0.322,0.0,0
FRD_00004761,CUST_00000439,TXN_0000041528,None,0.105,0.107,0.075,0.197,0.017,0
FRD_00004762,CUST_00000796,TXN_0000075441,None,0.144,0.192,0.036,0.267,0.014,0
FRD_00004763,CUST_00000584,TXN_0000055302,None,0.157,0.29,0.001,0.184,0.047,0
FRD_00004764,CUST_00000016,TXN_0000001478,None,0.202,0.302,0.175,0.216,0.039,0
FRD_00004765,CUST_00000458,TXN_0000043417,None,0.089,0.119,0.038,0.156,0.002,0
FRD_00004766,CUST_00000984,TXN_0000093158,None,0.167,0.055,0.061,0.374,0.209,0
FRD_00004767,CUST_00000084,TXN_0000007877,None,0.067,0.091,0.002,0.001,0.17,0
FRD_00004768,CUST_00000660,TXN_0000062537,None,0.156,0.348,0.002,0.11,0.031,0
FRD_00004769,CUST_00000962,TXN_0000091135,None,0.181,0.333,0.014,0.248,0.0,0
FRD_00004770,CUST_00000917,TXN_0000086895,None,0.125,0.089,0.12,0.212,0.086,0
FRD_00004771,CUST_00000826,TXN_0000078227,UPI Phishing / Collect Request Fraud,0.393,0.961,0.208,0.059,0.004,1
FRD_00004772,CUST_00000964,TXN_0000091334,None,0.162,0.221,0.272,0.057,0.078,0
FRD_00004773,CUST_00000843,TXN_0000079826,None,0.114,0.267,0.075,0.023,0.0,0
FRD_00004774,CUST_00000313,TXN_0000029649,None,0.15,0.27,0.05,0.182,0.002,0
FRD_00004775,CUST_00000561,TXN_0000053121,None,0.141,0.203,0.084,0.163,0.062,0
FRD_00004776,CUST_00000080,TXN_0000007539,None,0.147,0.274,0.107,0.086,0.039,0
FRD_00004777,CUST_00000422,TXN_0000039988,None,0.109,0.122,0.0,0.246,0.025,0
FRD_00004778,CUST_00000721,TXN_0000068278,None,0.218,0.139,0.48,0.286,0.008,0
FRD_00004779,CUST_00000956,TXN_0000090524,None,0.168,0.244,0.003,0.33,0.0,0
FRD_00004780,CUST_00000207,TXN_0000019594,None,0.081,0.143,0.05,0.074,0.013,0
FRD_00004781,CUST_00000767,TXN_0000072641,None,0.201,0.351,0.389,0.0,0.0,0
FRD_00004782,CUST_00000847,TXN_0000080243,Identity Theft / Synthetic ID,0.398,0.874,0.007,0.299,0.078,1
FRD_00004783,CUST_00000128,TXN_0000012111,None,0.19,0.185,0.118,0.407,0.001,0
FRD_00004784,CUST_00000849,TXN_0000080401,None,0.228,0.339,0.469,0.053,0.01,0
FRD_00004785,CUST_00000984,TXN_0000093191,None,0.196,0.158,0.016,0.529,0.028,0
FRD_00004786,CUST_00000190,TXN_0000018013,None,0.101,0.274,0.002,0.007,0.017,0
FRD_00004787,CUST_00000469,TXN_0000044454,None,0.151,0.261,0.184,0.035,0.07,0
FRD_00004788,CUST_00000886,TXN_0000083876,None,0.148,0.318,0.176,0.001,0.007,0
FRD_00004789,CUST_00000498,TXN_0000047162,None,0.203,0.107,0.06,0.602,0.015,0
FRD_00004790,CUST_00000874,TXN_0000082768,None,0.094,0.117,0.144,0.096,0.003,0
FRD_00004791,CUST_00000752,TXN_0000071246,None,0.148,0.176,0.392,0.021,0.012,0
FRD_00004792,CUST_00000469,TXN_0000044438,None,0.1,0.232,0.018,0.06,0.0,0
FRD_00004793,CUST_00000068,TXN_0000006457,None,0.106,0.206,0.022,0.115,0.006,0
FRD_00004794,CUST_00000500,TXN_0000047348,None,0.083,0.065,0.185,0.094,0.0,0
FRD_00004795,CUST_00000215,TXN_0000020382,None,0.21,0.214,0.054,0.483,0.018,0
FRD_00004796,CUST_00000491,TXN_0000046551,None,0.256,0.347,0.217,0.215,0.185,0
FRD_00004797,CUST_00000639,TXN_0000060550,None,0.13,0.053,0.108,0.326,0.044,0
FRD_00004798,CUST_00000330,TXN_0000031291,None,0.205,0.141,0.144,0.509,0.0,0
FRD_00004799,CUST_00000741,TXN_0000070161,None,0.097,0.162,0.017,0.142,0.009,0
FRD_00004800,CUST_00000844,TXN_0000079936,None,0.159,0.28,0.189,0.09,0.001,0
FRD_00004801,CUST_00000181,TXN_0000017151,None,0.114,0.226,0.005,0.084,0.065,0
FRD_00004802,CUST_00000721,TXN_0000068291,None,0.137,0.252,0.127,0.055,0.05,0
FRD_00004803,CUST_00000027,TXN_0000002496,None,0.05,0.092,0.015,0.055,0.005,0
FRD_00004804,CUST_00000480,TXN_0000045499,None,0.152,0.183,0.221,0.031,0.178,0
FRD_00004805,CUST_00000052,TXN_0000004882,None,0.077,0.146,0.0,0.042,0.079,0
FRD_00004806,CUST_00000549,TXN_0000051946,None,0.132,0.152,0.089,0.241,0.004,0
FRD_00004807,CUST_00000530,TXN_0000050144,None,0.205,0.352,0.002,0.326,0.001,0
FRD_00004808,CUST_00000265,TXN_0000025076,None,0.199,0.071,0.281,0.324,0.186,0
FRD_00004809,CUST_00000475,TXN_0000044967,None,0.153,0.231,0.061,0.228,0.013,0
FRD_00004810,CUST_00000303,TXN_0000028641,None,0.1,0.099,0.023,0.241,0.0,0
FRD_00004811,CUST_00000033,TXN_0000003103,None,0.202,0.379,0.022,0.219,0.049,0
FRD_00004812,CUST_00000266,TXN_0000025115,None,0.138,0.125,0.245,0.181,0.002,0
FRD_00004813,CUST_00000419,TXN_0000039632,None,0.128,0.205,0.144,0.011,0.123,0
FRD_00004814,CUST_00000520,TXN_0000049262,None,0.096,0.136,0.051,0.121,0.038,0
FRD_00004815,CUST_00000259,TXN_0000024446,None,0.113,0.272,0.03,0.047,0.0,0
FRD_00004816,CUST_00000138,TXN_0000013040,None,0.22,0.166,0.001,0.642,0.006,0
FRD_00004817,CUST_00000992,TXN_0000093966,None,0.177,0.334,0.002,0.22,0.025,0
FRD_00004818,CUST_00000046,TXN_0000004338,None,0.129,0.174,0.018,0.255,0.005,0
FRD_00004819,CUST_00000239,TXN_0000022622,None,0.156,0.253,0.111,0.157,0.029,0
FRD_00004820,CUST_00000248,TXN_0000023419,None,0.086,0.136,0.021,0.134,0.003,0
FRD_00004821,CUST_00000014,TXN_0000001319,None,0.17,0.237,0.072,0.069,0.275,0
FRD_00004822,CUST_00000234,TXN_0000022177,None,0.168,0.14,0.305,0.23,0.001,0
FRD_00004823,CUST_00000028,TXN_0000002626,None,0.093,0.253,0.007,0.006,0.009,0
FRD_00004824,CUST_00000074,TXN_0000006970,None,0.159,0.129,0.084,0.383,0.007,0
FRD_00004825,CUST_00000582,TXN_0000055067,None,0.156,0.315,0.016,0.105,0.083,0
FRD_00004826,CUST_00000073,TXN_0000006849,None,0.071,0.182,0.032,0.003,0.0,0
FRD_00004827,CUST_00000642,TXN_0000060826,None,0.162,0.23,0.241,0.133,0.0,0
FRD_00004828,CUST_00000171,TXN_0000016248,None,0.159,0.149,0.192,0.092,0.225,0
FRD_00004829,CUST_00000284,TXN_0000026893,None,0.057,0.081,0.073,0.046,0.015,0
FRD_00004830,CUST_00000821,TXN_0000077798,None,0.19,0.154,0.034,0.517,0.0,0
FRD_00004831,CUST_00000987,TXN_0000093455,None,0.177,0.216,0.435,0.012,0.056,0
FRD_00004832,CUST_00000578,TXN_0000054761,None,0.127,0.287,0.012,0.089,0.011,0
FRD_00004833,CUST_00000923,TXN_0000087413,None,0.209,0.29,0.051,0.373,0.019,0
FRD_00004834,CUST_00000734,TXN_0000069568,None,0.107,0.17,0.057,0.144,0.0,0
FRD_00004835,CUST_00000318,TXN_0000030157,None,0.344,0.233,0.154,0.87,0.073,0
FRD_00004836,CUST_00000943,TXN_0000089323,None,0.159,0.118,0.309,0.167,0.071,0
FRD_00004837,CUST_00000346,TXN_0000032771,None,0.226,0.255,0.053,0.384,0.151,0
FRD_00004838,CUST_00000750,TXN_0000071026,None,0.073,0.195,0.001,0.018,0.0,0
FRD_00004839,CUST_00000645,TXN_0000061139,None,0.19,0.198,0.31,0.2,0.045,0
FRD_00004840,CUST_00000891,TXN_0000084348,None,0.163,0.372,0.09,0.028,0.041,0
FRD_00004841,CUST_00000216,TXN_0000020409,None,0.201,0.102,0.006,0.587,0.088,0
FRD_00004842,CUST_00000020,TXN_0000001867,None,0.188,0.3,0.311,0.085,0.0,0
FRD_00004843,CUST_00000765,TXN_0000072474,None,0.219,0.166,0.073,0.553,0.039,0
FRD_00004844,CUST_00000093,TXN_0000008798,None,0.21,0.35,0.058,0.194,0.137,0
FRD_00004845,CUST_00000527,TXN_0000049907,None,0.192,0.168,0.124,0.245,0.235,0
FRD_00004846,CUST_00000054,TXN_0000005059,None,0.224,0.091,0.153,0.501,0.181,0
FRD_00004847,CUST_00000177,TXN_0000016737,None,0.145,0.269,0.049,0.147,0.024,0
FRD_00004848,CUST_00000336,TXN_0000031847,None,0.141,0.299,0.009,0.133,0.007,0
FRD_00004849,CUST_00000741,TXN_0000070160,None,0.239,0.333,0.068,0.344,0.115,0
FRD_00004850,CUST_00000322,TXN_0000030523,None,0.114,0.128,0.01,0.268,0.0,0
FRD_00004851,CUST_00000043,TXN_0000004010,None,0.218,0.244,0.032,0.316,0.235,0
FRD_00004852,CUST_00000108,TXN_0000010183,None,0.208,0.33,0.007,0.235,0.16,0
FRD_00004853,CUST_00000117,TXN_0000011070,None,0.308,0.309,0.218,0.51,0.146,0
FRD_00004854,CUST_00000205,TXN_0000019371,None,0.136,0.358,0.0,0.041,0.002,0
FRD_00004855,CUST_00000063,TXN_0000005958,None,0.078,0.216,0.001,0.002,0.008,0
FRD_00004856,CUST_00000004,TXN_0000000296,None,0.219,0.35,0.273,0.133,0.044,0
FRD_00004857,CUST_00000968,TXN_0000091724,None,0.081,0.147,0.012,0.077,0.039,0
FRD_00004858,CUST_00000067,TXN_0000006314,None,0.18,0.132,0.0,0.49,0.055,0
FRD_00004859,CUST_00000248,TXN_0000023432,None,0.181,0.21,0.002,0.318,0.136,0
FRD_00004860,CUST_00000896,TXN_0000084912,None,0.156,0.201,0.05,0.303,0.0,0
FRD_00004861,CUST_00000756,TXN_0000071641,None,0.084,0.19,0.008,0.058,0.006,0
FRD_00004862,CUST_00000905,TXN_0000085734,None,0.059,0.092,0.02,0.067,0.028,0
FRD_00004863,CUST_00000700,TXN_0000066313,None,0.142,0.281,0.068,0.121,0.001,0
FRD_00004864,CUST_00000019,TXN_0000001762,None,0.124,0.232,0.083,0.091,0.017,0
FRD_00004865,CUST_00000016,TXN_0000001481,None,0.126,0.179,0.101,0.167,0.005,0
FRD_00004866,CUST_00000726,TXN_0000068750,None,0.21,0.327,0.144,0.081,0.234,0
FRD_00004867,CUST_00000596,TXN_0000056416,None,0.132,0.283,0.064,0.07,0.013,0
FRD_00004868,CUST_00000162,TXN_0000015344,None,0.151,0.291,0.0,0.055,0.178,0
FRD_00004869,CUST_00000383,TXN_0000036279,None,0.191,0.148,0.342,0.277,0.008,0
FRD_00004870,CUST_00000039,TXN_0000003608,None,0.102,0.163,0.013,0.109,0.077,0
FRD_00004871,CUST_00000665,TXN_0000062950,None,0.221,0.18,0.015,0.608,0.016,0
FRD_00004872,CUST_00000353,TXN_0000033414,None,0.221,0.245,0.002,0.469,0.086,0
FRD_00004873,CUST_00000900,TXN_0000085215,None,0.147,0.096,0.057,0.408,0.002,0
FRD_00004874,CUST_00000967,TXN_0000091586,None,0.125,0.224,0.03,0.162,0.0,0
FRD_00004875,CUST_00000065,TXN_0000006109,None,0.124,0.197,0.011,0.19,0.029,0
FRD_00004876,CUST_00000534,TXN_0000050572,None,0.096,0.2,0.016,0.087,0.003,0
FRD_00004877,CUST_00000620,TXN_0000058749,None,0.093,0.163,0.152,0.016,0.007,0
FRD_00004878,CUST_00000602,TXN_0000056993,None,0.134,0.147,0.102,0.181,0.082,0
FRD_00004879,CUST_00000854,TXN_0000080885,None,0.214,0.325,0.025,0.381,0.0,0
FRD_00004880,CUST_00000086,TXN_0000008076,None,0.175,0.129,0.032,0.427,0.085,0
FRD_00004881,CUST_00000186,TXN_0000017621,None,0.171,0.273,0.15,0.182,0.0,0
FRD_00004882,CUST_00000785,TXN_0000074399,None,0.171,0.117,0.252,0.28,0.046,0
FRD_00004883,CUST_00000211,TXN_0000019958,None,0.177,0.354,0.048,0.159,0.02,0
FRD_00004884,CUST_00000904,TXN_0000085620,UPI Phishing / Collect Request Fraud,0.356,0.98,0.0,0.009,0.052,1
FRD_00004885,CUST_00000309,TXN_0000029303,None,0.108,0.17,0.151,0.074,0.0,0
FRD_00004886,CUST_00000077,TXN_0000007256,None,0.206,0.251,0.19,0.094,0.284,0
FRD_00004887,CUST_00000340,TXN_0000032241,None,0.181,0.22,0.127,0.314,0.001,0
FRD_00004888,CUST_00000934,TXN_0000088490,None,0.167,0.123,0.166,0.361,0.0,0
FRD_00004889,CUST_00000309,TXN_0000029257,None,0.134,0.23,0.073,0.123,0.043,0
FRD_00004890,CUST_00000252,TXN_0000023857,None,0.174,0.335,0.208,0.043,0.024,0
FRD_00004891,CUST_00000658,TXN_0000062337,None,0.111,0.192,0.189,0.022,0.0,0
FRD_00004892,CUST_00000479,TXN_0000045373,None,0.141,0.351,0.015,0.05,0.011,0
FRD_00004893,CUST_00000047,TXN_0000004388,None,0.224,0.189,0.41,0.302,0.004,0
FRD_00004894,CUST_00000625,TXN_0000059244,None,0.14,0.193,0.01,0.247,0.045,0
FRD_00004895,CUST_00000962,TXN_0000091136,None,0.135,0.195,0.305,0.024,0.0,0
FRD_00004896,CUST_00000640,TXN_0000060628,None,0.121,0.251,0.007,0.015,0.138,0
FRD_00004897,CUST_00000855,TXN_0000080955,None,0.104,0.15,0.016,0.174,0.025,0
FRD_00004898,CUST_00000908,TXN_0000086041,None,0.273,0.375,0.007,0.436,0.156,0
FRD_00004899,CUST_00000325,TXN_0000030824,None,0.197,0.301,0.095,0.187,0.128,0
FRD_00004900,CUST_00000571,TXN_0000054054,None,0.081,0.027,0.023,0.268,0.0,0
FRD_00004901,CUST_00000170,TXN_0000016084,None,0.236,0.24,0.499,0.203,0.006,0
FRD_00004902,CUST_00000217,TXN_0000020585,None,0.091,0.148,0.0,0.066,0.116,0
FRD_00004903,CUST_00000368,TXN_0000034887,None,0.308,0.327,0.014,0.624,0.173,0
FRD_00004904,CUST_00000850,TXN_0000080501,None,0.15,0.313,0.137,0.038,0.016,0
FRD_00004905,CUST_00000163,TXN_0000015464,None,0.133,0.125,0.314,0.103,0.004,0
FRD_00004906,CUST_00000433,TXN_0000040965,None,0.109,0.097,0.208,0.018,0.146,0
FRD_00004907,CUST_00000145,TXN_0000013753,None,0.187,0.068,0.0,0.652,0.0,0
FRD_00004908,CUST_00000749,TXN_0000070942,Card Not Present (CNP) Fraud,0.39,0.914,0.001,0.256,0.029,1
FRD_00004909,CUST_00000348,TXN_0000032907,None,0.172,0.218,0.038,0.354,0.0,0
FRD_00004910,CUST_00000338,TXN_0000032043,None,0.093,0.097,0.0,0.144,0.113,0
FRD_00004911,CUST_00000767,TXN_0000072706,None,0.039,0.084,0.005,0.011,0.028,0
FRD_00004912,CUST_00000612,TXN_0000057995,None,0.203,0.231,0.167,0.354,0.0,0
FRD_00004913,CUST_00000172,TXN_0000016272,None,0.084,0.113,0.136,0.065,0.007,0
FRD_00004914,CUST_00000431,TXN_0000040834,None,0.099,0.23,0.002,0.066,0.006,0
FRD_00004915,CUST_00000607,TXN_0000057463,None,0.14,0.191,0.142,0.18,0.001,0
FRD_00004916,CUST_00000684,TXN_0000064776,Card Not Present (CNP) Fraud,0.378,0.914,0.0,0.185,0.057,1
FRD_00004917,CUST_00000327,TXN_0000030961,None,0.154,0.102,0.267,0.253,0.009,0
FRD_00004918,CUST_00000678,TXN_0000064244,None,0.087,0.239,0.012,0.003,0.0,0
FRD_00004919,CUST_00000346,TXN_0000032728,None,0.151,0.133,0.035,0.37,0.024,0
FRD_00004920,CUST_00000412,TXN_0000038989,None,0.293,0.258,0.002,0.809,0.001,0
FRD_00004921,CUST_00000980,TXN_0000092812,None,0.173,0.106,0.182,0.395,0.002,0
FRD_00004922,CUST_00000783,TXN_0000074215,None,0.11,0.157,0.015,0.207,0.0,0
FRD_00004923,CUST_00000942,TXN_0000089252,None,0.057,0.144,0.01,0.018,0.003,0
FRD_00004924,CUST_00000142,TXN_0000013402,None,0.255,0.225,0.447,0.321,0.033,0
FRD_00004925,CUST_00000424,TXN_0000040175,None,0.149,0.124,0.436,0.062,0.013,0
FRD_00004926,CUST_00000103,TXN_0000009750,None,0.126,0.256,0.001,0.131,0.018,0
FRD_00004927,CUST_00000304,TXN_0000028786,None,0.172,0.108,0.227,0.323,0.038,0
FRD_00004928,CUST_00000356,TXN_0000033682,None,0.199,0.292,0.238,0.198,0.0,0
FRD_00004929,CUST_00000509,TXN_0000048192,None,0.111,0.204,0.03,0.097,0.048,0
FRD_00004930,CUST_00000264,TXN_0000024930,None,0.145,0.098,0.332,0.175,0.001,0
FRD_00004931,CUST_00000769,TXN_0000072882,None,0.142,0.201,0.102,0.195,0.011,0
FRD_00004932,CUST_00000316,TXN_0000029902,None,0.151,0.232,0.0,0.279,0.001,0
FRD_00004933,CUST_00000149,TXN_0000014152,None,0.132,0.184,0.121,0.173,0.0,0
FRD_00004934,CUST_00000494,TXN_0000046750,None,0.098,0.214,0.062,0.041,0.004,0
FRD_00004935,CUST_00000177,TXN_0000016801,None,0.18,0.212,0.127,0.298,0.032,0
FRD_00004936,CUST_00000814,TXN_0000077108,None,0.146,0.296,0.029,0.039,0.136,0
FRD_00004937,CUST_00000233,TXN_0000022097,None,0.177,0.25,0.246,0.145,0.022,0
FRD_00004938,CUST_00000669,TXN_0000063384,None,0.141,0.304,0.001,0.136,0.002,0
FRD_00004939,CUST_00000554,TXN_0000052417,None,0.271,0.277,0.045,0.612,0.061,0
FRD_00004940,CUST_00000753,TXN_0000071372,None,0.142,0.261,0.011,0.154,0.048,0
FRD_00004941,CUST_00000890,TXN_0000084323,None,0.077,0.105,0.052,0.12,0.0,0
FRD_00004942,CUST_00000243,TXN_0000023000,None,0.183,0.22,0.15,0.284,0.027,0
FRD_00004943,CUST_00000222,TXN_0000021057,None,0.131,0.338,0.018,0.037,0.0,0
FRD_00004944,CUST_00000181,TXN_0000017123,None,0.096,0.203,0.004,0.095,0.0,0
FRD_00004945,CUST_00000496,TXN_0000047005,None,0.17,0.315,0.001,0.094,0.18,0
FRD_00004946,CUST_00000857,TXN_0000081181,None,0.181,0.243,0.009,0.266,0.136,0
FRD_00004947,CUST_00000205,TXN_0000019439,None,0.137,0.24,0.042,0.179,0.001,0
FRD_00004948,CUST_00000957,TXN_0000090648,None,0.194,0.231,0.243,0.25,0.01,0
FRD_00004949,CUST_00000513,TXN_0000048588,None,0.079,0.141,0.035,0.091,0.0,0
FRD_00004950,CUST_00000832,TXN_0000078862,None,0.174,0.185,0.023,0.417,0.0,0
FRD_00004951,CUST_00000898,TXN_0000085048,None,0.101,0.127,0.047,0.189,0.0,0
FRD_00004952,CUST_00000763,TXN_0000072291,None,0.143,0.242,0.01,0.076,0.188,0
FRD_00004953,CUST_00000272,TXN_0000025695,None,0.105,0.089,0.028,0.234,0.051,0
FRD_00004954,CUST_00000715,TXN_0000067703,None,0.123,0.194,0.001,0.188,0.041,0
FRD_00004955,CUST_00000835,TXN_0000079139,None,0.196,0.28,0.024,0.221,0.19,0
FRD_00004956,CUST_00000970,TXN_0000091913,None,0.187,0.204,0.323,0.06,0.18,0
FRD_00004957,CUST_00000689,TXN_0000065298,None,0.105,0.173,0.017,0.164,0.0,0
FRD_00004958,CUST_00000040,TXN_0000003734,None,0.125,0.127,0.0,0.136,0.231,0
FRD_00004959,CUST_00000465,TXN_0000044039,None,0.127,0.209,0.084,0.051,0.119,0
FRD_00004960,CUST_00000082,TXN_0000007733,None,0.091,0.165,0.01,0.12,0.004,0
FRD_00004961,CUST_00000389,TXN_0000036833,None,0.267,0.169,0.073,0.773,0.0,0
FRD_00004962,CUST_00000942,TXN_0000089172,None,0.271,0.255,0.351,0.407,0.05,0
FRD_00004963,CUST_00000832,TXN_0000078794,None,0.118,0.198,0.0,0.194,0.0,0
FRD_00004964,CUST_00000545,TXN_0000051648,None,0.279,0.288,0.504,0.303,0.006,0
FRD_00004965,CUST_00000073,TXN_0000006922,None,0.105,0.263,0.031,0.013,0.018,0
FRD_00004966,CUST_00000578,TXN_0000054762,None,0.087,0.2,0.026,0.02,0.033,0
FRD_00004967,CUST_00000652,TXN_0000061785,None,0.108,0.225,0.018,0.1,0.001,0
FRD_00004968,CUST_00000052,TXN_0000004932,None,0.246,0.3,0.218,0.314,0.094,0
FRD_00004969,CUST_00000135,TXN_0000012807,None,0.192,0.196,0.077,0.401,0.038,0
FRD_00004970,CUST_00000508,TXN_0000048147,None,0.053,0.042,0.001,0.151,0.0,0
FRD_00004971,CUST_00000066,TXN_0000006233,None,0.085,0.206,0.034,0.018,0.006,0
FRD_00004972,CUST_00000886,TXN_0000083930,None,0.165,0.199,0.048,0.242,0.126,0
FRD_00004973,CUST_00000291,TXN_0000027569,Account Takeover (ATO),0.417,0.946,0.143,0.228,0.001,1
FRD_00004974,CUST_00000316,TXN_0000029916,None,0.097,0.191,0.034,0.092,0.0,0
FRD_00004975,CUST_00000821,TXN_0000077804,None,0.132,0.192,0.03,0.218,0.019,0
FRD_00004976,CUST_00000701,TXN_0000066453,None,0.237,0.296,0.011,0.526,0.0,0
FRD_00004977,CUST_00000260,TXN_0000024574,None,0.156,0.057,0.347,0.265,0.0,0
FRD_00004978,CUST_00000300,TXN_0000028368,None,0.102,0.148,0.003,0.083,0.142,0
FRD_00004979,CUST_00000770,TXN_0000072908,None,0.332,0.216,0.004,0.463,0.698,0
FRD_00004980,CUST_00000918,TXN_0000086914,None,0.135,0.231,0.046,0.103,0.098,0
FRD_00004981,CUST_00000678,TXN_0000064204,None,0.12,0.171,0.055,0.193,0.006,0
FRD_00004982,CUST_00000886,TXN_0000083893,None,0.078,0.191,0.005,0.04,0.0,0
FRD_00004983,CUST_00000246,TXN_0000023311,None,0.246,0.257,0.14,0.479,0.04,0
FRD_00004984,CUST_00000361,TXN_0000034204,None,0.177,0.29,0.109,0.024,0.238,0
FRD_00004985,CUST_00000343,TXN_0000032521,None,0.279,0.17,0.465,0.29,0.269,0
FRD_00004986,CUST_00000462,TXN_0000043768,None,0.123,0.199,0.05,0.155,0.022,0
FRD_00004987,CUST_00000067,TXN_0000006341,None,0.184,0.185,0.399,0.159,0.0,0
FRD_00004988,CUST_00000330,TXN_0000031253,None,0.133,0.181,0.15,0.158,0.001,0
FRD_00004989,CUST_00000155,TXN_0000014698,None,0.172,0.139,0.001,0.399,0.119,0
FRD_00004990,CUST_00000490,TXN_0000046392,None,0.141,0.197,0.042,0.177,0.096,0
FRD_00004991,CUST_00000729,TXN_0000069038,None,0.198,0.265,0.149,0.291,0.012,0
FRD_00004992,CUST_00000764,TXN_0000072363,None,0.094,0.083,0.001,0.173,0.108,0
FRD_00004993,CUST_00000168,TXN_0000015923,None,0.203,0.308,0.069,0.291,0.041,0
FRD_00004994,CUST_00000348,TXN_0000032943,None,0.056,0.119,0.006,0.051,0.0,0
FRD_00004995,CUST_00000460,TXN_0000043572,None,0.038,0.088,0.013,0.018,0.002,0
FRD_00004996,CUST_00000215,TXN_0000020371,None,0.229,0.194,0.104,0.46,0.125,0
FRD_00004997,CUST_00000459,TXN_0000043457,Account Takeover (ATO),0.52,0.878,0.456,0.337,0.186,1
FRD_00004998,CUST_00000616,TXN_0000058306,None,0.086,0.223,0.0,0.033,0.001,0
FRD_00004999,CUST_00000806,TXN_0000076359,None,0.155,0.209,0.257,0.086,0.044,0
FRD_00005000,CUST_00000491,TXN_0000046463,None,0.143,0.301,0.076,0.088,0.0,0
FRD_00005001,CUST_00000229,TXN_0000021703,None,0.146,0.089,0.262,0.25,0.002,0
FRD_00005002,CUST_00000209,TXN_0000019777,None,0.047,0.101,0.008,0.025,0.021,0
FRD_00005003,CUST_00000560,TXN_0000052989,None,0.231,0.304,0.021,0.476,0.005,0
FRD_00005004,CUST_00000760,TXN_0000072006,None,0.171,0.21,0.085,0.323,0.0,0
FRD_00005005,CUST_00000471,TXN_0000044673,None,0.187,0.073,0.334,0.342,0.046,0
FRD_00005006,CUST_00000830,TXN_0000078590,None,0.169,0.149,0.017,0.32,0.169,0
FRD_00005007,CUST_00000873,TXN_0000082655,None,0.116,0.096,0.046,0.292,0.001,0
FRD_00005008,CUST_00000659,TXN_0000062448,None,0.073,0.172,0.0,0.018,0.041,0
FRD_00005009,CUST_00000832,TXN_0000078781,None,0.165,0.023,0.113,0.537,0.001,0
FRD_00005010,CUST_00000977,TXN_0000092515,None,0.136,0.29,0.03,0.092,0.029,0
FRD_00005011,CUST_00000791,TXN_0000074933,None,0.334,0.115,0.177,0.921,0.138,0
FRD_00005012,CUST_00000254,TXN_0000024019,None,0.089,0.121,0.165,0.039,0.017,0
FRD_00005013,CUST_00000754,TXN_0000071476,None,0.13,0.257,0.174,0.021,0.001,0
FRD_00005014,CUST_00000186,TXN_0000017589,None,0.24,0.101,0.4,0.495,0.002,0
FRD_00005015,CUST_00000754,TXN_0000071455,None,0.131,0.229,0.125,0.102,0.0,0
FRD_00005016,CUST_00000503,TXN_0000047676,None,0.129,0.285,0.002,0.113,0.001,0
FRD_00005017,CUST_00000666,TXN_0000063130,None,0.222,0.159,0.004,0.605,0.073,0
FRD_00005018,CUST_00000523,TXN_0000049479,None,0.304,0.282,0.123,0.647,0.096,0
FRD_00005019,CUST_00000408,TXN_0000038596,None,0.124,0.128,0.202,0.153,0.004,0
FRD_00005020,CUST_00000406,TXN_0000038388,None,0.168,0.297,0.009,0.135,0.145,0
FRD_00005021,CUST_00000897,TXN_0000085011,None,0.129,0.185,0.015,0.244,0.0,0
FRD_00005022,CUST_00000051,TXN_0000004746,None,0.214,0.273,0.045,0.419,0.024,0
FRD_00005023,CUST_00000977,TXN_0000092532,None,0.206,0.318,0.09,0.284,0.031,0
FRD_00005024,CUST_00000430,TXN_0000040757,None,0.166,0.37,0.048,0.086,0.027,0
FRD_00005025,CUST_00000834,TXN_0000079034,None,0.102,0.163,0.087,0.074,0.045,0
FRD_00005026,CUST_00000353,TXN_0000033447,None,0.183,0.316,0.29,0.055,0.001,0
FRD_00005027,CUST_00000291,TXN_0000027539,Identity Theft / Synthetic ID,0.391,0.986,0.003,0.145,0.045,1
FRD_00005028,CUST_00000251,TXN_0000023772,None,0.177,0.318,0.12,0.164,0.002,0
FRD_00005029,CUST_00000364,TXN_0000034420,None,0.073,0.093,0.118,0.067,0.0,0
FRD_00005030,CUST_00000610,TXN_0000057780,None,0.067,0.11,0.009,0.106,0.001,0
FRD_00005031,CUST_00000649,TXN_0000061454,None,0.072,0.13,0.004,0.103,0.002,0
FRD_00005032,CUST_00000278,TXN_0000026308,None,0.237,0.191,0.061,0.51,0.153,0
FRD_00005033,CUST_00000697,TXN_0000066030,None,0.118,0.265,0.112,0.002,0.012,0
FRD_00005034,CUST_00000955,TXN_0000090461,None,0.143,0.24,0.063,0.182,0.006,0
FRD_00005035,CUST_00000620,TXN_0000058745,None,0.119,0.134,0.092,0.184,0.04,0
FRD_00005036,CUST_00000478,TXN_0000045297,None,0.247,0.241,0.008,0.612,0.041,0
FRD_00005037,CUST_00000288,TXN_0000027234,None,0.193,0.296,0.263,0.032,0.142,0
FRD_00005038,CUST_00000464,TXN_0000043982,None,0.062,0.032,0.061,0.121,0.042,0
FRD_00005039,CUST_00000364,TXN_0000034454,None,0.243,0.367,0.108,0.371,0.0,0
FRD_00005040,CUST_00000008,TXN_0000000713,None,0.131,0.089,0.0,0.395,0.004,0
FRD_00005041,CUST_00000746,TXN_0000070666,None,0.092,0.141,0.165,0.038,0.0,0
FRD_00005042,CUST_00000691,TXN_0000065475,None,0.108,0.193,0.061,0.08,0.039,0
FRD_00005043,CUST_00000023,TXN_0000002087,None,0.126,0.167,0.04,0.237,0.0,0
FRD_00005044,CUST_00000447,TXN_0000042287,None,0.123,0.148,0.039,0.221,0.042,0
FRD_00005045,CUST_00000709,TXN_0000067202,None,0.139,0.235,0.126,0.125,0.001,0
FRD_00005046,CUST_00000418,TXN_0000039572,None,0.245,0.165,0.012,0.722,0.02,0
FRD_00005047,CUST_00000634,TXN_0000060058,None,0.113,0.102,0.093,0.216,0.025,0
FRD_00005048,CUST_00000788,TXN_0000074634,None,0.113,0.134,0.013,0.218,0.047,0
FRD_00005049,CUST_00000803,TXN_0000076114,None,0.185,0.321,0.003,0.285,0.002,0
FRD_00005050,CUST_00000103,TXN_0000009733,None,0.173,0.274,0.01,0.286,0.02,0
FRD_00005051,CUST_00000418,TXN_0000039574,None,0.159,0.327,0.017,0.158,0.008,0
FRD_00005052,CUST_00000761,TXN_0000072086,None,0.24,0.122,0.008,0.773,0.012,0
FRD_00005053,CUST_00000980,TXN_0000092809,None,0.146,0.213,0.055,0.24,0.004,0
FRD_00005054,CUST_00000501,TXN_0000047467,None,0.236,0.178,0.057,0.647,0.002,0
FRD_00005055,CUST_00000631,TXN_0000059783,None,0.097,0.249,0.0,0.025,0.018,0
FRD_00005056,CUST_00000526,TXN_0000049797,None,0.147,0.292,0.0,0.136,0.056,0
FRD_00005057,CUST_00000971,TXN_0000091954,None,0.081,0.137,0.078,0.048,0.026,0
FRD_00005058,CUST_00000723,TXN_0000068494,None,0.161,0.189,0.023,0.363,0.0,0
FRD_00005059,CUST_00000937,TXN_0000088713,None,0.155,0.166,0.021,0.048,0.402,0
FRD_00005060,CUST_00000554,TXN_0000052460,None,0.244,0.228,0.062,0.391,0.272,0
FRD_00005061,CUST_00000287,TXN_0000027175,None,0.08,0.142,0.018,0.107,0.001,0
FRD_00005062,CUST_00000309,TXN_0000029272,None,0.094,0.168,0.081,0.077,0.001,0
FRD_00005063,CUST_00000282,TXN_0000026678,None,0.086,0.085,0.091,0.149,0.006,0
FRD_00005064,CUST_00000916,TXN_0000086736,None,0.171,0.318,0.058,0.19,0.001,0
FRD_00005065,CUST_00000811,TXN_0000076827,None,0.098,0.212,0.028,0.054,0.024,0
FRD_00005066,CUST_00000047,TXN_0000004422,None,0.088,0.14,0.015,0.138,0.007,0
FRD_00005067,CUST_00000501,TXN_0000047433,None,0.176,0.199,0.017,0.348,0.079,0
FRD_00005068,CUST_00000267,TXN_0000025284,None,0.087,0.063,0.027,0.134,0.13,0
FRD_00005069,CUST_00000173,TXN_0000016399,None,0.19,0.328,0.039,0.167,0.128,0
FRD_00005070,CUST_00000682,TXN_0000064653,None,0.091,0.139,0.014,0.029,0.16,0
FRD_00005071,CUST_00000299,TXN_0000028253,None,0.305,0.177,0.196,0.675,0.175,0
FRD_00005072,CUST_00000813,TXN_0000077004,None,0.205,0.193,0.038,0.506,0.016,0
FRD_00005073,CUST_00000543,TXN_0000051472,UPI Phishing / Collect Request Fraud,0.469,0.981,0.022,0.433,0.067,1
FRD_00005074,CUST_00000016,TXN_0000001446,None,0.214,0.249,0.012,0.491,0.008,0
FRD_00005075,CUST_00000028,TXN_0000002609,None,0.188,0.075,0.104,0.564,0.0,0
FRD_00005076,CUST_00000110,TXN_0000010407,None,0.12,0.092,0.033,0.326,0.0,0
FRD_00005077,CUST_00000883,TXN_0000083578,None,0.214,0.277,0.0,0.402,0.085,0
FRD_00005078,CUST_00000999,TXN_0000094575,None,0.154,0.176,0.037,0.25,0.113,0
FRD_00005079,CUST_00000347,TXN_0000032853,None,0.058,0.069,0.048,0.097,0.001,0
FRD_00005080,CUST_00000752,TXN_0000071216,None,0.097,0.114,0.0,0.212,0.018,0
FRD_00005081,CUST_00000876,TXN_0000082991,None,0.157,0.117,0.164,0.318,0.019,0
FRD_00005082,CUST_00000128,TXN_0000012075,None,0.124,0.257,0.076,0.033,0.051,0
FRD_00005083,CUST_00000214,TXN_0000020269,None,0.112,0.233,0.062,0.052,0.025,0
FRD_00005084,CUST_00000165,TXN_0000015604,None,0.091,0.23,0.0,0.037,0.005,0
FRD_00005085,CUST_00000740,TXN_0000070104,None,0.237,0.348,0.0,0.462,0.0,0
FRD_00005086,CUST_00000082,TXN_0000007771,None,0.103,0.146,0.011,0.131,0.083,0
FRD_00005087,CUST_00000426,TXN_0000040347,None,0.104,0.162,0.195,0.032,0.0,0
FRD_00005088,CUST_00000572,TXN_0000054170,None,0.175,0.273,0.069,0.208,0.07,0
FRD_00005089,CUST_00000278,TXN_0000026254,None,0.089,0.146,0.048,0.114,0.0,0
FRD_00005090,CUST_00000842,TXN_0000079730,None,0.184,0.199,0.138,0.346,0.001,0
FRD_00005091,CUST_00000552,TXN_0000052304,None,0.121,0.201,0.005,0.192,0.01,0
FRD_00005092,CUST_00000867,TXN_0000082113,None,0.248,0.096,0.008,0.844,0.01,0
FRD_00005093,CUST_00000207,TXN_0000019588,None,0.335,0.347,0.362,0.563,0.0,0
FRD_00005094,CUST_00000617,TXN_0000058478,None,0.07,0.069,0.112,0.09,0.004,0
FRD_00005095,CUST_00000174,TXN_0000016526,None,0.079,0.203,0.019,0.014,0.001,0
FRD_00005096,CUST_00000456,TXN_0000043161,None,0.201,0.281,0.14,0.214,0.106,0
FRD_00005097,CUST_00000833,TXN_0000078955,None,0.192,0.08,0.233,0.254,0.269,0
FRD_00005098,CUST_00000365,TXN_0000034571,None,0.26,0.316,0.101,0.514,0.004,0
FRD_00005099,CUST_00000827,TXN_0000078330,None,0.255,0.1,0.298,0.301,0.426,0
FRD_00005100,CUST_00000938,TXN_0000088886,None,0.159,0.334,0.029,0.146,0.0,0
FRD_00005101,CUST_00000448,TXN_0000042442,None,0.137,0.355,0.0,0.05,0.0,0
FRD_00005102,CUST_00000273,TXN_0000025796,None,0.273,0.286,0.662,0.066,0.122,0
FRD_00005103,CUST_00000095,TXN_0000009023,None,0.253,0.258,0.029,0.598,0.039,0
FRD_00005104,CUST_00000924,TXN_0000087535,None,0.255,0.355,0.116,0.249,0.224,0
FRD_00005105,CUST_00000952,TXN_0000090187,None,0.233,0.334,0.113,0.334,0.049,0
FRD_00005106,CUST_00000682,TXN_0000064607,None,0.114,0.261,0.0,0.091,0.0,0
FRD_00005107,CUST_00000807,TXN_0000076401,None,0.153,0.081,0.108,0.404,0.008,0
FRD_00005108,CUST_00000002,TXN_0000000107,None,0.091,0.179,0.047,0.074,0.002,0
FRD_00005109,CUST_00000118,TXN_0000011127,None,0.14,0.255,0.097,0.122,0.004,0
FRD_00005110,CUST_00000982,TXN_0000093024,None,0.206,0.239,0.102,0.395,0.016,0
FRD_00005111,CUST_00000662,TXN_0000062683,None,0.151,0.195,0.009,0.321,0.003,0
FRD_00005112,CUST_00000573,TXN_0000054260,None,0.202,0.257,0.007,0.376,0.085,0
FRD_00005113,CUST_00000683,TXN_0000064696,None,0.134,0.282,0.026,0.114,0.009,0
FRD_00005114,CUST_00000891,TXN_0000084344,None,0.237,0.272,0.016,0.553,0.0,0
FRD_00005115,CUST_00000203,TXN_0000019219,None,0.206,0.278,0.11,0.327,0.027,0
FRD_00005116,CUST_00000842,TXN_0000079784,None,0.203,0.308,0.056,0.231,0.129,0
FRD_00005117,CUST_00000243,TXN_0000023035,None,0.115,0.224,0.129,0.045,0.0,0
FRD_00005118,CUST_00000252,TXN_0000023806,None,0.162,0.082,0.192,0.357,0.029,0
FRD_00005119,CUST_00000258,TXN_0000024397,None,0.102,0.214,0.012,0.089,0.013,0
FRD_00005120,CUST_00000872,TXN_0000082574,None,0.178,0.056,0.427,0.264,0.033,0
FRD_00005121,CUST_00000742,TXN_0000070342,None,0.151,0.193,0.103,0.246,0.005,0
FRD_00005122,CUST_00000817,TXN_0000077362,None,0.091,0.18,0.117,0.012,0.01,0
FRD_00005123,CUST_00000904,TXN_0000085671,Account Takeover (ATO),0.373,0.981,0.081,0.055,0.0,1
FRD_00005124,CUST_00000225,TXN_0000021274,None,0.089,0.074,0.052,0.034,0.219,0
FRD_00005125,CUST_00000508,TXN_0000048086,None,0.151,0.355,0.087,0.033,0.006,0
FRD_00005126,CUST_00000389,TXN_0000036855,None,0.103,0.162,0.139,0.002,0.092,0
FRD_00005127,CUST_00000799,TXN_0000075695,None,0.127,0.203,0.003,0.078,0.179,0
FRD_00005128,CUST_00000245,TXN_0000023214,None,0.223,0.359,0.056,0.342,0.001,0
FRD_00005129,CUST_00000889,TXN_0000084235,None,0.15,0.159,0.008,0.294,0.098,0
FRD_00005130,CUST_00000646,TXN_0000061160,None,0.164,0.344,0.107,0.085,0.006,0
FRD_00005131,CUST_00000627,TXN_0000059434,None,0.161,0.225,0.1,0.243,0.008,0
FRD_00005132,CUST_00000906,TXN_0000085850,None,0.168,0.341,0.039,0.057,0.133,0
FRD_00005133,CUST_00000526,TXN_0000049830,None,0.208,0.256,0.012,0.464,0.0,0
FRD_00005134,CUST_00000122,TXN_0000011571,None,0.189,0.114,0.081,0.462,0.087,0
FRD_00005135,CUST_00000535,TXN_0000050634,None,0.196,0.163,0.083,0.451,0.048,0
FRD_00005136,CUST_00000808,TXN_0000076547,None,0.12,0.244,0.021,0.123,0.0,0
FRD_00005137,CUST_00000301,TXN_0000028448,None,0.178,0.103,0.473,0.174,0.019,0
FRD_00005138,CUST_00000166,TXN_0000015770,None,0.117,0.293,0.041,0.023,0.003,0
FRD_00005139,CUST_00000133,TXN_0000012620,None,0.107,0.145,0.005,0.218,0.004,0
FRD_00005140,CUST_00000588,TXN_0000055656,None,0.169,0.276,0.024,0.241,0.036,0
FRD_00005141,CUST_00000813,TXN_0000076986,None,0.163,0.353,0.086,0.088,0.0,0
FRD_00005142,CUST_00000780,TXN_0000073879,None,0.148,0.275,0.088,0.132,0.004,0
FRD_00005143,CUST_00000056,TXN_0000005289,None,0.265,0.245,0.162,0.589,0.0,0
FRD_00005144,CUST_00000147,TXN_0000013944,None,0.214,0.208,0.285,0.308,0.034,0
FRD_00005145,CUST_00000280,TXN_0000026492,None,0.126,0.156,0.093,0.212,0.0,0
FRD_00005146,CUST_00000228,TXN_0000021583,None,0.133,0.231,0.084,0.034,0.132,0
FRD_00005147,CUST_00000588,TXN_0000055682,None,0.108,0.215,0.087,0.039,0.028,0
FRD_00005148,CUST_00000667,TXN_0000063225,None,0.146,0.191,0.053,0.213,0.077,0
FRD_00005149,CUST_00000886,TXN_0000083881,None,0.109,0.123,0.094,0.187,0.002,0
FRD_00005150,CUST_00000338,TXN_0000032020,None,0.161,0.253,0.019,0.275,0.0,0
FRD_00005151,CUST_00000225,TXN_0000021339,None,0.092,0.175,0.04,0.082,0.01,0
FRD_00005152,CUST_00000689,TXN_0000065239,None,0.088,0.174,0.0,0.105,0.004,0
FRD_00005153,CUST_00000276,TXN_0000026097,None,0.095,0.153,0.001,0.164,0.002,0
FRD_00005154,CUST_00000065,TXN_0000006145,None,0.159,0.179,0.088,0.313,0.003,0
FRD_00005155,CUST_00000217,TXN_0000020550,None,0.151,0.183,0.344,0.058,0.016,0
FRD_00005156,CUST_00000057,TXN_0000005325,None,0.165,0.337,0.032,0.163,0.001,0
FRD_00005157,CUST_00000174,TXN_0000016541,None,0.231,0.103,0.214,0.605,0.004,0
FRD_00005158,CUST_00000418,TXN_0000039611,None,0.147,0.184,0.009,0.299,0.029,0
FRD_00005159,CUST_00000254,TXN_0000024044,None,0.132,0.206,0.155,0.1,0.018,0
FRD_00005160,CUST_00000867,TXN_0000082158,None,0.113,0.302,0.001,0.011,0.02,0
FRD_00005161,CUST_00000606,TXN_0000057383,None,0.179,0.251,0.157,0.124,0.146,0
FRD_00005162,CUST_00000526,TXN_0000049768,None,0.116,0.227,0.005,0.088,0.067,0
FRD_00005163,CUST_00000877,TXN_0000083060,None,0.275,0.244,0.283,0.434,0.123,0
FRD_00005164,CUST_00000474,TXN_0000044889,None,0.228,0.293,0.015,0.488,0.002,0
FRD_00005165,CUST_00000845,TXN_0000080082,None,0.134,0.174,0.067,0.206,0.039,0
FRD_00005166,CUST_00000992,TXN_0000093913,None,0.088,0.156,0.004,0.126,0.007,0
FRD_00005167,CUST_00000652,TXN_0000061756,None,0.202,0.131,0.352,0.273,0.09,0
FRD_00005168,CUST_00000810,TXN_0000076705,None,0.151,0.293,0.2,0.017,0.021,0
FRD_00005169,CUST_00000698,TXN_0000066087,None,0.202,0.139,0.164,0.348,0.166,0
FRD_00005170,CUST_00000708,TXN_0000067060,None,0.168,0.236,0.001,0.34,0.0,0
FRD_00005171,CUST_00000244,TXN_0000023127,None,0.129,0.226,0.01,0.115,0.097,0
FRD_00005172,CUST_00000370,TXN_0000035084,None,0.183,0.205,0.122,0.346,0.0,0
FRD_00005173,CUST_00000170,TXN_0000016118,None,0.123,0.146,0.056,0.16,0.102,0
FRD_00005174,CUST_00000402,TXN_0000038019,None,0.097,0.141,0.037,0.149,0.013,0
FRD_00005175,CUST_00000657,TXN_0000062211,None,0.1,0.152,0.007,0.179,0.002,0
FRD_00005176,CUST_00000277,TXN_0000026169,None,0.148,0.224,0.236,0.072,0.023,0
FRD_00005177,CUST_00000389,TXN_0000036845,None,0.148,0.221,0.035,0.017,0.295,0
FRD_00005178,CUST_00000596,TXN_0000056429,None,0.164,0.349,0.075,0.108,0.0,0
FRD_00005179,CUST_00000435,TXN_0000041187,None,0.125,0.206,0.044,0.15,0.035,0
FRD_00005180,CUST_00000298,TXN_0000028163,None,0.092,0.203,0.0,0.072,0.013,0
FRD_00005181,CUST_00000231,TXN_0000021909,None,0.191,0.114,0.073,0.543,0.003,0
FRD_00005182,CUST_00000988,TXN_0000093581,None,0.322,0.252,0.171,0.798,0.0,0
FRD_00005183,CUST_00000537,TXN_0000050856,None,0.144,0.247,0.21,0.042,0.023,0
FRD_00005184,CUST_00000696,TXN_0000065960,None,0.276,0.324,0.026,0.431,0.247,0
FRD_00005185,CUST_00000030,TXN_0000002779,None,0.185,0.219,0.044,0.382,0.02,0
FRD_00005186,CUST_00000905,TXN_0000085711,None,0.233,0.29,0.269,0.311,0.002,0
FRD_00005187,CUST_00000680,TXN_0000064402,None,0.129,0.172,0.269,0.058,0.001,0
FRD_00005188,CUST_00000668,TXN_0000063287,None,0.165,0.28,0.226,0.083,0.004,0
FRD_00005189,CUST_00000903,TXN_0000085495,None,0.258,0.301,0.379,0.308,0.001,0
FRD_00005190,CUST_00000325,TXN_0000030759,None,0.109,0.278,0.0,0.045,0.0,0
FRD_00005191,CUST_00000507,TXN_0000047999,None,0.136,0.235,0.0,0.164,0.064,0
FRD_00005192,CUST_00000365,TXN_0000034518,None,0.15,0.346,0.028,0.082,0.014,0
FRD_00005193,CUST_00000138,TXN_0000013054,None,0.22,0.286,0.455,0.113,0.003,0
FRD_00005194,CUST_00000113,TXN_0000010673,None,0.134,0.311,0.008,0.093,0.0,0
FRD_00005195,CUST_00000191,TXN_0000018093,None,0.085,0.191,0.012,0.059,0.005,0
FRD_00005196,CUST_00000809,TXN_0000076661,None,0.182,0.169,0.064,0.287,0.19,0
FRD_00005197,CUST_00000312,TXN_0000029568,None,0.197,0.205,0.029,0.476,0.0,0
FRD_00005198,CUST_00000408,TXN_0000038646,None,0.243,0.211,0.078,0.591,0.031,0
FRD_00005199,CUST_00000083,TXN_0000007784,None,0.12,0.237,0.038,0.055,0.079,0
FRD_00005200,CUST_00000115,TXN_0000010908,None,0.104,0.084,0.005,0.281,0.017,0
FRD_00005201,CUST_00000711,TXN_0000067304,None,0.143,0.224,0.022,0.167,0.091,0
FRD_00005202,CUST_00000115,TXN_0000010902,None,0.11,0.209,0.005,0.116,0.033,0
FRD_00005203,CUST_00000740,TXN_0000070107,None,0.133,0.128,0.18,0.206,0.002,0
FRD_00005204,CUST_00000823,TXN_0000077994,None,0.146,0.227,0.079,0.148,0.067,0
FRD_00005205,CUST_00000676,TXN_0000064035,None,0.185,0.335,0.064,0.112,0.135,0
FRD_00005206,CUST_00000427,TXN_0000040420,None,0.194,0.273,0.006,0.368,0.026,0
FRD_00005207,CUST_00000376,TXN_0000035557,None,0.247,0.195,0.022,0.597,0.125,0
FRD_00005208,CUST_00000293,TXN_0000027718,None,0.132,0.194,0.022,0.096,0.178,0
FRD_00005209,CUST_00000686,TXN_0000065014,None,0.184,0.243,0.253,0.19,0.004,0
FRD_00005210,CUST_00000086,TXN_0000008093,None,0.189,0.24,0.335,0.026,0.155,0
FRD_00005211,CUST_00000449,TXN_0000042536,None,0.076,0.166,0.015,0.053,0.006,0
FRD_00005212,CUST_00000992,TXN_0000093961,None,0.166,0.106,0.213,0.346,0.001,0
FRD_00005213,CUST_00000114,TXN_0000010830,None,0.185,0.244,0.032,0.366,0.011,0
FRD_00005214,CUST_00000071,TXN_0000006725,None,0.17,0.172,0.153,0.26,0.07,0
FRD_00005215,CUST_00000790,TXN_0000074880,None,0.215,0.114,0.151,0.578,0.0,0
FRD_00005216,CUST_00000275,TXN_0000025970,None,0.16,0.184,0.318,0.129,0.001,0
FRD_00005217,CUST_00000426,TXN_0000040329,None,0.074,0.143,0.002,0.037,0.07,0
FRD_00005218,CUST_00000879,TXN_0000083215,None,0.09,0.118,0.006,0.187,0.002,0
FRD_00005219,CUST_00000887,TXN_0000083960,None,0.116,0.297,0.001,0.04,0.007,0
FRD_00005220,CUST_00000822,TXN_0000077883,None,0.144,0.264,0.001,0.14,0.083,0
FRD_00005221,CUST_00000516,TXN_0000048864,None,0.094,0.247,0.02,0.014,0.0,0
FRD_00005222,CUST_00000652,TXN_0000061810,None,0.212,0.346,0.207,0.013,0.229,0
FRD_00005223,CUST_00000660,TXN_0000062532,None,0.133,0.237,0.017,0.064,0.153,0
FRD_00005224,CUST_00000359,TXN_0000033966,None,0.079,0.125,0.03,0.116,0.003,0
FRD_00005225,CUST_00000580,TXN_0000054953,Card Not Present (CNP) Fraud,0.503,0.861,0.126,0.231,0.593,1
FRD_00005226,CUST_00000502,TXN_0000047547,None,0.2,0.159,0.329,0.066,0.311,0
FRD_00005227,CUST_00000739,TXN_0000070030,None,0.13,0.166,0.004,0.286,0.0,0
FRD_00005228,CUST_00000889,TXN_0000084204,None,0.093,0.253,0.0,0.002,0.02,0
FRD_00005229,CUST_00000880,TXN_0000083357,None,0.183,0.242,0.352,0.104,0.012,0
FRD_00005230,CUST_00000084,TXN_0000007885,None,0.08,0.093,0.001,0.177,0.013,0
FRD_00005231,CUST_00000651,TXN_0000061657,None,0.171,0.181,0.296,0.192,0.002,0
FRD_00005232,CUST_00000273,TXN_0000025782,None,0.102,0.122,0.148,0.117,0.002,0
FRD_00005233,CUST_00000152,TXN_0000014378,None,0.105,0.131,0.005,0.225,0.008,0
FRD_00005234,CUST_00000234,TXN_0000022199,None,0.202,0.243,0.004,0.463,0.003,0
FRD_00005235,CUST_00000433,TXN_0000041032,None,0.072,0.175,0.014,0.033,0.001,0
FRD_00005236,CUST_00000549,TXN_0000052002,None,0.097,0.245,0.003,0.007,0.045,0
FRD_00005237,CUST_00000836,TXN_0000079218,None,0.037,0.055,0.02,0.048,0.007,0
FRD_00005238,CUST_00000730,TXN_0000069175,None,0.19,0.184,0.026,0.462,0.023,0
FRD_00005239,CUST_00000626,TXN_0000059261,None,0.091,0.115,0.079,0.069,0.091,0
FRD_00005240,CUST_00000025,TXN_0000002281,None,0.148,0.233,0.058,0.183,0.045,0
FRD_00005241,CUST_00000140,TXN_0000013255,None,0.119,0.153,0.041,0.104,0.158,0
FRD_00005242,CUST_00000162,TXN_0000015360,None,0.184,0.076,0.096,0.551,0.0,0
FRD_00005243,CUST_00000641,TXN_0000060743,None,0.162,0.14,0.163,0.323,0.0,0
FRD_00005244,CUST_00000527,TXN_0000049909,None,0.112,0.243,0.025,0.014,0.094,0
FRD_00005245,CUST_00000235,TXN_0000022286,None,0.155,0.135,0.122,0.213,0.15,0
FRD_00005246,CUST_00000323,TXN_0000030560,None,0.123,0.186,0.217,0.038,0.023,0
FRD_00005247,CUST_00000437,TXN_0000041378,None,0.138,0.121,0.325,0.049,0.094,0
FRD_00005248,CUST_00000397,TXN_0000037612,None,0.136,0.151,0.044,0.128,0.211,0
FRD_00005249,CUST_00000854,TXN_0000080868,None,0.092,0.096,0.0,0.182,0.066,0
FRD_00005250,CUST_00000203,TXN_0000019207,None,0.148,0.137,0.301,0.159,0.0,0
FRD_00005251,CUST_00000717,TXN_0000067961,None,0.172,0.219,0.282,0.152,0.005,0
FRD_00005252,CUST_00000715,TXN_0000067737,None,0.067,0.076,0.038,0.126,0.007,0
FRD_00005253,CUST_00000752,TXN_0000071299,None,0.125,0.212,0.009,0.196,0.0,0
FRD_00005254,CUST_00000097,TXN_0000009188,None,0.135,0.25,0.019,0.115,0.074,0
FRD_00005255,CUST_00000671,TXN_0000063602,None,0.07,0.151,0.002,0.069,0.0,0
FRD_00005256,CUST_00000236,TXN_0000022380,None,0.132,0.314,0.03,0.006,0.071,0
FRD_00005257,CUST_00000467,TXN_0000044233,None,0.183,0.196,0.032,0.423,0.013,0
FRD_00005258,CUST_00000591,TXN_0000055991,None,0.188,0.333,0.11,0.154,0.053,0
FRD_00005259,CUST_00000915,TXN_0000086680,None,0.153,0.179,0.092,0.288,0.001,0
FRD_00005260,CUST_00000710,TXN_0000067205,None,0.146,0.309,0.0,0.134,0.02,0
FRD_00005261,CUST_00000809,TXN_0000076617,None,0.101,0.126,0.005,0.216,0.012,0
FRD_00005262,CUST_00000705,TXN_0000066805,None,0.071,0.15,0.013,0.012,0.063,0
FRD_00005263,CUST_00000241,TXN_0000022769,None,0.173,0.186,0.049,0.392,0.0,0
FRD_00005264,CUST_00000550,TXN_0000052110,None,0.112,0.244,0.054,0.059,0.004,0
FRD_00005265,CUST_00000262,TXN_0000024776,None,0.116,0.141,0.001,0.21,0.072,0
FRD_00005266,CUST_00000686,TXN_0000064952,None,0.326,0.156,0.016,0.741,0.415,0
FRD_00005267,CUST_00000825,TXN_0000078168,None,0.103,0.213,0.027,0.016,0.096,0
FRD_00005268,CUST_00000371,TXN_0000035171,None,0.176,0.248,0.157,0.184,0.058,0
FRD_00005269,CUST_00000505,TXN_0000047829,None,0.178,0.251,0.09,0.287,0.002,0
FRD_00005270,CUST_00000137,TXN_0000012979,None,0.207,0.284,0.006,0.427,0.0,0
FRD_00005271,CUST_00000395,TXN_0000037393,None,0.122,0.302,0.0,0.036,0.039,0
FRD_00005272,CUST_00000627,TXN_0000059378,None,0.154,0.175,0.013,0.361,0.0,0
FRD_00005273,CUST_00000313,TXN_0000029689,None,0.082,0.197,0.024,0.027,0.005,0
FRD_00005274,CUST_00000998,TXN_0000094481,None,0.109,0.106,0.134,0.11,0.086,0
FRD_00005275,CUST_00000610,TXN_0000057817,None,0.197,0.155,0.188,0.411,0.014,0
FRD_00005276,CUST_00000691,TXN_0000065467,None,0.122,0.193,0.033,0.182,0.014,0
FRD_00005277,CUST_00000143,TXN_0000013536,None,0.088,0.145,0.025,0.077,0.063,0
FRD_00005278,CUST_00000231,TXN_0000021863,None,0.099,0.142,0.014,0.131,0.071,0
FRD_00005279,CUST_00000429,TXN_0000040623,None,0.095,0.185,0.001,0.104,0.02,0
FRD_00005280,CUST_00000640,TXN_0000060623,None,0.166,0.161,0.064,0.382,0.008,0
FRD_00005281,CUST_00000337,TXN_0000031932,None,0.112,0.249,0.034,0.063,0.01,0
FRD_00005282,CUST_00000332,TXN_0000031398,None,0.15,0.197,0.014,0.29,0.028,0
FRD_00005283,CUST_00000133,TXN_0000012563,None,0.112,0.235,0.001,0.109,0.013,0
FRD_00005284,CUST_00000682,TXN_0000064615,None,0.246,0.368,0.081,0.396,0.011,0
FRD_00005285,CUST_00000193,TXN_0000018343,None,0.225,0.23,0.035,0.548,0.0,0
FRD_00005286,CUST_00000007,TXN_0000000582,None,0.234,0.231,0.027,0.587,0.004,0
FRD_00005287,CUST_00000513,TXN_0000048585,None,0.049,0.032,0.043,0.116,0.0,0
FRD_00005288,CUST_00000599,TXN_0000056737,None,0.246,0.315,0.026,0.52,0.005,0
FRD_00005289,CUST_00000741,TXN_0000070229,None,0.183,0.213,0.263,0.222,0.002,0
FRD_00005290,CUST_00000823,TXN_0000078002,None,0.056,0.095,0.034,0.015,0.063,0
FRD_00005291,CUST_00000433,TXN_0000040988,None,0.291,0.368,0.156,0.514,0.012,0
FRD_00005292,CUST_00000123,TXN_0000011651,None,0.148,0.344,0.0,0.103,0.007,0
FRD_00005293,CUST_00000143,TXN_0000013562,None,0.241,0.246,0.003,0.618,0.001,0
FRD_00005294,CUST_00000356,TXN_0000033696,None,0.18,0.27,0.067,0.059,0.287,0
FRD_00005295,CUST_00000470,TXN_0000044514,Card Not Present (CNP) Fraud,0.43,0.967,0.089,0.297,0.0,1
FRD_00005296,CUST_00000219,TXN_0000020719,None,0.132,0.28,0.041,0.083,0.024,0
FRD_00005297,CUST_00000385,TXN_0000036426,None,0.067,0.079,0.012,0.104,0.054,0
FRD_00005298,CUST_00000760,TXN_0000071997,None,0.102,0.136,0.0,0.025,0.242,0
FRD_00005299,CUST_00000980,TXN_0000092826,None,0.117,0.248,0.074,0.026,0.044,0
FRD_00005300,CUST_00000497,TXN_0000047100,None,0.13,0.311,0.001,0.028,0.07,0
FRD_00005301,CUST_00000578,TXN_0000054732,None,0.239,0.257,0.123,0.498,0.001,0
FRD_00005302,CUST_00000022,TXN_0000002041,None,0.154,0.253,0.168,0.112,0.021,0
FRD_00005303,CUST_00000404,TXN_0000038257,None,0.22,0.333,0.114,0.322,0.0,0
FRD_00005304,CUST_00000441,TXN_0000041789,None,0.165,0.04,0.102,0.522,0.0,0
FRD_00005305,CUST_00000354,TXN_0000033536,None,0.143,0.219,0.178,0.112,0.015,0
FRD_00005306,CUST_00000417,TXN_0000039528,None,0.162,0.219,0.092,0.267,0.001,0
FRD_00005307,CUST_00000969,TXN_0000091733,None,0.21,0.219,0.219,0.342,0.019,0
FRD_00005308,CUST_00000689,TXN_0000065294,None,0.224,0.093,0.058,0.718,0.003,0
FRD_00005309,CUST_00000924,TXN_0000087519,None,0.08,0.059,0.021,0.219,0.0,0
FRD_00005310,CUST_00000733,TXN_0000069458,None,0.17,0.233,0.006,0.348,0.001,0
FRD_00005311,CUST_00000557,TXN_0000052725,None,0.258,0.315,0.311,0.343,0.001,0
FRD_00005312,CUST_00000364,TXN_0000034499,None,0.073,0.152,0.012,0.07,0.001,0
FRD_00005313,CUST_00000513,TXN_0000048581,None,0.103,0.238,0.058,0.03,0.001,0
FRD_00005314,CUST_00000303,TXN_0000028677,None,0.138,0.3,0.071,0.034,0.053,0
FRD_00005315,CUST_00000147,TXN_0000013897,None,0.299,0.33,0.041,0.635,0.083,0
FRD_00005316,CUST_00000869,TXN_0000082255,None,0.108,0.132,0.121,0.152,0.0,0
FRD_00005317,CUST_00000376,TXN_0000035634,None,0.209,0.308,0.179,0.234,0.037,0
FRD_00005318,CUST_00000875,TXN_0000082895,None,0.096,0.202,0.028,0.079,0.0,0
FRD_00005319,CUST_00000822,TXN_0000077885,None,0.148,0.242,0.199,0.092,0.002,0
FRD_00005320,CUST_00000423,TXN_0000040094,None,0.101,0.084,0.002,0.281,0.004,0
FRD_00005321,CUST_00000022,TXN_0000001995,None,0.14,0.212,0.109,0.02,0.197,0
FRD_00005322,CUST_00000838,TXN_0000079352,None,0.16,0.269,0.003,0.25,0.015,0
FRD_00005323,CUST_00000119,TXN_0000011307,None,0.095,0.122,0.002,0.192,0.018,0
FRD_00005324,CUST_00000430,TXN_0000040691,None,0.233,0.322,0.256,0.236,0.05,0
FRD_00005325,CUST_00000853,TXN_0000080746,None,0.128,0.224,0.0,0.118,0.099,0
FRD_00005326,CUST_00000343,TXN_0000032445,None,0.152,0.319,0.026,0.129,0.013,0
FRD_00005327,CUST_00000919,TXN_0000087023,None,0.231,0.307,0.031,0.465,0.003,0
FRD_00005328,CUST_00000980,TXN_0000092851,None,0.13,0.055,0.044,0.354,0.066,0
FRD_00005329,CUST_00000209,TXN_0000019758,None,0.312,0.381,0.065,0.558,0.132,0
FRD_00005330,CUST_00000721,TXN_0000068293,None,0.122,0.157,0.081,0.202,0.0,0
FRD_00005331,CUST_00000437,TXN_0000041375,None,0.122,0.156,0.07,0.19,0.032,0
FRD_00005332,CUST_00000937,TXN_0000088740,None,0.156,0.183,0.33,0.105,0.0,0
FRD_00005333,CUST_00000890,TXN_0000084334,None,0.297,0.282,0.045,0.738,0.025,0
FRD_00005334,CUST_00000821,TXN_0000077818,None,0.195,0.118,0.368,0.313,0.01,0
FRD_00005335,CUST_00000673,TXN_0000063740,None,0.086,0.105,0.199,0.037,0.002,0
FRD_00005336,CUST_00000165,TXN_0000015608,None,0.139,0.252,0.012,0.191,0.003,0
FRD_00005337,CUST_00000622,TXN_0000058905,None,0.087,0.162,0.088,0.047,0.003,0
FRD_00005338,CUST_00000516,TXN_0000048906,None,0.099,0.218,0.042,0.056,0.001,0
FRD_00005339,CUST_00000721,TXN_0000068308,None,0.213,0.292,0.126,0.344,0.0,0
FRD_00005340,CUST_00000701,TXN_0000066380,None,0.134,0.051,0.151,0.337,0.006,0
FRD_00005341,CUST_00000851,TXN_0000080598,None,0.172,0.282,0.254,0.072,0.025,0
FRD_00005342,CUST_00000490,TXN_0000046422,None,0.118,0.082,0.369,0.061,0.0,0
FRD_00005343,CUST_00000427,TXN_0000040433,None,0.187,0.169,0.217,0.337,0.0,0
FRD_00005344,CUST_00000504,TXN_0000047706,None,0.158,0.198,0.363,0.012,0.064,0
FRD_00005345,CUST_00000142,TXN_0000013483,None,0.147,0.35,0.03,0.073,0.0,0
FRD_00005346,CUST_00000044,TXN_0000004146,None,0.078,0.069,0.093,0.141,0.0,0
FRD_00005347,CUST_00000925,TXN_0000087652,None,0.173,0.137,0.26,0.294,0.0,0
FRD_00005348,CUST_00000325,TXN_0000030739,None,0.212,0.246,0.008,0.494,0.006,0
FRD_00005349,CUST_00000079,TXN_0000007412,None,0.129,0.149,0.165,0.151,0.03,0
FRD_00005350,CUST_00000168,TXN_0000015902,None,0.144,0.249,0.0,0.207,0.028,0
FRD_00005351,CUST_00000623,TXN_0000058981,None,0.175,0.191,0.117,0.203,0.168,0
FRD_00005352,CUST_00000228,TXN_0000021560,None,0.271,0.182,0.01,0.752,0.086,0
FRD_00005353,CUST_00000323,TXN_0000030579,None,0.165,0.12,0.016,0.412,0.086,0
FRD_00005354,CUST_00000486,TXN_0000046056,None,0.063,0.068,0.122,0.003,0.07,0
FRD_00005355,CUST_00000283,TXN_0000026749,None,0.149,0.251,0.135,0.013,0.153,0
FRD_00005356,CUST_00000657,TXN_0000062272,None,0.18,0.139,0.093,0.449,0.003,0
FRD_00005357,CUST_00000455,TXN_0000043077,None,0.144,0.103,0.141,0.182,0.171,0
FRD_00005358,CUST_00000597,TXN_0000056535,None,0.15,0.137,0.198,0.154,0.121,0
FRD_00005359,CUST_00000408,TXN_0000038587,None,0.321,0.277,0.005,0.878,0.019,0
FRD_00005360,CUST_00000769,TXN_0000072886,None,0.158,0.176,0.046,0.001,0.436,0
FRD_00005361,CUST_00000575,TXN_0000054488,None,0.074,0.17,0.016,0.039,0.01,0
FRD_00005362,CUST_00000492,TXN_0000046583,None,0.258,0.187,0.031,0.747,0.0,0
FRD_00005363,CUST_00000493,TXN_0000046693,None,0.12,0.13,0.044,0.219,0.056,0
FRD_00005364,CUST_00000245,TXN_0000023175,None,0.167,0.145,0.191,0.285,0.032,0
FRD_00005365,CUST_00000877,TXN_0000083093,None,0.096,0.121,0.007,0.205,0.004,0
FRD_00005366,CUST_00000132,TXN_0000012480,None,0.197,0.102,0.014,0.632,0.003,0
FRD_00005367,CUST_00000182,TXN_0000017285,None,0.118,0.207,0.043,0.147,0.002,0
FRD_00005368,CUST_00000250,TXN_0000023634,None,0.235,0.112,0.044,0.694,0.068,0
FRD_00005369,CUST_00000916,TXN_0000086719,None,0.244,0.317,0.0,0.527,0.006,0
FRD_00005370,CUST_00000800,TXN_0000075833,None,0.11,0.225,0.085,0.05,0.009,0
FRD_00005371,CUST_00000142,TXN_0000013434,None,0.097,0.266,0.001,0.015,0.001,0
FRD_00005372,CUST_00000836,TXN_0000079188,None,0.079,0.101,0.003,0.078,0.116,0
FRD_00005373,CUST_00000617,TXN_0000058470,None,0.079,0.202,0.011,0.025,0.0,0
FRD_00005374,CUST_00000358,TXN_0000033855,None,0.149,0.109,0.013,0.417,0.018,0
FRD_00005375,CUST_00000402,TXN_0000038097,None,0.283,0.18,0.417,0.547,0.001,0
FRD_00005376,CUST_00000457,TXN_0000043245,None,0.15,0.259,0.137,0.072,0.072,0
FRD_00005377,CUST_00000757,TXN_0000071752,None,0.161,0.147,0.162,0.307,0.0,0
FRD_00005378,CUST_00000396,TXN_0000037465,None,0.076,0.073,0.05,0.148,0.019,0
FRD_00005379,CUST_00000615,TXN_0000058238,None,0.106,0.239,0.009,0.042,0.049,0
FRD_00005380,CUST_00000751,TXN_0000071191,None,0.094,0.079,0.002,0.238,0.032,0
FRD_00005381,CUST_00000889,TXN_0000084160,None,0.221,0.294,0.097,0.395,0.001,0
FRD_00005382,CUST_00000238,TXN_0000022493,None,0.159,0.186,0.077,0.214,0.124,0
FRD_00005383,CUST_00000269,TXN_0000025397,None,0.158,0.297,0.036,0.187,0.0,0
FRD_00005384,CUST_00000802,TXN_0000075997,None,0.146,0.337,0.111,0.025,0.0,0
FRD_00005385,CUST_00000022,TXN_0000001984,None,0.197,0.154,0.036,0.337,0.26,0
FRD_00005386,CUST_00000454,TXN_0000042976,None,0.184,0.079,0.191,0.469,0.004,0
FRD_00005387,CUST_00000891,TXN_0000084366,None,0.21,0.269,0.141,0.35,0.001,0
FRD_00005388,CUST_00000589,TXN_0000055775,None,0.053,0.103,0.0,0.068,0.0,0
FRD_00005389,CUST_00000146,TXN_0000013823,None,0.141,0.234,0.146,0.119,0.0,0
FRD_00005390,CUST_00000450,TXN_0000042644,None,0.079,0.115,0.087,0.074,0.012,0
FRD_00005391,CUST_00000424,TXN_0000040172,None,0.152,0.184,0.275,0.131,0.0,0
FRD_00005392,CUST_00000349,TXN_0000033043,None,0.129,0.166,0.028,0.207,0.069,0
FRD_00005393,CUST_00000511,TXN_0000048364,None,0.205,0.179,0.306,0.322,0.003,0
FRD_00005394,CUST_00000424,TXN_0000040157,None,0.177,0.277,0.01,0.309,0.003,0
FRD_00005395,CUST_00000373,TXN_0000035333,None,0.145,0.232,0.044,0.211,0.012,0
FRD_00005396,CUST_00000731,TXN_0000069271,Identity Theft / Synthetic ID,0.457,0.938,0.024,0.494,0.002,1
FRD_00005397,CUST_00000054,TXN_0000005112,None,0.186,0.199,0.28,0.24,0.001,0
FRD_00005398,CUST_00000777,TXN_0000073637,None,0.134,0.23,0.079,0.019,0.165,0
FRD_00005399,CUST_00000866,TXN_0000082045,None,0.15,0.295,0.004,0.17,0.019,0
FRD_00005400,CUST_00000847,TXN_0000080261,Identity Theft / Synthetic ID,0.358,0.886,0.016,0.112,0.083,1
FRD_00005401,CUST_00000082,TXN_0000007706,None,0.144,0.209,0.001,0.272,0.013,0
FRD_00005402,CUST_00000306,TXN_0000028992,None,0.094,0.1,0.012,0.224,0.001,0
FRD_00005403,CUST_00000446,TXN_0000042248,None,0.253,0.342,0.145,0.418,0.0,0
FRD_00005404,CUST_00000982,TXN_0000092985,None,0.214,0.27,0.24,0.254,0.039,0
FRD_00005405,CUST_00000874,TXN_0000082804,None,0.172,0.242,0.271,0.016,0.145,0
FRD_00005406,CUST_00000347,TXN_0000032847,None,0.12,0.019,0.179,0.308,0.002,0
FRD_00005407,CUST_00000618,TXN_0000058501,None,0.259,0.296,0.092,0.497,0.062,0
FRD_00005408,CUST_00000837,TXN_0000079319,None,0.257,0.35,0.173,0.394,0.005,0
FRD_00005409,CUST_00000237,TXN_0000022460,None,0.158,0.35,0.007,0.122,0.017,0
FRD_00005410,CUST_00000546,TXN_0000051679,None,0.303,0.294,0.317,0.464,0.103,0
FRD_00005411,CUST_00000084,TXN_0000007933,None,0.105,0.185,0.061,0.062,0.064,0
FRD_00005412,CUST_00000225,TXN_0000021326,None,0.101,0.238,0.051,0.031,0.0,0
FRD_00005413,CUST_00000296,TXN_0000028050,None,0.184,0.314,0.238,0.108,0.0,0
FRD_00005414,CUST_00000473,TXN_0000044849,None,0.201,0.206,0.163,0.384,0.004,0
FRD_00005415,CUST_00000925,TXN_0000087650,None,0.21,0.301,0.22,0.242,0.001,0
FRD_00005416,CUST_00000895,TXN_0000084781,None,0.098,0.102,0.211,0.042,0.047,0
FRD_00005417,CUST_00000537,TXN_0000050835,None,0.301,0.282,0.016,0.569,0.286,0
FRD_00005418,CUST_00000189,TXN_0000017889,None,0.215,0.203,0.156,0.445,0.008,0
FRD_00005419,CUST_00000162,TXN_0000015371,None,0.231,0.331,0.357,0.153,0.027,0
FRD_00005420,CUST_00000347,TXN_0000032857,None,0.071,0.106,0.083,0.067,0.003,0
FRD_00005421,CUST_00000159,TXN_0000015088,UPI Phishing / Collect Request Fraud,0.371,0.949,0.023,0.136,0.0,1
FRD_00005422,CUST_00000241,TXN_0000022800,None,0.118,0.259,0.006,0.062,0.054,0
FRD_00005423,CUST_00000075,TXN_0000007096,None,0.133,0.091,0.047,0.334,0.04,0
FRD_00005424,CUST_00000773,TXN_0000073207,None,0.153,0.211,0.201,0.149,0.006,0
FRD_00005425,CUST_00000771,TXN_0000073020,None,0.13,0.239,0.063,0.129,0.005,0
FRD_00005426,CUST_00000952,TXN_0000090189,None,0.136,0.187,0.107,0.147,0.061,0
FRD_00005427,CUST_00000188,TXN_0000017769,None,0.136,0.165,0.074,0.252,0.002,0
FRD_00005428,CUST_00000114,TXN_0000010767,None,0.13,0.117,0.405,0.026,0.006,0
FRD_00005429,CUST_00000031,TXN_0000002855,None,0.162,0.142,0.37,0.152,0.003,0
FRD_00005430,CUST_00000765,TXN_0000072458,None,0.084,0.139,0.064,0.09,0.0,0
FRD_00005431,CUST_00000726,TXN_0000068768,None,0.175,0.163,0.317,0.212,0.007,0
FRD_00005432,CUST_00000677,TXN_0000064160,Account Takeover (ATO),0.526,0.977,0.221,0.555,0.006,1
FRD_00005433,CUST_00000630,TXN_0000059679,None,0.16,0.317,0.049,0.142,0.021,0
FRD_00005434,CUST_00000554,TXN_0000052425,None,0.232,0.238,0.075,0.434,0.124,0
FRD_00005435,CUST_00000358,TXN_0000033840,None,0.239,0.226,0.214,0.437,0.038,0
FRD_00005436,CUST_00000968,TXN_0000091708,None,0.091,0.111,0.111,0.077,0.053,0
FRD_00005437,CUST_00000523,TXN_0000049485,None,0.067,0.056,0.033,0.158,0.006,0
FRD_00005438,CUST_00000316,TXN_0000029948,None,0.202,0.325,0.024,0.335,0.0,0
FRD_00005439,CUST_00000642,TXN_0000060802,None,0.142,0.23,0.303,0.0,0.002,0
FRD_00005440,CUST_00000445,TXN_0000042167,Identity Theft / Synthetic ID,0.347,0.925,0.015,0.079,0.003,1
FRD_00005441,CUST_00000149,TXN_0000014116,None,0.129,0.278,0.011,0.051,0.082,0
FRD_00005442,CUST_00000319,TXN_0000030243,None,0.097,0.174,0.001,0.131,0.016,0
FRD_00005443,CUST_00000359,TXN_0000033997,None,0.213,0.295,0.1,0.019,0.424,0
FRD_00005444,CUST_00000001,TXN_0000000054,None,0.092,0.155,0.078,0.087,0.0,0
FRD_00005445,CUST_00000018,TXN_0000001641,None,0.097,0.129,0.021,0.19,0.002,0
FRD_00005446,CUST_00000812,TXN_0000076939,None,0.261,0.272,0.351,0.372,0.012,0
FRD_00005447,CUST_00000109,TXN_0000010269,None,0.187,0.154,0.233,0.345,0.0,0
FRD_00005448,CUST_00000711,TXN_0000067332,None,0.193,0.182,0.321,0.126,0.17,0
FRD_00005449,CUST_00000014,TXN_0000001256,None,0.314,0.058,0.097,0.515,0.73,0
FRD_00005450,CUST_00000845,TXN_0000080070,None,0.16,0.26,0.245,0.079,0.0,0
FRD_00005451,CUST_00000584,TXN_0000055293,None,0.083,0.095,0.054,0.157,0.0,0
FRD_00005452,CUST_00000517,TXN_0000048932,None,0.201,0.32,0.009,0.349,0.0,0
FRD_00005453,CUST_00000675,TXN_0000063920,None,0.078,0.08,0.057,0.15,0.005,0
FRD_00005454,CUST_00000617,TXN_0000058440,None,0.174,0.351,0.047,0.11,0.072,0
FRD_00005455,CUST_00000137,TXN_0000012963,None,0.069,0.063,0.035,0.036,0.157,0
FRD_00005456,CUST_00000796,TXN_0000075459,None,0.115,0.03,0.005,0.117,0.373,0
FRD_00005457,CUST_00000280,TXN_0000026519,None,0.151,0.23,0.122,0.177,0.008,0
FRD_00005458,CUST_00000486,TXN_0000046086,None,0.117,0.176,0.003,0.217,0.003,0
FRD_00005459,CUST_00000986,TXN_0000093404,None,0.075,0.142,0.023,0.077,0.009,0
FRD_00005460,CUST_00000255,TXN_0000024131,None,0.21,0.198,0.131,0.453,0.005,0
FRD_00005461,CUST_00000707,TXN_0000067002,None,0.127,0.189,0.094,0.128,0.052,0
FRD_00005462,CUST_00000746,TXN_0000070644,None,0.17,0.139,0.305,0.234,0.007,0
FRD_00005463,CUST_00000315,TXN_0000029829,None,0.167,0.201,0.007,0.311,0.088,0
FRD_00005464,CUST_00000341,TXN_0000032311,None,0.177,0.22,0.093,0.166,0.201,0
FRD_00005465,CUST_00000273,TXN_0000025783,None,0.175,0.245,0.031,0.22,0.138,0
FRD_00005466,CUST_00000323,TXN_0000030543,None,0.173,0.219,0.011,0.36,0.019,0
FRD_00005467,CUST_00000971,TXN_0000091927,None,0.144,0.277,0.023,0.132,0.047,0
FRD_00005468,CUST_00000785,TXN_0000074350,None,0.151,0.344,0.064,0.071,0.0,0
FRD_00005469,CUST_00000723,TXN_0000068503,None,0.12,0.088,0.018,0.323,0.025,0
FRD_00005470,CUST_00000188,TXN_0000017809,None,0.323,0.159,0.371,0.696,0.095,0
FRD_00005471,CUST_00000596,TXN_0000056434,None,0.079,0.198,0.0,0.034,0.006,0
FRD_00005472,CUST_00000584,TXN_0000055283,None,0.122,0.071,0.001,0.384,0.005,0
FRD_00005473,CUST_00000567,TXN_0000053698,None,0.062,0.123,0.002,0.074,0.001,0
FRD_00005474,CUST_00000148,TXN_0000014002,None,0.252,0.141,0.53,0.299,0.111,0
FRD_00005475,CUST_00000653,TXN_0000061894,None,0.242,0.293,0.309,0.311,0.0,0
FRD_00005476,CUST_00000305,TXN_0000028863,None,0.198,0.245,0.156,0.28,0.056,0
FRD_00005477,CUST_00000141,TXN_0000013326,None,0.188,0.244,0.483,0.011,0.016,0
FRD_00005478,CUST_00000405,TXN_0000038342,None,0.12,0.17,0.017,0.183,0.058,0
FRD_00005479,CUST_00000797,TXN_0000075551,None,0.113,0.286,0.018,0.035,0.004,0
FRD_00005480,CUST_00000540,TXN_0000051142,None,0.254,0.237,0.172,0.43,0.148,0
FRD_00005481,CUST_00000948,TXN_0000089800,None,0.229,0.328,0.0,0.37,0.11,0
FRD_00005482,CUST_00000094,TXN_0000008855,None,0.164,0.27,0.055,0.233,0.0,0
FRD_00005483,CUST_00000446,TXN_0000042259,None,0.148,0.31,0.021,0.141,0.002,0
FRD_00005484,CUST_00000963,TXN_0000091259,None,0.287,0.277,0.202,0.599,0.0,0
FRD_00005485,CUST_00000007,TXN_0000000574,None,0.145,0.192,0.001,0.31,0.003,0
FRD_00005486,CUST_00000032,TXN_0000002959,None,0.147,0.191,0.013,0.302,0.008,0
FRD_00005487,CUST_00000816,TXN_0000077311,None,0.146,0.117,0.007,0.415,0.001,0
FRD_00005488,CUST_00000174,TXN_0000016528,None,0.211,0.267,0.131,0.356,0.01,0
FRD_00005489,CUST_00000725,TXN_0000068657,None,0.351,0.376,0.329,0.582,0.038,0
FRD_00005490,CUST_00000168,TXN_0000015892,None,0.226,0.074,0.3,0.56,0.0,0
FRD_00005491,CUST_00000892,TXN_0000084513,None,0.096,0.127,0.105,0.121,0.004,0
FRD_00005492,CUST_00000677,TXN_0000064135,Card Not Present (CNP) Fraud,0.397,0.864,0.057,0.315,0.022,1
FRD_00005493,CUST_00000716,TXN_0000067782,None,0.131,0.152,0.034,0.188,0.122,0
FRD_00005494,CUST_00000996,TXN_0000094309,Account Takeover (ATO),0.323,0.866,0.014,0.066,0.001,1
FRD_00005495,CUST_00000420,TXN_0000039747,None,0.091,0.199,0.007,0.078,0.001,0
FRD_00005496,CUST_00000576,TXN_0000054585,None,0.132,0.163,0.093,0.225,0.001,0
FRD_00005497,CUST_00000686,TXN_0000065012,None,0.182,0.293,0.117,0.205,0.024,0
FRD_00005498,CUST_00000381,TXN_0000036040,None,0.152,0.212,0.077,0.244,0.006,0
FRD_00005499,CUST_00000374,TXN_0000035420,None,0.245,0.077,0.009,0.435,0.539,0
FRD_00005500,CUST_00000564,TXN_0000053441,None,0.132,0.2,0.01,0.069,0.216,0
FRD_00005501,CUST_00000136,TXN_0000012899,None,0.106,0.253,0.007,0.066,0.0,0
FRD_00005502,CUST_00000521,TXN_0000049357,Account Takeover (ATO),0.343,0.919,0.029,0.061,0.002,1
FRD_00005503,CUST_00000680,TXN_0000064459,None,0.224,0.215,0.043,0.455,0.134,0
FRD_00005504,CUST_00000754,TXN_0000071454,None,0.163,0.365,0.048,0.09,0.015,0
FRD_00005505,CUST_00000720,TXN_0000068222,None,0.089,0.229,0.017,0.021,0.001,0
FRD_00005506,CUST_00000992,TXN_0000093977,None,0.117,0.059,0.001,0.383,0.001,0
FRD_00005507,CUST_00000379,TXN_0000035915,None,0.161,0.293,0.064,0.179,0.002,0
FRD_00005508,CUST_00000135,TXN_0000012758,None,0.119,0.182,0.088,0.15,0.001,0
FRD_00005509,CUST_00000423,TXN_0000040035,None,0.236,0.225,0.0,0.591,0.046,0
FRD_00005510,CUST_00000300,TXN_0000028348,None,0.16,0.247,0.058,0.233,0.016,0
FRD_00005511,CUST_00000668,TXN_0000063317,None,0.165,0.076,0.003,0.532,0.023,0
FRD_00005512,CUST_00000945,TXN_0000089478,None,0.113,0.063,0.189,0.162,0.064,0
FRD_00005513,CUST_00000810,TXN_0000076741,None,0.158,0.302,0.006,0.148,0.068,0
FRD_00005514,CUST_00000300,TXN_0000028418,None,0.34,0.319,0.043,0.836,0.054,0
FRD_00005515,CUST_00000711,TXN_0000067342,None,0.19,0.28,0.01,0.36,0.0,0
FRD_00005516,CUST_00000487,TXN_0000046094,None,0.175,0.151,0.05,0.449,0.001,0
FRD_00005517,CUST_00000954,TXN_0000090342,None,0.054,0.101,0.019,0.057,0.001,0
FRD_00005518,CUST_00000044,TXN_0000004119,None,0.117,0.155,0.112,0.149,0.014,0
FRD_00005519,CUST_00000748,TXN_0000070849,None,0.171,0.331,0.055,0.103,0.09,0
FRD_00005520,CUST_00000244,TXN_0000023128,None,0.176,0.209,0.067,0.246,0.141,0
FRD_00005521,CUST_00000326,TXN_0000030903,None,0.181,0.224,0.063,0.358,0.002,0
FRD_00005522,CUST_00000728,TXN_0000068938,None,0.233,0.226,0.037,0.587,0.001,0
FRD_00005523,CUST_00000872,TXN_0000082549,None,0.109,0.135,0.109,0.024,0.171,0
FRD_00005524,CUST_00000803,TXN_0000076102,None,0.221,0.294,0.0,0.474,0.0,0
FRD_00005525,CUST_00000361,TXN_0000034154,None,0.105,0.147,0.068,0.159,0.003,0
FRD_00005526,CUST_00000840,TXN_0000079548,None,0.116,0.255,0.095,0.029,0.003,0
FRD_00005527,CUST_00000804,TXN_0000076196,None,0.13,0.301,0.064,0.044,0.002,0
FRD_00005528,CUST_00000563,TXN_0000053333,None,0.252,0.337,0.095,0.244,0.268,0
FRD_00005529,CUST_00000123,TXN_0000011658,None,0.223,0.251,0.002,0.495,0.057,0
FRD_00005530,CUST_00000812,TXN_0000076887,None,0.162,0.168,0.042,0.354,0.034,0
FRD_00005531,CUST_00000026,TXN_0000002448,None,0.168,0.193,0.043,0.213,0.192,0
FRD_00005532,CUST_00000995,TXN_0000094209,None,0.125,0.315,0.005,0.057,0.0,0
FRD_00005533,CUST_00000143,TXN_0000013564,None,0.074,0.126,0.0,0.119,0.0,0
FRD_00005534,CUST_00000210,TXN_0000019870,Identity Theft / Synthetic ID,0.434,0.984,0.006,0.265,0.109,1
FRD_00005535,CUST_00000511,TXN_0000048442,None,0.144,0.245,0.012,0.182,0.054,0
FRD_00005536,CUST_00000153,TXN_0000014487,Account Takeover (ATO),0.341,0.859,0.136,0.051,0.001,1
FRD_00005537,CUST_00001000,TXN_0000094695,None,0.181,0.316,0.177,0.116,0.032,0
FRD_00005538,CUST_00000317,TXN_0000030045,None,0.116,0.106,0.217,0.141,0.0,0
FRD_00005539,CUST_00000376,TXN_0000035622,None,0.181,0.18,0.238,0.276,0.008,0
FRD_00005540,CUST_00000515,TXN_0000048814,None,0.182,0.176,0.087,0.245,0.207,0
FRD_00005541,CUST_00000952,TXN_0000090147,None,0.165,0.132,0.045,0.407,0.04,0
FRD_00005542,CUST_00000866,TXN_0000082055,None,0.153,0.249,0.002,0.093,0.209,0
FRD_00005543,CUST_00000812,TXN_0000076964,None,0.165,0.35,0.023,0.117,0.044,0
FRD_00005544,CUST_00000874,TXN_0000082805,None,0.165,0.145,0.001,0.283,0.217,0
FRD_00005545,CUST_00000778,TXN_0000073717,None,0.12,0.147,0.013,0.076,0.237,0
FRD_00005546,CUST_00000751,TXN_0000071199,None,0.237,0.208,0.072,0.526,0.092,0
FRD_00005547,CUST_00000759,TXN_0000071876,Identity Theft / Synthetic ID,0.363,0.915,0.106,0.072,0.02,1
FRD_00005548,CUST_00000822,TXN_0000077840,None,0.273,0.149,0.376,0.543,0.047,0
FRD_00005549,CUST_00000030,TXN_0000002821,None,0.152,0.295,0.022,0.071,0.135,0
FRD_00005550,CUST_00000824,TXN_0000078063,None,0.157,0.168,0.258,0.187,0.001,0
FRD_00005551,CUST_00000971,TXN_0000091975,None,0.269,0.216,0.055,0.708,0.029,0
FRD_00005552,CUST_00000518,TXN_0000049050,None,0.139,0.316,0.034,0.083,0.002,0
FRD_00005553,CUST_00000197,TXN_0000018683,None,0.11,0.165,0.014,0.198,0.002,0
FRD_00005554,CUST_00000172,TXN_0000016291,None,0.144,0.137,0.074,0.141,0.23,0
FRD_00005555,CUST_00000943,TXN_0000089324,None,0.116,0.241,0.041,0.078,0.018,0
FRD_00005556,CUST_00000489,TXN_0000046321,None,0.04,0.056,0.099,0.0,0.005,0
FRD_00005557,CUST_00000927,TXN_0000087839,None,0.218,0.284,0.05,0.429,0.005,0
FRD_00005558,CUST_00000783,TXN_0000074178,None,0.116,0.205,0.007,0.154,0.021,0
FRD_00005559,CUST_00000797,TXN_0000075476,None,0.09,0.219,0.024,0.033,0.001,0
FRD_00005560,CUST_00000286,TXN_0000027105,None,0.101,0.187,0.057,0.096,0.0,0
FRD_00005561,CUST_00000149,TXN_0000014110,None,0.154,0.281,0.221,0.046,0.0,0
FRD_00005562,CUST_00000597,TXN_0000056567,None,0.15,0.274,0.063,0.156,0.014,0
FRD_00005563,CUST_00000581,TXN_0000055056,None,0.209,0.189,0.107,0.486,0.0,0
FRD_00005564,CUST_00000632,TXN_0000059829,None,0.047,0.042,0.003,0.124,0.003,0
FRD_00005565,CUST_00000200,TXN_0000018996,None,0.14,0.344,0.001,0.043,0.043,0
FRD_00005566,CUST_00000120,TXN_0000011338,None,0.152,0.255,0.019,0.237,0.0,0
FRD_00005567,CUST_00000306,TXN_0000028979,None,0.084,0.126,0.053,0.119,0.0,0
FRD_00005568,CUST_00000252,TXN_0000023842,None,0.175,0.305,0.124,0.142,0.042,0
FRD_00005569,CUST_00000724,TXN_0000068606,None,0.105,0.177,0.088,0.101,0.0,0
FRD_00005570,CUST_00000790,TXN_0000074824,None,0.216,0.279,0.071,0.409,0.01,0
FRD_00005571,CUST_00000603,TXN_0000057102,None,0.144,0.09,0.034,0.421,0.0,0
FRD_00005572,CUST_00000205,TXN_0000019431,None,0.206,0.295,0.001,0.395,0.02,0
FRD_00005573,CUST_00000971,TXN_0000091959,None,0.11,0.235,0.073,0.037,0.018,0
FRD_00005574,CUST_00000144,TXN_0000013644,None,0.147,0.152,0.162,0.245,0.001,0
FRD_00005575,CUST_00000480,TXN_0000045438,None,0.109,0.122,0.004,0.224,0.049,0
FRD_00005576,CUST_00000133,TXN_0000012622,None,0.213,0.381,0.042,0.24,0.057,0
FRD_00005577,CUST_00000926,TXN_0000087677,None,0.115,0.222,0.053,0.108,0.001,0
FRD_00005578,CUST_00000245,TXN_0000023229,None,0.276,0.143,0.135,0.543,0.314,0
FRD_00005579,CUST_00000160,TXN_0000015147,None,0.208,0.228,0.138,0.355,0.06,0
FRD_00005580,CUST_00000025,TXN_0000002352,None,0.11,0.195,0.206,0.0,0.004,0
FRD_00005581,CUST_00000930,TXN_0000088065,None,0.224,0.368,0.24,0.162,0.034,0
FRD_00005582,CUST_00000360,TXN_0000034064,UPI Phishing / Collect Request Fraud,0.543,0.95,0.157,0.642,0.092,1
FRD_00005583,CUST_00000234,TXN_0000022108,None,0.087,0.207,0.013,0.048,0.001,0
FRD_00005584,CUST_00000165,TXN_0000015618,None,0.177,0.104,0.21,0.393,0.004,0
FRD_00005585,CUST_00000699,TXN_0000066241,None,0.152,0.199,0.041,0.298,0.0,0
FRD_00005586,CUST_00000569,TXN_0000053898,None,0.046,0.115,0.015,0.011,0.001,0
FRD_00005587,CUST_00000317,TXN_0000030024,None,0.124,0.194,0.185,0.078,0.0,0
FRD_00005588,CUST_00000659,TXN_0000062402,None,0.147,0.303,0.071,0.107,0.001,0
FRD_00005589,CUST_00000674,TXN_0000063837,None,0.123,0.241,0.086,0.084,0.002,0
FRD_00005590,CUST_00000105,TXN_0000009890,None,0.165,0.205,0.152,0.223,0.034,0
FRD_00005591,CUST_00000115,TXN_0000010903,None,0.225,0.284,0.09,0.368,0.076,0
FRD_00005592,CUST_00000641,TXN_0000060756,None,0.265,0.33,0.035,0.354,0.272,0
FRD_00005593,CUST_00000928,TXN_0000087870,None,0.186,0.156,0.203,0.356,0.009,0
FRD_00005594,CUST_00000858,TXN_0000081222,None,0.169,0.152,0.115,0.367,0.006,0
FRD_00005595,CUST_00000603,TXN_0000057114,None,0.174,0.331,0.084,0.047,0.147,0
FRD_00005596,CUST_00000248,TXN_0000023470,None,0.212,0.39,0.041,0.201,0.084,0
FRD_00005597,CUST_00000817,TXN_0000077416,None,0.132,0.154,0.045,0.148,0.158,0
FRD_00005598,CUST_00000279,TXN_0000026356,None,0.142,0.121,0.091,0.325,0.002,0
FRD_00005599,CUST_00000993,TXN_0000094025,None,0.172,0.161,0.198,0.287,0.022,0
FRD_00005600,CUST_00000743,TXN_0000070421,None,0.138,0.269,0.009,0.145,0.031,0
FRD_00005601,CUST_00000429,TXN_0000040649,None,0.147,0.318,0.01,0.097,0.046,0
FRD_00005602,CUST_00000242,TXN_0000022930,None,0.205,0.178,0.057,0.465,0.076,0
FRD_00005603,CUST_00000004,TXN_0000000379,None,0.173,0.23,0.048,0.319,0.015,0
FRD_00005604,CUST_00000976,TXN_0000092432,None,0.126,0.13,0.022,0.297,0.008,0
FRD_00005605,CUST_00000443,TXN_0000041988,None,0.095,0.094,0.009,0.202,0.049,0
FRD_00005606,CUST_00000462,TXN_0000043720,None,0.096,0.16,0.075,0.043,0.072,0
FRD_00005607,CUST_00000663,TXN_0000062775,None,0.148,0.118,0.017,0.38,0.042,0
FRD_00005608,CUST_00000758,TXN_0000071810,None,0.195,0.232,0.149,0.266,0.089,0
FRD_00005609,CUST_00000676,TXN_0000064026,None,0.121,0.218,0.088,0.108,0.002,0
FRD_00005610,CUST_00000487,TXN_0000046165,None,0.103,0.071,0.098,0.217,0.02,0
FRD_00005611,CUST_00000062,TXN_0000005800,None,0.143,0.17,0.002,0.313,0.022,0
FRD_00005612,CUST_00000002,TXN_0000000104,None,0.131,0.276,0.022,0.12,0.0,0
FRD_00005613,CUST_00000561,TXN_0000053109,None,0.209,0.149,0.434,0.282,0.0,0
FRD_00005614,CUST_00000967,TXN_0000091562,None,0.217,0.347,0.297,0.079,0.082,0
FRD_00005615,CUST_00000673,TXN_0000063760,None,0.177,0.141,0.211,0.339,0.001,0
FRD_00005616,CUST_00000982,TXN_0000092988,None,0.177,0.341,0.201,0.013,0.071,0
FRD_00005617,CUST_00000963,TXN_0000091205,None,0.137,0.253,0.154,0.072,0.0,0
FRD_00005618,CUST_00000327,TXN_0000030960,None,0.225,0.103,0.005,0.753,0.0,0
FRD_00005619,CUST_00000277,TXN_0000026192,None,0.13,0.161,0.114,0.2,0.004,0
FRD_00005620,CUST_00000754,TXN_0000071480,None,0.084,0.186,0.003,0.065,0.01,0
FRD_00005621,CUST_00000159,TXN_0000015058,Identity Theft / Synthetic ID,0.534,0.974,0.152,0.638,0.018,1
FRD_00005622,CUST_00000769,TXN_0000072861,None,0.13,0.129,0.109,0.211,0.053,0
FRD_00005623,CUST_00000208,TXN_0000019664,None,0.109,0.174,0.208,0.024,0.003,0
FRD_00005624,CUST_00000891,TXN_0000084435,None,0.111,0.2,0.186,0.009,0.008,0
FRD_00005625,CUST_00000083,TXN_0000007864,None,0.199,0.244,0.276,0.202,0.038,0
FRD_00005626,CUST_00000593,TXN_0000056198,None,0.228,0.224,0.212,0.079,0.436,0
FRD_00005627,CUST_00000078,TXN_0000007317,None,0.081,0.151,0.001,0.082,0.039,0
FRD_00005628,CUST_00000258,TXN_0000024376,None,0.191,0.333,0.037,0.269,0.0,0
FRD_00005629,CUST_00000187,TXN_0000017708,None,0.257,0.353,0.218,0.361,0.0,0
FRD_00005630,CUST_00000294,TXN_0000027834,None,0.148,0.234,0.004,0.216,0.059,0
FRD_00005631,CUST_00000602,TXN_0000057032,None,0.261,0.219,0.143,0.622,0.001,0
FRD_00005632,CUST_00000436,TXN_0000041308,None,0.108,0.201,0.078,0.09,0.0,0
FRD_00005633,CUST_00000433,TXN_0000040975,None,0.187,0.07,0.01,0.488,0.193,0
FRD_00005634,CUST_00000310,TXN_0000029381,None,0.105,0.169,0.132,0.067,0.013,0
FRD_00005635,CUST_00000166,TXN_0000015724,None,0.137,0.256,0.0,0.189,0.0,0
FRD_00005636,CUST_00000222,TXN_0000020981,None,0.103,0.08,0.083,0.233,0.003,0
FRD_00005637,CUST_00000421,TXN_0000039891,None,0.056,0.12,0.047,0.02,0.0,0
FRD_00005638,CUST_00000320,TXN_0000030278,None,0.126,0.2,0.099,0.145,0.001,0
FRD_00005639,CUST_00000974,TXN_0000092247,None,0.081,0.175,0.017,0.063,0.002,0
FRD_00005640,CUST_00000062,TXN_0000005810,None,0.173,0.117,0.024,0.399,0.138,0
FRD_00005641,CUST_00000568,TXN_0000053794,None,0.2,0.108,0.553,0.202,0.005,0
FRD_00005642,CUST_00000183,TXN_0000017377,None,0.109,0.111,0.0,0.046,0.292,0
FRD_00005643,CUST_00000146,TXN_0000013849,None,0.19,0.196,0.361,0.159,0.047,0
FRD_00005644,CUST_00000670,TXN_0000063467,None,0.128,0.026,0.106,0.383,0.011,0
FRD_00005645,CUST_00000123,TXN_0000011669,None,0.225,0.264,0.225,0.056,0.368,0
FRD_00005646,CUST_00000461,TXN_0000043638,None,0.193,0.243,0.16,0.299,0.004,0
FRD_00005647,CUST_00000508,TXN_0000048154,None,0.072,0.093,0.025,0.101,0.048,0
FRD_00005648,CUST_00000316,TXN_0000029934,None,0.091,0.231,0.011,0.031,0.002,0
FRD_00005649,CUST_00000547,TXN_0000051771,None,0.228,0.255,0.129,0.361,0.114,0
FRD_00005650,CUST_00000126,TXN_0000011888,None,0.076,0.106,0.0,0.087,0.086,0
FRD_00005651,CUST_00000314,TXN_0000029761,None,0.166,0.083,0.214,0.353,0.029,0
FRD_00005652,CUST_00000994,TXN_0000094149,None,0.208,0.339,0.259,0.021,0.162,0
FRD_00005653,CUST_00000849,TXN_0000080452,None,0.206,0.12,0.335,0.256,0.165,0
FRD_00005654,CUST_00000362,TXN_0000034241,None,0.137,0.226,0.106,0.147,0.0,0
FRD_00005655,CUST_00000962,TXN_0000091144,None,0.16,0.043,0.273,0.359,0.003,0
FRD_00005656,CUST_00000813,TXN_0000076998,None,0.134,0.135,0.006,0.268,0.091,0
FRD_00005657,CUST_00000606,TXN_0000057398,None,0.217,0.248,0.045,0.153,0.416,0
FRD_00005658,CUST_00000988,TXN_0000093598,None,0.133,0.112,0.037,0.172,0.219,0
FRD_00005659,CUST_00000002,TXN_0000000187,None,0.187,0.233,0.053,0.379,0.001,0
FRD_00005660,CUST_00000838,TXN_0000079426,None,0.103,0.133,0.043,0.18,0.016,0
FRD_00005661,CUST_00000093,TXN_0000008744,None,0.173,0.177,0.116,0.35,0.0,0
FRD_00005662,CUST_00000216,TXN_0000020444,None,0.142,0.287,0.093,0.092,0.0,0
FRD_00005663,CUST_00000083,TXN_0000007863,None,0.198,0.102,0.473,0.19,0.102,0
FRD_00005664,CUST_00000707,TXN_0000066963,None,0.198,0.32,0.315,0.094,0.0,0
FRD_00005665,CUST_00000097,TXN_0000009163,None,0.167,0.273,0.166,0.152,0.0,0
FRD_00005666,CUST_00000650,TXN_0000061557,None,0.153,0.184,0.255,0.119,0.041,0
FRD_00005667,CUST_00000473,TXN_0000044850,None,0.159,0.196,0.113,0.058,0.266,0
FRD_00005668,CUST_00000715,TXN_0000067740,None,0.296,0.277,0.215,0.423,0.25,0
FRD_00005669,CUST_00000871,TXN_0000082502,None,0.196,0.264,0.214,0.218,0.033,0
FRD_00005670,CUST_00000372,TXN_0000035236,None,0.159,0.174,0.008,0.318,0.086,0
FRD_00005671,CUST_00000658,TXN_0000062313,None,0.093,0.243,0.018,0.017,0.002,0
FRD_00005672,CUST_00000124,TXN_0000011726,None,0.199,0.241,0.023,0.417,0.031,0
FRD_00005673,CUST_00000061,TXN_0000005763,None,0.131,0.112,0.027,0.327,0.022,0
FRD_00005674,CUST_00000388,TXN_0000036734,None,0.061,0.131,0.04,0.008,0.025,0
FRD_00005675,CUST_00000091,TXN_0000008639,None,0.147,0.111,0.136,0.281,0.055,0
FRD_00005676,CUST_00000459,TXN_0000043450,Identity Theft / Synthetic ID,0.374,0.893,0.031,0.19,0.038,1
FRD_00005677,CUST_00000240,TXN_0000022676,None,0.176,0.234,0.012,0.314,0.065,0
FRD_00005678,CUST_00000973,TXN_0000092133,None,0.145,0.307,0.004,0.053,0.12,0
FRD_00005679,CUST_00000097,TXN_0000009164,None,0.189,0.235,0.064,0.265,0.14,0
FRD_00005680,CUST_00000376,TXN_0000035563,None,0.11,0.148,0.229,0.023,0.035,0
FRD_00005681,CUST_00000532,TXN_0000050410,None,0.205,0.185,0.034,0.426,0.136,0
FRD_00005682,CUST_00000134,TXN_0000012679,None,0.17,0.123,0.229,0.322,0.002,0
FRD_00005683,CUST_00000245,TXN_0000023221,None,0.138,0.276,0.033,0.123,0.018,0
FRD_00005684,CUST_00000642,TXN_0000060828,None,0.064,0.159,0.001,0.028,0.004,0
FRD_00005685,CUST_00000860,TXN_0000081457,None,0.202,0.186,0.068,0.431,0.08,0
FRD_00005686,CUST_00000578,TXN_0000054693,None,0.156,0.299,0.037,0.102,0.093,0
FRD_00005687,CUST_00000899,TXN_0000085122,None,0.217,0.329,0.002,0.326,0.098,0
FRD_00005688,CUST_00000818,TXN_0000077458,None,0.093,0.157,0.087,0.081,0.0,0
FRD_00005689,CUST_00000995,TXN_0000094252,None,0.126,0.203,0.085,0.151,0.0,0
FRD_00005690,CUST_00000450,TXN_0000042563,None,0.172,0.2,0.005,0.404,0.0,0
FRD_00005691,CUST_00000676,TXN_0000064085,None,0.118,0.154,0.068,0.194,0.011,0
FRD_00005692,CUST_00000272,TXN_0000025751,None,0.156,0.105,0.019,0.409,0.068,0
FRD_00005693,CUST_00000188,TXN_0000017820,None,0.129,0.072,0.356,0.131,0.001,0
FRD_00005694,CUST_00000645,TXN_0000061059,None,0.101,0.131,0.099,0.14,0.002,0
FRD_00005695,CUST_00000308,TXN_0000029129,None,0.117,0.253,0.03,0.089,0.0,0
FRD_00005696,CUST_00000426,TXN_0000040384,None,0.129,0.218,0.07,0.134,0.026,0
FRD_00005697,CUST_00000296,TXN_0000028031,None,0.235,0.319,0.079,0.418,0.017,0
FRD_00005698,CUST_00000736,TXN_0000069731,None,0.249,0.11,0.003,0.742,0.122,0
FRD_00005699,CUST_00000144,TXN_0000013675,None,0.124,0.103,0.035,0.175,0.184,0
FRD_00005700,CUST_00000034,TXN_0000003209,None,0.184,0.335,0.024,0.247,0.0,0
FRD_00005701,CUST_00000864,TXN_0000081858,None,0.168,0.317,0.0,0.16,0.087,0
FRD_00005702,CUST_00000609,TXN_0000057709,None,0.115,0.145,0.207,0.078,0.019,0
FRD_00005703,CUST_00000530,TXN_0000050174,None,0.156,0.25,0.028,0.143,0.136,0
FRD_00005704,CUST_00000922,TXN_0000087340,None,0.124,0.325,0.004,0.027,0.012,0
FRD_00005705,CUST_00000888,TXN_0000084074,None,0.087,0.169,0.057,0.049,0.019,0
FRD_00005706,CUST_00000067,TXN_0000006319,None,0.173,0.339,0.031,0.075,0.149,0
FRD_00005707,CUST_00000855,TXN_0000080954,None,0.164,0.132,0.29,0.239,0.0,0
FRD_00005708,CUST_00000662,TXN_0000062722,None,0.161,0.039,0.263,0.312,0.084,0
FRD_00005709,CUST_00000326,TXN_0000030853,None,0.174,0.105,0.048,0.511,0.001,0
FRD_00005710,CUST_00000300,TXN_0000028424,None,0.179,0.249,0.106,0.283,0.0,0
FRD_00005711,CUST_00000821,TXN_0000077814,None,0.134,0.298,0.054,0.074,0.0,0
FRD_00005712,CUST_00000422,TXN_0000039986,None,0.123,0.217,0.154,0.011,0.069,0
FRD_00005713,CUST_00000559,TXN_0000052938,None,0.248,0.172,0.385,0.434,0.011,0
FRD_00005714,CUST_00000203,TXN_0000019261,None,0.154,0.212,0.007,0.304,0.012,0
FRD_00005715,CUST_00000425,TXN_0000040259,None,0.219,0.27,0.039,0.465,0.004,0
FRD_00005716,CUST_00000009,TXN_0000000774,None,0.32,0.354,0.49,0.392,0.0,0
FRD_00005717,CUST_00000539,TXN_0000051074,None,0.05,0.086,0.01,0.014,0.071,0
FRD_00005718,CUST_00000274,TXN_0000025950,None,0.129,0.186,0.108,0.102,0.084,0
FRD_00005719,CUST_00000740,TXN_0000070128,None,0.191,0.277,0.254,0.155,0.024,0
FRD_00005720,CUST_00000925,TXN_0000087627,None,0.094,0.143,0.011,0.166,0.0,0
FRD_00005721,CUST_00000138,TXN_0000013100,None,0.134,0.208,0.217,0.067,0.004,0
FRD_00005722,CUST_00000205,TXN_0000019377,None,0.214,0.155,0.009,0.631,0.003,0
FRD_00005723,CUST_00000950,TXN_0000089977,None,0.264,0.132,0.209,0.694,0.011,0
FRD_00005724,CUST_00000975,TXN_0000092392,None,0.236,0.323,0.221,0.296,0.022,0
FRD_00005725,CUST_00000777,TXN_0000073609,None,0.188,0.172,0.385,0.202,0.0,0
FRD_00005726,CUST_00000135,TXN_0000012800,None,0.187,0.239,0.062,0.342,0.027,0
FRD_00005727,CUST_00000819,TXN_0000077562,None,0.115,0.172,0.034,0.189,0.004,0
FRD_00005728,CUST_00000182,TXN_0000017297,None,0.099,0.087,0.148,0.108,0.059,0
FRD_00005729,CUST_00000542,TXN_0000051309,None,0.141,0.235,0.003,0.085,0.186,0
FRD_00005730,CUST_00000740,TXN_0000070100,None,0.186,0.25,0.073,0.276,0.074,0
FRD_00005731,CUST_00000879,TXN_0000083285,None,0.118,0.196,0.021,0.127,0.069,0
FRD_00005732,CUST_00000341,TXN_0000032249,None,0.12,0.237,0.0,0.147,0.0,0
FRD_00005733,CUST_00000764,TXN_0000072333,None,0.058,0.116,0.06,0.012,0.014,0
FRD_00005734,CUST_00000870,TXN_0000082439,None,0.14,0.158,0.118,0.083,0.2,0
FRD_00005735,CUST_00000927,TXN_0000087774,None,0.157,0.309,0.021,0.029,0.186,0
FRD_00005736,CUST_00000142,TXN_0000013439,None,0.035,0.096,0.002,0.003,0.001,0
FRD_00005737,CUST_00000894,TXN_0000084678,None,0.154,0.187,0.16,0.072,0.195,0
FRD_00005738,CUST_00000948,TXN_0000089837,None,0.159,0.215,0.055,0.286,0.004,0
FRD_00005739,CUST_00000104,TXN_0000009871,None,0.149,0.14,0.329,0.095,0.051,0
FRD_00005740,CUST_00000811,TXN_0000076783,None,0.247,0.264,0.113,0.413,0.144,0
FRD_00005741,CUST_00000496,TXN_0000046991,None,0.153,0.357,0.001,0.111,0.0,0
FRD_00005742,CUST_00000040,TXN_0000003728,None,0.188,0.333,0.022,0.266,0.001,0
FRD_00005743,CUST_00000964,TXN_0000091317,None,0.127,0.26,0.013,0.132,0.001,0
FRD_00005744,CUST_00000475,TXN_0000045030,None,0.095,0.169,0.122,0.04,0.008,0
FRD_00005745,CUST_00000348,TXN_0000032938,None,0.14,0.155,0.113,0.237,0.019,0
FRD_00005746,CUST_00000706,TXN_0000066917,None,0.063,0.127,0.062,0.023,0.0,0
FRD_00005747,CUST_00000514,TXN_0000048723,None,0.104,0.232,0.009,0.083,0.0,0
FRD_00005748,CUST_00000435,TXN_0000041203,None,0.065,0.088,0.003,0.133,0.0,0
FRD_00005749,CUST_00000186,TXN_0000017595,None,0.089,0.231,0.0,0.013,0.026,0
FRD_00005750,CUST_00000563,TXN_0000053257,None,0.172,0.202,0.052,0.362,0.002,0
FRD_00005751,CUST_00000783,TXN_0000074147,None,0.111,0.26,0.021,0.065,0.0,0
FRD_00005752,CUST_00000254,TXN_0000024077,None,0.11,0.131,0.058,0.069,0.176,0
FRD_00005753,CUST_00000517,TXN_0000048931,None,0.208,0.248,0.076,0.396,0.034,0
FRD_00005754,CUST_00000833,TXN_0000078870,None,0.23,0.266,0.025,0.498,0.037,0
FRD_00005755,CUST_00000579,TXN_0000054788,None,0.212,0.192,0.076,0.504,0.016,0
FRD_00005756,CUST_00000062,TXN_0000005855,None,0.085,0.154,0.012,0.114,0.003,0
FRD_00005757,CUST_00000017,TXN_0000001603,None,0.204,0.237,0.417,0.097,0.068,0
FRD_00005758,CUST_00000976,TXN_0000092471,None,0.141,0.079,0.395,0.137,0.0,0
FRD_00005759,CUST_00000859,TXN_0000081354,None,0.182,0.182,0.181,0.327,0.001,0
FRD_00005760,CUST_00000188,TXN_0000017861,None,0.052,0.111,0.022,0.036,0.001,0
FRD_00005761,CUST_00000303,TXN_0000028667,None,0.111,0.169,0.001,0.133,0.092,0
FRD_00005762,CUST_00000886,TXN_0000083874,None,0.258,0.33,0.063,0.467,0.066,0
FRD_00005763,CUST_00000372,TXN_0000035239,None,0.199,0.249,0.044,0.398,0.019,0
FRD_00005764,CUST_00000025,TXN_0000002291,None,0.104,0.146,0.024,0.183,0.012,0
FRD_00005765,CUST_00000882,TXN_0000083547,None,0.11,0.251,0.079,0.025,0.0,0
FRD_00005766,CUST_00000927,TXN_0000087845,None,0.107,0.261,0.009,0.026,0.036,0
FRD_00005767,CUST_00000153,TXN_0000014520,Account Takeover (ATO),0.368,0.933,0.003,0.148,0.017,1
FRD_00005768,CUST_00000347,TXN_0000032893,None,0.118,0.23,0.052,0.107,0.0,0
FRD_00005769,CUST_00000123,TXN_0000011620,None,0.26,0.274,0.178,0.515,0.001,0
FRD_00005770,CUST_00000961,TXN_0000091057,None,0.249,0.258,0.001,0.313,0.402,0
FRD_00005771,CUST_00000221,TXN_0000020943,None,0.162,0.256,0.104,0.203,0.004,0
FRD_00005772,CUST_00000773,TXN_0000073214,None,0.278,0.388,0.231,0.358,0.034,0
FRD_00005773,CUST_00000563,TXN_0000053299,None,0.16,0.258,0.18,0.123,0.015,0
FRD_00005774,CUST_00000771,TXN_0000073051,None,0.131,0.205,0.022,0.22,0.0,0
FRD_00005775,CUST_00000158,TXN_0000014985,None,0.081,0.134,0.054,0.091,0.003,0
FRD_00005776,CUST_00000759,TXN_0000071867,UPI Phishing / Collect Request Fraud,0.422,0.969,0.001,0.329,0.001,1
FRD_00005777,CUST_00000741,TXN_0000070159,None,0.14,0.113,0.389,0.089,0.001,0
FRD_00005778,CUST_00000235,TXN_0000022279,None,0.183,0.321,0.004,0.281,0.0,0
FRD_00005779,CUST_00000298,TXN_0000028228,None,0.159,0.161,0.271,0.193,0.0,0
FRD_00005780,CUST_00000609,TXN_0000057641,None,0.226,0.264,0.0,0.521,0.016,0
FRD_00005781,CUST_00000680,TXN_0000064414,None,0.167,0.361,0.004,0.154,0.009,0
FRD_00005782,CUST_00000374,TXN_0000035430,None,0.149,0.184,0.102,0.225,0.042,0
FRD_00005783,CUST_00000887,TXN_0000083963,None,0.131,0.26,0.194,0.004,0.002,0
FRD_00005784,CUST_00000411,TXN_0000038928,None,0.064,0.106,0.064,0.048,0.01,0
FRD_00005785,CUST_00000255,TXN_0000024148,None,0.183,0.155,0.0,0.31,0.258,0
FRD_00005786,CUST_00000290,TXN_0000027435,None,0.17,0.232,0.043,0.312,0.011,0
FRD_00005787,CUST_00000015,TXN_0000001349,None,0.125,0.341,0.015,0.002,0.012,0
FRD_00005788,CUST_00000963,TXN_0000091219,None,0.157,0.22,0.01,0.194,0.145,0
FRD_00005789,CUST_00000860,TXN_0000081488,None,0.268,0.3,0.1,0.561,0.012,0
FRD_00005790,CUST_00000494,TXN_0000046789,None,0.177,0.282,0.005,0.286,0.031,0
FRD_00005791,CUST_00000717,TXN_0000067912,None,0.175,0.295,0.016,0.086,0.237,0
FRD_00005792,CUST_00000511,TXN_0000048431,None,0.068,0.175,0.01,0.02,0.0,0
FRD_00005793,CUST_00000994,TXN_0000094157,None,0.179,0.135,0.297,0.243,0.058,0
FRD_00005794,CUST_00000226,TXN_0000021355,None,0.163,0.288,0.152,0.092,0.046,0
FRD_00005795,CUST_00000692,TXN_0000065544,None,0.203,0.164,0.066,0.529,0.0,0
FRD_00005796,CUST_00000565,TXN_0000053469,None,0.122,0.147,0.135,0.14,0.044,0
FRD_00005797,CUST_00000949,TXN_0000089868,None,0.209,0.272,0.135,0.346,0.001,0
FRD_00005798,CUST_00000833,TXN_0000078939,None,0.035,0.042,0.023,0.043,0.027,0
FRD_00005799,CUST_00000753,TXN_0000071331,None,0.15,0.258,0.147,0.12,0.0,0
FRD_00005800,CUST_00000817,TXN_0000077368,None,0.181,0.328,0.087,0.183,0.015,0
FRD_00005801,CUST_00000133,TXN_0000012558,None,0.111,0.232,0.049,0.079,0.0,0
FRD_00005802,CUST_00000502,TXN_0000047565,None,0.116,0.127,0.186,0.102,0.042,0
FRD_00005803,CUST_00000502,TXN_0000047520,None,0.328,0.357,0.478,0.43,0.002,0
FRD_00005804,CUST_00000560,TXN_0000053039,None,0.125,0.188,0.002,0.057,0.224,0
FRD_00005805,CUST_00000353,TXN_0000033383,None,0.268,0.183,0.087,0.467,0.351,0
FRD_00005806,CUST_00000435,TXN_0000041188,None,0.067,0.141,0.059,0.024,0.001,0
FRD_00005807,CUST_00000910,TXN_0000086213,None,0.163,0.242,0.326,0.051,0.0,0
FRD_00005808,CUST_00000463,TXN_0000043903,None,0.114,0.157,0.035,0.209,0.0,0
FRD_00005809,CUST_00000212,TXN_0000020051,None,0.092,0.234,0.001,0.038,0.0,0
FRD_00005810,CUST_00000647,TXN_0000061319,None,0.128,0.139,0.03,0.292,0.0,0
FRD_00005811,CUST_00000476,TXN_0000045122,None,0.187,0.286,0.086,0.28,0.0,0
FRD_00005812,CUST_00000147,TXN_0000013882,None,0.203,0.259,0.082,0.179,0.255,0
FRD_00005813,CUST_00000681,TXN_0000064527,None,0.185,0.379,0.033,0.16,0.029,0
FRD_00005814,CUST_00000899,TXN_0000085163,None,0.129,0.104,0.002,0.134,0.295,0
FRD_00005815,CUST_00000125,TXN_0000011777,None,0.083,0.049,0.017,0.158,0.115,0
FRD_00005816,CUST_00000110,TXN_0000010425,None,0.048,0.107,0.012,0.03,0.004,0
FRD_00005817,CUST_00000023,TXN_0000002098,None,0.072,0.087,0.12,0.068,0.001,0
FRD_00005818,CUST_00000475,TXN_0000045035,None,0.147,0.214,0.139,0.139,0.05,0
FRD_00005819,CUST_00000524,TXN_0000049613,None,0.127,0.099,0.255,0.023,0.178,0
FRD_00005820,CUST_00000943,TXN_0000089343,None,0.24,0.343,0.007,0.464,0.011,0
FRD_00005821,CUST_00000400,TXN_0000037907,None,0.065,0.161,0.012,0.023,0.0,0
FRD_00005822,CUST_00000676,TXN_0000064008,None,0.206,0.312,0.028,0.028,0.42,0
FRD_00005823,CUST_00000230,TXN_0000021730,None,0.139,0.271,0.045,0.134,0.006,0
FRD_00005824,CUST_00000800,TXN_0000075785,None,0.12,0.284,0.011,0.025,0.063,0
FRD_00005825,CUST_00000869,TXN_0000082266,None,0.211,0.369,0.089,0.239,0.02,0
FRD_00005826,CUST_00000185,TXN_0000017571,None,0.091,0.163,0.107,0.004,0.057,0
FRD_00005827,CUST_00000029,TXN_0000002731,None,0.052,0.121,0.004,0.037,0.0,0
FRD_00005828,CUST_00000754,TXN_0000071439,None,0.217,0.186,0.087,0.368,0.211,0
FRD_00005829,CUST_00000699,TXN_0000066226,None,0.086,0.164,0.058,0.063,0.004,0
FRD_00005830,CUST_00000455,TXN_0000043055,None,0.13,0.14,0.054,0.278,0.004,0
FRD_00005831,CUST_00000145,TXN_0000013775,None,0.144,0.241,0.263,0.009,0.024,0
FRD_00005832,CUST_00000638,TXN_0000060434,None,0.282,0.214,0.407,0.476,0.033,0
FRD_00005833,CUST_00000267,TXN_0000025226,None,0.224,0.218,0.256,0.387,0.0,0
FRD_00005834,CUST_00000045,TXN_0000004200,None,0.218,0.174,0.02,0.606,0.007,0
FRD_00005835,CUST_00000354,TXN_0000033479,None,0.176,0.253,0.091,0.148,0.163,0
FRD_00005836,CUST_00000379,TXN_0000035883,None,0.147,0.148,0.008,0.373,0.001,0
FRD_00005837,CUST_00000501,TXN_0000047474,None,0.145,0.119,0.18,0.255,0.017,0
FRD_00005838,CUST_00000668,TXN_0000063323,None,0.231,0.033,0.179,0.713,0.027,0
FRD_00005839,CUST_00000108,TXN_0000010241,None,0.197,0.331,0.212,0.155,0.001,0
FRD_00005840,CUST_00000411,TXN_0000038899,None,0.078,0.126,0.128,0.031,0.001,0
FRD_00005841,CUST_00000722,TXN_0000068393,None,0.194,0.177,0.187,0.156,0.276,0
FRD_00005842,CUST_00000685,TXN_0000064933,None,0.223,0.156,0.285,0.373,0.093,0
FRD_00005843,CUST_00000839,TXN_0000079442,None,0.127,0.238,0.004,0.173,0.0,0
FRD_00005844,CUST_00000138,TXN_0000013086,None,0.129,0.253,0.043,0.106,0.029,0
FRD_00005845,CUST_00000322,TXN_0000030504,None,0.254,0.254,0.133,0.555,0.0,0
FRD_00005846,CUST_00000647,TXN_0000061303,None,0.274,0.25,0.198,0.587,0.001,0
FRD_00005847,CUST_00000779,TXN_0000073831,None,0.175,0.229,0.384,0.071,0.0,0
FRD_00005848,CUST_00000927,TXN_0000087767,None,0.08,0.116,0.0,0.011,0.181,0
FRD_00005849,CUST_00000372,TXN_0000035268,None,0.072,0.12,0.02,0.085,0.022,0
FRD_00005850,CUST_00000410,TXN_0000038861,None,0.139,0.271,0.1,0.015,0.1,0
FRD_00005851,CUST_00000324,TXN_0000030645,None,0.243,0.3,0.25,0.132,0.276,0
FRD_00005852,CUST_00000520,TXN_0000049287,None,0.16,0.275,0.029,0.204,0.037,0
FRD_00005853,CUST_00000469,TXN_0000044429,None,0.302,0.333,0.555,0.005,0.367,0
FRD_00005854,CUST_00000483,TXN_0000045795,None,0.166,0.23,0.176,0.2,0.0,0
FRD_00005855,CUST_00000019,TXN_0000001722,None,0.097,0.153,0.057,0.116,0.016,0
FRD_00005856,CUST_00000575,TXN_0000054421,None,0.195,0.159,0.082,0.4,0.116,0
FRD_00005857,CUST_00000292,TXN_0000027675,None,0.103,0.133,0.096,0.143,0.006,0
FRD_00005858,CUST_00000448,TXN_0000042438,None,0.141,0.283,0.006,0.104,0.073,0
FRD_00005859,CUST_00000938,TXN_0000088888,None,0.163,0.203,0.009,0.337,0.03,0
FRD_00005860,CUST_00000174,TXN_0000016523,None,0.174,0.281,0.058,0.247,0.013,0
FRD_00005861,CUST_00000006,TXN_0000000526,None,0.072,0.15,0.006,0.017,0.072,0
FRD_00005862,CUST_00000117,TXN_0000011048,None,0.044,0.045,0.037,0.038,0.056,0
FRD_00005863,CUST_00000543,TXN_0000051448,UPI Phishing / Collect Request Fraud,0.527,0.96,0.167,0.313,0.397,1
FRD_00005864,CUST_00000829,TXN_0000078520,None,0.122,0.093,0.087,0.287,0.0,0
FRD_00005865,CUST_00000052,TXN_0000004901,None,0.082,0.225,0.006,0.004,0.006,0
FRD_00005866,CUST_00000775,TXN_0000073466,None,0.128,0.112,0.049,0.252,0.082,0
FRD_00005867,CUST_00000356,TXN_0000033662,None,0.177,0.221,0.006,0.247,0.183,0
FRD_00005868,CUST_00000241,TXN_0000022772,None,0.211,0.235,0.297,0.277,0.0,0
FRD_00005869,CUST_00000660,TXN_0000062539,None,0.23,0.307,0.047,0.453,0.0,0
FRD_00005870,CUST_00000123,TXN_0000011606,None,0.127,0.225,0.185,0.045,0.0,0
FRD_00005871,CUST_00000066,TXN_0000006188,None,0.151,0.041,0.001,0.547,0.0,0
FRD_00005872,CUST_00000741,TXN_0000070192,None,0.142,0.254,0.011,0.174,0.038,0
FRD_00005873,CUST_00000366,TXN_0000034672,None,0.174,0.035,0.066,0.596,0.0,0
FRD_00005874,CUST_00000242,TXN_0000022935,None,0.261,0.159,0.146,0.568,0.169,0
FRD_00005875,CUST_00000572,TXN_0000054157,None,0.158,0.207,0.032,0.316,0.0,0
FRD_00005876,CUST_00000745,TXN_0000070605,None,0.156,0.226,0.047,0.213,0.072,0
FRD_00005877,CUST_00000846,TXN_0000080114,None,0.117,0.17,0.0,0.213,0.021,0
FRD_00005878,CUST_00000559,TXN_0000052917,None,0.191,0.189,0.013,0.26,0.287,0
FRD_00005879,CUST_00000965,TXN_0000091400,None,0.103,0.215,0.002,0.105,0.004,0
FRD_00005880,CUST_00000254,TXN_0000024013,None,0.189,0.349,0.201,0.105,0.0,0
FRD_00005881,CUST_00000886,TXN_0000083927,None,0.147,0.14,0.147,0.238,0.047,0
FRD_00005882,CUST_00000364,TXN_0000034440,None,0.145,0.262,0.206,0.004,0.057,0
FRD_00005883,CUST_00000924,TXN_0000087567,None,0.13,0.141,0.012,0.305,0.009,0
FRD_00005884,CUST_00000400,TXN_0000037871,None,0.106,0.135,0.028,0.211,0.0,0
FRD_00005885,CUST_00000346,TXN_0000032783,None,0.112,0.204,0.121,0.008,0.073,0
FRD_00005886,CUST_00000211,TXN_0000020001,None,0.155,0.198,0.011,0.234,0.124,0
FRD_00005887,CUST_00000584,TXN_0000055335,None,0.162,0.304,0.223,0.039,0.005,0
FRD_00005888,CUST_00000799,TXN_0000075661,None,0.087,0.17,0.012,0.09,0.015,0
FRD_00005889,CUST_00000664,TXN_0000062856,None,0.129,0.087,0.049,0.348,0.011,0
FRD_00005890,CUST_00000505,TXN_0000047854,None,0.052,0.061,0.002,0.116,0.006,0
FRD_00005891,CUST_00000314,TXN_0000029737,None,0.117,0.163,0.032,0.117,0.12,0
FRD_00005892,CUST_00000091,TXN_0000008601,None,0.206,0.342,0.077,0.282,0.002,0
FRD_00005893,CUST_00000108,TXN_0000010188,None,0.121,0.242,0.002,0.143,0.001,0
FRD_00005894,CUST_00000912,TXN_0000086368,None,0.133,0.201,0.002,0.21,0.05,0
FRD_00005895,CUST_00000557,TXN_0000052726,None,0.126,0.119,0.142,0.224,0.0,0
FRD_00005896,CUST_00000543,TXN_0000051457,Account Takeover (ATO),0.382,0.854,0.003,0.009,0.399,1
FRD_00005897,CUST_00000575,TXN_0000054407,None,0.183,0.109,0.147,0.352,0.139,0
FRD_00005898,CUST_00000382,TXN_0000036142,None,0.097,0.213,0.098,0.004,0.007,0
FRD_00005899,CUST_00000735,TXN_0000069605,None,0.15,0.183,0.005,0.33,0.012,0
FRD_00005900,CUST_00000412,TXN_0000038977,None,0.226,0.268,0.003,0.518,0.009,0
FRD_00005901,CUST_00000897,TXN_0000085000,None,0.142,0.094,0.049,0.399,0.0,0
FRD_00005902,CUST_00000718,TXN_0000068024,None,0.087,0.129,0.037,0.137,0.0,0
FRD_00005903,CUST_00000549,TXN_0000051952,None,0.062,0.021,0.012,0.176,0.042,0
FRD_00005904,CUST_00000287,TXN_0000027127,None,0.275,0.26,0.154,0.612,0.001,0
FRD_00005905,CUST_00000477,TXN_0000045165,None,0.107,0.014,0.104,0.322,0.003,0
FRD_00005906,CUST_00000831,TXN_0000078768,None,0.124,0.176,0.0,0.239,0.013,0
FRD_00005907,CUST_00000259,TXN_0000024478,None,0.131,0.101,0.158,0.255,0.002,0
FRD_00005908,CUST_00000205,TXN_0000019444,None,0.296,0.271,0.129,0.698,0.003,0
FRD_00005909,CUST_00000773,TXN_0000073184,None,0.199,0.183,0.072,0.48,0.001,0
FRD_00005910,CUST_00000236,TXN_0000022297,None,0.189,0.175,0.121,0.371,0.055,0
FRD_00005911,CUST_00000770,TXN_0000072961,None,0.141,0.215,0.034,0.226,0.011,0
FRD_00005912,CUST_00000863,TXN_0000081705,None,0.108,0.145,0.092,0.076,0.101,0
FRD_00005913,CUST_00000687,TXN_0000065116,None,0.189,0.221,0.015,0.429,0.008,0
FRD_00005914,CUST_00000154,TXN_0000014563,None,0.22,0.222,0.009,0.559,0.002,0
FRD_00005915,CUST_00000334,TXN_0000031598,None,0.067,0.057,0.005,0.181,0.002,0
FRD_00005916,CUST_00000215,TXN_0000020328,None,0.079,0.088,0.006,0.187,0.001,0
FRD_00005917,CUST_00000888,TXN_0000084104,None,0.093,0.098,0.001,0.168,0.082,0
FRD_00005918,CUST_00000092,TXN_0000008668,None,0.117,0.203,0.003,0.114,0.084,0
FRD_00005919,CUST_00000343,TXN_0000032513,None,0.201,0.35,0.266,0.097,0.003,0
FRD_00005920,CUST_00000841,TXN_0000079669,None,0.154,0.251,0.173,0.092,0.045,0
FRD_00005921,CUST_00000013,TXN_0000001174,None,0.134,0.199,0.023,0.212,0.035,0
FRD_00005922,CUST_00000023,TXN_0000002115,None,0.197,0.214,0.189,0.333,0.003,0
FRD_00005923,CUST_00000728,TXN_0000068992,None,0.156,0.253,0.023,0.242,0.012,0
FRD_00005924,CUST_00000050,TXN_0000004736,None,0.151,0.174,0.201,0.079,0.15,0
FRD_00005925,CUST_00000994,TXN_0000094179,None,0.224,0.166,0.255,0.264,0.243,0
FRD_00005926,CUST_00000339,TXN_0000032121,None,0.272,0.326,0.13,0.487,0.052,0
FRD_00005927,CUST_00000327,TXN_0000030949,None,0.087,0.163,0.058,0.056,0.023,0
FRD_00005928,CUST_00000142,TXN_0000013440,None,0.098,0.238,0.009,0.042,0.01,0
FRD_00005929,CUST_00000471,TXN_0000044659,None,0.076,0.112,0.06,0.097,0.005,0
FRD_00005930,CUST_00000576,TXN_0000054564,None,0.218,0.161,0.007,0.626,0.02,0
FRD_00005931,CUST_00000541,TXN_0000051222,None,0.146,0.21,0.066,0.239,0.0,0
FRD_00005932,CUST_00000032,TXN_0000002997,None,0.152,0.323,0.009,0.15,0.0,0
FRD_00005933,CUST_00000184,TXN_0000017445,None,0.202,0.265,0.019,0.419,0.002,0
FRD_00005934,CUST_00000760,TXN_0000072000,None,0.133,0.105,0.209,0.216,0.0,0
FRD_00005935,CUST_00000132,TXN_0000012482,None,0.172,0.315,0.025,0.227,0.0,0
FRD_00005936,CUST_00000627,TXN_0000059410,None,0.12,0.246,0.0,0.136,0.0,0
FRD_00005937,CUST_00000318,TXN_0000030155,None,0.216,0.214,0.013,0.379,0.22,0
FRD_00005938,CUST_00000987,TXN_0000093516,None,0.142,0.285,0.182,0.012,0.013,0
FRD_00005939,CUST_00000998,TXN_0000094525,None,0.173,0.232,0.0,0.365,0.002,0
FRD_00005940,CUST_00000871,TXN_0000082484,None,0.153,0.139,0.001,0.379,0.045,0
FRD_00005941,CUST_00000429,TXN_0000040667,None,0.125,0.207,0.035,0.182,0.0,0
FRD_00005942,CUST_00000078,TXN_0000007320,None,0.166,0.211,0.015,0.356,0.0,0
FRD_00005943,CUST_00000393,TXN_0000037249,None,0.15,0.264,0.011,0.219,0.004,0
FRD_00005944,CUST_00000313,TXN_0000029687,None,0.114,0.134,0.123,0.053,0.146,0
FRD_00005945,CUST_00000254,TXN_0000024050,None,0.213,0.383,0.292,0.067,0.02,0
FRD_00005946,CUST_00000799,TXN_0000075710,None,0.16,0.259,0.228,0.093,0.003,0
FRD_00005947,CUST_00000662,TXN_0000062686,None,0.141,0.184,0.046,0.267,0.002,0
FRD_00005948,CUST_00000403,TXN_0000038176,None,0.197,0.204,0.0,0.496,0.006,0
FRD_00005949,CUST_00000539,TXN_0000051065,None,0.063,0.16,0.01,0.021,0.001,0
FRD_00005950,CUST_00000164,TXN_0000015529,None,0.188,0.149,0.001,0.53,0.014,0
FRD_00005951,CUST_00000830,TXN_0000078608,None,0.159,0.169,0.03,0.376,0.0,0
FRD_00005952,CUST_00000029,TXN_0000002663,None,0.085,0.124,0.004,0.024,0.173,0
FRD_00005953,CUST_00000863,TXN_0000081750,None,0.16,0.153,0.197,0.261,0.007,0
FRD_00005954,CUST_00000747,TXN_0000070770,None,0.22,0.266,0.154,0.32,0.078,0
FRD_00005955,CUST_00000035,TXN_0000003302,None,0.209,0.179,0.224,0.408,0.0,0
FRD_00005956,CUST_00000057,TXN_0000005377,None,0.16,0.203,0.002,0.156,0.246,0
FRD_00005957,CUST_00000858,TXN_0000081249,None,0.192,0.209,0.355,0.166,0.032,0
FRD_00005958,CUST_00000407,TXN_0000038498,None,0.091,0.206,0.013,0.047,0.025,0
FRD_00005959,CUST_00000642,TXN_0000060809,None,0.168,0.274,0.174,0.144,0.005,0
FRD_00005960,CUST_00000557,TXN_0000052695,None,0.166,0.12,0.0,0.482,0.02,0
FRD_00005961,CUST_00000813,TXN_0000076983,None,0.165,0.334,0.059,0.024,0.153,0
FRD_00005962,CUST_00000131,TXN_0000012397,None,0.172,0.255,0.034,0.304,0.001,0
FRD_00005963,CUST_00000119,TXN_0000011281,None,0.158,0.038,0.298,0.32,0.027,0
FRD_00005964,CUST_00000498,TXN_0000047170,None,0.198,0.318,0.04,0.304,0.011,0
FRD_00005965,CUST_00000922,TXN_0000087310,None,0.172,0.198,0.005,0.407,0.002,0
FRD_00005966,CUST_00000909,TXN_0000086136,None,0.251,0.281,0.009,0.194,0.51,0
FRD_00005967,CUST_00000699,TXN_0000066176,None,0.105,0.199,0.001,0.14,0.0,0
FRD_00005968,CUST_00000832,TXN_0000078779,None,0.081,0.024,0.246,0.091,0.001,0
FRD_00005969,CUST_00000277,TXN_0000026213,None,0.119,0.213,0.17,0.042,0.0,0
FRD_00005970,CUST_00000963,TXN_0000091178,None,0.142,0.232,0.002,0.034,0.258,0
FRD_00005971,CUST_00000804,TXN_0000076156,None,0.151,0.274,0.078,0.158,0.0,0
FRD_00005972,CUST_00000777,TXN_0000073588,None,0.13,0.296,0.013,0.03,0.082,0
FRD_00005973,CUST_00000886,TXN_0000083910,None,0.162,0.238,0.028,0.265,0.036,0
FRD_00005974,CUST_00000054,TXN_0000005105,None,0.152,0.195,0.048,0.263,0.04,0
FRD_00005975,CUST_00000660,TXN_0000062512,None,0.101,0.108,0.238,0.017,0.055,0
FRD_00005976,CUST_00000627,TXN_0000059362,None,0.137,0.269,0.037,0.133,0.009,0
FRD_00005977,CUST_00000326,TXN_0000030879,None,0.26,0.112,0.433,0.448,0.113,0
FRD_00005978,CUST_00000772,TXN_0000073138,None,0.157,0.17,0.004,0.387,0.001,0
FRD_00005979,CUST_00000319,TXN_0000030168,None,0.108,0.093,0.004,0.298,0.0,0
FRD_00005980,CUST_00000282,TXN_0000026684,None,0.12,0.318,0.007,0.006,0.031,0
FRD_00005981,CUST_00000002,TXN_0000000103,None,0.119,0.334,0.004,0.007,0.0,0
FRD_00005982,CUST_00000345,TXN_0000032686,None,0.158,0.207,0.053,0.29,0.012,0
FRD_00005983,CUST_00000548,TXN_0000051882,None,0.163,0.298,0.207,0.065,0.003,0
FRD_00005984,CUST_00000527,TXN_0000049891,None,0.153,0.298,0.118,0.012,0.11,0
FRD_00005985,CUST_00000085,TXN_0000008019,None,0.108,0.066,0.009,0.231,0.129,0
FRD_00005986,CUST_00000144,TXN_0000013632,None,0.13,0.132,0.001,0.251,0.106,0
FRD_00005987,CUST_00000635,TXN_0000060132,None,0.149,0.193,0.0,0.289,0.046,0
FRD_00005988,CUST_00000805,TXN_0000076280,None,0.074,0.105,0.001,0.13,0.021,0
FRD_00005989,CUST_00000022,TXN_0000002010,None,0.113,0.254,0.034,0.066,0.004,0
FRD_00005990,CUST_00000294,TXN_0000027785,None,0.249,0.079,0.048,0.647,0.25,0
FRD_00005991,CUST_00000258,TXN_0000024403,None,0.151,0.301,0.04,0.145,0.008,0
FRD_00005992,CUST_00000281,TXN_0000026588,None,0.123,0.222,0.005,0.162,0.017,0
FRD_00005993,CUST_00000010,TXN_0000000903,None,0.298,0.284,0.017,0.546,0.292,0
FRD_00005994,CUST_00000421,TXN_0000039850,None,0.111,0.05,0.041,0.323,0.022,0
FRD_00005995,CUST_00000936,TXN_0000088696,None,0.197,0.285,0.068,0.292,0.054,0
FRD_00005996,CUST_00000005,TXN_0000000420,None,0.172,0.299,0.022,0.178,0.093,0
FRD_00005997,CUST_00000690,TXN_0000065330,None,0.051,0.095,0.001,0.07,0.0,0
FRD_00005998,CUST_00000054,TXN_0000005090,None,0.218,0.363,0.017,0.267,0.105,0
FRD_00005999,CUST_00000114,TXN_0000010766,None,0.12,0.256,0.002,0.12,0.001,0
FRD_00006000,CUST_00000299,TXN_0000028285,None,0.233,0.2,0.013,0.496,0.182,0
FRD_00006001,CUST_00000372,TXN_0000035205,None,0.202,0.06,0.001,0.724,0.0,0
FRD_00006002,CUST_00000172,TXN_0000016328,None,0.099,0.117,0.028,0.204,0.005,0
FRD_00006003,CUST_00000436,TXN_0000041283,None,0.107,0.168,0.06,0.137,0.011,0
FRD_00006004,CUST_00000506,TXN_0000047945,None,0.198,0.326,0.282,0.098,0.014,0
FRD_00006005,CUST_00000391,TXN_0000037048,None,0.164,0.314,0.005,0.159,0.067,0
FRD_00006006,CUST_00000865,TXN_0000081956,None,0.111,0.155,0.114,0.135,0.0,0
FRD_00006007,CUST_00000970,TXN_0000091838,None,0.147,0.287,0.065,0.029,0.131,0
FRD_00006008,CUST_00000769,TXN_0000072809,None,0.197,0.223,0.025,0.445,0.014,0
FRD_00006009,CUST_00000276,TXN_0000026088,None,0.181,0.301,0.043,0.19,0.096,0
FRD_00006010,CUST_00000958,TXN_0000090779,None,0.163,0.33,0.075,0.104,0.033,0
FRD_00006011,CUST_00000506,TXN_0000047961,None,0.15,0.219,0.064,0.229,0.019,0
FRD_00006012,CUST_00000236,TXN_0000022339,None,0.099,0.106,0.043,0.214,0.0,0
FRD_00006013,CUST_00000454,TXN_0000043013,None,0.19,0.222,0.153,0.275,0.066,0
FRD_00006014,CUST_00000816,TXN_0000077284,None,0.086,0.168,0.098,0.03,0.0,0
FRD_00006015,CUST_00000677,TXN_0000064126,Account Takeover (ATO),0.317,0.852,0.047,0.036,0.001,1
FRD_00006016,CUST_00000485,TXN_0000045945,None,0.113,0.244,0.021,0.059,0.041,0
FRD_00006017,CUST_00000166,TXN_0000015725,None,0.144,0.215,0.011,0.262,0.007,0
FRD_00006018,CUST_00000673,TXN_0000063786,None,0.149,0.224,0.221,0.062,0.054,0
FRD_00006019,CUST_00000046,TXN_0000004286,None,0.28,0.329,0.232,0.472,0.0,0
FRD_00006020,CUST_00000770,TXN_0000072911,None,0.052,0.1,0.036,0.035,0.004,0
FRD_00006021,CUST_00000005,TXN_0000000467,None,0.046,0.087,0.005,0.055,0.005,0
FRD_00006022,CUST_00000740,TXN_0000070071,None,0.167,0.268,0.018,0.279,0.0,0
FRD_00006023,CUST_00000918,TXN_0000086941,None,0.228,0.272,0.006,0.527,0.0,0
FRD_00006024,CUST_00000866,TXN_0000082044,None,0.205,0.216,0.007,0.363,0.188,0
FRD_00006025,CUST_00000786,TXN_0000074439,None,0.103,0.242,0.002,0.066,0.005,0
FRD_00006026,CUST_00000911,TXN_0000086316,None,0.271,0.22,0.049,0.73,0.011,0
FRD_00006027,CUST_00000557,TXN_0000052779,None,0.125,0.247,0.122,0.055,0.0,0
FRD_00006028,CUST_00000562,TXN_0000053229,None,0.201,0.333,0.088,0.256,0.015,0
FRD_00006029,CUST_00000994,TXN_0000094155,None,0.239,0.037,0.045,0.565,0.381,0
FRD_00006030,CUST_00000777,TXN_0000073606,None,0.199,0.244,0.098,0.133,0.302,0
FRD_00006031,CUST_00000481,TXN_0000045548,None,0.101,0.19,0.055,0.075,0.024,0
FRD_00006032,CUST_00000152,TXN_0000014402,None,0.062,0.137,0.031,0.021,0.011,0
FRD_00006033,CUST_00000810,TXN_0000076771,None,0.146,0.241,0.003,0.161,0.106,0
FRD_00006034,CUST_00000808,TXN_0000076517,None,0.188,0.259,0.016,0.375,0.001,0
FRD_00006035,CUST_00000567,TXN_0000053654,None,0.089,0.144,0.003,0.15,0.005,0
FRD_00006036,CUST_00000736,TXN_0000069704,None,0.082,0.189,0.0,0.06,0.002,0
FRD_00006037,CUST_00000931,TXN_0000088182,None,0.106,0.232,0.045,0.005,0.072,0
FRD_00006038,CUST_00000009,TXN_0000000791,None,0.271,0.272,0.482,0.225,0.118,0
FRD_00006039,CUST_00000731,TXN_0000069235,Account Takeover (ATO),0.322,0.861,0.014,0.066,0.008,1
FRD_00006040,CUST_00000853,TXN_0000080758,None,0.127,0.199,0.146,0.064,0.063,0
FRD_00006041,CUST_00000594,TXN_0000056275,None,0.169,0.113,0.06,0.465,0.004,0
FRD_00006042,CUST_00000197,TXN_0000018630,None,0.293,0.335,0.045,0.666,0.0,0
FRD_00006043,CUST_00000367,TXN_0000034705,None,0.155,0.141,0.019,0.321,0.109,0
FRD_00006044,CUST_00000638,TXN_0000060414,None,0.122,0.332,0.008,0.014,0.001,0
FRD_00006045,CUST_00000416,TXN_0000039393,None,0.182,0.226,0.228,0.229,0.0,0
FRD_00006046,CUST_00000528,TXN_0000050042,None,0.176,0.237,0.23,0.186,0.004,0
FRD_00006047,CUST_00000515,TXN_0000048831,None,0.251,0.183,0.234,0.486,0.092,0
FRD_00006048,CUST_00000756,TXN_0000071663,None,0.19,0.32,0.351,0.032,0.0,0
FRD_00006049,CUST_00000760,TXN_0000072028,None,0.128,0.24,0.155,0.048,0.003,0
FRD_00006050,CUST_00000672,TXN_0000063690,None,0.158,0.193,0.084,0.275,0.026,0
FRD_00006051,CUST_00000815,TXN_0000077250,None,0.123,0.258,0.008,0.108,0.019,0
FRD_00006052,CUST_00000549,TXN_0000051996,None,0.216,0.075,0.249,0.547,0.015,0
FRD_00006053,CUST_00000921,TXN_0000087243,None,0.192,0.213,0.006,0.139,0.406,0
FRD_00006054,CUST_00000276,TXN_0000026078,None,0.19,0.276,0.37,0.037,0.049,0
FRD_00006055,CUST_00000571,TXN_0000054024,None,0.307,0.202,0.429,0.559,0.052,0
FRD_00006056,CUST_00000569,TXN_0000053841,None,0.048,0.042,0.006,0.129,0.0,0
FRD_00006057,CUST_00000118,TXN_0000011151,None,0.129,0.234,0.042,0.112,0.055,0
FRD_00006058,CUST_00000009,TXN_0000000783,None,0.17,0.254,0.174,0.185,0.0,0
FRD_00006059,CUST_00000835,TXN_0000079130,None,0.142,0.305,0.16,0.007,0.006,0
FRD_00006060,CUST_00000695,TXN_0000065890,None,0.074,0.158,0.064,0.024,0.0,0
FRD_00006061,CUST_00000104,TXN_0000009802,None,0.069,0.046,0.087,0.082,0.074,0
FRD_00006062,CUST_00000981,TXN_0000092880,None,0.091,0.197,0.033,0.063,0.0,0
FRD_00006063,CUST_00000255,TXN_0000024102,None,0.087,0.151,0.002,0.128,0.011,0
FRD_00006064,CUST_00000736,TXN_0000069713,None,0.087,0.044,0.001,0.279,0.008,0
FRD_00006065,CUST_00000439,TXN_0000041537,None,0.136,0.269,0.067,0.112,0.003,0
FRD_00006066,CUST_00000843,TXN_0000079840,None,0.047,0.129,0.001,0.001,0.006,0
FRD_00006067,CUST_00000483,TXN_0000045749,None,0.168,0.336,0.023,0.007,0.219,0
FRD_00006068,CUST_00000776,TXN_0000073500,None,0.08,0.132,0.013,0.119,0.007,0
FRD_00006069,CUST_00000419,TXN_0000039695,None,0.191,0.207,0.101,0.388,0.007,0
FRD_00006070,CUST_00000331,TXN_0000031345,None,0.119,0.248,0.131,0.011,0.018,0
FRD_00006071,CUST_00000467,TXN_0000044246,None,0.196,0.113,0.35,0.344,0.004,0
FRD_00006072,CUST_00000940,TXN_0000089004,None,0.066,0.172,0.004,0.019,0.002,0
FRD_00006073,CUST_00000709,TXN_0000067128,None,0.053,0.048,0.066,0.013,0.097,0
FRD_00006074,CUST_00000983,TXN_0000093149,None,0.118,0.152,0.002,0.258,0.0,0
FRD_00006075,CUST_00000068,TXN_0000006456,None,0.166,0.272,0.01,0.104,0.215,0
FRD_00006076,CUST_00000223,TXN_0000021080,None,0.08,0.172,0.0,0.056,0.028,0
FRD_00006077,CUST_00000297,TXN_0000028111,None,0.229,0.341,0.001,0.415,0.029,0
FRD_00006078,CUST_00000886,TXN_0000083914,None,0.233,0.195,0.033,0.63,0.003,0
FRD_00006079,CUST_00000567,TXN_0000053678,None,0.156,0.353,0.037,0.101,0.0,0
FRD_00006080,CUST_00000248,TXN_0000023490,None,0.19,0.268,0.03,0.275,0.108,0
FRD_00006081,CUST_00000057,TXN_0000005396,None,0.087,0.172,0.009,0.073,0.033,0
FRD_00006082,CUST_00000751,TXN_0000071205,None,0.099,0.129,0.082,0.045,0.132,0
FRD_00006083,CUST_00000688,TXN_0000065171,None,0.275,0.229,0.015,0.698,0.085,0
FRD_00006084,CUST_00000984,TXN_0000093199,None,0.228,0.135,0.101,0.632,0.014,0
FRD_00006085,CUST_00000078,TXN_0000007363,None,0.055,0.115,0.024,0.032,0.011,0
FRD_00006086,CUST_00000076,TXN_0000007129,None,0.16,0.226,0.267,0.109,0.002,0
FRD_00006087,CUST_00000169,TXN_0000016065,None,0.14,0.161,0.119,0.215,0.03,0
FRD_00006088,CUST_00000374,TXN_0000035427,None,0.196,0.279,0.277,0.073,0.122,0
FRD_00006089,CUST_00000692,TXN_0000065548,None,0.112,0.231,0.006,0.119,0.0,0
FRD_00006090,CUST_00000338,TXN_0000032016,None,0.05,0.1,0.023,0.028,0.015,0
FRD_00006091,CUST_00000637,TXN_0000060339,None,0.108,0.094,0.263,0.091,0.001,0
FRD_00006092,CUST_00000100,TXN_0000009424,None,0.189,0.126,0.0,0.553,0.031,0
FRD_00006093,CUST_00000617,TXN_0000058396,None,0.224,0.212,0.14,0.477,0.015,0
FRD_00006094,CUST_00000474,TXN_0000044924,None,0.138,0.063,0.0,0.464,0.001,0
FRD_00006095,CUST_00000485,TXN_0000045900,None,0.074,0.093,0.146,0.043,0.009,0
FRD_00006096,CUST_00000476,TXN_0000045064,None,0.299,0.288,0.015,0.677,0.129,0
FRD_00006097,CUST_00000155,TXN_0000014645,None,0.075,0.089,0.119,0.079,0.004,0
FRD_00006098,CUST_00000006,TXN_0000000564,None,0.077,0.058,0.074,0.096,0.09,0
FRD_00006099,CUST_00000716,TXN_0000067781,None,0.242,0.225,0.001,0.635,0.021,0
FRD_00006100,CUST_00000156,TXN_0000014814,None,0.182,0.154,0.254,0.298,0.012,0
FRD_00006101,CUST_00000251,TXN_0000023709,None,0.158,0.197,0.002,0.082,0.343,0
FRD_00006102,CUST_00000654,TXN_0000061960,None,0.124,0.319,0.041,0.001,0.02,0
FRD_00006103,CUST_00000781,TXN_0000074016,None,0.186,0.258,0.083,0.225,0.116,0
FRD_00006104,CUST_00000635,TXN_0000060150,None,0.224,0.339,0.037,0.014,0.471,0
FRD_00006105,CUST_00000284,TXN_0000026883,None,0.18,0.214,0.064,0.368,0.004,0
FRD_00006106,CUST_00000504,TXN_0000047752,None,0.099,0.258,0.021,0.017,0.003,0
FRD_00006107,CUST_00000159,TXN_0000015023,Identity Theft / Synthetic ID,0.312,0.859,0.001,0.041,0.007,1
FRD_00006108,CUST_00000049,TXN_0000004560,Account Takeover (ATO),0.47,0.951,0.029,0.516,0.01,1
FRD_00006109,CUST_00000412,TXN_0000039000,None,0.1,0.178,0.067,0.089,0.009,0
FRD_00006110,CUST_00000308,TXN_0000029201,None,0.16,0.211,0.004,0.314,0.033,0
FRD_00006111,CUST_00000316,TXN_0000029888,None,0.09,0.214,0.0,0.059,0.002,0
FRD_00006112,CUST_00000448,TXN_0000042414,None,0.101,0.21,0.002,0.1,0.009,0
FRD_00006113,CUST_00000770,TXN_0000072947,None,0.144,0.175,0.332,0.065,0.0,0
FRD_00006114,CUST_00000421,TXN_0000039865,None,0.094,0.166,0.084,0.014,0.079,0
FRD_00006115,CUST_00000388,TXN_0000036748,None,0.152,0.092,0.225,0.273,0.034,0
FRD_00006116,CUST_00000695,TXN_0000065888,None,0.069,0.096,0.14,0.012,0.021,0
FRD_00006117,CUST_00000429,TXN_0000040657,None,0.049,0.044,0.053,0.088,0.003,0
FRD_00006118,CUST_00000455,TXN_0000043138,None,0.152,0.338,0.013,0.077,0.059,0
FRD_00006119,CUST_00000708,TXN_0000067042,None,0.099,0.25,0.013,0.031,0.006,0
FRD_00006120,CUST_00000662,TXN_0000062750,None,0.154,0.353,0.002,0.112,0.011,0
FRD_00006121,CUST_00000836,TXN_0000079192,None,0.188,0.222,0.157,0.266,0.06,0
FRD_00006122,CUST_00000735,TXN_0000069665,None,0.145,0.253,0.061,0.12,0.073,0
FRD_00006123,CUST_00000729,TXN_0000069049,None,0.1,0.133,0.069,0.158,0.0,0
FRD_00006124,CUST_00000420,TXN_0000039724,None,0.139,0.259,0.003,0.192,0.0,0
FRD_00006125,CUST_00000762,TXN_0000072152,None,0.144,0.178,0.0,0.316,0.012,0
FRD_00006126,CUST_00000163,TXN_0000015466,None,0.146,0.241,0.047,0.207,0.001,0
FRD_00006127,CUST_00000385,TXN_0000036489,None,0.262,0.309,0.22,0.436,0.003,0
FRD_00006128,CUST_00000012,TXN_0000001100,None,0.223,0.187,0.021,0.463,0.188,0
FRD_00006129,CUST_00000715,TXN_0000067758,None,0.12,0.141,0.046,0.156,0.11,0
FRD_00006130,CUST_00000409,TXN_0000038689,None,0.081,0.137,0.143,0.018,0.0,0
FRD_00006131,CUST_00000022,TXN_0000002055,None,0.064,0.129,0.032,0.05,0.0,0
FRD_00006132,CUST_00000616,TXN_0000058352,None,0.164,0.293,0.063,0.164,0.04,0
FRD_00006133,CUST_00000397,TXN_0000037541,None,0.182,0.121,0.099,0.478,0.002,0
FRD_00006134,CUST_00000241,TXN_0000022757,None,0.159,0.348,0.083,0.08,0.003,0
FRD_00006135,CUST_00000589,TXN_0000055720,None,0.105,0.173,0.068,0.121,0.001,0
FRD_00006136,CUST_00000852,TXN_0000080677,None,0.199,0.256,0.184,0.287,0.002,0
FRD_00006137,CUST_00000937,TXN_0000088747,None,0.219,0.257,0.593,0.042,0.001,0
FRD_00006138,CUST_00000336,TXN_0000031836,None,0.136,0.226,0.003,0.224,0.0,0
FRD_00006139,CUST_00000677,TXN_0000064156,Card Not Present (CNP) Fraud,0.4,0.898,0.026,0.32,0.001,1
FRD_00006140,CUST_00000606,TXN_0000057355,None,0.205,0.228,0.116,0.41,0.0,0
FRD_00006141,CUST_00000998,TXN_0000094529,None,0.18,0.281,0.177,0.183,0.003,0
FRD_00006142,CUST_00000717,TXN_0000067872,None,0.12,0.11,0.076,0.13,0.168,0
FRD_00006143,CUST_00000723,TXN_0000068534,None,0.088,0.215,0.0,0.039,0.013,0
FRD_00006144,CUST_00000035,TXN_0000003271,None,0.172,0.236,0.007,0.041,0.388,0
FRD_00006145,CUST_00000512,TXN_0000048472,None,0.153,0.163,0.213,0.209,0.006,0
FRD_00006146,CUST_00000429,TXN_0000040615,None,0.074,0.204,0.001,0.005,0.005,0
FRD_00006147,CUST_00000338,TXN_0000032033,None,0.104,0.159,0.023,0.177,0.0,0
FRD_00006148,CUST_00000402,TXN_0000038094,None,0.086,0.229,0.005,0.013,0.007,0
FRD_00006149,CUST_00000049,TXN_0000004640,UPI Phishing / Collect Request Fraud,0.356,0.985,0.0,0.037,0.011,1
FRD_00006150,CUST_00000355,TXN_0000033585,None,0.132,0.223,0.052,0.117,0.071,0
FRD_00006151,CUST_00000758,TXN_0000071807,None,0.119,0.214,0.002,0.175,0.001,0
FRD_00006152,CUST_00000656,TXN_0000062149,None,0.126,0.187,0.026,0.223,0.0,0
FRD_00006153,CUST_00000821,TXN_0000077743,None,0.188,0.191,0.442,0.03,0.124,0
FRD_00006154,CUST_00000078,TXN_0000007390,None,0.078,0.118,0.001,0.144,0.001,0
FRD_00006155,CUST_00000161,TXN_0000015273,None,0.125,0.18,0.156,0.122,0.003,0
FRD_00006156,CUST_00000708,TXN_0000067050,None,0.175,0.333,0.018,0.218,0.003,0
FRD_00006157,CUST_00000837,TXN_0000079259,None,0.279,0.19,0.081,0.785,0.0,0
FRD_00006158,CUST_00000298,TXN_0000028172,None,0.122,0.098,0.004,0.348,0.001,0
FRD_00006159,CUST_00000991,TXN_0000093903,None,0.147,0.285,0.016,0.17,0.01,0
FRD_00006160,CUST_00000744,TXN_0000070489,None,0.179,0.254,0.048,0.32,0.002,0
FRD_00006161,CUST_00000172,TXN_0000016306,None,0.118,0.147,0.012,0.237,0.024,0
FRD_00006162,CUST_00000482,TXN_0000045657,None,0.086,0.181,0.063,0.041,0.0,0
FRD_00006163,CUST_00000032,TXN_0000002998,None,0.154,0.371,0.003,0.007,0.111,0
FRD_00006164,CUST_00000509,TXN_0000048213,None,0.105,0.169,0.044,0.143,0.007,0
FRD_00006165,CUST_00000457,TXN_0000043258,None,0.202,0.258,0.328,0.15,0.043,0
FRD_00006166,CUST_00000628,TXN_0000059534,None,0.09,0.244,0.001,0.014,0.003,0
FRD_00006167,CUST_00000143,TXN_0000013507,None,0.175,0.198,0.171,0.277,0.01,0
FRD_00006168,CUST_00000443,TXN_0000041959,None,0.123,0.076,0.007,0.356,0.029,0
FRD_00006169,CUST_00000872,TXN_0000082562,None,0.091,0.104,0.002,0.217,0.0,0
FRD_00006170,CUST_00000875,TXN_0000082870,None,0.208,0.153,0.382,0.205,0.136,0
FRD_00006171,CUST_00000250,TXN_0000023674,None,0.131,0.216,0.0,0.216,0.009,0
FRD_00006172,CUST_00000431,TXN_0000040841,None,0.101,0.269,0.001,0.027,0.0,0
FRD_00006173,CUST_00000458,TXN_0000043341,None,0.141,0.246,0.053,0.067,0.137,0
FRD_00006174,CUST_00000937,TXN_0000088708,None,0.177,0.133,0.047,0.486,0.0,0
FRD_00006175,CUST_00000449,TXN_0000042493,None,0.156,0.256,0.18,0.059,0.078,0
FRD_00006176,CUST_00000307,TXN_0000029050,None,0.171,0.218,0.303,0.102,0.041,0
FRD_00006177,CUST_00000850,TXN_0000080537,None,0.079,0.111,0.027,0.076,0.078,0
FRD_00006178,CUST_00000747,TXN_0000070811,None,0.059,0.143,0.005,0.029,0.005,0
FRD_00006179,CUST_00000040,TXN_0000003768,None,0.195,0.216,0.259,0.271,0.0,0
FRD_00006180,CUST_00000124,TXN_0000011729,None,0.126,0.24,0.013,0.045,0.141,0
FRD_00006181,CUST_00000066,TXN_0000006214,None,0.317,0.35,0.142,0.665,0.0,0
FRD_00006182,CUST_00000594,TXN_0000056303,None,0.1,0.172,0.087,0.089,0.0,0
FRD_00006183,CUST_00000846,TXN_0000080169,None,0.127,0.21,0.001,0.19,0.027,0
FRD_00006184,CUST_00000873,TXN_0000082688,None,0.101,0.243,0.011,0.005,0.064,0
FRD_00006185,CUST_00000740,TXN_0000070109,None,0.255,0.188,0.054,0.712,0.0,0
FRD_00006186,CUST_00000818,TXN_0000077449,None,0.206,0.176,0.005,0.492,0.102,0
FRD_00006187,CUST_00000279,TXN_0000026381,None,0.21,0.207,0.257,0.188,0.197,0
FRD_00006188,CUST_00000276,TXN_0000026147,None,0.097,0.242,0.003,0.048,0.0,0
FRD_00006189,CUST_00000625,TXN_0000059193,None,0.115,0.111,0.183,0.158,0.002,0
FRD_00006190,CUST_00000489,TXN_0000046364,None,0.092,0.113,0.053,0.014,0.192,0
FRD_00006191,CUST_00000002,TXN_0000000116,None,0.078,0.167,0.08,0.016,0.0,0
FRD_00006192,CUST_00000809,TXN_0000076601,None,0.057,0.081,0.0,0.113,0.002,0
FRD_00006193,CUST_00000299,TXN_0000028257,None,0.182,0.269,0.283,0.065,0.076,0
FRD_00006194,CUST_00000847,TXN_0000080267,Card Not Present (CNP) Fraud,0.419,0.95,0.002,0.34,0.007,1
FRD_00006195,CUST_00000426,TXN_0000040342,None,0.124,0.186,0.004,0.228,0.006,0
FRD_00006196,CUST_00000129,TXN_0000012174,None,0.177,0.066,0.001,0.614,0.0,0
FRD_00006197,CUST_00000806,TXN_0000076327,None,0.239,0.262,0.436,0.199,0.051,0
FRD_00006198,CUST_00000747,TXN_0000070734,None,0.067,0.08,0.158,0.031,0.0,0
FRD_00006199,CUST_00000967,TXN_0000091610,None,0.173,0.151,0.092,0.379,0.036,0
FRD_00006200,CUST_00000718,TXN_0000068042,None,0.167,0.392,0.113,0.022,0.01,0
FRD_00006201,CUST_00000951,TXN_0000090056,None,0.301,0.248,0.044,0.699,0.155,0
FRD_00006202,CUST_00000843,TXN_0000079878,None,0.175,0.306,0.087,0.202,0.001,0
FRD_00006203,CUST_00000318,TXN_0000030152,None,0.156,0.132,0.018,0.424,0.0,0
FRD_00006204,CUST_00000168,TXN_0000015895,None,0.154,0.158,0.37,0.011,0.109,0
FRD_00006205,CUST_00000453,TXN_0000042936,None,0.141,0.266,0.014,0.181,0.0,0
FRD_00006206,CUST_00000352,TXN_0000033296,None,0.069,0.099,0.005,0.119,0.02,0
FRD_00006207,CUST_00000888,TXN_0000084134,None,0.196,0.308,0.07,0.286,0.012,0
FRD_00006208,CUST_00000475,TXN_0000044961,None,0.075,0.181,0.0,0.046,0.0,0
FRD_00006209,CUST_00000774,TXN_0000073335,None,0.161,0.25,0.257,0.086,0.003,0
FRD_00006210,CUST_00000758,TXN_0000071769,None,0.125,0.058,0.401,0.096,0.001,0
FRD_00006211,CUST_00000627,TXN_0000059402,None,0.131,0.223,0.2,0.029,0.027,0
FRD_00006212,CUST_00000802,TXN_0000076012,None,0.095,0.124,0.181,0.05,0.017,0
FRD_00006213,CUST_00000453,TXN_0000042912,None,0.059,0.15,0.0,0.002,0.031,0
FRD_00006214,CUST_00000165,TXN_0000015611,None,0.184,0.246,0.014,0.373,0.007,0
FRD_00006215,CUST_00000909,TXN_0000086122,None,0.168,0.278,0.063,0.233,0.0,0
FRD_00006216,CUST_00000963,TXN_0000091172,None,0.136,0.151,0.02,0.316,0.001,0
FRD_00006217,CUST_00000716,TXN_0000067794,None,0.07,0.088,0.044,0.122,0.0,0
FRD_00006218,CUST_00000558,TXN_0000052870,None,0.363,0.24,0.349,0.623,0.267,0
FRD_00006219,CUST_00000750,TXN_0000071015,None,0.28,0.362,0.064,0.551,0.014,0
FRD_00006220,CUST_00000552,TXN_0000052243,None,0.126,0.177,0.17,0.1,0.027,0
FRD_00006221,CUST_00000381,TXN_0000036085,None,0.157,0.254,0.008,0.266,0.0,0
FRD_00006222,CUST_00000512,TXN_0000048524,None,0.195,0.386,0.05,0.074,0.158,0
FRD_00006223,CUST_00000894,TXN_0000084708,None,0.234,0.248,0.114,0.497,0.0,0
FRD_00006224,CUST_00000093,TXN_0000008787,None,0.125,0.241,0.043,0.098,0.039,0
FRD_00006225,CUST_00000528,TXN_0000050006,None,0.267,0.293,0.615,0.166,0.0,0
FRD_00006226,CUST_00000771,TXN_0000073065,None,0.103,0.173,0.03,0.13,0.018,0
FRD_00006227,CUST_00000608,TXN_0000057543,None,0.154,0.257,0.045,0.212,0.008,0
FRD_00006228,CUST_00000675,TXN_0000063939,None,0.153,0.154,0.275,0.177,0.001,0
FRD_00006229,CUST_00000204,TXN_0000019321,UPI Phishing / Collect Request Fraud,0.419,0.916,0.009,0.357,0.037,1
FRD_00006230,CUST_00000647,TXN_0000061330,None,0.158,0.257,0.161,0.135,0.008,0
FRD_00006231,CUST_00000553,TXN_0000052360,None,0.118,0.198,0.095,0.058,0.078,0
FRD_00006232,CUST_00000182,TXN_0000017278,None,0.182,0.122,0.206,0.38,0.017,0
FRD_00006233,CUST_00000645,TXN_0000061142,None,0.07,0.16,0.006,0.016,0.044,0
FRD_00006234,CUST_00000795,TXN_0000075345,None,0.27,0.206,0.142,0.676,0.001,0
FRD_00006235,CUST_00000854,TXN_0000080898,None,0.188,0.284,0.344,0.0,0.099,0
FRD_00006236,CUST_00000137,TXN_0000012957,None,0.162,0.244,0.157,0.066,0.141,0
FRD_00006237,CUST_00000791,TXN_0000074914,None,0.049,0.127,0.009,0.01,0.003,0
FRD_00006238,CUST_00000637,TXN_0000060312,None,0.095,0.139,0.0,0.186,0.0,0
FRD_00006239,CUST_00000651,TXN_0000061665,None,0.131,0.285,0.034,0.078,0.025,0
FRD_00006240,CUST_00000542,TXN_0000051369,None,0.153,0.33,0.179,0.006,0.003,0
FRD_00006241,CUST_00000162,TXN_0000015338,None,0.15,0.305,0.049,0.09,0.055,0
FRD_00006242,CUST_00000850,TXN_0000080539,None,0.095,0.214,0.0,0.077,0.002,0
FRD_00006243,CUST_00000372,TXN_0000035214,None,0.136,0.294,0.0,0.103,0.037,0
FRD_00006244,CUST_00000457,TXN_0000043321,None,0.129,0.211,0.035,0.143,0.061,0
FRD_00006245,CUST_00000765,TXN_0000072489,None,0.117,0.191,0.005,0.177,0.027,0
FRD_00006246,CUST_00000571,TXN_0000054020,None,0.123,0.165,0.099,0.149,0.039,0
FRD_00006247,CUST_00000623,TXN_0000059028,None,0.097,0.231,0.017,0.049,0.0,0
FRD_00006248,CUST_00000227,TXN_0000021500,None,0.199,0.119,0.003,0.577,0.062,0
FRD_00006249,CUST_00000224,TXN_0000021229,None,0.101,0.145,0.0,0.048,0.193,0
FRD_00006250,CUST_00000954,TXN_0000090392,None,0.121,0.172,0.181,0.098,0.0,0
FRD_00006251,CUST_00000668,TXN_0000063283,None,0.116,0.125,0.127,0.179,0.011,0
FRD_00006252,CUST_00000987,TXN_0000093523,None,0.156,0.22,0.246,0.111,0.008,0
FRD_00006253,CUST_00000163,TXN_0000015400,None,0.154,0.145,0.425,0.065,0.011,0
FRD_00006254,CUST_00000751,TXN_0000071190,None,0.348,0.181,0.109,0.892,0.201,0
FRD_00006255,CUST_00000033,TXN_0000003096,None,0.144,0.181,0.192,0.168,0.003,0
FRD_00006256,CUST_00000986,TXN_0000093406,None,0.092,0.084,0.032,0.225,0.001,0
FRD_00006257,CUST_00000338,TXN_0000032052,None,0.175,0.367,0.001,0.17,0.019,0
FRD_00006258,CUST_00000910,TXN_0000086154,None,0.195,0.257,0.126,0.308,0.012,0
FRD_00006259,CUST_00000464,TXN_0000043986,None,0.145,0.161,0.173,0.024,0.241,0
FRD_00006260,CUST_00000428,TXN_0000040517,None,0.288,0.326,0.14,0.579,0.007,0
FRD_00006261,CUST_00000478,TXN_0000045250,None,0.135,0.217,0.0,0.224,0.016,0
FRD_00006262,CUST_00000988,TXN_0000093553,None,0.222,0.249,0.075,0.481,0.0,0
FRD_00006263,CUST_00000946,TXN_0000089611,None,0.155,0.293,0.143,0.093,0.002,0
FRD_00006264,CUST_00000575,TXN_0000054483,None,0.21,0.33,0.0,0.349,0.036,0
FRD_00006265,CUST_00000384,TXN_0000036353,None,0.171,0.303,0.27,0.034,0.011,0
FRD_00006266,CUST_00000170,TXN_0000016157,None,0.214,0.259,0.36,0.181,0.029,0
FRD_00006267,CUST_00000649,TXN_0000061482,None,0.082,0.087,0.026,0.113,0.088,0
FRD_00006268,CUST_00000672,TXN_0000063641,None,0.113,0.274,0.0,0.067,0.001,0
FRD_00006269,CUST_00000161,TXN_0000015237,None,0.223,0.113,0.407,0.327,0.102,0
FRD_00006270,CUST_00000716,TXN_0000067774,None,0.326,0.347,0.077,0.738,0.021,0
FRD_00006271,CUST_00000559,TXN_0000052951,None,0.187,0.355,0.119,0.151,0.005,0
FRD_00006272,CUST_00000255,TXN_0000024093,None,0.083,0.165,0.048,0.061,0.004,0
FRD_00006273,CUST_00000199,TXN_0000018906,None,0.16,0.103,0.188,0.297,0.058,0
FRD_00006274,CUST_00000906,TXN_0000085828,None,0.117,0.291,0.037,0.025,0.008,0
FRD_00006275,CUST_00000050,TXN_0000004654,None,0.268,0.167,0.099,0.749,0.012,0
FRD_00006276,CUST_00000289,TXN_0000027382,None,0.209,0.25,0.261,0.064,0.267,0
FRD_00006277,CUST_00000315,TXN_0000029789,None,0.129,0.189,0.269,0.031,0.007,0
FRD_00006278,CUST_00000375,TXN_0000035480,None,0.149,0.22,0.029,0.155,0.139,0
FRD_00006279,CUST_00000946,TXN_0000089623,None,0.112,0.29,0.021,0.027,0.0,0
FRD_00006280,CUST_00000885,TXN_0000083771,None,0.213,0.142,0.112,0.564,0.0,0
FRD_00006281,CUST_00000508,TXN_0000048085,None,0.073,0.055,0.089,0.145,0.001,0
FRD_00006282,CUST_00000396,TXN_0000037469,None,0.252,0.321,0.001,0.541,0.02,0
FRD_00006283,CUST_00000472,TXN_0000044683,None,0.115,0.147,0.085,0.185,0.0,0
FRD_00006284,CUST_00000958,TXN_0000090718,None,0.252,0.262,0.252,0.406,0.041,0
FRD_00006285,CUST_00000681,TXN_0000064486,None,0.181,0.114,0.038,0.491,0.053,0
FRD_00006286,CUST_00000750,TXN_0000071096,None,0.202,0.042,0.024,0.587,0.177,0
FRD_00006287,CUST_00000391,TXN_0000037028,None,0.213,0.164,0.065,0.571,0.001,0
FRD_00006288,CUST_00000773,TXN_0000073201,None,0.261,0.082,0.137,0.754,0.083,0
FRD_00006289,CUST_00000377,TXN_0000035732,None,0.11,0.099,0.007,0.259,0.047,0
FRD_00006290,CUST_00000393,TXN_0000037193,None,0.097,0.241,0.024,0.032,0.0,0
FRD_00006291,CUST_00000920,TXN_0000087162,None,0.068,0.123,0.006,0.075,0.023,0
FRD_00006292,CUST_00000787,TXN_0000074598,None,0.139,0.154,0.252,0.128,0.011,0
FRD_00006293,CUST_00000090,TXN_0000008530,None,0.143,0.313,0.0,0.133,0.0,0
FRD_00006294,CUST_00000376,TXN_0000035640,None,0.115,0.16,0.003,0.232,0.003,0
FRD_00006295,CUST_00000155,TXN_0000014730,None,0.042,0.076,0.005,0.058,0.0,0
FRD_00006296,CUST_00000698,TXN_0000066137,None,0.088,0.203,0.021,0.05,0.0,0
FRD_00006297,CUST_00000223,TXN_0000021105,None,0.146,0.283,0.0,0.158,0.037,0
FRD_00006298,CUST_00000465,TXN_0000044091,None,0.079,0.058,0.159,0.105,0.001,0
FRD_00006299,CUST_00000266,TXN_0000025129,None,0.117,0.218,0.057,0.115,0.004,0
FRD_00006300,CUST_00000481,TXN_0000045618,None,0.103,0.222,0.029,0.049,0.035,0
FRD_00006301,CUST_00000437,TXN_0000041345,None,0.103,0.117,0.118,0.133,0.024,0
FRD_00006302,CUST_00000455,TXN_0000043105,None,0.181,0.241,0.345,0.09,0.026,0
FRD_00006303,CUST_00000243,TXN_0000022999,None,0.071,0.09,0.098,0.076,0.004,0
FRD_00006304,CUST_00000319,TXN_0000030230,None,0.136,0.312,0.081,0.043,0.0,0
FRD_00006305,CUST_00000012,TXN_0000001078,None,0.15,0.361,0.017,0.083,0.0,0
FRD_00006306,CUST_00000232,TXN_0000021978,Account Takeover (ATO),0.387,0.856,0.279,0.008,0.15,1
FRD_00006307,CUST_00000743,TXN_0000070371,None,0.103,0.178,0.004,0.127,0.041,0
FRD_00006308,CUST_00000181,TXN_0000017110,None,0.245,0.306,0.121,0.433,0.027,0
FRD_00006309,CUST_00000747,TXN_0000070772,None,0.184,0.281,0.027,0.238,0.106,0
FRD_00006310,CUST_00000515,TXN_0000048753,None,0.191,0.249,0.313,0.152,0.016,0
FRD_00006311,CUST_00000227,TXN_0000021483,None,0.074,0.116,0.007,0.098,0.039,0
FRD_00006312,CUST_00000721,TXN_0000068330,None,0.177,0.161,0.306,0.239,0.0,0
FRD_00006313,CUST_00000374,TXN_0000035405,None,0.082,0.18,0.06,0.016,0.017,0
FRD_00006314,CUST_00000661,TXN_0000062591,None,0.103,0.173,0.018,0.154,0.001,0
FRD_00006315,CUST_00000802,TXN_0000075962,None,0.077,0.093,0.017,0.139,0.03,0
FRD_00006316,CUST_00000059,TXN_0000005527,None,0.189,0.231,0.132,0.299,0.037,0
FRD_00006317,CUST_00000453,TXN_0000042935,None,0.085,0.184,0.007,0.065,0.015,0
FRD_00006318,CUST_00000288,TXN_0000027268,None,0.231,0.196,0.42,0.315,0.0,0
FRD_00006319,CUST_00000640,TXN_0000060677,None,0.06,0.056,0.022,0.146,0.0,0
FRD_00006320,CUST_00000761,TXN_0000072069,None,0.216,0.227,0.184,0.218,0.226,0
FRD_00006321,CUST_00000466,TXN_0000044137,None,0.136,0.352,0.05,0.01,0.0,0
FRD_00006322,CUST_00000508,TXN_0000048112,None,0.246,0.176,0.402,0.358,0.074,0
FRD_00006323,CUST_00000655,TXN_0000062039,None,0.116,0.241,0.133,0.002,0.023,0
FRD_00006324,CUST_00000959,TXN_0000090795,None,0.214,0.16,0.006,0.513,0.145,0
FRD_00006325,CUST_00000323,TXN_0000030598,None,0.172,0.249,0.229,0.082,0.095,0
FRD_00006326,CUST_00000562,TXN_0000053189,None,0.172,0.18,0.385,0.122,0.006,0
FRD_00006327,CUST_00000972,TXN_0000092038,None,0.147,0.194,0.107,0.214,0.022,0
FRD_00006328,CUST_00000105,TXN_0000009926,None,0.08,0.17,0.005,0.075,0.004,0
FRD_00006329,CUST_00000235,TXN_0000022257,None,0.127,0.195,0.211,0.06,0.01,0
FRD_00006330,CUST_00000138,TXN_0000013077,None,0.184,0.175,0.054,0.151,0.372,0
FRD_00006331,CUST_00000367,TXN_0000034787,None,0.119,0.26,0.061,0.063,0.001,0
FRD_00006332,CUST_00000076,TXN_0000007130,None,0.087,0.057,0.0,0.27,0.0,0
FRD_00006333,CUST_00000923,TXN_0000087460,None,0.146,0.187,0.262,0.106,0.007,0
FRD_00006334,CUST_00000880,TXN_0000083321,None,0.126,0.253,0.017,0.136,0.0,0
FRD_00006335,CUST_00000125,TXN_0000011821,None,0.085,0.156,0.009,0.103,0.014,0
FRD_00006336,CUST_00000414,TXN_0000039187,None,0.075,0.166,0.016,0.055,0.0,0
FRD_00006337,CUST_00000542,TXN_0000051329,None,0.166,0.377,0.024,0.118,0.0,0
FRD_00006338,CUST_00000907,TXN_0000085894,None,0.114,0.191,0.012,0.179,0.0,0
FRD_00006339,CUST_00000025,TXN_0000002358,None,0.057,0.128,0.028,0.027,0.0,0
FRD_00006340,CUST_00000066,TXN_0000006242,None,0.092,0.129,0.181,0.037,0.005,0
FRD_00006341,CUST_00000932,TXN_0000088266,None,0.116,0.123,0.012,0.267,0.021,0
FRD_00006342,CUST_00000156,TXN_0000014821,None,0.287,0.249,0.26,0.471,0.151,0
FRD_00006343,CUST_00000416,TXN_0000039355,None,0.094,0.142,0.078,0.116,0.0,0
FRD_00006344,CUST_00000967,TXN_0000091623,None,0.116,0.281,0.001,0.068,0.0,0
FRD_00006345,CUST_00000052,TXN_0000004860,None,0.142,0.143,0.017,0.076,0.348,0
FRD_00006346,CUST_00000564,TXN_0000053369,None,0.134,0.302,0.128,0.009,0.001,0
FRD_00006347,CUST_00000107,TXN_0000010086,None,0.034,0.07,0.021,0.021,0.002,0
FRD_00006348,CUST_00000527,TXN_0000049871,None,0.2,0.241,0.166,0.326,0.003,0
FRD_00006349,CUST_00000722,TXN_0000068351,None,0.279,0.33,0.223,0.209,0.334,0
FRD_00006350,CUST_00000340,TXN_0000032189,None,0.141,0.204,0.062,0.227,0.003,0
FRD_00006351,CUST_00000556,TXN_0000052666,None,0.126,0.31,0.003,0.065,0.003,0
FRD_00006352,CUST_00000925,TXN_0000087621,None,0.122,0.203,0.004,0.135,0.083,0
FRD_00006353,CUST_00000981,TXN_0000092907,None,0.087,0.048,0.08,0.165,0.064,0
FRD_00006354,CUST_00000786,TXN_0000074503,None,0.115,0.22,0.04,0.122,0.0,0
FRD_00006355,CUST_00000100,TXN_0000009452,None,0.098,0.182,0.016,0.12,0.005,0
FRD_00006356,CUST_00000441,TXN_0000041715,None,0.167,0.098,0.132,0.313,0.141,0
FRD_00006357,CUST_00000458,TXN_0000043363,None,0.192,0.276,0.048,0.279,0.078,0
FRD_00006358,CUST_00000525,TXN_0000049735,None,0.224,0.206,0.096,0.531,0.002,0
FRD_00006359,CUST_00000371,TXN_0000035148,None,0.107,0.115,0.144,0.146,0.005,0
FRD_00006360,CUST_00000388,TXN_0000036757,None,0.09,0.147,0.036,0.105,0.025,0
FRD_00006361,CUST_00000674,TXN_0000063898,None,0.123,0.222,0.027,0.159,0.0,0
FRD_00006362,CUST_00000604,TXN_0000057201,None,0.117,0.116,0.025,0.23,0.071,0
FRD_00006363,CUST_00000835,TXN_0000079074,None,0.086,0.045,0.108,0.034,0.199,0
FRD_00006364,CUST_00000246,TXN_0000023316,None,0.097,0.184,0.019,0.056,0.073,0
FRD_00006365,CUST_00000028,TXN_0000002639,None,0.175,0.374,0.093,0.102,0.0,0
FRD_00006366,CUST_00000326,TXN_0000030896,None,0.09,0.193,0.005,0.084,0.0,0
FRD_00006367,CUST_00000558,TXN_0000052820,None,0.255,0.223,0.002,0.706,0.001,0
FRD_00006368,CUST_00000791,TXN_0000074974,None,0.212,0.28,0.08,0.392,0.001,0
FRD_00006369,CUST_00000546,TXN_0000051667,None,0.146,0.2,0.062,0.25,0.006,0
FRD_00006370,CUST_00000136,TXN_0000012854,None,0.182,0.239,0.013,0.339,0.057,0
FRD_00006371,CUST_00000295,TXN_0000027902,None,0.071,0.15,0.055,0.027,0.003,0
FRD_00006372,CUST_00000600,TXN_0000056826,None,0.156,0.25,0.0,0.273,0.0,0
FRD_00006373,CUST_00000958,TXN_0000090750,None,0.081,0.03,0.061,0.229,0.003,0
FRD_00006374,CUST_00000779,TXN_0000073834,None,0.163,0.309,0.035,0.191,0.0,0
FRD_00006375,CUST_00000880,TXN_0000083350,None,0.196,0.348,0.019,0.281,0.0,0
FRD_00006376,CUST_00000760,TXN_0000072026,None,0.049,0.073,0.092,0.017,0.002,0
FRD_00006377,CUST_00000654,TXN_0000061928,None,0.29,0.337,0.505,0.284,0.001,0
FRD_00006378,CUST_00000580,TXN_0000054932,Account Takeover (ATO),0.365,0.948,0.009,0.124,0.001,1
FRD_00006379,CUST_00000762,TXN_0000072203,None,0.127,0.203,0.0,0.224,0.0,0
FRD_00006380,CUST_00000080,TXN_0000007546,None,0.167,0.145,0.451,0.001,0.131,0
FRD_00006381,CUST_00000023,TXN_0000002099,None,0.147,0.211,0.002,0.291,0.0,0
FRD_00006382,CUST_00000102,TXN_0000009601,None,0.149,0.116,0.308,0.119,0.085,0
FRD_00006383,CUST_00000718,TXN_0000067965,None,0.149,0.279,0.097,0.127,0.0,0
FRD_00006384,CUST_00000806,TXN_0000076320,None,0.042,0.025,0.156,0.002,0.007,0
FRD_00006385,CUST_00000098,TXN_0000009240,None,0.204,0.256,0.307,0.14,0.091,0
FRD_00006386,CUST_00000591,TXN_0000055933,None,0.097,0.16,0.129,0.059,0.001,0
FRD_00006387,CUST_00000066,TXN_0000006249,None,0.121,0.136,0.0,0.294,0.0,0
FRD_00006388,CUST_00000960,TXN_0000090962,None,0.13,0.115,0.37,0.058,0.008,0
FRD_00006389,CUST_00000539,TXN_0000051064,None,0.133,0.315,0.001,0.09,0.0,0
FRD_00006390,CUST_00000904,TXN_0000085631,Account Takeover (ATO),0.426,0.858,0.232,0.084,0.294,1
FRD_00006391,CUST_00000045,TXN_0000004197,None,0.12,0.11,0.205,0.162,0.001,0
FRD_00006392,CUST_00000123,TXN_0000011644,None,0.148,0.128,0.04,0.371,0.013,0
FRD_00006393,CUST_00000555,TXN_0000052599,None,0.196,0.318,0.111,0.231,0.022,0
FRD_00006394,CUST_00000663,TXN_0000062838,None,0.193,0.272,0.079,0.325,0.003,0
FRD_00006395,CUST_00000707,TXN_0000066954,None,0.204,0.12,0.115,0.519,0.045,0
FRD_00006396,CUST_00000632,TXN_0000059843,None,0.146,0.293,0.0,0.15,0.032,0
FRD_00006397,CUST_00000870,TXN_0000082430,None,0.176,0.205,0.145,0.197,0.131,0
FRD_00006398,CUST_00000090,TXN_0000008518,None,0.213,0.257,0.122,0.149,0.308,0
FRD_00006399,CUST_00000918,TXN_0000087004,None,0.212,0.149,0.077,0.457,0.15,0
FRD_00006400,CUST_00000183,TXN_0000017315,None,0.14,0.089,0.518,0.018,0.005,0
FRD_00006401,CUST_00000272,TXN_0000025750,None,0.139,0.24,0.032,0.17,0.029,0
FRD_00006402,CUST_00000189,TXN_0000017907,None,0.105,0.187,0.124,0.013,0.057,0
FRD_00006403,CUST_00000582,TXN_0000055136,None,0.217,0.183,0.337,0.289,0.067,0
FRD_00006404,CUST_00000925,TXN_0000087584,None,0.139,0.244,0.0,0.116,0.125,0
FRD_00006405,CUST_00000155,TXN_0000014683,None,0.12,0.149,0.027,0.154,0.118,0
FRD_00006406,CUST_00000651,TXN_0000061704,None,0.207,0.06,0.05,0.626,0.095,0
FRD_00006407,CUST_00000666,TXN_0000063115,None,0.155,0.122,0.218,0.198,0.096,0
FRD_00006408,CUST_00000925,TXN_0000087666,None,0.104,0.222,0.002,0.105,0.0,0
FRD_00006409,CUST_00000139,TXN_0000013123,None,0.122,0.156,0.175,0.118,0.014,0
FRD_00006410,CUST_00000131,TXN_0000012374,None,0.186,0.368,0.001,0.2,0.036,0
FRD_00006411,CUST_00000462,TXN_0000043734,None,0.065,0.159,0.001,0.015,0.025,0
FRD_00006412,CUST_00000965,TXN_0000091360,None,0.284,0.283,0.213,0.539,0.04,0
FRD_00006413,CUST_00000715,TXN_0000067674,None,0.144,0.165,0.0,0.166,0.224,0
FRD_00006414,CUST_00000124,TXN_0000011687,None,0.113,0.282,0.008,0.025,0.031,0
FRD_00006415,CUST_00000765,TXN_0000072435,None,0.22,0.279,0.03,0.378,0.107,0
FRD_00006416,CUST_00000735,TXN_0000069628,None,0.167,0.301,0.028,0.113,0.141,0
FRD_00006417,CUST_00000730,TXN_0000069170,None,0.198,0.138,0.008,0.582,0.014,0
FRD_00006418,CUST_00000245,TXN_0000023190,None,0.058,0.115,0.013,0.059,0.001,0
FRD_00006419,CUST_00000859,TXN_0000081331,None,0.097,0.19,0.061,0.043,0.04,0
FRD_00006420,CUST_00000376,TXN_0000035575,None,0.24,0.277,0.063,0.503,0.021,0
FRD_00006421,CUST_00000746,TXN_0000070721,None,0.082,0.108,0.001,0.175,0.001,0
FRD_00006422,CUST_00000582,TXN_0000055101,None,0.24,0.287,0.036,0.511,0.024,0
FRD_00006423,CUST_00000284,TXN_0000026869,None,0.159,0.378,0.0,0.107,0.001,0
FRD_00006424,CUST_00000356,TXN_0000033715,None,0.124,0.23,0.001,0.169,0.004,0
FRD_00006425,CUST_00000350,TXN_0000033178,None,0.236,0.254,0.016,0.56,0.018,0
FRD_00006426,CUST_00000923,TXN_0000087430,None,0.037,0.1,0.0,0.005,0.006,0
FRD_00006427,CUST_00000893,TXN_0000084549,None,0.154,0.215,0.105,0.211,0.025,0
FRD_00006428,CUST_00000064,TXN_0000006001,None,0.147,0.145,0.024,0.271,0.119,0
FRD_00006429,CUST_00000244,TXN_0000023070,None,0.2,0.282,0.001,0.4,0.005,0
FRD_00006430,CUST_00000230,TXN_0000021745,None,0.079,0.136,0.05,0.056,0.037,0
FRD_00006431,CUST_00000702,TXN_0000066473,None,0.226,0.172,0.151,0.359,0.228,0
FRD_00006432,CUST_00000647,TXN_0000061289,None,0.087,0.117,0.0,0.182,0.004,0
FRD_00006433,CUST_00000615,TXN_0000058298,None,0.106,0.073,0.061,0.246,0.032,0
FRD_00006434,CUST_00000693,TXN_0000065607,None,0.112,0.085,0.083,0.262,0.001,0
FRD_00006435,CUST_00000688,TXN_0000065210,None,0.134,0.21,0.215,0.032,0.049,0
FRD_00006436,CUST_00000031,TXN_0000002886,None,0.261,0.263,0.014,0.664,0.001,0
FRD_00006437,CUST_00000769,TXN_0000072876,None,0.18,0.167,0.047,0.367,0.1,0
FRD_00006438,CUST_00000592,TXN_0000056086,None,0.113,0.025,0.001,0.253,0.205,0
FRD_00006439,CUST_00000562,TXN_0000053226,None,0.16,0.263,0.206,0.087,0.027,0
FRD_00006440,CUST_00000270,TXN_0000025544,None,0.217,0.171,0.005,0.6,0.031,0
FRD_00006441,CUST_00000960,TXN_0000090928,None,0.063,0.087,0.105,0.003,0.052,0
FRD_00006442,CUST_00000156,TXN_0000014754,None,0.048,0.058,0.036,0.071,0.014,0
FRD_00006443,CUST_00000275,TXN_0000025985,None,0.102,0.074,0.079,0.238,0.006,0
FRD_00006444,CUST_00000262,TXN_0000024800,None,0.21,0.196,0.117,0.413,0.073,0
FRD_00006445,CUST_00000075,TXN_0000007032,None,0.11,0.157,0.012,0.184,0.033,0
FRD_00006446,CUST_00000190,TXN_0000017970,None,0.227,0.236,0.19,0.425,0.0,0
FRD_00006447,CUST_00000572,TXN_0000054122,None,0.134,0.161,0.021,0.295,0.0,0
FRD_00006448,CUST_00000061,TXN_0000005717,None,0.109,0.237,0.074,0.04,0.004,0
FRD_00006449,CUST_00000236,TXN_0000022351,None,0.106,0.169,0.126,0.054,0.04,0
FRD_00006450,CUST_00000206,TXN_0000019489,None,0.298,0.361,0.264,0.398,0.099,0
FRD_00006451,CUST_00000990,TXN_0000093725,None,0.168,0.208,0.11,0.294,0.001,0
FRD_00006452,CUST_00000499,TXN_0000047218,None,0.226,0.194,0.002,0.595,0.047,0
FRD_00006453,CUST_00000631,TXN_0000059734,None,0.052,0.09,0.001,0.078,0.006,0
FRD_00006454,CUST_00000256,TXN_0000024206,None,0.248,0.214,0.066,0.491,0.188,0
FRD_00006455,CUST_00000567,TXN_0000053680,None,0.217,0.142,0.206,0.505,0.0,0
FRD_00006456,CUST_00000769,TXN_0000072841,None,0.204,0.316,0.436,0.018,0.007,0
FRD_00006457,CUST_00000903,TXN_0000085500,None,0.214,0.229,0.217,0.363,0.0,0
FRD_00006458,CUST_00000961,TXN_0000091042,None,0.142,0.246,0.255,0.011,0.011,0
FRD_00006459,CUST_00000129,TXN_0000012251,None,0.167,0.238,0.009,0.217,0.138,0
FRD_00006460,CUST_00000910,TXN_0000086195,None,0.201,0.282,0.138,0.18,0.147,0
FRD_00006461,CUST_00000929,TXN_0000087993,None,0.123,0.324,0.001,0.034,0.006,0
FRD_00006462,CUST_00000814,TXN_0000077077,None,0.194,0.32,0.092,0.013,0.3,0
FRD_00006463,CUST_00000803,TXN_0000076040,None,0.202,0.331,0.162,0.182,0.041,0
FRD_00006464,CUST_00000847,TXN_0000080240,UPI Phishing / Collect Request Fraud,0.375,0.909,0.086,0.085,0.092,1
FRD_00006465,CUST_00000981,TXN_0000092885,None,0.135,0.242,0.048,0.113,0.061,0
FRD_00006466,CUST_00000499,TXN_0000047241,None,0.142,0.205,0.058,0.232,0.004,0
FRD_00006467,CUST_00000206,TXN_0000019519,None,0.101,0.237,0.0,0.068,0.007,0
FRD_00006468,CUST_00000436,TXN_0000041328,None,0.163,0.224,0.096,0.261,0.0,0
FRD_00006469,CUST_00000388,TXN_0000036729,None,0.123,0.305,0.002,0.06,0.002,0
FRD_00006470,CUST_00000289,TXN_0000027306,None,0.175,0.057,0.415,0.227,0.076,0
FRD_00006471,CUST_00000850,TXN_0000080519,None,0.057,0.046,0.005,0.159,0.002,0
FRD_00006472,CUST_00000874,TXN_0000082815,None,0.103,0.152,0.082,0.093,0.051,0
FRD_00006473,CUST_00000710,TXN_0000067270,None,0.039,0.061,0.03,0.02,0.031,0
FRD_00006474,CUST_00000675,TXN_0000063921,None,0.151,0.287,0.005,0.197,0.0,0
FRD_00006475,CUST_00000977,TXN_0000092516,None,0.128,0.278,0.009,0.113,0.001,0
FRD_00006476,CUST_00000188,TXN_0000017774,None,0.128,0.245,0.065,0.095,0.027,0
FRD_00006477,CUST_00000152,TXN_0000014443,None,0.15,0.205,0.066,0.262,0.0,0
FRD_00006478,CUST_00000757,TXN_0000071707,None,0.226,0.224,0.051,0.531,0.021,0
FRD_00006479,CUST_00000880,TXN_0000083305,None,0.192,0.228,0.025,0.362,0.081,0
FRD_00006480,CUST_00000761,TXN_0000072121,None,0.122,0.216,0.148,0.067,0.0,0
FRD_00006481,CUST_00000214,TXN_0000020264,None,0.178,0.17,0.073,0.415,0.0,0
FRD_00006482,CUST_00000747,TXN_0000070812,None,0.063,0.119,0.062,0.031,0.005,0
FRD_00006483,CUST_00000047,TXN_0000004383,None,0.159,0.176,0.385,0.078,0.002,0
FRD_00006484,CUST_00000975,TXN_0000092307,None,0.082,0.074,0.006,0.212,0.007,0
FRD_00006485,CUST_00000670,TXN_0000063430,None,0.258,0.349,0.008,0.473,0.078,0
FRD_00006486,CUST_00000619,TXN_0000058606,None,0.251,0.25,0.244,0.289,0.214,0
FRD_00006487,CUST_00000605,TXN_0000057309,None,0.16,0.277,0.161,0.092,0.038,0
FRD_00006488,CUST_00000938,TXN_0000088869,None,0.135,0.291,0.061,0.021,0.077,0
FRD_00006489,CUST_00000657,TXN_0000062221,None,0.145,0.304,0.081,0.067,0.028,0
FRD_00006490,CUST_00000214,TXN_0000020259,None,0.259,0.241,0.379,0.38,0.019,0
FRD_00006491,CUST_00000899,TXN_0000085150,None,0.277,0.31,0.147,0.43,0.158,0
FRD_00006492,CUST_00000696,TXN_0000065974,None,0.28,0.345,0.149,0.518,0.0,0
FRD_00006493,CUST_00000958,TXN_0000090773,None,0.101,0.173,0.003,0.093,0.085,0
FRD_00006494,CUST_00000670,TXN_0000063440,None,0.183,0.271,0.359,0.065,0.0,0
FRD_00006495,CUST_00000314,TXN_0000029748,None,0.108,0.134,0.007,0.052,0.232,0
FRD_00006496,CUST_00000836,TXN_0000079214,None,0.169,0.206,0.124,0.257,0.037,0
FRD_00006497,CUST_00000995,TXN_0000094250,None,0.182,0.34,0.171,0.087,0.036,0
FRD_00006498,CUST_00000781,TXN_0000073979,None,0.188,0.307,0.003,0.319,0.002,0
FRD_00006499,CUST_00000587,TXN_0000055590,None,0.154,0.185,0.128,0.251,0.003,0
FRD_00006500,CUST_00000603,TXN_0000057118,None,0.17,0.244,0.105,0.141,0.14,0
FRD_00006501,CUST_00000452,TXN_0000042832,None,0.2,0.259,0.003,0.321,0.145,0
FRD_00006502,CUST_00000500,TXN_0000047391,None,0.161,0.326,0.0,0.165,0.029,0
FRD_00006503,CUST_00000172,TXN_0000016333,None,0.091,0.144,0.009,0.126,0.035,0
FRD_00006504,CUST_00000761,TXN_0000072140,None,0.231,0.209,0.025,0.592,0.026,0
FRD_00006505,CUST_00000280,TXN_0000026505,None,0.213,0.158,0.084,0.329,0.293,0
FRD_00006506,CUST_00000849,TXN_0000080445,None,0.119,0.319,0.0,0.03,0.0,0
FRD_00006507,CUST_00000221,TXN_0000020922,None,0.113,0.134,0.005,0.253,0.011,0
FRD_00006508,CUST_00000423,TXN_0000040062,None,0.309,0.206,0.007,0.909,0.04,0
FRD_00006509,CUST_00000090,TXN_0000008453,None,0.165,0.232,0.34,0.008,0.068,0
FRD_00006510,CUST_00000083,TXN_0000007859,None,0.185,0.266,0.002,0.348,0.022,0
FRD_00006511,CUST_00000167,TXN_0000015839,None,0.125,0.295,0.001,0.022,0.079,0
FRD_00006512,CUST_00000253,TXN_0000023977,UPI Phishing / Collect Request Fraud,0.442,0.903,0.221,0.014,0.393,1
FRD_00006513,CUST_00000697,TXN_0000066075,None,0.139,0.272,0.081,0.099,0.012,0
FRD_00006514,CUST_00000769,TXN_0000072852,None,0.129,0.151,0.002,0.239,0.082,0
FRD_00006515,CUST_00000854,TXN_0000080853,None,0.138,0.193,0.074,0.218,0.007,0
FRD_00006516,CUST_00000402,TXN_0000038031,None,0.149,0.364,0.006,0.082,0.002,0
FRD_00006517,CUST_00000786,TXN_0000074466,None,0.091,0.124,0.05,0.107,0.054,0
FRD_00006518,CUST_00000459,TXN_0000043425,Card Not Present (CNP) Fraud,0.346,0.951,0.003,0.038,0.016,1
FRD_00006519,CUST_00000484,TXN_0000045896,None,0.269,0.306,0.008,0.636,0.007,0
FRD_00006520,CUST_00000944,TXN_0000089412,None,0.125,0.16,0.081,0.21,0.0,0
FRD_00006521,CUST_00000401,TXN_0000037966,None,0.138,0.303,0.11,0.019,0.028,0
FRD_00006522,CUST_00000386,TXN_0000036522,None,0.054,0.034,0.005,0.117,0.061,0
FRD_00006523,CUST_00000204,TXN_0000019292,UPI Phishing / Collect Request Fraud,0.524,0.946,0.203,0.606,0.005,1
FRD_00006524,CUST_00000834,TXN_0000078995,None,0.203,0.312,0.122,0.198,0.1,0
FRD_00006525,CUST_00000063,TXN_0000005931,None,0.124,0.247,0.082,0.035,0.064,0
FRD_00006526,CUST_00000450,TXN_0000042577,None,0.141,0.186,0.083,0.179,0.072,0
FRD_00006527,CUST_00000847,TXN_0000080249,Account Takeover (ATO),0.448,0.904,0.029,0.236,0.335,1
FRD_00006528,CUST_00000290,TXN_0000027409,None,0.177,0.283,0.117,0.208,0.014,0
FRD_00006529,CUST_00000503,TXN_0000047624,None,0.123,0.267,0.057,0.042,0.037,0
FRD_00006530,CUST_00000898,TXN_0000085038,None,0.175,0.232,0.096,0.207,0.114,0
FRD_00006531,CUST_00000691,TXN_0000065464,None,0.083,0.155,0.034,0.082,0.008,0
FRD_00006532,CUST_00000975,TXN_0000092314,None,0.102,0.25,0.001,0.046,0.013,0
FRD_00006533,CUST_00000806,TXN_0000076393,None,0.083,0.055,0.004,0.251,0.001,0
FRD_00006534,CUST_00000990,TXN_0000093746,None,0.122,0.318,0.025,0.023,0.0,0
FRD_00006535,CUST_00000696,TXN_0000065971,None,0.036,0.082,0.002,0.001,0.032,0
FRD_00006536,CUST_00000732,TXN_0000069371,None,0.113,0.154,0.014,0.188,0.047,0
FRD_00006537,CUST_00000034,TXN_0000003199,None,0.171,0.307,0.004,0.082,0.211,0
FRD_00006538,CUST_00000728,TXN_0000068941,None,0.142,0.17,0.125,0.227,0.006,0
FRD_00006539,CUST_00000084,TXN_0000007951,None,0.135,0.212,0.05,0.17,0.042,0
FRD_00006540,CUST_00000480,TXN_0000045467,None,0.154,0.193,0.068,0.29,0.0,0
FRD_00006541,CUST_00000849,TXN_0000080411,None,0.065,0.101,0.057,0.071,0.003,0
FRD_00006542,CUST_00000561,TXN_0000053117,None,0.134,0.302,0.0,0.111,0.001,0
FRD_00006543,CUST_00000327,TXN_0000030964,None,0.218,0.301,0.193,0.295,0.0,0
FRD_00006544,CUST_00000350,TXN_0000033157,None,0.13,0.074,0.032,0.378,0.018,0
FRD_00006545,CUST_00000073,TXN_0000006926,None,0.131,0.254,0.04,0.133,0.004,0
FRD_00006546,CUST_00000648,TXN_0000061398,None,0.152,0.173,0.0,0.229,0.169,0
FRD_00006547,CUST_00000962,TXN_0000091097,None,0.113,0.278,0.007,0.056,0.003,0
FRD_00006548,CUST_00000989,TXN_0000093654,None,0.12,0.125,0.266,0.094,0.0,0
FRD_00006549,CUST_00000170,TXN_0000016127,None,0.12,0.222,0.051,0.129,0.0,0
FRD_00006550,CUST_00000740,TXN_0000070082,None,0.113,0.216,0.005,0.145,0.003,0
FRD_00006551,CUST_00000412,TXN_0000038957,None,0.199,0.304,0.049,0.229,0.129,0
FRD_00006552,CUST_00000137,TXN_0000012978,None,0.093,0.186,0.031,0.086,0.0,0
FRD_00006553,CUST_00000972,TXN_0000092097,None,0.129,0.328,0.015,0.03,0.019,0
FRD_00006554,CUST_00000426,TXN_0000040381,None,0.16,0.167,0.287,0.139,0.045,0
FRD_00006555,CUST_00000233,TXN_0000022057,None,0.24,0.215,0.326,0.376,0.028,0
FRD_00006556,CUST_00000478,TXN_0000045278,None,0.279,0.34,0.251,0.432,0.01,0
FRD_00006557,CUST_00000330,TXN_0000031249,None,0.125,0.218,0.103,0.102,0.013,0
FRD_00006558,CUST_00000569,TXN_0000053882,None,0.184,0.244,0.402,0.072,0.0,0
FRD_00006559,CUST_00000749,TXN_0000070962,UPI Phishing / Collect Request Fraud,0.35,0.872,0.078,0.061,0.069,1
FRD_00006560,CUST_00000615,TXN_0000058247,None,0.058,0.059,0.009,0.142,0.0,0
FRD_00006561,CUST_00000884,TXN_0000083671,None,0.167,0.314,0.011,0.218,0.0,0
FRD_00006562,CUST_00000662,TXN_0000062699,None,0.099,0.083,0.096,0.06,0.177,0
FRD_00006563,CUST_00000088,TXN_0000008261,None,0.167,0.301,0.059,0.164,0.042,0
FRD_00006564,CUST_00000675,TXN_0000063974,None,0.108,0.228,0.001,0.109,0.005,0
FRD_00006565,CUST_00000127,TXN_0000012010,None,0.144,0.283,0.023,0.162,0.0,0
FRD_00006566,CUST_00000047,TXN_0000004362,None,0.086,0.137,0.044,0.108,0.009,0
FRD_00006567,CUST_00000049,TXN_0000004587,Card Not Present (CNP) Fraud,0.359,0.98,0.009,0.008,0.06,1
FRD_00006568,CUST_00000990,TXN_0000093742,None,0.171,0.187,0.242,0.037,0.242,0
FRD_00006569,CUST_00000038,TXN_0000003581,None,0.15,0.178,0.062,0.146,0.193,0
FRD_00006570,CUST_00000199,TXN_0000018882,None,0.11,0.104,0.174,0.074,0.104,0
FRD_00006571,CUST_00000402,TXN_0000038030,None,0.131,0.303,0.119,0.004,0.0,0
FRD_00006572,CUST_00000442,TXN_0000041886,None,0.26,0.13,0.181,0.712,0.0,0
FRD_00006573,CUST_00000386,TXN_0000036509,None,0.127,0.2,0.101,0.148,0.0,0
FRD_00006574,CUST_00000165,TXN_0000015645,None,0.11,0.14,0.001,0.242,0.0,0
FRD_00006575,CUST_00000204,TXN_0000019285,UPI Phishing / Collect Request Fraud,0.412,0.95,0.034,0.283,0.009,1
FRD_00006576,CUST_00000746,TXN_0000070693,None,0.272,0.181,0.213,0.663,0.002,0
FRD_00006577,CUST_00000254,TXN_0000024035,None,0.208,0.289,0.387,0.098,0.025,0
FRD_00006578,CUST_00000747,TXN_0000070798,None,0.124,0.126,0.149,0.202,0.0,0
FRD_00006579,CUST_00000141,TXN_0000013371,None,0.135,0.284,0.004,0.139,0.0,0
FRD_00006580,CUST_00000558,TXN_0000052802,None,0.142,0.36,0.015,0.039,0.015,0
FRD_00006581,CUST_00000541,TXN_0000051290,None,0.115,0.174,0.057,0.129,0.05,0
FRD_00006582,CUST_00000946,TXN_0000089560,None,0.104,0.254,0.008,0.053,0.002,0
FRD_00006583,CUST_00000514,TXN_0000048675,None,0.082,0.192,0.044,0.022,0.002,0
FRD_00006584,CUST_00000939,TXN_0000088964,None,0.114,0.242,0.004,0.069,0.055,0
FRD_00006585,CUST_00000232,TXN_0000021949,Mule Account Activity,0.366,0.884,0.005,0.224,0.0,1
FRD_00006586,CUST_00000514,TXN_0000048678,None,0.186,0.254,0.167,0.033,0.278,0
FRD_00006587,CUST_00000389,TXN_0000036860,None,0.088,0.216,0.011,0.023,0.022,0
FRD_00006588,CUST_00000510,TXN_0000048337,None,0.202,0.281,0.003,0.275,0.172,0
FRD_00006589,CUST_00000806,TXN_0000076321,None,0.117,0.199,0.0,0.188,0.0,0
FRD_00006590,CUST_00000871,TXN_0000082518,None,0.175,0.184,0.041,0.407,0.001,0
FRD_00006591,CUST_00000047,TXN_0000004364,None,0.127,0.116,0.0,0.197,0.188,0
FRD_00006592,CUST_00000085,TXN_0000008006,None,0.047,0.065,0.114,0.004,0.0,0
FRD_00006593,CUST_00000459,TXN_0000043477,Account Takeover (ATO),0.391,0.908,0.02,0.203,0.092,1
FRD_00006594,CUST_00000542,TXN_0000051302,None,0.164,0.268,0.022,0.262,0.003,0
FRD_00006595,CUST_00000218,TXN_0000020671,None,0.063,0.156,0.0,0.024,0.013,0
FRD_00006596,CUST_00000272,TXN_0000025722,None,0.139,0.207,0.046,0.222,0.01,0
FRD_00006597,CUST_00000160,TXN_0000015153,None,0.103,0.22,0.1,0.022,0.001,0
FRD_00006598,CUST_00000564,TXN_0000053397,None,0.173,0.358,0.032,0.164,0.0,0
FRD_00006599,CUST_00000462,TXN_0000043778,None,0.171,0.208,0.072,0.322,0.016,0
FRD_00006600,CUST_00000092,TXN_0000008664,None,0.263,0.262,0.004,0.683,0.0,0
FRD_00006601,CUST_00000681,TXN_0000064543,None,0.176,0.04,0.0,0.648,0.001,0
FRD_00006602,CUST_00000321,TXN_0000030439,None,0.077,0.108,0.0,0.012,0.181,0
FRD_00006603,CUST_00000402,TXN_0000038040,None,0.191,0.136,0.116,0.391,0.112,0
FRD_00006604,CUST_00000189,TXN_0000017891,None,0.299,0.375,0.013,0.32,0.427,0
FRD_00006605,CUST_00000393,TXN_0000037163,None,0.237,0.29,0.133,0.422,0.019,0
FRD_00006606,CUST_00000490,TXN_0000046407,None,0.133,0.26,0.097,0.065,0.031,0
FRD_00006607,CUST_00000521,TXN_0000049296,UPI Phishing / Collect Request Fraud,0.422,0.961,0.043,0.227,0.1,1
FRD_00006608,CUST_00000528,TXN_0000050021,None,0.113,0.251,0.008,0.089,0.006,0
FRD_00006609,CUST_00000241,TXN_0000022771,None,0.142,0.287,0.0,0.167,0.0,0
FRD_00006610,CUST_00000471,TXN_0000044614,None,0.156,0.312,0.207,0.02,0.002,0
FRD_00006611,CUST_00000083,TXN_0000007782,None,0.113,0.265,0.019,0.063,0.001,0
FRD_00006612,CUST_00000436,TXN_0000041315,None,0.221,0.317,0.0,0.43,0.012,0
FRD_00006613,CUST_00000671,TXN_0000063588,None,0.073,0.156,0.029,0.034,0.022,0
FRD_00006614,CUST_00000931,TXN_0000088151,None,0.188,0.31,0.265,0.035,0.09,0
FRD_00006615,CUST_00000817,TXN_0000077354,None,0.203,0.262,0.042,0.407,0.008,0
FRD_00006616,CUST_00000641,TXN_0000060724,None,0.129,0.184,0.075,0.197,0.0,0
FRD_00006617,CUST_00000432,TXN_0000040924,None,0.082,0.14,0.036,0.095,0.009,0
FRD_00006618,CUST_00000961,TXN_0000091023,None,0.282,0.306,0.298,0.461,0.001,0
FRD_00006619,CUST_00000611,TXN_0000057899,None,0.078,0.141,0.019,0.097,0.002,0
FRD_00006620,CUST_00000503,TXN_0000047628,None,0.184,0.166,0.363,0.21,0.003,0
FRD_00006621,CUST_00000398,TXN_0000037647,None,0.112,0.148,0.174,0.098,0.004,0
FRD_00006622,CUST_00000627,TXN_0000059364,None,0.044,0.072,0.01,0.059,0.009,0
FRD_00006623,CUST_00000552,TXN_0000052242,None,0.173,0.29,0.097,0.109,0.124,0
FRD_00006624,CUST_00000877,TXN_0000083067,None,0.189,0.116,0.207,0.327,0.127,0
FRD_00006625,CUST_00000565,TXN_0000053489,None,0.142,0.215,0.047,0.026,0.255,0
FRD_00006626,CUST_00000812,TXN_0000076914,None,0.126,0.285,0.017,0.088,0.003,0
FRD_00006627,CUST_00000562,TXN_0000053202,None,0.167,0.341,0.009,0.005,0.221,0
FRD_00006628,CUST_00000674,TXN_0000063893,None,0.094,0.251,0.021,0.006,0.0,0
FRD_00006629,CUST_00000361,TXN_0000034201,None,0.15,0.257,0.155,0.066,0.064,0
FRD_00006630,CUST_00000785,TXN_0000074376,None,0.154,0.254,0.084,0.177,0.018,0
FRD_00006631,CUST_00000121,TXN_0000011418,None,0.189,0.108,0.495,0.163,0.056,0
FRD_00006632,CUST_00000035,TXN_0000003234,None,0.062,0.145,0.029,0.018,0.007,0
FRD_00006633,CUST_00000921,TXN_0000087277,None,0.205,0.369,0.228,0.119,0.003,0
FRD_00006634,CUST_00000024,TXN_0000002189,None,0.083,0.189,0.05,0.028,0.0,0
FRD_00006635,CUST_00000330,TXN_0000031225,None,0.143,0.214,0.103,0.121,0.088,0
FRD_00006636,CUST_00000329,TXN_0000031202,None,0.105,0.239,0.01,0.078,0.0,0
FRD_00006637,CUST_00000828,TXN_0000078441,None,0.12,0.164,0.002,0.178,0.091,0
FRD_00006638,CUST_00000248,TXN_0000023508,None,0.154,0.153,0.103,0.315,0.005,0
FRD_00006639,CUST_00000198,TXN_0000018766,None,0.077,0.093,0.018,0.02,0.177,0
FRD_00006640,CUST_00000258,TXN_0000024394,None,0.082,0.139,0.093,0.043,0.019,0
FRD_00006641,CUST_00000137,TXN_0000013006,None,0.065,0.064,0.008,0.149,0.019,0
FRD_00006642,CUST_00000773,TXN_0000073243,None,0.139,0.361,0.045,0.009,0.005,0
FRD_00006643,CUST_00000823,TXN_0000077986,None,0.151,0.163,0.058,0.316,0.018,0
FRD_00006644,CUST_00000101,TXN_0000009527,None,0.191,0.166,0.043,0.497,0.002,0
FRD_00006645,CUST_00000583,TXN_0000055184,None,0.138,0.297,0.002,0.112,0.03,0
FRD_00006646,CUST_00000608,TXN_0000057619,None,0.198,0.345,0.082,0.241,0.003,0
FRD_00006647,CUST_00000505,TXN_0000047841,None,0.095,0.157,0.009,0.084,0.086,0
FRD_00006648,CUST_00000187,TXN_0000017712,None,0.059,0.113,0.072,0.008,0.015,0
FRD_00006649,CUST_00000974,TXN_0000092260,None,0.173,0.276,0.001,0.283,0.026,0
FRD_00006650,CUST_00000253,TXN_0000023964,Account Takeover (ATO),0.399,0.998,0.092,0.125,0.001,1
FRD_00006651,CUST_00000196,TXN_0000018576,None,0.246,0.313,0.007,0.532,0.008,0
FRD_00006652,CUST_00000470,TXN_0000044547,Account Takeover (ATO),0.418,0.912,0.018,0.38,0.0,1
FRD_00006653,CUST_00000371,TXN_0000035107,None,0.078,0.17,0.037,0.046,0.0,0
FRD_00006654,CUST_00000281,TXN_0000026570,None,0.136,0.14,0.139,0.187,0.061,0
FRD_00006655,CUST_00000449,TXN_0000042512,None,0.121,0.184,0.015,0.189,0.032,0
FRD_00006656,CUST_00000880,TXN_0000083307,None,0.168,0.183,0.362,0.122,0.003,0
FRD_00006657,CUST_00000262,TXN_0000024729,None,0.089,0.213,0.025,0.039,0.0,0
FRD_00006658,CUST_00000447,TXN_0000042307,None,0.035,0.046,0.05,0.035,0.0,0
FRD_00006659,CUST_00000444,TXN_0000042050,None,0.199,0.207,0.142,0.392,0.0,0
FRD_00006660,CUST_00000654,TXN_0000061983,None,0.128,0.321,0.007,0.053,0.003,0
FRD_00006661,CUST_00000105,TXN_0000009938,None,0.189,0.123,0.006,0.526,0.068,0
FRD_00006662,CUST_00000038,TXN_0000003587,None,0.159,0.261,0.0,0.051,0.276,0
FRD_00006663,CUST_00000426,TXN_0000040382,None,0.112,0.194,0.03,0.125,0.033,0
FRD_00006664,CUST_00000532,TXN_0000050350,None,0.094,0.044,0.004,0.295,0.019,0
FRD_00006665,CUST_00000449,TXN_0000042540,None,0.14,0.198,0.0,0.283,0.0,0
FRD_00006666,CUST_00000850,TXN_0000080483,None,0.156,0.194,0.047,0.279,0.043,0
FRD_00006667,CUST_00000971,TXN_0000091945,None,0.097,0.235,0.0,0.05,0.01,0
FRD_00006668,CUST_00000634,TXN_0000060015,None,0.196,0.241,0.115,0.353,0.0,0
FRD_00006669,CUST_00000563,TXN_0000053326,None,0.115,0.289,0.004,0.051,0.0,0
FRD_00006670,CUST_00000139,TXN_0000013122,None,0.086,0.161,0.014,0.106,0.0,0
FRD_00006671,CUST_00000148,TXN_0000013975,None,0.319,0.252,0.001,0.923,0.0,0
FRD_00006672,CUST_00000650,TXN_0000061567,None,0.144,0.299,0.003,0.156,0.0,0
FRD_00006673,CUST_00000599,TXN_0000056761,None,0.046,0.051,0.076,0.051,0.0,0
FRD_00006674,CUST_00000566,TXN_0000053582,UPI Phishing / Collect Request Fraud,0.347,0.915,0.03,0.082,0.0,1
FRD_00006675,CUST_00000556,TXN_0000052662,None,0.073,0.092,0.005,0.158,0.003,0
FRD_00006676,CUST_00000098,TXN_0000009294,None,0.131,0.299,0.024,0.038,0.06,0
FRD_00006677,CUST_00000416,TXN_0000039400,None,0.153,0.313,0.003,0.173,0.0,0
FRD_00006678,CUST_00000033,TXN_0000003119,None,0.121,0.208,0.239,0.0,0.0,0
FRD_00006679,CUST_00000440,TXN_0000041630,None,0.123,0.106,0.302,0.098,0.006,0
FRD_00006680,CUST_00000194,TXN_0000018368,None,0.211,0.325,0.165,0.244,0.015,0
FRD_00006681,CUST_00000283,TXN_0000026744,None,0.196,0.054,0.104,0.488,0.172,0
FRD_00006682,CUST_00000224,TXN_0000021244,None,0.099,0.182,0.001,0.134,0.009,0
FRD_00006683,CUST_00000388,TXN_0000036709,None,0.236,0.279,0.029,0.511,0.025,0
FRD_00006684,CUST_00000537,TXN_0000050859,None,0.173,0.297,0.001,0.027,0.311,0
FRD_00006685,CUST_00000660,TXN_0000062511,None,0.111,0.171,0.013,0.196,0.0,0
FRD_00006686,CUST_00000020,TXN_0000001808,None,0.132,0.258,0.127,0.066,0.0,0
FRD_00006687,CUST_00000816,TXN_0000077255,None,0.101,0.124,0.008,0.183,0.053,0
FRD_00006688,CUST_00000524,TXN_0000049596,None,0.185,0.351,0.0,0.132,0.145,0
FRD_00006689,CUST_00000967,TXN_0000091598,None,0.095,0.096,0.176,0.093,0.013,0
FRD_00006690,CUST_00000643,TXN_0000060880,None,0.131,0.21,0.001,0.149,0.099,0
FRD_00006691,CUST_00000942,TXN_0000089171,None,0.233,0.301,0.453,0.146,0.002,0
FRD_00006692,CUST_00000737,TXN_0000069821,None,0.102,0.184,0.043,0.032,0.104,0
FRD_00006693,CUST_00000547,TXN_0000051789,None,0.17,0.254,0.054,0.28,0.0,0
FRD_00006694,CUST_00000322,TXN_0000030528,None,0.054,0.023,0.084,0.117,0.0,0
FRD_00006695,CUST_00000851,TXN_0000080639,None,0.191,0.339,0.295,0.053,0.0,0
FRD_00006696,CUST_00000803,TXN_0000076104,None,0.139,0.263,0.036,0.158,0.001,0
FRD_00006697,CUST_00000930,TXN_0000088105,None,0.177,0.23,0.012,0.343,0.044,0
FRD_00006698,CUST_00000263,TXN_0000024897,None,0.202,0.187,0.006,0.21,0.412,0
FRD_00006699,CUST_00000522,TXN_0000049385,None,0.148,0.324,0.005,0.116,0.022,0
FRD_00006700,CUST_00000881,TXN_0000083433,None,0.061,0.159,0.004,0.019,0.0,0
FRD_00006701,CUST_00000710,TXN_0000067218,None,0.123,0.122,0.162,0.191,0.0,0
FRD_00006702,CUST_00000191,TXN_0000018145,None,0.117,0.299,0.0,0.048,0.0,0
FRD_00006703,CUST_00000085,TXN_0000008021,None,0.156,0.174,0.137,0.27,0.001,0
FRD_00006704,CUST_00000461,TXN_0000043677,None,0.174,0.282,0.026,0.271,0.011,0
FRD_00006705,CUST_00000242,TXN_0000022915,None,0.206,0.314,0.225,0.201,0.004,0
FRD_00006706,CUST_00000737,TXN_0000069828,None,0.197,0.153,0.333,0.252,0.067,0
FRD_00006707,CUST_00000594,TXN_0000056273,None,0.12,0.157,0.001,0.259,0.001,0
FRD_00006708,CUST_00000027,TXN_0000002543,None,0.223,0.176,0.042,0.601,0.014,0
FRD_00006709,CUST_00000569,TXN_0000053852,None,0.125,0.136,0.013,0.295,0.005,0
FRD_00006710,CUST_00000578,TXN_0000054706,None,0.069,0.173,0.001,0.026,0.009,0
FRD_00006711,CUST_00000886,TXN_0000083897,None,0.126,0.31,0.002,0.048,0.023,0
FRD_00006712,CUST_00000310,TXN_0000029383,None,0.159,0.165,0.003,0.252,0.188,0
FRD_00006713,CUST_00000560,TXN_0000052978,None,0.076,0.109,0.009,0.111,0.04,0
FRD_00006714,CUST_00000497,TXN_0000047095,None,0.159,0.254,0.007,0.158,0.147,0
FRD_00006715,CUST_00000301,TXN_0000028459,None,0.116,0.214,0.031,0.023,0.144,0
FRD_00006716,CUST_00000196,TXN_0000018621,None,0.077,0.178,0.015,0.016,0.038,0
FRD_00006717,CUST_00000303,TXN_0000028724,None,0.133,0.202,0.219,0.072,0.003,0
FRD_00006718,CUST_00000839,TXN_0000079456,None,0.145,0.346,0.013,0.027,0.072,0
FRD_00006719,CUST_00000344,TXN_0000032621,None,0.229,0.287,0.015,0.501,0.0,0
FRD_00006720,CUST_00000621,TXN_0000058875,None,0.147,0.081,0.285,0.245,0.0,0
FRD_00006721,CUST_00000339,TXN_0000032134,None,0.116,0.15,0.031,0.1,0.161,0
FRD_00006722,CUST_00000926,TXN_0000087733,None,0.089,0.138,0.067,0.076,0.04,0
FRD_00006723,CUST_00000133,TXN_0000012540,None,0.158,0.361,0.018,0.112,0.001,0
FRD_00006724,CUST_00000180,TXN_0000017094,None,0.245,0.151,0.189,0.609,0.012,0
FRD_00006725,CUST_00000792,TXN_0000075042,Identity Theft / Synthetic ID,0.375,0.946,0.077,0.113,0.0,1
FRD_00006726,CUST_00000293,TXN_0000027756,None,0.124,0.264,0.005,0.114,0.011,0
FRD_00006727,CUST_00000951,TXN_0000090113,None,0.179,0.284,0.064,0.266,0.0,0
FRD_00006728,CUST_00000832,TXN_0000078780,None,0.271,0.206,0.563,0.344,0.0,0
FRD_00006729,CUST_00000253,TXN_0000023945,UPI Phishing / Collect Request Fraud,0.42,0.901,0.084,0.338,0.017,1
FRD_00006730,CUST_00000105,TXN_0000009923,None,0.16,0.166,0.04,0.283,0.115,0
FRD_00006731,CUST_00000135,TXN_0000012795,None,0.13,0.133,0.039,0.214,0.112,0
FRD_00006732,CUST_00000803,TXN_0000076110,None,0.14,0.335,0.006,0.081,0.009,0
FRD_00006733,CUST_00000070,TXN_0000006562,None,0.119,0.294,0.001,0.053,0.012,0
FRD_00006734,CUST_00000763,TXN_0000072242,None,0.191,0.188,0.027,0.459,0.024,0
FRD_00006735,CUST_00000622,TXN_0000058963,None,0.104,0.198,0.027,0.116,0.004,0
FRD_00006736,CUST_00000288,TXN_0000027213,None,0.228,0.079,0.12,0.64,0.081,0
FRD_00006737,CUST_00000012,TXN_0000001041,None,0.106,0.232,0.019,0.085,0.0,0
FRD_00006738,CUST_00000513,TXN_0000048575,None,0.172,0.28,0.076,0.16,0.093,0
FRD_00006739,CUST_00000387,TXN_0000036586,None,0.131,0.334,0.01,0.045,0.004,0
FRD_00006740,CUST_00000815,TXN_0000077188,None,0.118,0.145,0.065,0.212,0.004,0
FRD_00006741,CUST_00000174,TXN_0000016461,None,0.335,0.176,0.005,1.0,0.112,0
FRD_00006742,CUST_00000024,TXN_0000002183,None,0.173,0.316,0.001,0.185,0.079,0
FRD_00006743,CUST_00000472,TXN_0000044681,None,0.318,0.332,0.029,0.75,0.041,0
FRD_00006744,CUST_00000472,TXN_0000044709,None,0.15,0.153,0.033,0.328,0.038,0
FRD_00006745,CUST_00000459,TXN_0000043488,UPI Phishing / Collect Request Fraud,0.437,1.0,0.072,0.285,0.005,1
FRD_00006746,CUST_00000093,TXN_0000008782,None,0.094,0.238,0.022,0.024,0.0,0
FRD_00006747,CUST_00000816,TXN_0000077298,None,0.127,0.209,0.03,0.121,0.087,0
FRD_00006748,CUST_00000099,TXN_0000009409,None,0.22,0.283,0.071,0.416,0.014,0
FRD_00006749,CUST_00000219,TXN_0000020757,None,0.138,0.126,0.353,0.089,0.004,0
FRD_00006750,CUST_00000935,TXN_0000088563,None,0.168,0.296,0.003,0.252,0.003,0
FRD_00006751,CUST_00000573,TXN_0000054267,None,0.13,0.2,0.0,0.084,0.193,0
FRD_00006752,CUST_00000155,TXN_0000014661,None,0.122,0.249,0.005,0.07,0.083,0
FRD_00006753,CUST_00000003,TXN_0000000268,None,0.113,0.313,0.01,0.006,0.001,0
FRD_00006754,CUST_00000363,TXN_0000034411,None,0.183,0.386,0.004,0.186,0.001,0
FRD_00006755,CUST_00000386,TXN_0000036503,None,0.057,0.136,0.002,0.037,0.0,0
FRD_00006756,CUST_00000018,TXN_0000001656,None,0.114,0.191,0.014,0.002,0.221,0
FRD_00006757,CUST_00000421,TXN_0000039839,None,0.176,0.224,0.023,0.278,0.117,0
FRD_00006758,CUST_00000365,TXN_0000034567,None,0.27,0.262,0.007,0.681,0.034,0
FRD_00006759,CUST_00001000,TXN_0000094727,None,0.069,0.079,0.143,0.052,0.0,0
FRD_00006760,CUST_00000148,TXN_0000014043,None,0.279,0.389,0.141,0.447,0.015,0
FRD_00006761,CUST_00000688,TXN_0000065203,None,0.145,0.188,0.055,0.258,0.016,0
FRD_00006762,CUST_00000022,TXN_0000002061,None,0.109,0.133,0.129,0.141,0.008,0
FRD_00006763,CUST_00000297,TXN_0000028145,None,0.201,0.305,0.059,0.288,0.05,0
FRD_00006764,CUST_00000288,TXN_0000027292,None,0.131,0.17,0.047,0.142,0.133,0
FRD_00006765,CUST_00000122,TXN_0000011530,None,0.143,0.058,0.111,0.401,0.003,0
FRD_00006766,CUST_00000558,TXN_0000052793,None,0.162,0.266,0.192,0.112,0.01,0
FRD_00006767,CUST_00000619,TXN_0000058663,None,0.065,0.075,0.046,0.098,0.024,0
FRD_00006768,CUST_00000448,TXN_0000042458,None,0.091,0.145,0.002,0.152,0.007,0
FRD_00006769,CUST_00000015,TXN_0000001420,None,0.135,0.284,0.001,0.016,0.157,0
FRD_00006770,CUST_00000762,TXN_0000072227,None,0.124,0.226,0.053,0.113,0.031,0
FRD_00006771,CUST_00000820,TXN_0000077701,Velocity / Rapid Drain Attack,0.385,0.871,0.061,0.27,0.0,1
FRD_00006772,CUST_00000975,TXN_0000092335,None,0.121,0.306,0.011,0.005,0.05,0
FRD_00006773,CUST_00000274,TXN_0000025960,None,0.074,0.096,0.034,0.134,0.0,0
FRD_00006774,CUST_00000989,TXN_0000093632,None,0.296,0.353,0.125,0.584,0.007,0
FRD_00006775,CUST_00000657,TXN_0000062220,None,0.208,0.156,0.003,0.608,0.006,0
FRD_00006776,CUST_00000782,TXN_0000074048,None,0.077,0.113,0.094,0.075,0.0,0
FRD_00006777,CUST_00000398,TXN_0000037655,None,0.161,0.265,0.073,0.212,0.001,0
FRD_00006778,CUST_00000183,TXN_0000017347,None,0.107,0.139,0.001,0.204,0.035,0
FRD_00006779,CUST_00000882,TXN_0000083540,None,0.121,0.135,0.001,0.296,0.0,0
FRD_00006780,CUST_00000044,TXN_0000004088,None,0.06,0.126,0.026,0.041,0.0,0
FRD_00006781,CUST_00000396,TXN_0000037503,None,0.312,0.185,0.49,0.596,0.0,0
FRD_00006782,CUST_00000100,TXN_0000009495,None,0.091,0.188,0.034,0.06,0.019,0
FRD_00006783,CUST_00000281,TXN_0000026562,None,0.084,0.217,0.002,0.03,0.0,0
FRD_00006784,CUST_00000305,TXN_0000028874,None,0.091,0.153,0.009,0.005,0.172,0
FRD_00006785,CUST_00000322,TXN_0000030453,None,0.186,0.165,0.0,0.508,0.005,0
FRD_00006786,CUST_00000616,TXN_0000058316,None,0.085,0.121,0.004,0.168,0.001,0
FRD_00006787,CUST_00000635,TXN_0000060202,None,0.146,0.191,0.245,0.117,0.002,0
FRD_00006788,CUST_00000179,TXN_0000016991,None,0.108,0.226,0.005,0.026,0.107,0
FRD_00006789,CUST_00000950,TXN_0000089971,None,0.087,0.203,0.0,0.064,0.0,0
FRD_00006790,CUST_00000748,TXN_0000070839,None,0.115,0.118,0.046,0.058,0.248,0
FRD_00006791,CUST_00000943,TXN_0000089265,None,0.197,0.341,0.005,0.306,0.002,0
FRD_00006792,CUST_00000308,TXN_0000029208,None,0.136,0.112,0.106,0.303,0.0,0
FRD_00006793,CUST_00000510,TXN_0000048308,None,0.195,0.296,0.003,0.243,0.148,0
FRD_00006794,CUST_00000461,TXN_0000043629,None,0.141,0.312,0.058,0.074,0.008,0
FRD_00006795,CUST_00000957,TXN_0000090646,None,0.089,0.239,0.004,0.008,0.014,0
FRD_00006796,CUST_00000731,TXN_0000069211,Velocity / Rapid Drain Attack,0.385,0.959,0.109,0.075,0.042,1
FRD_00006797,CUST_00000447,TXN_0000042290,None,0.115,0.071,0.016,0.285,0.077,0
FRD_00006798,CUST_00000177,TXN_0000016755,None,0.166,0.184,0.016,0.394,0.0,0
FRD_00006799,CUST_00000292,TXN_0000027666,None,0.093,0.155,0.111,0.065,0.0,0
FRD_00006800,CUST_00000780,TXN_0000073907,None,0.171,0.222,0.325,0.113,0.0,0
FRD_00006801,CUST_00000897,TXN_0000084966,None,0.165,0.201,0.134,0.221,0.061,0
FRD_00006802,CUST_00000136,TXN_0000012886,None,0.196,0.287,0.288,0.064,0.11,0
FRD_00006803,CUST_00000491,TXN_0000046467,None,0.289,0.332,0.009,0.681,0.003,0
FRD_00006804,CUST_00000812,TXN_0000076937,None,0.076,0.178,0.008,0.049,0.001,0
FRD_00006805,CUST_00000625,TXN_0000059227,None,0.14,0.098,0.091,0.147,0.252,0
FRD_00006806,CUST_00000695,TXN_0000065853,None,0.066,0.145,0.023,0.034,0.009,0
FRD_00006807,CUST_00000026,TXN_0000002377,None,0.124,0.251,0.143,0.029,0.004,0
FRD_00006808,CUST_00000751,TXN_0000071167,None,0.188,0.319,0.094,0.198,0.042,0
FRD_00006809,CUST_00000635,TXN_0000060126,None,0.058,0.156,0.016,0.0,0.001,0
FRD_00006810,CUST_00000694,TXN_0000065733,None,0.106,0.167,0.146,0.046,0.036,0
FRD_00006811,CUST_00000644,TXN_0000061042,None,0.077,0.144,0.09,0.028,0.007,0
FRD_00006812,CUST_00000644,TXN_0000060985,None,0.155,0.175,0.024,0.193,0.205,0
FRD_00006813,CUST_00000206,TXN_0000019483,None,0.046,0.107,0.013,0.025,0.0,0
FRD_00006814,CUST_00000624,TXN_0000059078,None,0.231,0.049,0.119,0.599,0.201,0
FRD_00006815,CUST_00000174,TXN_0000016475,None,0.218,0.26,0.104,0.378,0.059,0
FRD_00006816,CUST_00000388,TXN_0000036769,None,0.224,0.255,0.363,0.183,0.082,0
FRD_00006817,CUST_00000258,TXN_0000024377,None,0.197,0.18,0.189,0.362,0.027,0
FRD_00006818,CUST_00000872,TXN_0000082604,None,0.15,0.254,0.002,0.244,0.0,0
FRD_00006819,CUST_00000462,TXN_0000043812,None,0.189,0.188,0.067,0.435,0.003,0
FRD_00006820,CUST_00000846,TXN_0000080173,None,0.196,0.256,0.213,0.251,0.006,0
FRD_00006821,CUST_00000327,TXN_0000030973,None,0.162,0.133,0.247,0.188,0.095,0
FRD_00006822,CUST_00000137,TXN_0000012943,None,0.149,0.339,0.11,0.033,0.001,0
FRD_00006823,CUST_00000696,TXN_0000065930,None,0.076,0.134,0.0,0.113,0.005,0
FRD_00006824,CUST_00000725,TXN_0000068680,None,0.11,0.186,0.106,0.07,0.029,0
FRD_00006825,CUST_00000115,TXN_0000010877,None,0.109,0.192,0.035,0.132,0.007,0
FRD_00006826,CUST_00000400,TXN_0000037866,None,0.23,0.099,0.29,0.551,0.0,0
FRD_00006827,CUST_00000504,TXN_0000047731,None,0.131,0.244,0.06,0.122,0.016,0
FRD_00006828,CUST_00000745,TXN_0000070550,None,0.173,0.256,0.165,0.193,0.011,0
FRD_00006829,CUST_00000790,TXN_0000074864,None,0.139,0.171,0.045,0.269,0.014,0
FRD_00006830,CUST_00000098,TXN_0000009238,None,0.146,0.301,0.002,0.156,0.007,0
FRD_00006831,CUST_00000249,TXN_0000023547,None,0.081,0.152,0.012,0.092,0.01,0
FRD_00006832,CUST_00000106,TXN_0000010035,None,0.192,0.056,0.147,0.57,0.003,0
FRD_00006833,CUST_00000587,TXN_0000055553,None,0.172,0.335,0.109,0.133,0.0,0
FRD_00006834,CUST_00000390,TXN_0000036937,None,0.172,0.227,0.215,0.156,0.051,0
FRD_00006835,CUST_00000311,TXN_0000029455,None,0.224,0.24,0.01,0.541,0.014,0
FRD_00006836,CUST_00000261,TXN_0000024662,None,0.115,0.184,0.019,0.126,0.075,0
FRD_00006837,CUST_00000242,TXN_0000022927,None,0.146,0.316,0.067,0.087,0.0,0
FRD_00006838,CUST_00000049,TXN_0000004646,Identity Theft / Synthetic ID,0.358,0.851,0.001,0.21,0.035,1
FRD_00006839,CUST_00000507,TXN_0000047974,None,0.111,0.149,0.048,0.192,0.006,0
FRD_00006840,CUST_00000470,TXN_0000044477,Account Takeover (ATO),0.355,0.929,0.08,0.036,0.024,1
FRD_00006841,CUST_00000321,TXN_0000030431,None,0.114,0.192,0.159,0.036,0.028,0
FRD_00006842,CUST_00000643,TXN_0000060872,None,0.062,0.116,0.067,0.028,0.004,0
FRD_00006843,CUST_00000872,TXN_0000082538,None,0.059,0.09,0.002,0.084,0.029,0
FRD_00006844,CUST_00000550,TXN_0000052050,None,0.123,0.291,0.018,0.021,0.062,0
FRD_00006845,CUST_00000619,TXN_0000058616,None,0.111,0.203,0.022,0.064,0.099,0
FRD_00006846,CUST_00000679,TXN_0000064311,None,0.084,0.061,0.005,0.247,0.0,0
FRD_00006847,CUST_00000816,TXN_0000077289,None,0.269,0.295,0.044,0.619,0.013,0
FRD_00006848,CUST_00000486,TXN_0000046039,None,0.253,0.333,0.335,0.13,0.185,0
FRD_00006849,CUST_00000611,TXN_0000057918,None,0.161,0.234,0.011,0.306,0.004,0
FRD_00006850,CUST_00000279,TXN_0000026414,None,0.148,0.283,0.106,0.107,0.007,0
FRD_00006851,CUST_00000674,TXN_0000063886,None,0.152,0.245,0.001,0.209,0.068,0
FRD_00006852,CUST_00000771,TXN_0000073068,None,0.148,0.371,0.072,0.013,0.002,0
FRD_00006853,CUST_00000669,TXN_0000063344,None,0.124,0.237,0.012,0.156,0.0,0
FRD_00006854,CUST_00000900,TXN_0000085259,None,0.148,0.246,0.231,0.059,0.007,0
FRD_00006855,CUST_00000447,TXN_0000042359,None,0.108,0.142,0.01,0.161,0.078,0
FRD_00006856,CUST_00000494,TXN_0000046803,None,0.155,0.115,0.037,0.423,0.009,0
FRD_00006857,CUST_00000473,TXN_0000044798,None,0.13,0.195,0.011,0.239,0.0,0
FRD_00006858,CUST_00000046,TXN_0000004273,None,0.135,0.054,0.176,0.308,0.022,0
FRD_00006859,CUST_00000169,TXN_0000016047,None,0.073,0.168,0.021,0.04,0.001,0
FRD_00006860,CUST_00000340,TXN_0000032179,None,0.155,0.142,0.005,0.337,0.098,0
FRD_00006861,CUST_00000358,TXN_0000033863,None,0.186,0.18,0.158,0.332,0.041,0
FRD_00006862,CUST_00000735,TXN_0000069645,None,0.114,0.129,0.013,0.248,0.023,0
FRD_00006863,CUST_00000669,TXN_0000063387,None,0.171,0.26,0.232,0.132,0.001,0
FRD_00006864,CUST_00000173,TXN_0000016368,None,0.277,0.301,0.036,0.621,0.048,0
FRD_00006865,CUST_00000336,TXN_0000031871,None,0.055,0.077,0.029,0.063,0.034,0
FRD_00006866,CUST_00000318,TXN_0000030123,None,0.266,0.207,0.054,0.581,0.19,0
FRD_00006867,CUST_00000903,TXN_0000085563,None,0.13,0.303,0.116,0.002,0.002,0
FRD_00006868,CUST_00000170,TXN_0000016112,None,0.152,0.149,0.04,0.271,0.12,0
FRD_00006869,CUST_00000215,TXN_0000020348,None,0.227,0.284,0.094,0.173,0.329,0
FRD_00006870,CUST_00000593,TXN_0000056143,None,0.116,0.184,0.106,0.059,0.076,0
FRD_00006871,CUST_00000645,TXN_0000061078,None,0.185,0.245,0.102,0.201,0.145,0
FRD_00006872,CUST_00000723,TXN_0000068442,None,0.104,0.113,0.009,0.251,0.0,0
FRD_00006873,CUST_00000390,TXN_0000036934,None,0.107,0.048,0.335,0.036,0.069,0
FRD_00006874,CUST_00000413,TXN_0000039119,None,0.16,0.267,0.131,0.029,0.163,0
FRD_00006875,CUST_00000084,TXN_0000007882,None,0.14,0.263,0.002,0.191,0.0,0
FRD_00006876,CUST_00000090,TXN_0000008474,None,0.036,0.045,0.007,0.075,0.002,0
FRD_00006877,CUST_00000378,TXN_0000035835,None,0.162,0.246,0.001,0.2,0.126,0
FRD_00006878,CUST_00000371,TXN_0000035124,None,0.202,0.374,0.001,0.282,0.001,0
FRD_00006879,CUST_00000819,TXN_0000077593,None,0.102,0.087,0.269,0.07,0.0,0
FRD_00006880,CUST_00000693,TXN_0000065618,None,0.169,0.144,0.112,0.386,0.0,0
FRD_00006881,CUST_00000790,TXN_0000074851,None,0.097,0.195,0.114,0.022,0.0,0
FRD_00006882,CUST_00000875,TXN_0000082850,None,0.165,0.216,0.187,0.198,0.013,0
FRD_00006883,CUST_00000944,TXN_0000089453,None,0.152,0.154,0.221,0.04,0.22,0
FRD_00006884,CUST_00000392,TXN_0000037148,None,0.13,0.221,0.035,0.03,0.189,0
FRD_00006885,CUST_00000434,TXN_0000041072,None,0.131,0.129,0.128,0.238,0.004,0
FRD_00006886,CUST_00000272,TXN_0000025761,None,0.18,0.321,0.145,0.121,0.044,0
FRD_00006887,CUST_00000057,TXN_0000005331,None,0.165,0.222,0.251,0.115,0.042,0
FRD_00006888,CUST_00000583,TXN_0000055157,None,0.251,0.324,0.184,0.389,0.02,0
FRD_00006889,CUST_00000742,TXN_0000070305,None,0.165,0.171,0.07,0.28,0.104,0
FRD_00006890,CUST_00000462,TXN_0000043790,None,0.135,0.163,0.049,0.22,0.064,0
FRD_00006891,CUST_00000839,TXN_0000079450,None,0.147,0.25,0.049,0.19,0.009,0
FRD_00006892,CUST_00000645,TXN_0000061152,None,0.111,0.226,0.001,0.125,0.0,0
FRD_00006893,CUST_00000777,TXN_0000073613,None,0.131,0.188,0.154,0.124,0.017,0
FRD_00006894,CUST_00000304,TXN_0000028802,None,0.094,0.208,0.023,0.037,0.039,0
FRD_00006895,CUST_00000177,TXN_0000016784,None,0.159,0.201,0.102,0.269,0.004,0
FRD_00006896,CUST_00000953,TXN_0000090281,None,0.224,0.233,0.227,0.383,0.004,0
FRD_00006897,CUST_00000026,TXN_0000002372,None,0.216,0.151,0.022,0.453,0.226,0
FRD_00006898,CUST_00000994,TXN_0000094139,None,0.117,0.108,0.058,0.272,0.0,0
FRD_00006899,CUST_00000552,TXN_0000052316,None,0.137,0.209,0.048,0.005,0.266,0
FRD_00006900,CUST_00000509,TXN_0000048202,None,0.086,0.166,0.056,0.048,0.026,0
FRD_00006901,CUST_00000675,TXN_0000063975,None,0.107,0.257,0.031,0.043,0.0,0
FRD_00006902,CUST_00000003,TXN_0000000227,None,0.091,0.109,0.001,0.211,0.001,0
FRD_00006903,CUST_00000154,TXN_0000014556,None,0.236,0.245,0.12,0.505,0.0,0
FRD_00006904,CUST_00000957,TXN_0000090685,None,0.128,0.323,0.027,0.038,0.0,0
FRD_00006905,CUST_00000600,TXN_0000056822,None,0.187,0.161,0.057,0.474,0.003,0
FRD_00006906,CUST_00000319,TXN_0000030198,None,0.132,0.355,0.001,0.03,0.0,0
FRD_00006907,CUST_00000861,TXN_0000081527,None,0.248,0.242,0.138,0.461,0.103,0
FRD_00006908,CUST_00000919,TXN_0000087072,None,0.17,0.117,0.014,0.503,0.002,0
FRD_00006909,CUST_00000732,TXN_0000069343,None,0.198,0.195,0.135,0.389,0.028,0
FRD_00006910,CUST_00000989,TXN_0000093638,None,0.098,0.184,0.054,0.064,0.035,0
FRD_00006911,CUST_00000357,TXN_0000033773,None,0.141,0.133,0.223,0.182,0.023,0
FRD_00006912,CUST_00000213,TXN_0000020199,None,0.145,0.221,0.163,0.113,0.033,0
FRD_00006913,CUST_00000267,TXN_0000025220,None,0.19,0.218,0.001,0.341,0.142,0
FRD_00006914,CUST_00000372,TXN_0000035222,None,0.194,0.173,0.038,0.266,0.295,0
FRD_00006915,CUST_00000685,TXN_0000064887,None,0.236,0.298,0.188,0.366,0.013,0
FRD_00006916,CUST_00000147,TXN_0000013936,None,0.168,0.135,0.07,0.369,0.074,0
FRD_00006917,CUST_00000977,TXN_0000092565,None,0.181,0.234,0.188,0.237,0.012,0
FRD_00006918,CUST_00000833,TXN_0000078894,None,0.212,0.189,0.31,0.214,0.15,0
FRD_00006919,CUST_00000734,TXN_0000069487,None,0.206,0.215,0.132,0.417,0.003,0
FRD_00006920,CUST_00000265,TXN_0000025015,None,0.22,0.219,0.52,0.157,0.001,0
FRD_00006921,CUST_00000157,TXN_0000014828,None,0.16,0.283,0.034,0.189,0.033,0
FRD_00006922,CUST_00000735,TXN_0000069623,None,0.118,0.123,0.226,0.119,0.002,0
FRD_00006923,CUST_00000662,TXN_0000062678,None,0.143,0.258,0.153,0.088,0.0,0
FRD_00006924,CUST_00000377,TXN_0000035730,None,0.142,0.062,0.063,0.427,0.003,0
FRD_00006925,CUST_00000231,TXN_0000021839,None,0.183,0.157,0.003,0.495,0.02,0
FRD_00006926,CUST_00000307,TXN_0000029039,None,0.185,0.243,0.147,0.137,0.181,0
FRD_00006927,CUST_00000624,TXN_0000059109,None,0.218,0.189,0.088,0.473,0.078,0
FRD_00006928,CUST_00000242,TXN_0000022887,None,0.113,0.218,0.016,0.094,0.051,0
FRD_00006929,CUST_00000050,TXN_0000004665,None,0.103,0.251,0.053,0.002,0.018,0
FRD_00006930,CUST_00000829,TXN_0000078581,None,0.226,0.312,0.32,0.207,0.005,0
FRD_00006931,CUST_00000168,TXN_0000015976,None,0.279,0.188,0.281,0.511,0.147,0
FRD_00006932,CUST_00000061,TXN_0000005720,None,0.127,0.326,0.002,0.048,0.001,0
FRD_00006933,CUST_00000358,TXN_0000033931,None,0.332,0.228,0.213,0.835,0.002,0
FRD_00006934,CUST_00000123,TXN_0000011623,None,0.12,0.104,0.113,0.227,0.022,0
FRD_00006935,CUST_00000429,TXN_0000040607,None,0.17,0.293,0.016,0.239,0.02,0
FRD_00006936,CUST_00000525,TXN_0000049733,None,0.204,0.223,0.278,0.178,0.129,0
FRD_00006937,CUST_00000914,TXN_0000086537,None,0.077,0.165,0.055,0.033,0.0,0
FRD_00006938,CUST_00000041,TXN_0000003849,None,0.171,0.216,0.025,0.36,0.0,0
FRD_00006939,CUST_00000492,TXN_0000046584,None,0.124,0.233,0.0,0.163,0.007,0
FRD_00006940,CUST_00000562,TXN_0000053210,None,0.183,0.095,0.128,0.396,0.126,0
FRD_00006941,CUST_00000735,TXN_0000069647,None,0.213,0.298,0.011,0.4,0.035,0
FRD_00006942,CUST_00000061,TXN_0000005767,None,0.181,0.288,0.072,0.128,0.17,0
FRD_00006943,CUST_00000043,TXN_0000004025,None,0.293,0.238,0.37,0.501,0.054,0
FRD_00006944,CUST_00000498,TXN_0000047149,None,0.204,0.368,0.099,0.219,0.004,0
FRD_00006945,CUST_00000643,TXN_0000060900,None,0.158,0.163,0.147,0.279,0.011,0
FRD_00006946,CUST_00000902,TXN_0000085455,None,0.15,0.249,0.017,0.167,0.09,0
FRD_00006947,CUST_00000465,TXN_0000044082,None,0.135,0.101,0.18,0.251,0.003,0
FRD_00006948,CUST_00000906,TXN_0000085824,None,0.129,0.26,0.021,0.013,0.151,0
FRD_00006949,CUST_00000662,TXN_0000062665,None,0.305,0.299,0.312,0.532,0.023,0
FRD_00006950,CUST_00000289,TXN_0000027374,None,0.049,0.071,0.071,0.006,0.041,0
FRD_00006951,CUST_00000298,TXN_0000028205,None,0.145,0.153,0.037,0.224,0.142,0
FRD_00006952,CUST_00000876,TXN_0000082950,None,0.126,0.251,0.086,0.063,0.027,0
FRD_00006953,CUST_00000023,TXN_0000002100,None,0.17,0.218,0.053,0.319,0.018,0
FRD_00006954,CUST_00000965,TXN_0000091409,None,0.083,0.132,0.005,0.142,0.002,0
FRD_00006955,CUST_00000745,TXN_0000070546,None,0.171,0.132,0.133,0.393,0.002,0
FRD_00006956,CUST_00000220,TXN_0000020848,None,0.092,0.233,0.016,0.029,0.0,0
FRD_00006957,CUST_00000168,TXN_0000015977,None,0.178,0.253,0.356,0.073,0.0,0
FRD_00006958,CUST_00000548,TXN_0000051942,None,0.103,0.149,0.006,0.197,0.001,0
FRD_00006959,CUST_00000735,TXN_0000069669,None,0.098,0.125,0.13,0.105,0.011,0
FRD_00006960,CUST_00000673,TXN_0000063739,None,0.145,0.037,0.126,0.426,0.001,0
FRD_00006961,CUST_00000372,TXN_0000035245,None,0.139,0.099,0.021,0.399,0.0,0
FRD_00006962,CUST_00000871,TXN_0000082521,None,0.139,0.116,0.132,0.276,0.015,0
FRD_00006963,CUST_00000285,TXN_0000026945,None,0.12,0.205,0.004,0.176,0.017,0
FRD_00006964,CUST_00000657,TXN_0000062257,None,0.241,0.378,0.001,0.374,0.076,0
FRD_00006965,CUST_00000574,TXN_0000054358,None,0.043,0.039,0.127,0.015,0.003,0
FRD_00006966,CUST_00000902,TXN_0000085484,None,0.101,0.158,0.117,0.078,0.012,0
FRD_00006967,CUST_00000828,TXN_0000078403,None,0.248,0.125,0.048,0.77,0.013,0
FRD_00006968,CUST_00000068,TXN_0000006399,None,0.281,0.316,0.136,0.465,0.133,0
FRD_00006969,CUST_00000974,TXN_0000092257,None,0.092,0.19,0.003,0.098,0.001,0
FRD_00006970,CUST_00000419,TXN_0000039659,None,0.133,0.155,0.015,0.304,0.0,0
FRD_00006971,CUST_00000662,TXN_0000062657,None,0.071,0.14,0.055,0.042,0.001,0
FRD_00006972,CUST_00000096,TXN_0000009036,None,0.124,0.346,0.008,0.002,0.006,0
FRD_00006973,CUST_00000779,TXN_0000073830,None,0.091,0.211,0.067,0.011,0.003,0
FRD_00006974,CUST_00000442,TXN_0000041902,None,0.188,0.282,0.005,0.338,0.017,0
FRD_00006975,CUST_00000224,TXN_0000021211,None,0.122,0.229,0.0,0.169,0.0,0
FRD_00006976,CUST_00000693,TXN_0000065696,None,0.145,0.139,0.111,0.192,0.133,0
FRD_00006977,CUST_00000929,TXN_0000087951,None,0.208,0.334,0.165,0.223,0.013,0
FRD_00006978,CUST_00000357,TXN_0000033779,None,0.101,0.22,0.01,0.081,0.007,0
FRD_00006979,CUST_00000165,TXN_0000015663,None,0.08,0.176,0.046,0.023,0.018,0
FRD_00006980,CUST_00000456,TXN_0000043195,None,0.164,0.148,0.147,0.193,0.172,0
FRD_00006981,CUST_00000492,TXN_0000046644,None,0.15,0.18,0.057,0.292,0.013,0
FRD_00006982,CUST_00000201,TXN_0000019072,None,0.089,0.183,0.122,0.002,0.001,0
FRD_00006983,CUST_00000249,TXN_0000023539,None,0.144,0.178,0.009,0.315,0.007,0
FRD_00006984,CUST_00000219,TXN_0000020748,None,0.297,0.263,0.212,0.65,0.001,0
FRD_00006985,CUST_00000296,TXN_0000027978,None,0.187,0.32,0.182,0.042,0.141,0
FRD_00006986,CUST_00000223,TXN_0000021110,None,0.16,0.315,0.0,0.179,0.026,0
FRD_00006987,CUST_00000914,TXN_0000086550,None,0.127,0.292,0.099,0.005,0.021,0
FRD_00006988,CUST_00000787,TXN_0000074570,None,0.207,0.29,0.0,0.423,0.0,0
FRD_00006989,CUST_00000145,TXN_0000013774,None,0.104,0.196,0.05,0.076,0.033,0
FRD_00006990,CUST_00000568,TXN_0000053749,None,0.216,0.203,0.394,0.259,0.005,0
FRD_00006991,CUST_00000395,TXN_0000037350,None,0.138,0.225,0.03,0.211,0.001,0
FRD_00006992,CUST_00000363,TXN_0000034413,None,0.152,0.207,0.034,0.283,0.011,0
FRD_00006993,CUST_00000261,TXN_0000024673,None,0.1,0.118,0.232,0.044,0.005,0
FRD_00006994,CUST_00000833,TXN_0000078915,None,0.242,0.192,0.22,0.371,0.192,0
FRD_00006995,CUST_00000355,TXN_0000033641,None,0.123,0.334,0.001,0.023,0.0,0
FRD_00006996,CUST_00000590,TXN_0000055855,None,0.093,0.062,0.066,0.186,0.06,0
FRD_00006997,CUST_00000719,TXN_0000068071,None,0.132,0.245,0.069,0.128,0.001,0
FRD_00006998,CUST_00000132,TXN_0000012504,None,0.14,0.181,0.001,0.199,0.131,0
FRD_00006999,CUST_00000825,TXN_0000078115,None,0.059,0.133,0.004,0.007,0.049,0
FRD_00007000,CUST_00000059,TXN_0000005552,None,0.066,0.071,0.038,0.132,0.003,0
FRD_00007001,CUST_00000778,TXN_0000073724,None,0.108,0.219,0.072,0.061,0.008,0
FRD_00007002,CUST_00000325,TXN_0000030743,None,0.118,0.181,0.038,0.164,0.029,0
FRD_00007003,CUST_00000399,TXN_0000037787,None,0.181,0.24,0.083,0.315,0.009,0
FRD_00007004,CUST_00000298,TXN_0000028201,None,0.154,0.333,0.103,0.066,0.0,0
FRD_00007005,CUST_00000321,TXN_0000030408,None,0.195,0.24,0.013,0.433,0.0,0
FRD_00007006,CUST_00000779,TXN_0000073811,None,0.238,0.211,0.102,0.511,0.082,0
FRD_00007007,CUST_00000434,TXN_0000041125,None,0.087,0.146,0.005,0.13,0.011,0
FRD_00007008,CUST_00000493,TXN_0000046675,None,0.094,0.24,0.013,0.027,0.004,0
FRD_00007009,CUST_00000489,TXN_0000046318,None,0.085,0.198,0.041,0.028,0.003,0
FRD_00007010,CUST_00000200,TXN_0000018955,None,0.161,0.317,0.004,0.195,0.004,0
FRD_00007011,CUST_00000781,TXN_0000073999,None,0.105,0.157,0.028,0.091,0.109,0
FRD_00007012,CUST_00000393,TXN_0000037176,None,0.139,0.355,0.012,0.048,0.003,0
FRD_00007013,CUST_00000049,TXN_0000004635,Card Not Present (CNP) Fraud,0.347,0.861,0.103,0.095,0.005,1
FRD_00007014,CUST_00000252,TXN_0000023847,None,0.124,0.134,0.08,0.243,0.0,0
FRD_00007015,CUST_00000351,TXN_0000033208,None,0.146,0.097,0.002,0.131,0.394,0
FRD_00007016,CUST_00000310,TXN_0000029344,None,0.287,0.314,0.034,0.549,0.165,0
FRD_00007017,CUST_00000573,TXN_0000054231,None,0.144,0.145,0.002,0.32,0.062,0
FRD_00007018,CUST_00000285,TXN_0000026984,None,0.112,0.287,0.025,0.023,0.003,0
FRD_00007019,CUST_00000335,TXN_0000031695,None,0.146,0.208,0.0,0.227,0.08,0
FRD_00007020,CUST_00000667,TXN_0000063226,None,0.11,0.117,0.036,0.163,0.106,0
FRD_00007021,CUST_00000723,TXN_0000068527,None,0.064,0.112,0.005,0.026,0.088,0
FRD_00007022,CUST_00000780,TXN_0000073877,None,0.155,0.185,0.009,0.347,0.008,0
FRD_00007023,CUST_00000559,TXN_0000052900,None,0.14,0.186,0.003,0.296,0.002,0
FRD_00007024,CUST_00000032,TXN_0000003023,None,0.108,0.131,0.047,0.208,0.002,0
FRD_00007025,CUST_00000771,TXN_0000073022,None,0.086,0.211,0.006,0.017,0.033,0
FRD_00007026,CUST_00000832,TXN_0000078828,None,0.205,0.105,0.117,0.539,0.049,0
FRD_00007027,CUST_00000986,TXN_0000093367,None,0.061,0.073,0.021,0.125,0.0,0
FRD_00007028,CUST_00000279,TXN_0000026382,None,0.132,0.257,0.094,0.03,0.078,0
FRD_00007029,CUST_00000989,TXN_0000093688,None,0.088,0.123,0.013,0.003,0.206,0
FRD_00007030,CUST_00000314,TXN_0000029772,None,0.17,0.225,0.213,0.175,0.023,0
FRD_00007031,CUST_00000440,TXN_0000041638,None,0.076,0.205,0.018,0.002,0.001,0
FRD_00007032,CUST_00000044,TXN_0000004080,None,0.076,0.152,0.075,0.032,0.0,0
FRD_00007033,CUST_00000873,TXN_0000082685,None,0.093,0.176,0.081,0.058,0.005,0
FRD_00007034,CUST_00000921,TXN_0000087219,None,0.072,0.155,0.015,0.058,0.0,0
FRD_00007035,CUST_00000351,TXN_0000033262,None,0.152,0.226,0.005,0.149,0.171,0
FRD_00007036,CUST_00000695,TXN_0000065883,None,0.15,0.32,0.0,0.151,0.0,0
FRD_00007037,CUST_00000171,TXN_0000016211,None,0.122,0.265,0.116,0.009,0.017,0
FRD_00007038,CUST_00000637,TXN_0000060393,None,0.164,0.063,0.132,0.07,0.491,0
FRD_00007039,CUST_00000693,TXN_0000065677,None,0.096,0.236,0.054,0.001,0.011,0
FRD_00007040,CUST_00000966,TXN_0000091496,None,0.293,0.296,0.022,0.166,0.716,0
FRD_00007041,CUST_00000040,TXN_0000003701,None,0.088,0.225,0.02,0.021,0.0,0
FRD_00007042,CUST_00000412,TXN_0000039054,None,0.19,0.299,0.005,0.334,0.004,0
FRD_00007043,CUST_00000212,TXN_0000020038,None,0.191,0.078,0.018,0.537,0.129,0
FRD_00007044,CUST_00000884,TXN_0000083758,None,0.212,0.18,0.003,0.522,0.09,0
FRD_00007045,CUST_00000950,TXN_0000090000,None,0.221,0.169,0.234,0.242,0.274,0
FRD_00007046,CUST_00000065,TXN_0000006137,None,0.126,0.173,0.03,0.237,0.0,0
FRD_00007047,CUST_00000748,TXN_0000070908,None,0.138,0.134,0.2,0.204,0.0,0
FRD_00007048,CUST_00000647,TXN_0000061342,None,0.265,0.278,0.034,0.296,0.436,0
FRD_00007049,CUST_00000623,TXN_0000059038,None,0.192,0.08,0.464,0.283,0.0,0
FRD_00007050,CUST_00000466,TXN_0000044173,None,0.139,0.192,0.073,0.228,0.0,0
FRD_00007051,CUST_00000088,TXN_0000008258,None,0.107,0.17,0.068,0.061,0.091,0
FRD_00007052,CUST_00000995,TXN_0000094182,None,0.218,0.253,0.273,0.301,0.0,0
FRD_00007053,CUST_00000482,TXN_0000045645,None,0.149,0.158,0.102,0.247,0.059,0
FRD_00007054,CUST_00000892,TXN_0000084449,None,0.053,0.131,0.008,0.024,0.0,0
FRD_00007055,CUST_00000418,TXN_0000039624,None,0.065,0.133,0.09,0.002,0.001,0
FRD_00007056,CUST_00000420,TXN_0000039789,None,0.268,0.355,0.001,0.542,0.038,0
FRD_00007057,CUST_00000134,TXN_0000012715,None,0.136,0.238,0.006,0.163,0.056,0
FRD_00007058,CUST_00000803,TXN_0000076033,None,0.286,0.344,0.337,0.394,0.0,0
FRD_00007059,CUST_00000918,TXN_0000086946,None,0.085,0.026,0.003,0.302,0.0,0
FRD_00007060,CUST_00000952,TXN_0000090171,None,0.161,0.258,0.146,0.132,0.043,0
FRD_00007061,CUST_00000972,TXN_0000092099,None,0.081,0.131,0.012,0.121,0.01,0
FRD_00007062,CUST_00000381,TXN_0000036041,None,0.125,0.145,0.017,0.282,0.0,0
FRD_00007063,CUST_00000260,TXN_0000024590,None,0.269,0.288,0.38,0.322,0.061,0
FRD_00007064,CUST_00000780,TXN_0000073922,None,0.109,0.203,0.132,0.001,0.055,0
FRD_00007065,CUST_00000083,TXN_0000007797,None,0.115,0.164,0.249,0.009,0.026,0
FRD_00007066,CUST_00000878,TXN_0000083139,None,0.131,0.159,0.033,0.255,0.025,0
FRD_00007067,CUST_00000807,TXN_0000076443,None,0.147,0.335,0.028,0.079,0.02,0
FRD_00007068,CUST_00000379,TXN_0000035857,None,0.098,0.165,0.149,0.037,0.004,0
FRD_00007069,CUST_00000093,TXN_0000008765,None,0.108,0.155,0.024,0.134,0.076,0
FRD_00007070,CUST_00000567,TXN_0000053689,None,0.122,0.13,0.094,0.23,0.0,0
FRD_00007071,CUST_00000458,TXN_0000043355,None,0.114,0.25,0.105,0.011,0.012,0
FRD_00007072,CUST_00000302,TXN_0000028597,None,0.273,0.315,0.277,0.192,0.296,0
FRD_00007073,CUST_00000887,TXN_0000084013,None,0.189,0.198,0.041,0.36,0.107,0
FRD_00007074,CUST_00000422,TXN_0000039912,None,0.085,0.12,0.011,0.158,0.005,0
FRD_00007075,CUST_00000016,TXN_0000001459,None,0.056,0.114,0.001,0.063,0.0,0
FRD_00007076,CUST_00000347,TXN_0000032903,None,0.145,0.281,0.182,0.042,0.0,0
FRD_00007077,CUST_00000154,TXN_0000014615,None,0.192,0.189,0.001,0.326,0.22,0
FRD_00007078,CUST_00000388,TXN_0000036772,None,0.129,0.302,0.07,0.036,0.0,0
FRD_00007079,CUST_00000384,TXN_0000036368,None,0.262,0.255,0.669,0.136,0.024,0
FRD_00007080,CUST_00000079,TXN_0000007434,None,0.182,0.209,0.168,0.294,0.008,0
FRD_00007081,CUST_00000306,TXN_0000029006,None,0.044,0.09,0.02,0.023,0.014,0
FRD_00007082,CUST_00000221,TXN_0000020961,None,0.116,0.256,0.001,0.105,0.0,0
FRD_00007083,CUST_00000544,TXN_0000051527,Account Takeover (ATO),0.433,0.893,0.039,0.331,0.148,1
FRD_00007084,CUST_00000745,TXN_0000070542,None,0.102,0.117,0.174,0.103,0.003,0
FRD_00007085,CUST_00000394,TXN_0000037301,Card Not Present (CNP) Fraud,0.473,0.936,0.154,0.455,0.004,1
FRD_00007086,CUST_00000449,TXN_0000042472,None,0.218,0.287,0.0,0.469,0.001,0
FRD_00007087,CUST_00000679,TXN_0000064355,None,0.146,0.157,0.043,0.116,0.269,0
FRD_00007088,CUST_00000550,TXN_0000052104,None,0.136,0.297,0.001,0.111,0.021,0
FRD_00007089,CUST_00000697,TXN_0000066045,None,0.187,0.126,0.182,0.416,0.014,0
FRD_00007090,CUST_00000295,TXN_0000027924,None,0.165,0.313,0.009,0.158,0.071,0
FRD_00007091,CUST_00000954,TXN_0000090388,None,0.14,0.217,0.289,0.015,0.014,0
FRD_00007092,CUST_00000803,TXN_0000076053,None,0.057,0.104,0.054,0.026,0.017,0
FRD_00007093,CUST_00000782,TXN_0000074111,None,0.169,0.327,0.02,0.011,0.237,0
FRD_00007094,CUST_00000738,TXN_0000069951,Card Not Present (CNP) Fraud,0.377,0.98,0.001,0.108,0.032,1
FRD_00007095,CUST_00000655,TXN_0000062084,None,0.216,0.092,0.14,0.582,0.053,0
FRD_00007096,CUST_00000633,TXN_0000059971,None,0.166,0.17,0.075,0.138,0.285,0
FRD_00007097,CUST_00000741,TXN_0000070225,None,0.098,0.248,0.0,0.041,0.005,0
FRD_00007098,CUST_00000850,TXN_0000080535,None,0.153,0.352,0.108,0.013,0.027,0
FRD_00007099,CUST_00000654,TXN_0000061975,None,0.208,0.284,0.363,0.145,0.001,0
FRD_00007100,CUST_00000521,TXN_0000049327,Identity Theft / Synthetic ID,0.532,0.925,0.022,0.674,0.177,1
FRD_00007101,CUST_00000305,TXN_0000028892,None,0.109,0.186,0.037,0.132,0.017,0
FRD_00007102,CUST_00000195,TXN_0000018521,UPI Phishing / Collect Request Fraud,0.328,0.89,0.0,0.066,0.001,1
FRD_00007103,CUST_00000717,TXN_0000067928,None,0.113,0.214,0.005,0.15,0.0,0
FRD_00007104,CUST_00000407,TXN_0000038500,None,0.122,0.252,0.002,0.1,0.044,0
FRD_00007105,CUST_00000861,TXN_0000081580,None,0.086,0.231,0.018,0.003,0.003,0
FRD_00007106,CUST_00000970,TXN_0000091915,None,0.136,0.325,0.005,0.07,0.019,0
FRD_00007107,CUST_00000618,TXN_0000058546,None,0.239,0.358,0.206,0.292,0.0,0
FRD_00007108,CUST_00000116,TXN_0000011015,None,0.187,0.182,0.119,0.303,0.121,0
FRD_00007109,CUST_00000158,TXN_0000015001,None,0.125,0.18,0.125,0.148,0.001,0
FRD_00007110,CUST_00000389,TXN_0000036836,None,0.124,0.341,0.019,0.003,0.0,0
FRD_00007111,CUST_00000980,TXN_0000092777,None,0.05,0.02,0.002,0.064,0.131,0
FRD_00007112,CUST_00000251,TXN_0000023717,None,0.188,0.248,0.317,0.144,0.011,0
FRD_00007113,CUST_00000126,TXN_0000011891,None,0.107,0.192,0.021,0.14,0.005,0
FRD_00007114,CUST_00000754,TXN_0000071458,None,0.112,0.299,0.01,0.017,0.006,0
FRD_00007115,CUST_00000443,TXN_0000041968,None,0.12,0.097,0.04,0.311,0.0,0
FRD_00007116,CUST_00000146,TXN_0000013869,None,0.22,0.247,0.194,0.373,0.009,0
FRD_00007117,CUST_00000004,TXN_0000000374,None,0.207,0.124,0.05,0.421,0.242,0
FRD_00007118,CUST_00000066,TXN_0000006265,None,0.097,0.244,0.047,0.008,0.0,0
FRD_00007119,CUST_00000817,TXN_0000077385,None,0.081,0.122,0.014,0.143,0.0,0
FRD_00007120,CUST_00000919,TXN_0000087020,None,0.214,0.101,0.148,0.515,0.103,0
FRD_00007121,CUST_00000968,TXN_0000091668,None,0.104,0.166,0.078,0.123,0.0,0
FRD_00007122,CUST_00000480,TXN_0000045485,None,0.207,0.258,0.013,0.456,0.0,0
FRD_00007123,CUST_00000445,TXN_0000042120,Identity Theft / Synthetic ID,0.55,0.947,0.258,0.382,0.356,1
FRD_00007124,CUST_00000968,TXN_0000091697,None,0.169,0.26,0.003,0.308,0.0,0
FRD_00007125,CUST_00000229,TXN_0000021665,None,0.054,0.09,0.015,0.03,0.062,0
FRD_00007126,CUST_00000777,TXN_0000073574,None,0.171,0.089,0.001,0.404,0.192,0
FRD_00007127,CUST_00000511,TXN_0000048412,None,0.191,0.207,0.418,0.139,0.001,0
FRD_00007128,CUST_00000261,TXN_0000024707,None,0.171,0.145,0.433,0.136,0.0,0
FRD_00007129,CUST_00000716,TXN_0000067792,None,0.169,0.275,0.189,0.139,0.001,0
FRD_00007130,CUST_00000793,TXN_0000075104,UPI Phishing / Collect Request Fraud,0.346,0.961,0.001,0.025,0.017,1
FRD_00007131,CUST_00000640,TXN_0000060629,None,0.233,0.224,0.215,0.444,0.005,0
FRD_00007132,CUST_00000115,TXN_0000010889,None,0.071,0.128,0.003,0.037,0.082,0
FRD_00007133,CUST_00000817,TXN_0000077392,None,0.08,0.181,0.058,0.02,0.0,0
FRD_00007134,CUST_00000988,TXN_0000093591,None,0.152,0.17,0.04,0.2,0.172,0
FRD_00007135,CUST_00000947,TXN_0000089732,None,0.239,0.234,0.162,0.339,0.199,0
FRD_00007136,CUST_00000071,TXN_0000006718,None,0.072,0.116,0.025,0.096,0.013,0
FRD_00007137,CUST_00000555,TXN_0000052563,None,0.242,0.078,0.034,0.828,0.007,0
FRD_00007138,CUST_00000032,TXN_0000002951,None,0.064,0.134,0.011,0.042,0.023,0
FRD_00007139,CUST_00000408,TXN_0000038632,None,0.089,0.131,0.004,0.053,0.146,0
FRD_00007140,CUST_00000180,TXN_0000017089,None,0.164,0.377,0.002,0.125,0.001,0
FRD_00007141,CUST_00000599,TXN_0000056774,None,0.086,0.075,0.066,0.185,0.002,0
FRD_00007142,CUST_00000449,TXN_0000042545,None,0.127,0.239,0.0,0.175,0.0,0
FRD_00007143,CUST_00000617,TXN_0000058456,None,0.189,0.229,0.001,0.384,0.061,0
FRD_00007144,CUST_00000669,TXN_0000063376,None,0.114,0.085,0.158,0.211,0.001,0
FRD_00007145,CUST_00000027,TXN_0000002503,None,0.178,0.291,0.104,0.11,0.14,0
FRD_00007146,CUST_00000066,TXN_0000006220,None,0.116,0.293,0.047,0.018,0.0,0
FRD_00007147,CUST_00000061,TXN_0000005719,None,0.092,0.167,0.018,0.11,0.013,0
FRD_00007148,CUST_00000008,TXN_0000000691,None,0.204,0.111,0.114,0.569,0.003,0
FRD_00007149,CUST_00000334,TXN_0000031663,None,0.104,0.234,0.028,0.052,0.019,0
FRD_00007150,CUST_00000889,TXN_0000084181,None,0.166,0.155,0.0,0.431,0.022,0
FRD_00007151,CUST_00000310,TXN_0000029355,None,0.275,0.207,0.524,0.387,0.006,0
FRD_00007152,CUST_00000638,TXN_0000060403,None,0.229,0.284,0.242,0.267,0.07,0
FRD_00007153,CUST_00000314,TXN_0000029725,None,0.062,0.113,0.02,0.073,0.002,0
FRD_00007154,CUST_00000631,TXN_0000059786,None,0.114,0.242,0.02,0.007,0.118,0
FRD_00007155,CUST_00000618,TXN_0000058548,None,0.135,0.229,0.051,0.18,0.0,0
FRD_00007156,CUST_00000461,TXN_0000043652,None,0.197,0.314,0.283,0.12,0.0,0
FRD_00007157,CUST_00000124,TXN_0000011693,None,0.265,0.296,0.057,0.519,0.101,0
FRD_00007158,CUST_00000900,TXN_0000085246,None,0.175,0.32,0.06,0.2,0.004,0
FRD_00007159,CUST_00000951,TXN_0000090097,None,0.182,0.279,0.145,0.218,0.002,0
FRD_00007160,CUST_00000767,TXN_0000072665,None,0.057,0.089,0.02,0.087,0.001,0
FRD_00007161,CUST_00000324,TXN_0000030730,None,0.192,0.33,0.006,0.275,0.032,0
FRD_00007162,CUST_00000532,TXN_0000050336,None,0.147,0.17,0.001,0.021,0.412,0
FRD_00007163,CUST_00000937,TXN_0000088763,None,0.394,0.313,0.122,0.784,0.318,0
FRD_00007164,CUST_00000970,TXN_0000091902,None,0.117,0.158,0.026,0.225,0.003,0
FRD_00007165,CUST_00000254,TXN_0000024026,None,0.139,0.21,0.003,0.237,0.026,0
FRD_00007166,CUST_00000576,TXN_0000054573,None,0.107,0.162,0.059,0.14,0.015,0
FRD_00007167,CUST_00000782,TXN_0000074071,None,0.1,0.212,0.003,0.101,0.001,0
FRD_00007168,CUST_00000686,TXN_0000064985,None,0.299,0.254,0.277,0.6,0.022,0
FRD_00007169,CUST_00000456,TXN_0000043204,None,0.103,0.159,0.062,0.141,0.0,0
FRD_00007170,CUST_00000975,TXN_0000092346,None,0.055,0.037,0.005,0.098,0.083,0
FRD_00007171,CUST_00000656,TXN_0000062122,None,0.226,0.235,0.435,0.212,0.02,0
FRD_00007172,CUST_00000996,TXN_0000094294,UPI Phishing / Collect Request Fraud,0.357,0.865,0.092,0.144,0.001,1
FRD_00007173,CUST_00000271,TXN_0000025653,None,0.11,0.213,0.009,0.115,0.023,0
FRD_00007174,CUST_00000442,TXN_0000041823,None,0.187,0.267,0.008,0.36,0.01,0
FRD_00007175,CUST_00000565,TXN_0000053447,None,0.095,0.164,0.072,0.078,0.021,0
FRD_00007176,CUST_00000045,TXN_0000004257,None,0.224,0.261,0.031,0.504,0.003,0
FRD_00007177,CUST_00000690,TXN_0000065369,None,0.271,0.304,0.023,0.622,0.023,0
FRD_00007178,CUST_00000345,TXN_0000032687,None,0.126,0.191,0.055,0.189,0.002,0
FRD_00007179,CUST_00000740,TXN_0000070148,None,0.178,0.202,0.277,0.2,0.008,0
FRD_00007180,CUST_00000247,TXN_0000023382,None,0.144,0.306,0.13,0.026,0.024,0
FRD_00007181,CUST_00000863,TXN_0000081772,None,0.163,0.23,0.358,0.04,0.006,0
FRD_00007182,CUST_00000722,TXN_0000068353,None,0.113,0.24,0.016,0.102,0.0,0
FRD_00007183,CUST_00000852,TXN_0000080691,None,0.113,0.237,0.0,0.12,0.0,0
FRD_00007184,CUST_00000458,TXN_0000043415,None,0.19,0.188,0.023,0.369,0.138,0
FRD_00007185,CUST_00000447,TXN_0000042353,None,0.173,0.226,0.179,0.185,0.057,0
FRD_00007186,CUST_00000359,TXN_0000033951,None,0.201,0.305,0.206,0.162,0.064,0
FRD_00007187,CUST_00000851,TXN_0000080645,None,0.275,0.245,0.35,0.42,0.073,0
FRD_00007188,CUST_00000413,TXN_0000039112,None,0.086,0.134,0.007,0.13,0.028,0
FRD_00007189,CUST_00000738,TXN_0000069934,Card Not Present (CNP) Fraud,0.427,0.965,0.01,0.344,0.006,1
FRD_00007190,CUST_00000696,TXN_0000065940,None,0.186,0.26,0.079,0.313,0.005,0
FRD_00007191,CUST_00000259,TXN_0000024474,None,0.146,0.234,0.18,0.047,0.082,0
FRD_00007192,CUST_00000913,TXN_0000086488,None,0.187,0.205,0.166,0.329,0.001,0
FRD_00007193,CUST_00000919,TXN_0000087050,None,0.141,0.25,0.016,0.197,0.003,0
FRD_00007194,CUST_00000782,TXN_0000074102,None,0.139,0.237,0.001,0.223,0.0,0
FRD_00007195,CUST_00000125,TXN_0000011824,None,0.159,0.243,0.0,0.279,0.021,0
FRD_00007196,CUST_00000098,TXN_0000009282,None,0.141,0.294,0.026,0.132,0.0,0
FRD_00007197,CUST_00000339,TXN_0000032113,None,0.137,0.122,0.298,0.136,0.006,0
FRD_00007198,CUST_00000574,TXN_0000054351,None,0.145,0.221,0.055,0.219,0.008,0
FRD_00007199,CUST_00000366,TXN_0000034690,None,0.203,0.172,0.002,0.521,0.063,0
FRD_00007200,CUST_00000608,TXN_0000057629,None,0.138,0.274,0.001,0.16,0.01,0
FRD_00007201,CUST_00000672,TXN_0000063638,None,0.079,0.102,0.085,0.07,0.046,0
FRD_00007202,CUST_00000901,TXN_0000085338,None,0.157,0.353,0.015,0.12,0.004,0
FRD_00007203,CUST_00000563,TXN_0000053305,None,0.113,0.144,0.035,0.222,0.0,0
FRD_00007204,CUST_00000454,TXN_0000042986,None,0.145,0.246,0.001,0.049,0.233,0
FRD_00007205,CUST_00000381,TXN_0000036100,None,0.133,0.262,0.001,0.165,0.0,0
FRD_00007206,CUST_00000004,TXN_0000000380,None,0.076,0.178,0.0,0.022,0.039,0
FRD_00007207,CUST_00000373,TXN_0000035284,None,0.225,0.197,0.221,0.298,0.189,0
FRD_00007208,CUST_00000236,TXN_0000022354,None,0.067,0.134,0.062,0.027,0.006,0
FRD_00007209,CUST_00000771,TXN_0000073032,None,0.061,0.109,0.002,0.09,0.0,0
FRD_00007210,CUST_00000744,TXN_0000070458,None,0.175,0.298,0.278,0.002,0.075,0
FRD_00007211,CUST_00000031,TXN_0000002876,None,0.184,0.224,0.224,0.218,0.033,0
FRD_00007212,CUST_00000503,TXN_0000047636,None,0.112,0.252,0.005,0.071,0.025,0
FRD_00007213,CUST_00000946,TXN_0000089552,None,0.097,0.083,0.3,0.028,0.003,0
FRD_00007214,CUST_00000600,TXN_0000056830,None,0.139,0.318,0.0,0.091,0.025,0
FRD_00007215,CUST_00000947,TXN_0000089717,None,0.111,0.241,0.12,0.006,0.007,0
FRD_00007216,CUST_00000954,TXN_0000090390,None,0.205,0.308,0.066,0.309,0.032,0
FRD_00007217,CUST_00000857,TXN_0000081209,None,0.129,0.105,0.002,0.347,0.024,0
FRD_00007218,CUST_00000907,TXN_0000085892,None,0.073,0.144,0.022,0.03,0.054,0
FRD_00007219,CUST_00000719,TXN_0000068073,None,0.127,0.247,0.129,0.059,0.0,0
FRD_00007220,CUST_00000106,TXN_0000009992,None,0.052,0.031,0.147,0.046,0.001,0
FRD_00007221,CUST_00000183,TXN_0000017319,None,0.179,0.368,0.017,0.181,0.006,0
FRD_00007222,CUST_00000355,TXN_0000033639,None,0.184,0.287,0.005,0.143,0.234,0
FRD_00007223,CUST_00000135,TXN_0000012821,None,0.16,0.189,0.114,0.281,0.003,0
FRD_00007224,CUST_00000232,TXN_0000022002,Account Takeover (ATO),0.425,0.875,0.132,0.228,0.177,1
FRD_00007225,CUST_00000843,TXN_0000079882,None,0.222,0.235,0.105,0.473,0.005,0
FRD_00007226,CUST_00000049,TXN_0000004569,Velocity / Rapid Drain Attack,0.408,0.904,0.226,0.14,0.059,1
FRD_00007227,CUST_00000566,TXN_0000053550,UPI Phishing / Collect Request Fraud,0.327,0.856,0.025,0.075,0.019,1
FRD_00007228,CUST_00000646,TXN_0000061232,None,0.167,0.269,0.294,0.045,0.014,0
FRD_00007229,CUST_00000962,TXN_0000091076,None,0.197,0.207,0.002,0.492,0.007,0
FRD_00007230,CUST_00000624,TXN_0000059104,None,0.205,0.229,0.004,0.483,0.018,0
FRD_00007231,CUST_00000299,TXN_0000028263,None,0.108,0.174,0.017,0.173,0.001,0
FRD_00007232,CUST_00000854,TXN_0000080896,None,0.191,0.268,0.138,0.119,0.197,0
FRD_00007233,CUST_00000663,TXN_0000062834,None,0.117,0.263,0.035,0.065,0.011,0
FRD_00007234,CUST_00000613,TXN_0000058083,None,0.228,0.188,0.005,0.128,0.647,0
FRD_00007235,CUST_00000353,TXN_0000033390,None,0.171,0.205,0.353,0.116,0.0,0
FRD_00007236,CUST_00000559,TXN_0000052887,None,0.109,0.181,0.004,0.159,0.024,0
FRD_00007237,CUST_00000234,TXN_0000022175,None,0.081,0.149,0.041,0.057,0.034,0
FRD_00007238,CUST_00000585,TXN_0000055341,None,0.143,0.302,0.125,0.021,0.037,0
FRD_00007239,CUST_00000180,TXN_0000017018,None,0.092,0.142,0.036,0.134,0.006,0
FRD_00007240,CUST_00000338,TXN_0000032054,None,0.148,0.373,0.0,0.071,0.001,0
FRD_00007241,CUST_00000558,TXN_0000052845,None,0.067,0.023,0.019,0.222,0.0,0
FRD_00007242,CUST_00000203,TXN_0000019186,None,0.192,0.331,0.062,0.253,0.002,0
FRD_00007243,CUST_00000562,TXN_0000053212,None,0.26,0.246,0.055,0.543,0.136,0
FRD_00007244,CUST_00000263,TXN_0000024864,None,0.159,0.278,0.045,0.209,0.002,0
FRD_00007245,CUST_00000451,TXN_0000042662,None,0.123,0.243,0.039,0.053,0.087,0
FRD_00007246,CUST_00000093,TXN_0000008785,None,0.157,0.129,0.029,0.417,0.01,0
FRD_00007247,CUST_00000088,TXN_0000008318,None,0.086,0.157,0.114,0.032,0.0,0
FRD_00007248,CUST_00000193,TXN_0000018330,None,0.1,0.12,0.089,0.152,0.01,0
FRD_00007249,CUST_00000927,TXN_0000087849,None,0.142,0.153,0.053,0.273,0.048,0
FRD_00007250,CUST_00000943,TXN_0000089318,None,0.09,0.048,0.0,0.292,0.001,0
FRD_00007251,CUST_00000443,TXN_0000041920,None,0.136,0.149,0.132,0.19,0.049,0
FRD_00007252,CUST_00000388,TXN_0000036771,None,0.196,0.332,0.148,0.161,0.049,0
FRD_00007253,CUST_00000534,TXN_0000050610,None,0.115,0.152,0.15,0.126,0.0,0
FRD_00007254,CUST_00000673,TXN_0000063782,None,0.095,0.22,0.0,0.069,0.006,0
FRD_00007255,CUST_00000876,TXN_0000082981,None,0.119,0.15,0.206,0.099,0.002,0
FRD_00007256,CUST_00000579,TXN_0000054860,None,0.131,0.283,0.058,0.062,0.023,0
FRD_00007257,CUST_00000496,TXN_0000047011,None,0.115,0.273,0.022,0.06,0.002,0
FRD_00007258,CUST_00000778,TXN_0000073711,None,0.301,0.25,0.005,0.648,0.255,0
FRD_00007259,CUST_00000504,TXN_0000047746,None,0.057,0.131,0.009,0.033,0.004,0
FRD_00007260,CUST_00000243,TXN_0000022951,None,0.115,0.114,0.049,0.081,0.225,0
FRD_00007261,CUST_00000582,TXN_0000055106,None,0.127,0.173,0.017,0.243,0.011,0
FRD_00007262,CUST_00000275,TXN_0000025968,None,0.171,0.22,0.068,0.319,0.001,0
FRD_00007263,CUST_00000606,TXN_0000057365,None,0.154,0.304,0.001,0.169,0.025,0
FRD_00007264,CUST_00000264,TXN_0000024923,None,0.113,0.313,0.004,0.004,0.009,0
FRD_00007265,CUST_00000788,TXN_0000074689,None,0.192,0.215,0.088,0.082,0.392,0
FRD_00007266,CUST_00000432,TXN_0000040953,None,0.245,0.051,0.332,0.614,0.035,0
FRD_00007267,CUST_00000882,TXN_0000083542,None,0.106,0.238,0.059,0.008,0.047,0
FRD_00007268,CUST_00000016,TXN_0000001473,None,0.181,0.294,0.213,0.141,0.002,0
FRD_00007269,CUST_00000657,TXN_0000062197,None,0.259,0.188,0.019,0.738,0.022,0
FRD_00007270,CUST_00000681,TXN_0000064496,None,0.09,0.168,0.01,0.117,0.0,0
FRD_00007271,CUST_00000704,TXN_0000066686,None,0.065,0.07,0.082,0.094,0.001,0
FRD_00007272,CUST_00000915,TXN_0000086685,None,0.094,0.088,0.194,0.093,0.006,0
FRD_00007273,CUST_00000715,TXN_0000067706,None,0.055,0.089,0.027,0.042,0.039,0
FRD_00007274,CUST_00000077,TXN_0000007302,None,0.209,0.278,0.003,0.391,0.065,0
FRD_00007275,CUST_00000623,TXN_0000058980,None,0.095,0.238,0.045,0.011,0.001,0
FRD_00007276,CUST_00000984,TXN_0000093203,None,0.151,0.078,0.28,0.137,0.166,0
FRD_00007277,CUST_00000245,TXN_0000023194,None,0.118,0.158,0.149,0.131,0.001,0
FRD_00007278,CUST_00000972,TXN_0000092034,None,0.112,0.201,0.062,0.105,0.013,0
FRD_00007279,CUST_00000663,TXN_0000062784,None,0.096,0.188,0.005,0.115,0.001,0
FRD_00007280,CUST_00000208,TXN_0000019710,None,0.138,0.313,0.035,0.069,0.019,0
FRD_00007281,CUST_00000144,TXN_0000013650,None,0.189,0.252,0.032,0.376,0.001,0
FRD_00007282,CUST_00000013,TXN_0000001153,None,0.112,0.193,0.024,0.096,0.079,0
FRD_00007283,CUST_00000922,TXN_0000087374,None,0.221,0.165,0.045,0.616,0.001,0
FRD_00007284,CUST_00000406,TXN_0000038455,None,0.162,0.278,0.249,0.034,0.03,0
FRD_00007285,CUST_00000758,TXN_0000071862,None,0.072,0.091,0.125,0.058,0.001,0
FRD_00007286,CUST_00000113,TXN_0000010714,None,0.158,0.163,0.082,0.328,0.013,0
FRD_00007287,CUST_00000356,TXN_0000033712,None,0.075,0.214,0.0,0.002,0.0,0
FRD_00007288,CUST_00000592,TXN_0000056055,None,0.242,0.336,0.092,0.42,0.005,0
FRD_00007289,CUST_00000614,TXN_0000058171,None,0.108,0.068,0.047,0.301,0.0,0
FRD_00007290,CUST_00000674,TXN_0000063855,None,0.272,0.277,0.062,0.648,0.004,0
FRD_00007291,CUST_00000686,TXN_0000065029,None,0.179,0.245,0.379,0.063,0.006,0
FRD_00007292,CUST_00000257,TXN_0000024350,None,0.148,0.383,0.006,0.038,0.014,0
FRD_00007293,CUST_00000765,TXN_0000072493,None,0.267,0.321,0.221,0.415,0.035,0
FRD_00007294,CUST_00000133,TXN_0000012634,None,0.147,0.202,0.103,0.178,0.055,0
FRD_00007295,CUST_00000497,TXN_0000047111,None,0.062,0.114,0.054,0.043,0.002,0
FRD_00007296,CUST_00000819,TXN_0000077581,None,0.163,0.295,0.004,0.237,0.001,0
FRD_00007297,CUST_00000850,TXN_0000080529,None,0.218,0.229,0.362,0.183,0.097,0
FRD_00007298,CUST_00000715,TXN_0000067757,None,0.183,0.353,0.119,0.143,0.001,0
FRD_00007299,CUST_00000462,TXN_0000043786,None,0.252,0.298,0.01,0.516,0.083,0
FRD_00007300,CUST_00000118,TXN_0000011148,None,0.099,0.098,0.007,0.253,0.0,0
FRD_00007301,CUST_00000596,TXN_0000056449,None,0.159,0.283,0.004,0.227,0.013,0
FRD_00007302,CUST_00000066,TXN_0000006272,None,0.145,0.24,0.285,0.018,0.0,0
FRD_00007303,CUST_00000241,TXN_0000022812,None,0.151,0.218,0.08,0.163,0.091,0
FRD_00007304,CUST_00000065,TXN_0000006092,None,0.107,0.2,0.162,0.02,0.0,0
FRD_00007305,CUST_00000625,TXN_0000059169,None,0.286,0.324,0.343,0.272,0.179,0
FRD_00007306,CUST_00000318,TXN_0000030066,None,0.255,0.315,0.021,0.554,0.011,0
FRD_00007307,CUST_00000643,TXN_0000060901,None,0.046,0.095,0.024,0.03,0.0,0
FRD_00007308,CUST_00000290,TXN_0000027405,None,0.081,0.198,0.016,0.032,0.001,0
FRD_00007309,CUST_00000612,TXN_0000057960,None,0.123,0.251,0.167,0.002,0.006,0
FRD_00007310,CUST_00000424,TXN_0000040185,None,0.095,0.101,0.026,0.215,0.002,0
FRD_00007311,CUST_00000580,TXN_0000054933,Account Takeover (ATO),0.362,0.862,0.169,0.083,0.029,1
FRD_00007312,CUST_00000819,TXN_0000077555,None,0.09,0.147,0.032,0.054,0.091,0
FRD_00007313,CUST_00000966,TXN_0000091452,None,0.184,0.334,0.003,0.264,0.001,0
FRD_00007314,CUST_00000679,TXN_0000064331,None,0.162,0.269,0.071,0.214,0.002,0
FRD_00007315,CUST_00000818,TXN_0000077483,None,0.093,0.108,0.01,0.118,0.117,0
FRD_00007316,CUST_00000371,TXN_0000035101,None,0.101,0.079,0.103,0.124,0.108,0
FRD_00007317,CUST_00000380,TXN_0000035999,None,0.112,0.163,0.031,0.193,0.0,0
FRD_00007318,CUST_00000427,TXN_0000040409,None,0.209,0.152,0.017,0.6,0.014,0
FRD_00007319,CUST_00000125,TXN_0000011807,None,0.267,0.227,0.32,0.494,0.0,0
FRD_00007320,CUST_00000919,TXN_0000087092,None,0.149,0.189,0.129,0.169,0.075,0
FRD_00007321,CUST_00000656,TXN_0000062156,None,0.313,0.219,0.559,0.167,0.416,0
FRD_00007322,CUST_00000551,TXN_0000052207,None,0.149,0.223,0.107,0.188,0.012,0
FRD_00007323,CUST_00000608,TXN_0000057547,None,0.229,0.348,0.014,0.4,0.02,0
FRD_00007324,CUST_00000480,TXN_0000045473,None,0.242,0.315,0.025,0.508,0.0,0
FRD_00007325,CUST_00000138,TXN_0000013023,None,0.204,0.295,0.027,0.273,0.135,0
FRD_00007326,CUST_00000343,TXN_0000032456,None,0.114,0.162,0.001,0.226,0.001,0
FRD_00007327,CUST_00000478,TXN_0000045266,None,0.188,0.214,0.357,0.11,0.072,0
FRD_00007328,CUST_00000906,TXN_0000085787,None,0.179,0.152,0.227,0.234,0.112,0
FRD_00007329,CUST_00000323,TXN_0000030607,None,0.095,0.217,0.014,0.043,0.027,0
FRD_00007330,CUST_00000416,TXN_0000039384,None,0.13,0.278,0.016,0.118,0.002,0
FRD_00007331,CUST_00000804,TXN_0000076208,None,0.121,0.21,0.001,0.18,0.011,0
FRD_00007332,CUST_00000191,TXN_0000018064,None,0.155,0.175,0.115,0.281,0.001,0
FRD_00007333,CUST_00000528,TXN_0000050024,None,0.123,0.101,0.227,0.169,0.001,0
FRD_00007334,CUST_00000893,TXN_0000084593,None,0.129,0.167,0.004,0.238,0.053,0
FRD_00007335,CUST_00000544,TXN_0000051478,Account Takeover (ATO),0.474,0.999,0.106,0.414,0.0,1
FRD_00007336,CUST_00000090,TXN_0000008450,None,0.146,0.16,0.096,0.271,0.017,0
FRD_00007337,CUST_00000846,TXN_0000080106,None,0.195,0.364,0.0,0.244,0.033,0
FRD_00007338,CUST_00000953,TXN_0000090259,None,0.091,0.219,0.029,0.026,0.009,0
FRD_00007339,CUST_00000886,TXN_0000083867,None,0.11,0.13,0.076,0.196,0.002,0
FRD_00007340,CUST_00000131,TXN_0000012425,None,0.131,0.233,0.084,0.049,0.1,0
FRD_00007341,CUST_00000002,TXN_0000000148,None,0.172,0.094,0.017,0.541,0.001,0
FRD_00007342,CUST_00000561,TXN_0000053094,None,0.065,0.112,0.003,0.101,0.0,0
FRD_00007343,CUST_00000026,TXN_0000002450,None,0.217,0.194,0.007,0.59,0.0,0
FRD_00007344,CUST_00000119,TXN_0000011277,None,0.159,0.289,0.003,0.23,0.001,0
FRD_00007345,CUST_00000279,TXN_0000026388,None,0.081,0.095,0.078,0.073,0.07,0
FRD_00007346,CUST_00000903,TXN_0000085498,None,0.129,0.16,0.021,0.163,0.14,0
FRD_00007347,CUST_00000794,TXN_0000075246,None,0.09,0.156,0.154,0.012,0.007,0
FRD_00007348,CUST_00000318,TXN_0000030068,None,0.195,0.198,0.0,0.498,0.007,0
FRD_00007349,CUST_00000597,TXN_0000056523,None,0.195,0.165,0.154,0.205,0.277,0
FRD_00007350,CUST_00000559,TXN_0000052962,None,0.205,0.078,0.231,0.527,0.0,0
FRD_00007351,CUST_00000678,TXN_0000064215,None,0.142,0.209,0.096,0.033,0.205,0
FRD_00007352,CUST_00000025,TXN_0000002301,None,0.214,0.193,0.304,0.334,0.013,0
FRD_00007353,CUST_00000189,TXN_0000017892,None,0.09,0.135,0.0,0.08,0.114,0
FRD_00007354,CUST_00000145,TXN_0000013727,None,0.112,0.149,0.136,0.12,0.011,0
FRD_00007355,CUST_00000889,TXN_0000084222,None,0.13,0.219,0.109,0.094,0.038,0
FRD_00007356,CUST_00000050,TXN_0000004674,None,0.165,0.298,0.087,0.109,0.078,0
FRD_00007357,CUST_00000696,TXN_0000065948,None,0.102,0.103,0.119,0.152,0.02,0
FRD_00007358,CUST_00000861,TXN_0000081510,None,0.175,0.148,0.198,0.336,0.0,0
FRD_00007359,CUST_00000755,TXN_0000071500,None,0.184,0.194,0.27,0.248,0.001,0
FRD_00007360,CUST_00000616,TXN_0000058319,None,0.163,0.192,0.24,0.168,0.029,0
FRD_00007361,CUST_00000672,TXN_0000063695,None,0.097,0.211,0.004,0.058,0.04,0
FRD_00007362,CUST_00000682,TXN_0000064632,None,0.076,0.109,0.086,0.079,0.006,0
FRD_00007363,CUST_00000259,TXN_0000024501,None,0.088,0.204,0.005,0.031,0.041,0
FRD_00007364,CUST_00000894,TXN_0000084656,None,0.194,0.191,0.285,0.278,0.001,0
FRD_00007365,CUST_00000505,TXN_0000047861,None,0.19,0.33,0.057,0.25,0.001,0
FRD_00007366,CUST_00000911,TXN_0000086315,None,0.122,0.213,0.006,0.184,0.003,0
FRD_00007367,CUST_00000015,TXN_0000001373,None,0.127,0.263,0.02,0.118,0.006,0
FRD_00007368,CUST_00000065,TXN_0000006135,None,0.073,0.1,0.007,0.146,0.0,0
FRD_00007369,CUST_00000705,TXN_0000066775,None,0.217,0.314,0.016,0.415,0.0,0
FRD_00007370,CUST_00000572,TXN_0000054163,None,0.076,0.068,0.008,0.203,0.0,0
FRD_00007371,CUST_00000546,TXN_0000051705,None,0.142,0.286,0.01,0.156,0.007,0
FRD_00007372,CUST_00000669,TXN_0000063343,None,0.188,0.103,0.002,0.528,0.096,0
FRD_00007373,CUST_00000162,TXN_0000015324,None,0.263,0.269,0.191,0.296,0.285,0
FRD_00007374,CUST_00000475,TXN_0000045017,None,0.108,0.2,0.008,0.079,0.083,0
FRD_00007375,CUST_00000472,TXN_0000044745,None,0.176,0.372,0.029,0.145,0.017,0
FRD_00007376,CUST_00000613,TXN_0000058056,None,0.238,0.096,0.197,0.647,0.016,0
FRD_00007377,CUST_00000546,TXN_0000051722,None,0.142,0.328,0.029,0.036,0.063,0
FRD_00007378,CUST_00000264,TXN_0000024934,None,0.124,0.222,0.052,0.133,0.013,0
FRD_00007379,CUST_00000316,TXN_0000029893,None,0.191,0.122,0.043,0.398,0.2,0
FRD_00007380,CUST_00000260,TXN_0000024555,None,0.173,0.277,0.048,0.147,0.15,0
FRD_00007381,CUST_00000742,TXN_0000070262,None,0.068,0.112,0.043,0.078,0.004,0
FRD_00007382,CUST_00000035,TXN_0000003252,None,0.097,0.176,0.0,0.017,0.157,0
FRD_00007383,CUST_00000702,TXN_0000066540,None,0.227,0.393,0.039,0.328,0.0,0
FRD_00007384,CUST_00000085,TXN_0000008029,None,0.194,0.226,0.025,0.429,0.012,0
FRD_00007385,CUST_00000854,TXN_0000080873,None,0.096,0.139,0.001,0.188,0.001,0
FRD_00007386,CUST_00000029,TXN_0000002742,None,0.086,0.129,0.151,0.041,0.001,0
FRD_00007387,CUST_00000229,TXN_0000021689,None,0.117,0.178,0.147,0.086,0.018,0
FRD_00007388,CUST_00000765,TXN_0000072425,None,0.322,0.214,0.205,0.807,0.024,0
FRD_00007389,CUST_00000814,TXN_0000077110,None,0.105,0.206,0.002,0.059,0.087,0
FRD_00007390,CUST_00000455,TXN_0000043072,None,0.18,0.177,0.085,0.069,0.418,0
FRD_00007391,CUST_00000192,TXN_0000018190,None,0.214,0.292,0.164,0.308,0.008,0
FRD_00007392,CUST_00000455,TXN_0000043046,None,0.103,0.045,0.003,0.33,0.022,0
FRD_00007393,CUST_00000373,TXN_0000035318,None,0.177,0.344,0.003,0.224,0.002,0
FRD_00007394,CUST_00000063,TXN_0000005954,None,0.161,0.223,0.18,0.147,0.05,0
FRD_00007395,CUST_00000597,TXN_0000056556,None,0.223,0.362,0.228,0.155,0.059,0
FRD_00007396,CUST_00000408,TXN_0000038607,None,0.152,0.383,0.038,0.019,0.027,0
FRD_00007397,CUST_00000627,TXN_0000059437,None,0.126,0.211,0.015,0.186,0.014,0
FRD_00007398,CUST_00000363,TXN_0000034358,None,0.207,0.265,0.067,0.404,0.001,0
FRD_00007399,CUST_00000987,TXN_0000093505,None,0.126,0.2,0.022,0.2,0.009,0
FRD_00007400,CUST_00000047,TXN_0000004403,None,0.173,0.281,0.015,0.217,0.089,0
FRD_00007401,CUST_00000400,TXN_0000037838,None,0.156,0.274,0.231,0.053,0.003,0
FRD_00007402,CUST_00000784,TXN_0000074273,None,0.235,0.138,0.069,0.635,0.07,0
FRD_00007403,CUST_00000205,TXN_0000019376,None,0.084,0.101,0.158,0.045,0.029,0
FRD_00007404,CUST_00000580,TXN_0000054941,UPI Phishing / Collect Request Fraud,0.394,0.938,0.047,0.224,0.0,1
FRD_00007405,CUST_00000236,TXN_0000022373,None,0.082,0.157,0.012,0.079,0.022,0
FRD_00007406,CUST_00000672,TXN_0000063666,None,0.254,0.163,0.001,0.616,0.213,0
FRD_00007407,CUST_00000241,TXN_0000022768,None,0.111,0.11,0.269,0.06,0.02,0
FRD_00007408,CUST_00000210,TXN_0000019839,Identity Theft / Synthetic ID,0.412,0.927,0.066,0.269,0.033,1
FRD_00007409,CUST_00000607,TXN_0000057502,None,0.086,0.122,0.068,0.1,0.026,0
FRD_00007410,CUST_00000387,TXN_0000036654,None,0.253,0.333,0.032,0.522,0.0,0
FRD_00007411,CUST_00000587,TXN_0000055573,None,0.153,0.179,0.009,0.356,0.0,0
FRD_00007412,CUST_00000073,TXN_0000006878,None,0.074,0.131,0.091,0.006,0.043,0
FRD_00007413,CUST_00000702,TXN_0000066465,None,0.158,0.158,0.123,0.186,0.157,0
FRD_00007414,CUST_00000437,TXN_0000041387,None,0.122,0.047,0.058,0.359,0.022,0
FRD_00007415,CUST_00000570,TXN_0000053926,None,0.25,0.169,0.071,0.648,0.071,0
FRD_00007416,CUST_00000122,TXN_0000011519,None,0.12,0.254,0.13,0.014,0.008,0
FRD_00007417,CUST_00000724,TXN_0000068602,None,0.129,0.172,0.0,0.274,0.003,0
FRD_00007418,CUST_00000167,TXN_0000015825,None,0.146,0.17,0.091,0.254,0.024,0
FRD_00007419,CUST_00000069,TXN_0000006479,None,0.237,0.274,0.117,0.472,0.0,0
FRD_00007420,CUST_00000859,TXN_0000081390,None,0.217,0.305,0.475,0.061,0.002,0
FRD_00007421,CUST_00000553,TXN_0000052408,None,0.125,0.195,0.015,0.207,0.008,0
FRD_00007422,CUST_00000867,TXN_0000082117,None,0.185,0.213,0.048,0.387,0.023,0
FRD_00007423,CUST_00000211,TXN_0000019941,None,0.389,0.228,0.508,0.732,0.123,0
FRD_00007424,CUST_00000918,TXN_0000086949,None,0.128,0.207,0.271,0.006,0.001,0
FRD_00007425,CUST_00000442,TXN_0000041855,None,0.155,0.298,0.048,0.162,0.002,0
FRD_00007426,CUST_00000841,TXN_0000079637,None,0.149,0.261,0.003,0.151,0.096,0
FRD_00007427,CUST_00000035,TXN_0000003243,None,0.165,0.232,0.032,0.297,0.016,0
FRD_00007428,CUST_00000995,TXN_0000094253,None,0.216,0.076,0.037,0.729,0.0,0
FRD_00007429,CUST_00000442,TXN_0000041873,None,0.094,0.086,0.006,0.034,0.273,0
FRD_00007430,CUST_00000961,TXN_0000091064,None,0.058,0.097,0.035,0.069,0.0,0
FRD_00007431,CUST_00000694,TXN_0000065765,None,0.167,0.133,0.069,0.421,0.006,0
FRD_00007432,CUST_00000082,TXN_0000007731,None,0.139,0.279,0.017,0.152,0.0,0
FRD_00007433,CUST_00000794,TXN_0000075220,None,0.12,0.071,0.089,0.309,0.002,0
FRD_00007434,CUST_00000917,TXN_0000086834,None,0.111,0.07,0.291,0.11,0.002,0
FRD_00007435,CUST_00000304,TXN_0000028812,None,0.186,0.255,0.0,0.151,0.297,0
FRD_00007436,CUST_00000356,TXN_0000033664,None,0.095,0.1,0.027,0.072,0.181,0
FRD_00007437,CUST_00000052,TXN_0000004917,None,0.123,0.105,0.23,0.157,0.003,0
FRD_00007438,CUST_00000649,TXN_0000061448,None,0.099,0.107,0.001,0.245,0.0,0
FRD_00007439,CUST_00000524,TXN_0000049603,None,0.248,0.298,0.167,0.28,0.201,0
FRD_00007440,CUST_00000231,TXN_0000021831,None,0.226,0.352,0.001,0.367,0.054,0
FRD_00007441,CUST_00000433,TXN_0000041011,None,0.153,0.249,0.0,0.258,0.009,0
FRD_00007442,CUST_00000020,TXN_0000001854,None,0.126,0.162,0.178,0.072,0.076,0
FRD_00007443,CUST_00000983,TXN_0000093110,None,0.189,0.151,0.117,0.45,0.0,0
FRD_00007444,CUST_00000344,TXN_0000032596,None,0.125,0.293,0.009,0.074,0.009,0
FRD_00007445,CUST_00000804,TXN_0000076195,None,0.106,0.178,0.188,0.025,0.0,0
FRD_00007446,CUST_00000300,TXN_0000028417,None,0.187,0.35,0.289,0.028,0.0,0
FRD_00007447,CUST_00000345,TXN_0000032626,None,0.186,0.236,0.144,0.127,0.216,0
FRD_00007448,CUST_00000937,TXN_0000088761,None,0.101,0.174,0.097,0.079,0.004,0
FRD_00007449,CUST_00000061,TXN_0000005780,None,0.1,0.24,0.0,0.03,0.041,0
FRD_00007450,CUST_00000424,TXN_0000040189,None,0.192,0.124,0.011,0.319,0.334,0
FRD_00007451,CUST_00000442,TXN_0000041882,None,0.086,0.119,0.02,0.036,0.157,0
FRD_00007452,CUST_00000707,TXN_0000066985,None,0.063,0.106,0.048,0.064,0.0,0
FRD_00007453,CUST_00000976,TXN_0000092429,None,0.127,0.257,0.005,0.126,0.024,0
FRD_00007454,CUST_00000015,TXN_0000001326,None,0.215,0.134,0.281,0.448,0.0,0
FRD_00007455,CUST_00000103,TXN_0000009710,None,0.063,0.16,0.011,0.012,0.009,0
FRD_00007456,CUST_00000630,TXN_0000059668,None,0.145,0.198,0.21,0.042,0.118,0
FRD_00007457,CUST_00000701,TXN_0000066429,None,0.1,0.18,0.019,0.133,0.0,0
FRD_00007458,CUST_00000537,TXN_0000050844,None,0.148,0.253,0.002,0.237,0.001,0
FRD_00007459,CUST_00000712,TXN_0000067467,None,0.16,0.272,0.059,0.21,0.003,0
FRD_00007460,CUST_00000704,TXN_0000066656,None,0.163,0.274,0.007,0.259,0.007,0
FRD_00007461,CUST_00000242,TXN_0000022869,None,0.056,0.077,0.007,0.059,0.064,0
FRD_00007462,CUST_00000170,TXN_0000016130,None,0.156,0.304,0.1,0.112,0.01,0
FRD_00007463,CUST_00000209,TXN_0000019784,None,0.13,0.188,0.061,0.197,0.013,0
FRD_00007464,CUST_00000815,TXN_0000077204,None,0.041,0.043,0.0,0.104,0.0,0
FRD_00007465,CUST_00000438,TXN_0000041512,None,0.136,0.362,0.012,0.026,0.004,0
FRD_00007466,CUST_00000286,TXN_0000027070,None,0.161,0.294,0.009,0.154,0.091,0
FRD_00007467,CUST_00000073,TXN_0000006882,None,0.28,0.174,0.051,0.732,0.132,0
FRD_00007468,CUST_00000194,TXN_0000018421,None,0.078,0.139,0.045,0.031,0.065,0
FRD_00007469,CUST_00000458,TXN_0000043377,None,0.148,0.344,0.005,0.031,0.096,0
FRD_00007470,CUST_00000332,TXN_0000031484,None,0.233,0.273,0.126,0.41,0.05,0
FRD_00007471,CUST_00000082,TXN_0000007714,None,0.226,0.185,0.005,0.588,0.064,0
FRD_00007472,CUST_00000124,TXN_0000011714,None,0.189,0.24,0.371,0.005,0.147,0
FRD_00007473,CUST_00000657,TXN_0000062187,None,0.314,0.338,0.034,0.755,0.0,0
FRD_00007474,CUST_00000353,TXN_0000033405,None,0.14,0.239,0.029,0.201,0.0,0
FRD_00007475,CUST_00000164,TXN_0000015503,None,0.128,0.293,0.005,0.064,0.042,0
FRD_00007476,CUST_00000216,TXN_0000020424,None,0.134,0.236,0.01,0.196,0.002,0
FRD_00007477,CUST_00000796,TXN_0000075381,None,0.174,0.225,0.037,0.351,0.002,0
FRD_00007478,CUST_00000898,TXN_0000085109,None,0.119,0.263,0.018,0.093,0.0,0
FRD_00007479,CUST_00000960,TXN_0000090903,None,0.089,0.047,0.248,0.083,0.013,0
FRD_00007480,CUST_00000275,TXN_0000026054,None,0.134,0.276,0.011,0.137,0.007,0
FRD_00007481,CUST_00000794,TXN_0000075192,None,0.039,0.045,0.084,0.023,0.002,0
FRD_00007482,CUST_00000700,TXN_0000066353,None,0.111,0.21,0.065,0.097,0.002,0
FRD_00007483,CUST_00000985,TXN_0000093258,None,0.185,0.214,0.035,0.382,0.036,0
FRD_00007484,CUST_00000428,TXN_0000040490,None,0.157,0.233,0.043,0.185,0.102,0
FRD_00007485,CUST_00000112,TXN_0000010591,None,0.068,0.175,0.004,0.01,0.015,0
FRD_00007486,CUST_00000759,TXN_0000071947,Account Takeover (ATO),0.366,0.869,0.22,0.069,0.005,1
FRD_00007487,CUST_00000615,TXN_0000058243,None,0.182,0.315,0.014,0.252,0.029,0
FRD_00007488,CUST_00000659,TXN_0000062442,None,0.184,0.351,0.16,0.112,0.007,0
FRD_00007489,CUST_00000652,TXN_0000061730,None,0.113,0.214,0.014,0.004,0.173,0
FRD_00007490,CUST_00000391,TXN_0000037055,None,0.125,0.29,0.025,0.057,0.023,0
FRD_00007491,CUST_00000077,TXN_0000007295,None,0.165,0.307,0.154,0.098,0.011,0
FRD_00007492,CUST_00000106,TXN_0000009980,None,0.235,0.324,0.296,0.244,0.006,0
FRD_00007493,CUST_00000932,TXN_0000088281,None,0.141,0.205,0.06,0.23,0.0,0
FRD_00007494,CUST_00000377,TXN_0000035708,None,0.146,0.198,0.173,0.167,0.001,0
FRD_00007495,CUST_00000730,TXN_0000069163,None,0.117,0.095,0.002,0.333,0.002,0
FRD_00007496,CUST_00000842,TXN_0000079786,None,0.181,0.202,0.08,0.367,0.012,0
FRD_00007497,CUST_00000522,TXN_0000049448,None,0.181,0.207,0.043,0.291,0.135,0
FRD_00007498,CUST_00000506,TXN_0000047943,None,0.091,0.078,0.055,0.161,0.061,0
FRD_00007499,CUST_00000196,TXN_0000018594,None,0.133,0.146,0.004,0.306,0.024,0
FRD_00007500,CUST_00000884,TXN_0000083734,None,0.05,0.052,0.043,0.092,0.001,0
FRD_00007501,CUST_00000313,TXN_0000029652,None,0.098,0.045,0.027,0.303,0.004,0
FRD_00007502,CUST_00000292,TXN_0000027674,None,0.089,0.085,0.103,0.144,0.012,0
FRD_00007503,CUST_00000442,TXN_0000041879,None,0.199,0.369,0.279,0.058,0.0,0
FRD_00007504,CUST_00000320,TXN_0000030322,None,0.148,0.164,0.094,0.12,0.207,0
FRD_00007505,CUST_00000351,TXN_0000033230,None,0.101,0.179,0.034,0.125,0.001,0
FRD_00007506,CUST_00000680,TXN_0000064474,None,0.222,0.255,0.06,0.483,0.001,0
FRD_00007507,CUST_00000745,TXN_0000070585,None,0.246,0.275,0.003,0.596,0.0,0
FRD_00007508,CUST_00000613,TXN_0000058084,None,0.091,0.08,0.0,0.19,0.079,0
FRD_00007509,CUST_00000427,TXN_0000040442,None,0.223,0.204,0.574,0.143,0.004,0
FRD_00007510,CUST_00000430,TXN_0000040710,None,0.17,0.301,0.145,0.114,0.038,0
FRD_00007511,CUST_00000439,TXN_0000041558,None,0.158,0.141,0.103,0.145,0.26,0
FRD_00007512,CUST_00000642,TXN_0000060822,None,0.153,0.156,0.0,0.393,0.002,0
FRD_00007513,CUST_00000781,TXN_0000074030,None,0.151,0.288,0.223,0.023,0.0,0
FRD_00007514,CUST_00000745,TXN_0000070557,None,0.067,0.058,0.017,0.17,0.003,0
FRD_00007515,CUST_00000585,TXN_0000055409,None,0.128,0.169,0.151,0.088,0.082,0
FRD_00007516,CUST_00000004,TXN_0000000301,None,0.092,0.144,0.043,0.131,0.003,0
FRD_00007517,CUST_00000612,TXN_0000057991,None,0.165,0.255,0.12,0.209,0.0,0
FRD_00007518,CUST_00000853,TXN_0000080815,None,0.078,0.077,0.002,0.187,0.02,0
FRD_00007519,CUST_00000913,TXN_0000086452,None,0.21,0.183,0.201,0.408,0.02,0
FRD_00007520,CUST_00000095,TXN_0000008942,None,0.24,0.197,0.12,0.576,0.014,0
FRD_00007521,CUST_00000745,TXN_0000070592,None,0.1,0.216,0.032,0.056,0.02,0
FRD_00007522,CUST_00000498,TXN_0000047140,None,0.112,0.134,0.002,0.256,0.003,0
FRD_00007523,CUST_00000453,TXN_0000042860,None,0.138,0.184,0.009,0.273,0.018,0
FRD_00007524,CUST_00000024,TXN_0000002226,None,0.192,0.228,0.36,0.158,0.004,0
FRD_00007525,CUST_00000905,TXN_0000085725,None,0.108,0.273,0.03,0.012,0.015,0
FRD_00007526,CUST_00000630,TXN_0000059704,None,0.07,0.107,0.009,0.124,0.0,0
FRD_00007527,CUST_00000926,TXN_0000087730,None,0.273,0.348,0.55,0.159,0.008,0
FRD_00007528,CUST_00000376,TXN_0000035602,None,0.154,0.25,0.064,0.204,0.015,0
FRD_00007529,CUST_00000874,TXN_0000082730,None,0.248,0.25,0.002,0.566,0.093,0
FRD_00007530,CUST_00000057,TXN_0000005349,None,0.158,0.143,0.0,0.433,0.0,0
FRD_00007531,CUST_00000884,TXN_0000083703,None,0.221,0.262,0.526,0.095,0.001,0
FRD_00007532,CUST_00000177,TXN_0000016823,None,0.213,0.083,0.0,0.735,0.0,0
FRD_00007533,CUST_00000219,TXN_0000020687,None,0.131,0.244,0.016,0.14,0.037,0
FRD_00007534,CUST_00000971,TXN_0000091957,None,0.141,0.153,0.192,0.198,0.0,0
FRD_00007535,CUST_00000323,TXN_0000030638,None,0.14,0.225,0.001,0.243,0.0,0
FRD_00007536,CUST_00000169,TXN_0000015991,None,0.247,0.24,0.297,0.385,0.037,0
FRD_00007537,CUST_00000411,TXN_0000038880,None,0.096,0.085,0.107,0.18,0.0,0
FRD_00007538,CUST_00000966,TXN_0000091485,None,0.137,0.257,0.019,0.172,0.0,0
FRD_00007539,CUST_00000898,TXN_0000085021,None,0.107,0.132,0.038,0.187,0.03,0
FRD_00007540,CUST_00000302,TXN_0000028581,None,0.251,0.174,0.007,0.751,0.007,0
FRD_00007541,CUST_00000965,TXN_0000091425,None,0.23,0.188,0.155,0.462,0.087,0
FRD_00007542,CUST_00000171,TXN_0000016241,None,0.178,0.231,0.048,0.349,0.0,0
FRD_00007543,CUST_00000641,TXN_0000060725,None,0.068,0.118,0.082,0.037,0.004,0
FRD_00007544,CUST_00000228,TXN_0000021551,None,0.218,0.365,0.007,0.32,0.046,0
FRD_00007545,CUST_00000209,TXN_0000019737,None,0.097,0.173,0.09,0.072,0.001,0
FRD_00007546,CUST_00000422,TXN_0000039934,None,0.18,0.242,0.074,0.232,0.112,0
FRD_00007547,CUST_00000039,TXN_0000003654,None,0.165,0.303,0.097,0.113,0.054,0
FRD_00007548,CUST_00000542,TXN_0000051292,None,0.07,0.167,0.033,0.016,0.007,0
FRD_00007549,CUST_00000968,TXN_0000091645,None,0.138,0.148,0.082,0.279,0.0,0
FRD_00007550,CUST_00000446,TXN_0000042255,None,0.192,0.139,0.0,0.443,0.162,0
FRD_00007551,CUST_00000591,TXN_0000056009,None,0.331,0.233,0.465,0.608,0.022,0
FRD_00007552,CUST_00000557,TXN_0000052739,None,0.232,0.217,0.001,0.586,0.046,0
FRD_00007553,CUST_00000734,TXN_0000069541,None,0.16,0.313,0.119,0.106,0.0,0
FRD_00007554,CUST_00000263,TXN_0000024883,None,0.252,0.088,0.068,0.545,0.358,0
FRD_00007555,CUST_00000477,TXN_0000045160,None,0.124,0.276,0.009,0.101,0.0,0
FRD_00007556,CUST_00000513,TXN_0000048645,None,0.211,0.291,0.12,0.331,0.012,0
FRD_00007557,CUST_00000511,TXN_0000048380,None,0.149,0.242,0.0,0.258,0.0,0
FRD_00007558,CUST_00000267,TXN_0000025212,None,0.207,0.294,0.228,0.194,0.048,0
FRD_00007559,CUST_00000621,TXN_0000058782,None,0.157,0.382,0.011,0.083,0.001,0
FRD_00007560,CUST_00000459,TXN_0000043467,Identity Theft / Synthetic ID,0.486,0.93,0.122,0.542,0.001,1
FRD_00007561,CUST_00000129,TXN_0000012230,None,0.078,0.086,0.013,0.02,0.204,0
FRD_00007562,CUST_00000477,TXN_0000045173,None,0.259,0.24,0.047,0.541,0.154,0
FRD_00007563,CUST_00000788,TXN_0000074654,None,0.141,0.284,0.194,0.012,0.0,0
FRD_00007564,CUST_00000114,TXN_0000010773,None,0.115,0.292,0.023,0.028,0.007,0
FRD_00007565,CUST_00000879,TXN_0000083210,None,0.077,0.066,0.002,0.202,0.015,0
FRD_00007566,CUST_00000120,TXN_0000011314,None,0.162,0.354,0.011,0.136,0.008,0
FRD_00007567,CUST_00000446,TXN_0000042220,None,0.166,0.215,0.365,0.04,0.037,0
FRD_00007568,CUST_00000625,TXN_0000059247,None,0.051,0.12,0.0,0.036,0.0,0
FRD_00007569,CUST_00000900,TXN_0000085298,None,0.149,0.114,0.107,0.168,0.228,0
FRD_00007570,CUST_00000078,TXN_0000007324,None,0.163,0.296,0.024,0.174,0.058,0
FRD_00007571,CUST_00000464,TXN_0000043980,None,0.177,0.07,0.057,0.565,0.001,0
FRD_00007572,CUST_00000315,TXN_0000029787,None,0.115,0.247,0.057,0.069,0.0,0
FRD_00007573,CUST_00000614,TXN_0000058164,None,0.121,0.24,0.003,0.107,0.049,0
FRD_00007574,CUST_00000416,TXN_0000039402,None,0.164,0.211,0.064,0.308,0.0,0
FRD_00007575,CUST_00000886,TXN_0000083879,None,0.141,0.254,0.032,0.158,0.033,0
FRD_00007576,CUST_00000385,TXN_0000036430,None,0.147,0.206,0.174,0.158,0.004,0
FRD_00007577,CUST_00000483,TXN_0000045783,None,0.159,0.147,0.001,0.427,0.002,0
FRD_00007578,CUST_00000074,TXN_0000006932,None,0.136,0.265,0.002,0.077,0.12,0
FRD_00007579,CUST_00000414,TXN_0000039210,None,0.18,0.235,0.199,0.141,0.113,0
FRD_00007580,CUST_00000653,TXN_0000061873,None,0.108,0.083,0.023,0.297,0.0,0
FRD_00007581,CUST_00000870,TXN_0000082426,None,0.228,0.286,0.215,0.262,0.095,0
FRD_00007582,CUST_00000175,TXN_0000016629,Card Not Present (CNP) Fraud,0.411,0.958,0.048,0.165,0.123,1
FRD_00007583,CUST_00000596,TXN_0000056475,None,0.119,0.235,0.009,0.14,0.001,0
FRD_00007584,CUST_00000499,TXN_0000047231,None,0.188,0.06,0.023,0.648,0.001,0
FRD_00007585,CUST_00000434,TXN_0000041102,None,0.234,0.199,0.075,0.273,0.406,0
FRD_00007586,CUST_00000267,TXN_0000025240,None,0.09,0.171,0.01,0.112,0.0,0
FRD_00007587,CUST_00000418,TXN_0000039563,None,0.155,0.294,0.116,0.055,0.077,0
FRD_00007588,CUST_00000871,TXN_0000082499,None,0.085,0.187,0.007,0.058,0.02,0
FRD_00007589,CUST_00000982,TXN_0000093029,None,0.133,0.142,0.169,0.067,0.164,0
FRD_00007590,CUST_00000789,TXN_0000074752,None,0.137,0.132,0.169,0.183,0.056,0
FRD_00007591,CUST_00000228,TXN_0000021569,None,0.158,0.35,0.103,0.046,0.016,0
FRD_00007592,CUST_00000672,TXN_0000063703,None,0.155,0.306,0.117,0.074,0.03,0
FRD_00007593,CUST_00000307,TXN_0000029069,None,0.128,0.147,0.082,0.241,0.0,0
FRD_00007594,CUST_00000271,TXN_0000025654,None,0.193,0.248,0.164,0.237,0.072,0
FRD_00007595,CUST_00000243,TXN_0000023038,None,0.169,0.182,0.283,0.098,0.121,0
FRD_00007596,CUST_00000401,TXN_0000037980,None,0.12,0.239,0.001,0.03,0.143,0
FRD_00007597,CUST_00000819,TXN_0000077582,None,0.171,0.376,0.098,0.075,0.006,0
FRD_00007598,CUST_00000412,TXN_0000039040,None,0.117,0.068,0.374,0.075,0.0,0
FRD_00007599,CUST_00000799,TXN_0000075712,None,0.12,0.152,0.043,0.222,0.013,0
FRD_00007600,CUST_00000790,TXN_0000074872,None,0.142,0.168,0.001,0.331,0.001,0
FRD_00007601,CUST_00000144,TXN_0000013610,None,0.093,0.185,0.031,0.075,0.019,0
FRD_00007602,CUST_00000296,TXN_0000028054,None,0.078,0.166,0.04,0.035,0.014,0
FRD_00007603,CUST_00000204,TXN_0000019357,UPI Phishing / Collect Request Fraud,0.427,0.964,0.023,0.268,0.09,1
FRD_00007604,CUST_00000525,TXN_0000049718,None,0.196,0.241,0.0,0.417,0.038,0
FRD_00007605,CUST_00000408,TXN_0000038592,None,0.241,0.073,0.2,0.689,0.014,0
FRD_00007606,CUST_00000937,TXN_0000088743,None,0.142,0.293,0.003,0.094,0.075,0
FRD_00007607,CUST_00000639,TXN_0000060548,None,0.163,0.272,0.208,0.103,0.0,0
FRD_00007608,CUST_00000561,TXN_0000053151,None,0.171,0.165,0.035,0.373,0.064,0
FRD_00007609,CUST_00000948,TXN_0000089822,None,0.244,0.281,0.035,0.538,0.02,0
FRD_00007610,CUST_00000511,TXN_0000048407,None,0.137,0.219,0.158,0.115,0.0,0
FRD_00007611,CUST_00000576,TXN_0000054518,None,0.107,0.102,0.164,0.152,0.001,0
FRD_00007612,CUST_00000173,TXN_0000016435,None,0.186,0.286,0.158,0.037,0.223,0
FRD_00007613,CUST_00000509,TXN_0000048169,None,0.334,0.242,0.13,0.876,0.019,0
FRD_00007614,CUST_00000113,TXN_0000010677,None,0.144,0.231,0.077,0.175,0.019,0
FRD_00007615,CUST_00000723,TXN_0000068517,None,0.107,0.215,0.018,0.053,0.075,0
FRD_00007616,CUST_00000536,TXN_0000050747,None,0.119,0.09,0.008,0.344,0.0,0
FRD_00007617,CUST_00000119,TXN_0000011251,None,0.052,0.108,0.009,0.049,0.0,0
FRD_00007618,CUST_00000118,TXN_0000011200,None,0.242,0.356,0.0,0.41,0.073,0
FRD_00007619,CUST_00000548,TXN_0000051873,None,0.041,0.101,0.001,0.009,0.017,0
FRD_00007620,CUST_00000038,TXN_0000003594,None,0.205,0.321,0.02,0.339,0.018,0
FRD_00007621,CUST_00000841,TXN_0000079709,None,0.129,0.259,0.031,0.126,0.004,0
FRD_00007622,CUST_00000557,TXN_0000052705,None,0.13,0.165,0.094,0.113,0.128,0
FRD_00007623,CUST_00000733,TXN_0000069422,None,0.206,0.196,0.142,0.423,0.018,0
FRD_00007624,CUST_00000656,TXN_0000062116,None,0.182,0.254,0.185,0.128,0.12,0
FRD_00007625,CUST_00000092,TXN_0000008677,None,0.089,0.115,0.0,0.189,0.006,0
FRD_00007626,CUST_00000614,TXN_0000058138,None,0.242,0.36,0.228,0.206,0.094,0
FRD_00007627,CUST_00000537,TXN_0000050837,None,0.145,0.131,0.298,0.105,0.066,0
FRD_00007628,CUST_00000849,TXN_0000080437,None,0.245,0.335,0.138,0.381,0.026,0
FRD_00007629,CUST_00000466,TXN_0000044168,None,0.116,0.126,0.029,0.209,0.07,0
FRD_00007630,CUST_00000810,TXN_0000076753,None,0.074,0.112,0.003,0.136,0.002,0
FRD_00007631,CUST_00000711,TXN_0000067369,None,0.147,0.249,0.013,0.23,0.0,0
FRD_00007632,CUST_00000688,TXN_0000065234,None,0.14,0.127,0.135,0.271,0.004,0
FRD_00007633,CUST_00000732,TXN_0000069349,None,0.107,0.146,0.023,0.2,0.008,0
FRD_00007634,CUST_00000592,TXN_0000056075,None,0.279,0.277,0.378,0.425,0.001,0
FRD_00007635,CUST_00000951,TXN_0000090077,None,0.139,0.142,0.203,0.191,0.006,0
FRD_00007636,CUST_00000660,TXN_0000062482,None,0.112,0.208,0.0,0.132,0.032,0
FRD_00007637,CUST_00000403,TXN_0000038124,None,0.274,0.24,0.251,0.558,0.0,0
FRD_00007638,CUST_00000375,TXN_0000035539,None,0.281,0.2,0.109,0.331,0.534,0
FRD_00007639,CUST_00000317,TXN_0000030036,None,0.122,0.167,0.219,0.011,0.085,0
FRD_00007640,CUST_00000373,TXN_0000035291,None,0.052,0.129,0.001,0.017,0.014,0
FRD_00007641,CUST_00000264,TXN_0000024955,None,0.16,0.088,0.508,0.091,0.023,0
FRD_00007642,CUST_00000110,TXN_0000010408,None,0.098,0.236,0.058,0.017,0.0,0
FRD_00007643,CUST_00000647,TXN_0000061250,None,0.06,0.043,0.003,0.178,0.0,0
FRD_00007644,CUST_00000483,TXN_0000045723,None,0.186,0.173,0.016,0.488,0.001,0
FRD_00007645,CUST_00000529,TXN_0000050087,None,0.104,0.181,0.067,0.104,0.004,0
FRD_00007646,CUST_00000877,TXN_0000083083,None,0.109,0.137,0.026,0.19,0.041,0
FRD_00007647,CUST_00000218,TXN_0000020633,None,0.116,0.155,0.13,0.107,0.043,0
FRD_00007648,CUST_00000813,TXN_0000077033,None,0.196,0.223,0.235,0.276,0.012,0
FRD_00007649,CUST_00000209,TXN_0000019766,None,0.241,0.319,0.025,0.324,0.218,0
FRD_00007650,CUST_00000160,TXN_0000015140,None,0.149,0.222,0.068,0.232,0.0,0
FRD_00007651,CUST_00000662,TXN_0000062670,None,0.119,0.14,0.105,0.146,0.064,0
FRD_00007652,CUST_00000132,TXN_0000012491,None,0.163,0.144,0.0,0.354,0.12,0
FRD_00007653,CUST_00000013,TXN_0000001170,None,0.072,0.182,0.003,0.031,0.002,0
FRD_00007654,CUST_00000801,TXN_0000075906,None,0.093,0.222,0.004,0.056,0.002,0
FRD_00007655,CUST_00000934,TXN_0000088480,None,0.113,0.267,0.0,0.079,0.0,0
FRD_00007656,CUST_00000954,TXN_0000090368,None,0.149,0.239,0.08,0.13,0.083,0
FRD_00007657,CUST_00000243,TXN_0000022982,None,0.157,0.15,0.01,0.409,0.0,0
FRD_00007658,CUST_00000402,TXN_0000038095,None,0.279,0.24,0.281,0.546,0.012,0
FRD_00007659,CUST_00000264,TXN_0000024953,None,0.135,0.086,0.056,0.364,0.014,0
FRD_00007660,CUST_00000088,TXN_0000008290,None,0.211,0.159,0.136,0.319,0.243,0
FRD_00007661,CUST_00000371,TXN_0000035178,None,0.143,0.06,0.052,0.396,0.065,0
FRD_00007662,CUST_00000479,TXN_0000045346,None,0.12,0.26,0.0,0.11,0.008,0
FRD_00007663,CUST_00000047,TXN_0000004450,None,0.195,0.381,0.203,0.073,0.013,0
FRD_00007664,CUST_00000921,TXN_0000087278,None,0.258,0.294,0.001,0.572,0.058,0
FRD_00007665,CUST_00000359,TXN_0000033970,None,0.164,0.17,0.04,0.324,0.078,0
FRD_00007666,CUST_00000406,TXN_0000038431,None,0.146,0.213,0.038,0.241,0.017,0
FRD_00007667,CUST_00000219,TXN_0000020731,None,0.291,0.198,0.049,0.779,0.084,0
FRD_00007668,CUST_00000738,TXN_0000069868,Identity Theft / Synthetic ID,0.522,0.958,0.214,0.374,0.254,1
FRD_00007669,CUST_00000196,TXN_0000018597,None,0.191,0.277,0.017,0.358,0.004,0
FRD_00007670,CUST_00000428,TXN_0000040496,None,0.092,0.206,0.014,0.06,0.01,0
FRD_00007671,CUST_00000137,TXN_0000013003,None,0.089,0.199,0.013,0.053,0.015,0
FRD_00007672,CUST_00000564,TXN_0000053387,None,0.128,0.172,0.306,0.017,0.011,0
FRD_00007673,CUST_00000835,TXN_0000079116,None,0.122,0.242,0.127,0.025,0.027,0
FRD_00007674,CUST_00000201,TXN_0000019052,None,0.151,0.239,0.012,0.259,0.0,0
FRD_00007675,CUST_00000167,TXN_0000015804,None,0.072,0.157,0.045,0.018,0.016,0
FRD_00007676,CUST_00000060,TXN_0000005620,None,0.181,0.113,0.185,0.412,0.008,0
FRD_00007677,CUST_00000562,TXN_0000053187,None,0.15,0.253,0.011,0.143,0.117,0
FRD_00007678,CUST_00000547,TXN_0000051850,None,0.17,0.156,0.184,0.287,0.033,0
FRD_00007679,CUST_00000507,TXN_0000047981,None,0.138,0.226,0.093,0.152,0.012,0
FRD_00007680,CUST_00000177,TXN_0000016775,None,0.083,0.198,0.001,0.035,0.023,0
FRD_00007681,CUST_00000673,TXN_0000063757,None,0.166,0.194,0.081,0.32,0.008,0
FRD_00007682,CUST_00000237,TXN_0000022442,None,0.114,0.246,0.003,0.11,0.0,0
FRD_00007683,CUST_00000801,TXN_0000075922,None,0.153,0.162,0.014,0.353,0.027,0
FRD_00007684,CUST_00000059,TXN_0000005546,None,0.076,0.028,0.168,0.128,0.004,0
FRD_00007685,CUST_00000079,TXN_0000007432,None,0.185,0.316,0.055,0.188,0.083,0
FRD_00007686,CUST_00000364,TXN_0000034503,None,0.272,0.332,0.059,0.576,0.001,0
FRD_00007687,CUST_00000560,TXN_0000053036,None,0.216,0.345,0.017,0.33,0.045,0
FRD_00007688,CUST_00000852,TXN_0000080717,None,0.205,0.263,0.013,0.437,0.006,0
FRD_00007689,CUST_00000102,TXN_0000009621,None,0.176,0.254,0.139,0.211,0.031,0
FRD_00007690,CUST_00000153,TXN_0000014537,Identity Theft / Synthetic ID,0.378,0.999,0.039,0.028,0.069,1
FRD_00007691,CUST_00000540,TXN_0000051115,None,0.099,0.162,0.034,0.135,0.008,0
FRD_00007692,CUST_00000594,TXN_0000056257,None,0.206,0.307,0.02,0.094,0.353,0
FRD_00007693,CUST_00000632,TXN_0000059832,None,0.129,0.237,0.053,0.14,0.001,0
FRD_00007694,CUST_00000630,TXN_0000059657,None,0.179,0.175,0.442,0.114,0.002,0
FRD_00007695,CUST_00000274,TXN_0000025927,None,0.119,0.192,0.067,0.113,0.049,0
FRD_00007696,CUST_00000026,TXN_0000002389,None,0.141,0.237,0.083,0.165,0.0,0
FRD_00007697,CUST_00000861,TXN_0000081523,None,0.175,0.149,0.005,0.435,0.067,0
FRD_00007698,CUST_00000033,TXN_0000003077,None,0.216,0.205,0.007,0.511,0.076,0
FRD_00007699,CUST_00000690,TXN_0000065340,None,0.091,0.197,0.017,0.065,0.014,0
FRD_00007700,CUST_00000245,TXN_0000023140,None,0.144,0.247,0.008,0.098,0.156,0
FRD_00007701,CUST_00000260,TXN_0000024620,None,0.183,0.112,0.023,0.555,0.0,0
FRD_00007702,CUST_00000622,TXN_0000058965,None,0.191,0.257,0.14,0.125,0.207,0
FRD_00007703,CUST_00000380,TXN_0000035957,None,0.203,0.329,0.0,0.256,0.12,0
FRD_00007704,CUST_00000653,TXN_0000061886,None,0.157,0.319,0.009,0.174,0.001,0
FRD_00007705,CUST_00000820,TXN_0000077639,Account Takeover (ATO),0.424,0.865,0.114,0.364,0.035,1
FRD_00007706,CUST_00000299,TXN_0000028264,None,0.147,0.26,0.029,0.2,0.001,0
FRD_00007707,CUST_00000639,TXN_0000060509,None,0.134,0.308,0.003,0.091,0.014,0
FRD_00007708,CUST_00000624,TXN_0000059085,None,0.174,0.286,0.211,0.114,0.016,0
FRD_00007709,CUST_00000677,TXN_0000064177,Card Not Present (CNP) Fraud,0.367,0.951,0.133,0.031,0.0,1
FRD_00007710,CUST_00000473,TXN_0000044848,None,0.101,0.066,0.099,0.231,0.004,0
FRD_00007711,CUST_00000094,TXN_0000008915,None,0.109,0.141,0.085,0.154,0.02,0
FRD_00007712,CUST_00000091,TXN_0000008602,None,0.264,0.193,0.071,0.647,0.104,0
FRD_00007713,CUST_00000921,TXN_0000087249,None,0.212,0.267,0.042,0.369,0.089,0
FRD_00007714,CUST_00000327,TXN_0000030953,None,0.11,0.115,0.244,0.071,0.015,0
FRD_00007715,CUST_00000651,TXN_0000061662,None,0.221,0.279,0.031,0.464,0.004,0
FRD_00007716,CUST_00000200,TXN_0000018939,None,0.202,0.354,0.287,0.064,0.025,0
FRD_00007717,CUST_00000346,TXN_0000032730,None,0.087,0.213,0.003,0.049,0.0,0
FRD_00007718,CUST_00000890,TXN_0000084248,None,0.139,0.068,0.36,0.152,0.028,0
FRD_00007719,CUST_00000145,TXN_0000013689,None,0.299,0.355,0.008,0.693,0.002,0
FRD_00007720,CUST_00000415,TXN_0000039274,None,0.219,0.31,0.454,0.08,0.0,0
FRD_00007721,CUST_00000669,TXN_0000063423,None,0.124,0.178,0.071,0.187,0.003,0
FRD_00007722,CUST_00000423,TXN_0000040019,None,0.233,0.339,0.0,0.406,0.065,0
FRD_00007723,CUST_00000593,TXN_0000056123,None,0.101,0.147,0.211,0.028,0.0,0
FRD_00007724,CUST_00000949,TXN_0000089854,None,0.059,0.108,0.015,0.007,0.084,0
FRD_00007725,CUST_00000604,TXN_0000057192,None,0.1,0.162,0.002,0.122,0.061,0
FRD_00007726,CUST_00000980,TXN_0000092855,None,0.09,0.122,0.004,0.187,0.0,0
FRD_00007727,CUST_00000865,TXN_0000081902,None,0.101,0.159,0.101,0.1,0.0,0
FRD_00007728,CUST_00000547,TXN_0000051758,None,0.196,0.153,0.053,0.478,0.064,0
FRD_00007729,CUST_00000075,TXN_0000007027,None,0.151,0.173,0.081,0.292,0.004,0
FRD_00007730,CUST_00000290,TXN_0000027450,None,0.166,0.143,0.007,0.458,0.0,0
FRD_00007731,CUST_00000929,TXN_0000088028,None,0.175,0.253,0.192,0.11,0.102,0
FRD_00007732,CUST_00000873,TXN_0000082700,None,0.171,0.251,0.181,0.181,0.009,0
FRD_00007733,CUST_00000371,TXN_0000035116,None,0.18,0.156,0.013,0.454,0.048,0
FRD_00007734,CUST_00000332,TXN_0000031393,None,0.176,0.308,0.209,0.106,0.001,0
FRD_00007735,CUST_00000006,TXN_0000000565,None,0.105,0.182,0.027,0.052,0.114,0
FRD_00007736,CUST_00000964,TXN_0000091294,None,0.181,0.224,0.006,0.215,0.236,0
FRD_00007737,CUST_00000099,TXN_0000009378,None,0.158,0.101,0.14,0.276,0.129,0
FRD_00007738,CUST_00000111,TXN_0000010531,None,0.167,0.366,0.0,0.061,0.117,0
FRD_00007739,CUST_00000637,TXN_0000060350,None,0.162,0.266,0.031,0.098,0.192,0
FRD_00007740,CUST_00000518,TXN_0000049044,None,0.148,0.149,0.011,0.302,0.09,0
FRD_00007741,CUST_00000039,TXN_0000003657,None,0.206,0.171,0.012,0.576,0.001,0
FRD_00007742,CUST_00000827,TXN_0000078381,None,0.179,0.164,0.064,0.424,0.013,0
FRD_00007743,CUST_00000967,TXN_0000091566,None,0.083,0.083,0.15,0.096,0.002,0
FRD_00007744,CUST_00000612,TXN_0000057951,None,0.365,0.239,0.668,0.532,0.072,0
FRD_00007745,CUST_00000850,TXN_0000080540,None,0.072,0.059,0.189,0.014,0.051,0
FRD_00007746,CUST_00000277,TXN_0000026244,None,0.151,0.308,0.077,0.1,0.013,0
FRD_00007747,CUST_00000044,TXN_0000004117,None,0.284,0.291,0.104,0.468,0.221,0
FRD_00007748,CUST_00000736,TXN_0000069680,None,0.099,0.247,0.0,0.045,0.005,0
FRD_00007749,CUST_00000955,TXN_0000090480,None,0.145,0.136,0.413,0.061,0.0,0
FRD_00007750,CUST_00000201,TXN_0000019041,None,0.224,0.284,0.051,0.418,0.052,0
FRD_00007751,CUST_00000617,TXN_0000058426,None,0.083,0.188,0.007,0.052,0.012,0
FRD_00007752,CUST_00000278,TXN_0000026289,None,0.125,0.297,0.053,0.024,0.023,0
FRD_00007753,CUST_00000310,TXN_0000029327,None,0.141,0.172,0.051,0.282,0.002,0
FRD_00007754,CUST_00000743,TXN_0000070404,None,0.131,0.31,0.002,0.088,0.001,0
FRD_00007755,CUST_00000659,TXN_0000062435,None,0.099,0.203,0.006,0.026,0.099,0
FRD_00007756,CUST_00000709,TXN_0000067168,None,0.05,0.03,0.065,0.057,0.06,0
FRD_00007757,CUST_00000747,TXN_0000070739,None,0.154,0.352,0.0,0.125,0.0,0
FRD_00007758,CUST_00000002,TXN_0000000159,None,0.112,0.19,0.003,0.178,0.003,0
FRD_00007759,CUST_00000108,TXN_0000010219,None,0.108,0.185,0.116,0.068,0.015,0
FRD_00007760,CUST_00000897,TXN_0000084990,None,0.266,0.324,0.003,0.567,0.049,0
FRD_00007761,CUST_00000450,TXN_0000042561,None,0.174,0.277,0.045,0.274,0.0,0
FRD_00007762,CUST_00000031,TXN_0000002914,None,0.18,0.097,0.483,0.185,0.015,0
FRD_00007763,CUST_00000431,TXN_0000040845,None,0.088,0.187,0.086,0.01,0.016,0
FRD_00007764,CUST_00000768,TXN_0000072742,None,0.162,0.143,0.306,0.201,0.0,0
FRD_00007765,CUST_00000829,TXN_0000078532,None,0.166,0.331,0.001,0.199,0.0,0
FRD_00007766,CUST_00000356,TXN_0000033711,None,0.337,0.325,0.007,0.762,0.158,0
FRD_00007767,CUST_00000599,TXN_0000056775,None,0.145,0.342,0.003,0.091,0.008,0
FRD_00007768,CUST_00000134,TXN_0000012735,None,0.084,0.222,0.0,0.027,0.0,0
FRD_00007769,CUST_00000269,TXN_0000025416,None,0.105,0.212,0.037,0.052,0.053,0
FRD_00007770,CUST_00000878,TXN_0000083147,None,0.177,0.123,0.022,0.513,0.009,0
FRD_00007771,CUST_00000909,TXN_0000086139,None,0.18,0.249,0.0,0.317,0.066,0
FRD_00007772,CUST_00000755,TXN_0000071537,None,0.153,0.154,0.001,0.393,0.002,0
FRD_00007773,CUST_00000382,TXN_0000036207,None,0.137,0.238,0.122,0.051,0.083,0
FRD_00007774,CUST_00000424,TXN_0000040180,None,0.06,0.108,0.013,0.069,0.01,0
FRD_00007775,CUST_00000133,TXN_0000012580,None,0.155,0.081,0.365,0.21,0.007,0
FRD_00007776,CUST_00000124,TXN_0000011751,None,0.137,0.213,0.016,0.126,0.137,0
FRD_00007777,CUST_00000186,TXN_0000017643,None,0.163,0.216,0.076,0.159,0.164,0
FRD_00007778,CUST_00000570,TXN_0000053930,None,0.147,0.143,0.0,0.388,0.001,0
FRD_00007779,CUST_00000774,TXN_0000073366,None,0.2,0.271,0.131,0.305,0.012,0
FRD_00007780,CUST_00000570,TXN_0000053964,None,0.142,0.198,0.103,0.107,0.127,0
FRD_00007781,CUST_00000710,TXN_0000067223,None,0.22,0.302,0.009,0.449,0.001,0
FRD_00007782,CUST_00000379,TXN_0000035870,None,0.252,0.392,0.141,0.344,0.005,0
FRD_00007783,CUST_00000648,TXN_0000061426,None,0.228,0.126,0.145,0.547,0.092,0
FRD_00007784,CUST_00000557,TXN_0000052762,None,0.211,0.103,0.179,0.523,0.044,0
FRD_00007785,CUST_00000672,TXN_0000063670,None,0.158,0.262,0.053,0.203,0.024,0
FRD_00007786,CUST_00000119,TXN_0000011266,None,0.128,0.211,0.008,0.125,0.107,0
FRD_00007787,CUST_00000946,TXN_0000089630,None,0.163,0.082,0.004,0.535,0.0,0
FRD_00007788,CUST_00000064,TXN_0000005999,None,0.264,0.23,0.0,0.733,0.003,0
FRD_00007789,CUST_00000879,TXN_0000083270,None,0.109,0.212,0.008,0.029,0.13,0
FRD_00007790,CUST_00000795,TXN_0000075298,None,0.247,0.314,0.268,0.335,0.001,0
FRD_00007791,CUST_00000029,TXN_0000002722,None,0.193,0.281,0.007,0.314,0.075,0
FRD_00007792,CUST_00000923,TXN_0000087463,None,0.2,0.298,0.158,0.252,0.003,0
FRD_00007793,CUST_00000106,TXN_0000010033,None,0.151,0.188,0.062,0.276,0.019,0
FRD_00007794,CUST_00000312,TXN_0000029543,None,0.235,0.287,0.014,0.526,0.0,0
FRD_00007795,CUST_00000935,TXN_0000088587,None,0.185,0.151,0.006,0.464,0.077,0
FRD_00007796,CUST_00000994,TXN_0000094148,None,0.096,0.248,0.01,0.029,0.001,0
FRD_00007797,CUST_00000525,TXN_0000049717,None,0.149,0.344,0.013,0.105,0.001,0
FRD_00007798,CUST_00000864,TXN_0000081786,None,0.082,0.166,0.044,0.048,0.017,0
FRD_00007799,CUST_00000300,TXN_0000028423,None,0.147,0.292,0.012,0.169,0.0,0
FRD_00007800,CUST_00000076,TXN_0000007133,None,0.132,0.326,0.021,0.025,0.035,0
FRD_00007801,CUST_00000363,TXN_0000034400,None,0.109,0.253,0.05,0.041,0.0,0
FRD_00007802,CUST_00000833,TXN_0000078874,None,0.064,0.135,0.068,0.012,0.0,0
FRD_00007803,CUST_00000385,TXN_0000036413,None,0.084,0.178,0.067,0.035,0.0,0
FRD_00007804,CUST_00000757,TXN_0000071680,None,0.09,0.117,0.0,0.122,0.094,0
FRD_00007805,CUST_00000945,TXN_0000089511,None,0.127,0.285,0.082,0.044,0.001,0
FRD_00007806,CUST_00000285,TXN_0000027018,None,0.218,0.157,0.036,0.452,0.213,0
FRD_00007807,CUST_00000568,TXN_0000053802,None,0.151,0.327,0.012,0.13,0.007,0
FRD_00007808,CUST_00000884,TXN_0000083712,None,0.087,0.193,0.06,0.025,0.004,0
FRD_00007809,CUST_00000264,TXN_0000024992,None,0.236,0.251,0.014,0.429,0.189,0
FRD_00007810,CUST_00000259,TXN_0000024458,None,0.222,0.317,0.041,0.399,0.013,0
FRD_00007811,CUST_00000946,TXN_0000089619,None,0.081,0.061,0.054,0.144,0.063,0
FRD_00007812,CUST_00000359,TXN_0000033964,None,0.146,0.141,0.05,0.254,0.118,0
FRD_00007813,CUST_00000362,TXN_0000034252,None,0.116,0.138,0.032,0.097,0.183,0
FRD_00007814,CUST_00000612,TXN_0000057953,None,0.126,0.24,0.079,0.104,0.0,0
FRD_00007815,CUST_00000139,TXN_0000013153,None,0.206,0.207,0.311,0.242,0.053,0
FRD_00007816,CUST_00000599,TXN_0000056767,None,0.084,0.112,0.006,0.153,0.026,0
FRD_00007817,CUST_00000866,TXN_0000081971,None,0.265,0.239,0.174,0.582,0.003,0
FRD_00007818,CUST_00000053,TXN_0000004976,None,0.205,0.195,0.204,0.217,0.209,0
FRD_00007819,CUST_00000466,TXN_0000044182,None,0.076,0.19,0.014,0.027,0.0,0
FRD_00007820,CUST_00000781,TXN_0000074009,None,0.167,0.245,0.151,0.074,0.162,0
FRD_00007821,CUST_00000306,TXN_0000028996,None,0.322,0.198,0.234,0.559,0.333,0
FRD_00007822,CUST_00000284,TXN_0000026847,None,0.19,0.072,0.502,0.258,0.0,0
FRD_00007823,CUST_00000881,TXN_0000083451,None,0.15,0.079,0.044,0.415,0.05,0
FRD_00007824,CUST_00000207,TXN_0000019571,None,0.152,0.096,0.001,0.472,0.0,0
FRD_00007825,CUST_00000727,TXN_0000068853,None,0.178,0.217,0.421,0.063,0.01,0
FRD_00007826,CUST_00000203,TXN_0000019184,None,0.184,0.259,0.101,0.029,0.331,0
FRD_00007827,CUST_00000923,TXN_0000087431,None,0.142,0.201,0.048,0.078,0.212,0
FRD_00007828,CUST_00000094,TXN_0000008926,None,0.091,0.095,0.021,0.141,0.093,0
FRD_00007829,CUST_00000981,TXN_0000092950,None,0.111,0.107,0.026,0.26,0.017,0
FRD_00007830,CUST_00000318,TXN_0000030154,None,0.141,0.15,0.268,0.141,0.0,0
FRD_00007831,CUST_00000297,TXN_0000028098,None,0.087,0.155,0.083,0.063,0.0,0
FRD_00007832,CUST_00000669,TXN_0000063332,None,0.165,0.148,0.111,0.363,0.001,0
FRD_00007833,CUST_00000871,TXN_0000082498,None,0.187,0.133,0.061,0.45,0.08,0
FRD_00007834,CUST_00000524,TXN_0000049645,None,0.157,0.305,0.094,0.127,0.0,0
FRD_00007835,CUST_00000443,TXN_0000041932,None,0.14,0.235,0.0,0.231,0.001,0
FRD_00007836,CUST_00000121,TXN_0000011462,None,0.182,0.277,0.071,0.28,0.003,0
FRD_00007837,CUST_00000793,TXN_0000075157,Identity Theft / Synthetic ID,0.42,0.996,0.004,0.28,0.001,1
FRD_00007838,CUST_00000787,TXN_0000074573,None,0.135,0.246,0.076,0.134,0.0,0
FRD_00007839,CUST_00000718,TXN_0000068040,None,0.211,0.35,0.282,0.13,0.0,0
FRD_00007840,CUST_00000221,TXN_0000020935,None,0.123,0.175,0.0,0.249,0.0,0
FRD_00007841,CUST_00000424,TXN_0000040147,None,0.162,0.299,0.06,0.165,0.019,0
FRD_00007842,CUST_00000045,TXN_0000004244,None,0.129,0.029,0.024,0.175,0.35,0
FRD_00007843,CUST_00000751,TXN_0000071177,None,0.241,0.311,0.188,0.299,0.097,0
FRD_00007844,CUST_00000109,TXN_0000010332,None,0.164,0.255,0.178,0.105,0.065,0
FRD_00007845,CUST_00000827,TXN_0000078309,None,0.159,0.152,0.028,0.302,0.123,0
FRD_00007846,CUST_00000896,TXN_0000084834,None,0.172,0.185,0.144,0.31,0.003,0
FRD_00007847,CUST_00000352,TXN_0000033286,None,0.116,0.144,0.003,0.219,0.051,0
FRD_00007848,CUST_00000969,TXN_0000091757,None,0.099,0.272,0.005,0.013,0.0,0
FRD_00007849,CUST_00000845,TXN_0000080023,None,0.291,0.253,0.517,0.324,0.088,0
FRD_00007850,CUST_00000996,TXN_0000094320,Card Not Present (CNP) Fraud,0.372,0.968,0.085,0.012,0.068,1
FRD_00007851,CUST_00000832,TXN_0000078854,None,0.142,0.164,0.141,0.037,0.235,0
FRD_00007852,CUST_00000301,TXN_0000028474,None,0.13,0.203,0.027,0.161,0.067,0
FRD_00007853,CUST_00000488,TXN_0000046269,None,0.137,0.374,0.004,0.009,0.013,0
FRD_00007854,CUST_00000573,TXN_0000054248,None,0.082,0.025,0.073,0.23,0.004,0
FRD_00007855,CUST_00000721,TXN_0000068282,None,0.152,0.229,0.117,0.152,0.05,0
FRD_00007856,CUST_00000302,TXN_0000028608,None,0.142,0.323,0.03,0.082,0.014,0
FRD_00007857,CUST_00000454,TXN_0000042991,None,0.106,0.236,0.015,0.064,0.023,0
FRD_00007858,CUST_00000811,TXN_0000076836,None,0.155,0.2,0.066,0.265,0.028,0
FRD_00007859,CUST_00000752,TXN_0000071279,None,0.168,0.231,0.414,0.013,0.007,0
FRD_00007860,CUST_00000062,TXN_0000005848,None,0.139,0.265,0.006,0.146,0.045,0
FRD_00007861,CUST_00000520,TXN_0000049210,None,0.198,0.129,0.383,0.305,0.0,0
FRD_00007862,CUST_00000677,TXN_0000064138,UPI Phishing / Collect Request Fraud,0.341,0.923,0.003,0.071,0.0,1
FRD_00007863,CUST_00000848,TXN_0000080321,None,0.076,0.159,0.007,0.067,0.009,0
FRD_00007864,CUST_00000544,TXN_0000051531,Identity Theft / Synthetic ID,0.421,0.896,0.054,0.329,0.074,1
FRD_00007865,CUST_00000545,TXN_0000051615,None,0.09,0.154,0.0,0.146,0.0,0
FRD_00007866,CUST_00000296,TXN_0000028011,None,0.053,0.026,0.01,0.074,0.119,0
FRD_00007867,CUST_00000639,TXN_0000060566,None,0.16,0.137,0.036,0.25,0.213,0
FRD_00007868,CUST_00000955,TXN_0000090430,None,0.084,0.229,0.004,0.014,0.0,0
FRD_00007869,CUST_00000468,TXN_0000044341,None,0.129,0.189,0.053,0.21,0.0,0
FRD_00007870,CUST_00000768,TXN_0000072735,None,0.207,0.083,0.555,0.245,0.029,0
FRD_00007871,CUST_00000923,TXN_0000087429,None,0.181,0.285,0.118,0.213,0.021,0
FRD_00007872,CUST_00000025,TXN_0000002272,None,0.108,0.206,0.107,0.059,0.0,0
FRD_00007873,CUST_00000229,TXN_0000021694,None,0.273,0.247,0.013,0.734,0.003,0
FRD_00007874,CUST_00000973,TXN_0000092151,None,0.236,0.222,0.006,0.628,0.002,0
FRD_00007875,CUST_00000403,TXN_0000038112,None,0.033,0.051,0.012,0.047,0.005,0
FRD_00007876,CUST_00000900,TXN_0000085230,None,0.201,0.172,0.045,0.526,0.0,0
FRD_00007877,CUST_00000223,TXN_0000021077,None,0.187,0.166,0.379,0.123,0.112,0
FRD_00007878,CUST_00000448,TXN_0000042409,None,0.132,0.134,0.0,0.335,0.006,0
FRD_00007879,CUST_00000927,TXN_0000087816,None,0.092,0.12,0.141,0.086,0.004,0
FRD_00007880,CUST_00000820,TXN_0000077694,Card Not Present (CNP) Fraud,0.312,0.862,0.018,0.008,0.024,1
FRD_00007881,CUST_00000880,TXN_0000083373,None,0.054,0.074,0.016,0.075,0.031,0
FRD_00007882,CUST_00000317,TXN_0000030022,None,0.211,0.217,0.234,0.294,0.075,0
FRD_00007883,CUST_00000261,TXN_0000024706,None,0.126,0.251,0.0,0.012,0.178,0
FRD_00007884,CUST_00000963,TXN_0000091239,None,0.248,0.277,0.021,0.545,0.052,0
FRD_00007885,CUST_00000710,TXN_0000067234,None,0.225,0.188,0.218,0.322,0.175,0
FRD_00007886,CUST_00000704,TXN_0000066740,None,0.175,0.375,0.007,0.147,0.026,0
FRD_00007887,CUST_00000383,TXN_0000036264,None,0.147,0.107,0.051,0.073,0.407,0
FRD_00007888,CUST_00000734,TXN_0000069578,None,0.208,0.076,0.35,0.349,0.119,0
FRD_00007889,CUST_00000955,TXN_0000090440,None,0.214,0.327,0.352,0.098,0.024,0
FRD_00007890,CUST_00000075,TXN_0000007038,None,0.139,0.136,0.012,0.352,0.004,0
FRD_00007891,CUST_00000252,TXN_0000023844,None,0.08,0.151,0.062,0.058,0.0,0
FRD_00007892,CUST_00000975,TXN_0000092339,None,0.105,0.214,0.015,0.104,0.008,0
FRD_00007893,CUST_00000624,TXN_0000059148,None,0.052,0.063,0.006,0.117,0.0,0
FRD_00007894,CUST_00000757,TXN_0000071718,None,0.173,0.271,0.001,0.308,0.006,0
FRD_00007895,CUST_00000113,TXN_0000010668,None,0.214,0.216,0.178,0.412,0.0,0
FRD_00007896,CUST_00000686,TXN_0000065003,None,0.222,0.167,0.165,0.485,0.045,0
FRD_00007897,CUST_00000952,TXN_0000090144,None,0.178,0.231,0.241,0.178,0.022,0
FRD_00007898,CUST_00000570,TXN_0000053956,None,0.202,0.202,0.003,0.519,0.003,0
FRD_00007899,CUST_00000381,TXN_0000036098,None,0.134,0.201,0.083,0.045,0.178,0
FRD_00007900,CUST_00000574,TXN_0000054348,None,0.26,0.292,0.313,0.24,0.178,0
FRD_00007901,CUST_00000414,TXN_0000039185,None,0.126,0.21,0.005,0.205,0.003,0
FRD_00007902,CUST_00000099,TXN_0000009407,None,0.071,0.104,0.003,0.138,0.0,0
FRD_00007903,CUST_00000594,TXN_0000056305,None,0.182,0.36,0.008,0.175,0.053,0
FRD_00007904,CUST_00000244,TXN_0000023111,None,0.076,0.142,0.01,0.02,0.095,0
FRD_00007905,CUST_00000285,TXN_0000027002,None,0.202,0.323,0.292,0.048,0.094,0
FRD_00007906,CUST_00000191,TXN_0000018054,None,0.298,0.271,0.007,0.781,0.034,0
FRD_00007907,CUST_00000352,TXN_0000033365,None,0.131,0.238,0.042,0.156,0.0,0
FRD_00007908,CUST_00000189,TXN_0000017893,None,0.068,0.114,0.005,0.035,0.091,0
FRD_00007909,CUST_00000534,TXN_0000050594,None,0.275,0.174,0.194,0.681,0.024,0
FRD_00007910,CUST_00000455,TXN_0000043116,None,0.135,0.182,0.003,0.284,0.0,0
FRD_00007911,CUST_00000106,TXN_0000010013,None,0.131,0.034,0.082,0.065,0.43,0
FRD_00007912,CUST_00000160,TXN_0000015195,None,0.106,0.23,0.093,0.027,0.0,0
FRD_00007913,CUST_00000828,TXN_0000078494,None,0.109,0.124,0.01,0.256,0.0,0
FRD_00007914,CUST_00000557,TXN_0000052716,None,0.213,0.351,0.005,0.28,0.095,0
FRD_00007915,CUST_00000489,TXN_0000046299,None,0.108,0.293,0.026,0.001,0.0,0
FRD_00007916,CUST_00000890,TXN_0000084253,None,0.181,0.236,0.356,0.11,0.0,0
FRD_00007917,CUST_00000132,TXN_0000012528,None,0.098,0.234,0.007,0.054,0.004,0
FRD_00007918,CUST_00000481,TXN_0000045532,None,0.169,0.164,0.257,0.239,0.001,0
FRD_00007919,CUST_00000926,TXN_0000087734,None,0.13,0.126,0.113,0.11,0.18,0
FRD_00007920,CUST_00000261,TXN_0000024644,None,0.144,0.261,0.003,0.187,0.027,0
FRD_00007921,CUST_00000302,TXN_0000028585,None,0.081,0.202,0.004,0.039,0.0,0
FRD_00007922,CUST_00000751,TXN_0000071109,None,0.162,0.22,0.003,0.334,0.005,0
FRD_00007923,CUST_00000296,TXN_0000028035,None,0.228,0.245,0.041,0.309,0.283,0
FRD_00007924,CUST_00000884,TXN_0000083717,None,0.037,0.074,0.0,0.019,0.032,0
FRD_00007925,CUST_00000986,TXN_0000093374,None,0.107,0.266,0.007,0.008,0.055,0
FRD_00007926,CUST_00000132,TXN_0000012477,None,0.079,0.025,0.044,0.237,0.012,0
FRD_00007927,CUST_00000554,TXN_0000052476,None,0.202,0.383,0.021,0.17,0.104,0
FRD_00007928,CUST_00000226,TXN_0000021432,None,0.17,0.37,0.001,0.15,0.016,0
FRD_00007929,CUST_00000749,TXN_0000070968,Velocity / Rapid Drain Attack,0.448,0.871,0.084,0.385,0.151,1
FRD_00007930,CUST_00000124,TXN_0000011715,None,0.201,0.19,0.053,0.433,0.08,0
FRD_00007931,CUST_00000776,TXN_0000073516,None,0.228,0.27,0.156,0.392,0.021,0
FRD_00007932,CUST_00000825,TXN_0000078136,None,0.097,0.248,0.008,0.036,0.0,0
FRD_00007933,CUST_00000294,TXN_0000027860,None,0.104,0.27,0.002,0.035,0.003,0
FRD_00007934,CUST_00000263,TXN_0000024894,None,0.099,0.072,0.031,0.265,0.008,0
FRD_00007935,CUST_00000505,TXN_0000047875,None,0.119,0.246,0.005,0.114,0.016,0
FRD_00007936,CUST_00000522,TXN_0000049400,None,0.118,0.201,0.0,0.189,0.001,0
FRD_00007937,CUST_00000332,TXN_0000031446,None,0.162,0.237,0.134,0.199,0.014,0
FRD_00007938,CUST_00000189,TXN_0000017914,None,0.111,0.134,0.002,0.252,0.003,0
FRD_00007939,CUST_00000547,TXN_0000051801,None,0.089,0.179,0.002,0.097,0.009,0
FRD_00007940,CUST_00000965,TXN_0000091416,None,0.127,0.103,0.002,0.362,0.0,0
FRD_00007941,CUST_00000359,TXN_0000033968,None,0.163,0.238,0.005,0.266,0.059,0
FRD_00007942,CUST_00000935,TXN_0000088604,None,0.242,0.272,0.265,0.025,0.436,0
FRD_00007943,CUST_00000441,TXN_0000041741,None,0.175,0.262,0.047,0.297,0.0,0
FRD_00007944,CUST_00000581,TXN_0000054994,None,0.218,0.332,0.092,0.334,0.001,0
FRD_00007945,CUST_00000366,TXN_0000034626,None,0.132,0.121,0.011,0.333,0.02,0
FRD_00007946,CUST_00000456,TXN_0000043145,None,0.247,0.249,0.392,0.288,0.049,0
FRD_00007947,CUST_00000015,TXN_0000001371,None,0.101,0.171,0.0,0.126,0.05,0
FRD_00007948,CUST_00000202,TXN_0000019161,None,0.057,0.064,0.0,0.134,0.005,0
FRD_00007949,CUST_00000614,TXN_0000058188,None,0.053,0.15,0.001,0.0,0.004,0
FRD_00007950,CUST_00000002,TXN_0000000128,None,0.057,0.068,0.12,0.036,0.001,0
FRD_00007951,CUST_00000611,TXN_0000057915,None,0.167,0.241,0.112,0.239,0.004,0
FRD_00007952,CUST_00000608,TXN_0000057568,None,0.094,0.143,0.043,0.127,0.019,0
FRD_00007953,CUST_00000901,TXN_0000085302,None,0.128,0.267,0.021,0.118,0.002,0
FRD_00007954,CUST_00000751,TXN_0000071179,None,0.25,0.33,0.086,0.464,0.005,0
FRD_00007955,CUST_00000313,TXN_0000029651,None,0.127,0.148,0.279,0.075,0.001,0
FRD_00007956,CUST_00000355,TXN_0000033622,None,0.16,0.192,0.117,0.247,0.036,0
FRD_00007957,CUST_00000655,TXN_0000062081,None,0.162,0.217,0.085,0.278,0.0,0
FRD_00007958,CUST_00000764,TXN_0000072364,None,0.219,0.255,0.028,0.495,0.0,0
FRD_00007959,CUST_00000946,TXN_0000089563,None,0.092,0.208,0.001,0.072,0.005,0
FRD_00007960,CUST_00000759,TXN_0000071953,UPI Phishing / Collect Request Fraud,0.454,0.885,0.168,0.306,0.17,1
FRD_00007961,CUST_00000188,TXN_0000017821,None,0.128,0.276,0.044,0.065,0.031,0
FRD_00007962,CUST_00000305,TXN_0000028840,None,0.29,0.164,0.162,0.802,0.0,0
FRD_00007963,CUST_00000616,TXN_0000058375,None,0.042,0.052,0.012,0.085,0.0,0
FRD_00007964,CUST_00000725,TXN_0000068678,None,0.121,0.148,0.159,0.149,0.0,0
FRD_00007965,CUST_00000026,TXN_0000002404,None,0.056,0.097,0.007,0.057,0.031,0
FRD_00007966,CUST_00000155,TXN_0000014722,None,0.157,0.286,0.119,0.12,0.015,0
FRD_00007967,CUST_00000977,TXN_0000092550,None,0.249,0.132,0.131,0.703,0.002,0
FRD_00007968,CUST_00000432,TXN_0000040937,None,0.117,0.124,0.059,0.242,0.005,0
FRD_00007969,CUST_00000755,TXN_0000071502,None,0.175,0.134,0.223,0.195,0.173,0
FRD_00007970,CUST_00000512,TXN_0000048529,None,0.106,0.241,0.001,0.036,0.06,0
FRD_00007971,CUST_00000798,TXN_0000075645,None,0.19,0.319,0.141,0.201,0.0,0
FRD_00007972,CUST_00000731,TXN_0000069201,Card Not Present (CNP) Fraud,0.466,0.965,0.001,0.448,0.082,1
FRD_00007973,CUST_00000774,TXN_0000073331,None,0.112,0.203,0.082,0.099,0.0,0
FRD_00007974,CUST_00000295,TXN_0000027937,None,0.184,0.18,0.152,0.32,0.052,0
FRD_00007975,CUST_00000928,TXN_0000087937,None,0.167,0.361,0.0,0.006,0.196,0
FRD_00007976,CUST_00000814,TXN_0000077071,None,0.13,0.212,0.003,0.205,0.018,0
FRD_00007977,CUST_00000873,TXN_0000082641,None,0.119,0.165,0.139,0.1,0.043,0
FRD_00007978,CUST_00000092,TXN_0000008732,None,0.16,0.289,0.211,0.0,0.083,0
FRD_00007979,CUST_00000615,TXN_0000058299,None,0.094,0.188,0.11,0.024,0.001,0
FRD_00007980,CUST_00000176,TXN_0000016645,None,0.217,0.289,0.017,0.32,0.16,0
FRD_00007981,CUST_00000357,TXN_0000033822,None,0.199,0.087,0.014,0.661,0.0,0
FRD_00007982,CUST_00000449,TXN_0000042546,None,0.178,0.351,0.029,0.197,0.002,0
FRD_00007983,CUST_00000097,TXN_0000009130,None,0.136,0.199,0.051,0.213,0.012,0
FRD_00007984,CUST_00000681,TXN_0000064529,None,0.096,0.183,0.065,0.034,0.05,0
FRD_00007985,CUST_00000468,TXN_0000044315,None,0.126,0.148,0.209,0.123,0.01,0
FRD_00007986,CUST_00000879,TXN_0000083230,None,0.131,0.096,0.021,0.363,0.01,0
FRD_00007987,CUST_00000781,TXN_0000073991,None,0.252,0.262,0.028,0.606,0.016,0
FRD_00007988,CUST_00000949,TXN_0000089877,None,0.169,0.29,0.068,0.188,0.036,0
FRD_00007989,CUST_00000058,TXN_0000005443,None,0.259,0.177,0.048,0.749,0.0,0
FRD_00007990,CUST_00000306,TXN_0000028970,None,0.161,0.16,0.031,0.374,0.027,0
FRD_00007991,CUST_00000620,TXN_0000058708,None,0.16,0.218,0.045,0.286,0.014,0
FRD_00007992,CUST_00000297,TXN_0000028122,None,0.151,0.166,0.052,0.249,0.101,0
FRD_00007993,CUST_00000118,TXN_0000011135,None,0.135,0.153,0.052,0.283,0.002,0
FRD_00007994,CUST_00000718,TXN_0000068016,None,0.121,0.193,0.037,0.174,0.014,0
FRD_00007995,CUST_00000155,TXN_0000014658,None,0.187,0.127,0.266,0.359,0.0,0
FRD_00007996,CUST_00000836,TXN_0000079219,None,0.105,0.106,0.086,0.2,0.004,0
FRD_00007997,CUST_00000561,TXN_0000053114,None,0.152,0.26,0.013,0.065,0.211,0
FRD_00007998,CUST_00000569,TXN_0000053905,None,0.22,0.076,0.469,0.203,0.243,0
FRD_00007999,CUST_00000437,TXN_0000041415,None,0.143,0.237,0.005,0.197,0.048,0
FRD_00008000,CUST_00000547,TXN_0000051854,None,0.09,0.226,0.037,0.013,0.0,0
FRD_00008001,CUST_00000982,TXN_0000092959,None,0.147,0.172,0.014,0.186,0.187,0
FRD_00008002,CUST_00000730,TXN_0000069176,None,0.066,0.052,0.112,0.036,0.08,0
FRD_00008003,CUST_00000296,TXN_0000027973,None,0.129,0.139,0.319,0.067,0.0,0
FRD_00008004,CUST_00000238,TXN_0000022497,None,0.107,0.085,0.022,0.206,0.106,0
FRD_00008005,CUST_00000901,TXN_0000085369,None,0.175,0.187,0.444,0.011,0.092,0
FRD_00008006,CUST_00000144,TXN_0000013645,None,0.168,0.239,0.027,0.017,0.374,0
FRD_00008007,CUST_00000266,TXN_0000025183,None,0.125,0.277,0.078,0.031,0.025,0
FRD_00008008,CUST_00000066,TXN_0000006267,None,0.196,0.08,0.152,0.525,0.032,0
FRD_00008009,CUST_00000195,TXN_0000018474,UPI Phishing / Collect Request Fraud,0.393,0.912,0.063,0.218,0.035,1
FRD_00008010,CUST_00000059,TXN_0000005605,None,0.068,0.174,0.019,0.009,0.005,0
FRD_00008011,CUST_00000720,TXN_0000068247,None,0.145,0.139,0.043,0.352,0.0,0
FRD_00008012,CUST_00000206,TXN_0000019549,None,0.121,0.261,0.001,0.115,0.001,0
FRD_00008013,CUST_00000676,TXN_0000064050,None,0.181,0.285,0.027,0.303,0.001,0
FRD_00008014,CUST_00000415,TXN_0000039298,None,0.199,0.351,0.001,0.228,0.097,0
FRD_00008015,CUST_00000711,TXN_0000067309,None,0.298,0.339,0.268,0.484,0.022,0
FRD_00008016,CUST_00000152,TXN_0000014425,None,0.21,0.339,0.16,0.239,0.0,0
FRD_00008017,CUST_00000461,TXN_0000043653,None,0.206,0.195,0.054,0.423,0.105,0
FRD_00008018,CUST_00000203,TXN_0000019254,None,0.303,0.272,0.129,0.717,0.012,0
FRD_00008019,CUST_00000717,TXN_0000067913,None,0.225,0.23,0.083,0.513,0.0,0
FRD_00008020,CUST_00000929,TXN_0000088001,None,0.093,0.118,0.007,0.189,0.013,0
FRD_00008021,CUST_00000480,TXN_0000045489,None,0.246,0.29,0.003,0.574,0.0,0
FRD_00008022,CUST_00000789,TXN_0000074755,None,0.108,0.188,0.149,0.048,0.0,0
FRD_00008023,CUST_00000644,TXN_0000060982,None,0.248,0.223,0.115,0.095,0.614,0
FRD_00008024,CUST_00000713,TXN_0000067537,None,0.212,0.209,0.249,0.347,0.013,0
FRD_00008025,CUST_00000995,TXN_0000094251,None,0.201,0.268,0.037,0.111,0.361,0
FRD_00008026,CUST_00000288,TXN_0000027222,None,0.149,0.327,0.004,0.136,0.001,0
FRD_00008027,CUST_00001000,TXN_0000094668,None,0.16,0.059,0.1,0.477,0.001,0
FRD_00008028,CUST_00000166,TXN_0000015698,None,0.161,0.279,0.264,0.024,0.021,0
FRD_00008029,CUST_00000990,TXN_0000093750,None,0.099,0.218,0.0,0.088,0.004,0
FRD_00008030,CUST_00000349,TXN_0000033076,None,0.242,0.194,0.442,0.331,0.015,0
FRD_00008031,CUST_00000587,TXN_0000055603,None,0.168,0.242,0.173,0.184,0.016,0
FRD_00008032,CUST_00000518,TXN_0000049056,None,0.244,0.382,0.112,0.353,0.0,0
FRD_00008033,CUST_00000779,TXN_0000073817,None,0.09,0.226,0.024,0.012,0.017,0
FRD_00008034,CUST_00000656,TXN_0000062165,None,0.251,0.218,0.085,0.523,0.136,0
FRD_00008035,CUST_00000861,TXN_0000081576,None,0.098,0.254,0.001,0.029,0.009,0
FRD_00008036,CUST_00000564,TXN_0000053429,None,0.067,0.138,0.007,0.016,0.068,0
FRD_00008037,CUST_00000578,TXN_0000054751,None,0.102,0.182,0.007,0.04,0.134,0
FRD_00008038,CUST_00000442,TXN_0000041889,None,0.111,0.181,0.001,0.158,0.041,0
FRD_00008039,CUST_00000554,TXN_0000052499,None,0.17,0.275,0.19,0.14,0.002,0
FRD_00008040,CUST_00000622,TXN_0000058911,None,0.206,0.158,0.46,0.223,0.017,0
FRD_00008041,CUST_00000655,TXN_0000062054,None,0.213,0.197,0.086,0.507,0.0,0
FRD_00008042,CUST_00000439,TXN_0000041545,None,0.059,0.086,0.041,0.003,0.099,0
FRD_00008043,CUST_00000850,TXN_0000080524,None,0.154,0.131,0.009,0.321,0.133,0
FRD_00008044,CUST_00000874,TXN_0000082785,None,0.091,0.161,0.002,0.136,0.0,0
FRD_00008045,CUST_00000656,TXN_0000062128,None,0.212,0.354,0.376,0.05,0.003,0
FRD_00008046,CUST_00000551,TXN_0000052211,None,0.139,0.268,0.001,0.159,0.027,0
FRD_00008047,CUST_00000500,TXN_0000047399,None,0.081,0.088,0.189,0.017,0.042,0
FRD_00008048,CUST_00000580,TXN_0000054961,Account Takeover (ATO),0.346,0.934,0.043,0.041,0.001,1
FRD_00008049,CUST_00000105,TXN_0000009933,None,0.112,0.193,0.157,0.03,0.027,0
FRD_00008050,CUST_00000045,TXN_0000004194,None,0.144,0.099,0.104,0.349,0.005,0
FRD_00008051,CUST_00000854,TXN_0000080859,None,0.11,0.288,0.009,0.029,0.002,0
FRD_00008052,CUST_00000157,TXN_0000014882,None,0.231,0.26,0.044,0.525,0.001,0
FRD_00008053,CUST_00000656,TXN_0000062096,None,0.148,0.105,0.075,0.381,0.007,0
FRD_00008054,CUST_00000110,TXN_0000010406,None,0.159,0.192,0.005,0.161,0.255,0
FRD_00008055,CUST_00000489,TXN_0000046303,None,0.152,0.161,0.021,0.146,0.276,0
FRD_00008056,CUST_00000310,TXN_0000029322,None,0.127,0.273,0.006,0.12,0.0,0
FRD_00008057,CUST_00000328,TXN_0000031058,None,0.139,0.156,0.172,0.029,0.213,0
FRD_00008058,CUST_00000026,TXN_0000002442,None,0.076,0.148,0.0,0.098,0.001,0
FRD_00008059,CUST_00000679,TXN_0000064330,None,0.237,0.18,0.249,0.495,0.003,0
FRD_00008060,CUST_00000156,TXN_0000014819,None,0.122,0.216,0.014,0.167,0.008,0
FRD_00008061,CUST_00000590,TXN_0000055866,None,0.211,0.237,0.171,0.375,0.0,0
FRD_00008062,CUST_00000179,TXN_0000017010,None,0.132,0.09,0.069,0.347,0.001,0
FRD_00008063,CUST_00000434,TXN_0000041134,None,0.139,0.122,0.017,0.245,0.156,0
FRD_00008064,CUST_00000783,TXN_0000074193,None,0.208,0.269,0.031,0.428,0.001,0
FRD_00008065,CUST_00000564,TXN_0000053389,None,0.16,0.279,0.01,0.233,0.009,0
FRD_00008066,CUST_00000879,TXN_0000083279,None,0.081,0.103,0.037,0.033,0.147,0
FRD_00008067,CUST_00000888,TXN_0000084139,None,0.078,0.144,0.089,0.04,0.0,0
FRD_00008068,CUST_00000800,TXN_0000075841,None,0.223,0.313,0.41,0.107,0.024,0
FRD_00008069,CUST_00000940,TXN_0000089008,None,0.077,0.044,0.012,0.219,0.02,0
FRD_00008070,CUST_00000523,TXN_0000049539,None,0.179,0.16,0.001,0.463,0.037,0
FRD_00008071,CUST_00000875,TXN_0000082904,None,0.141,0.216,0.076,0.136,0.083,0
FRD_00008072,CUST_00000735,TXN_0000069609,None,0.202,0.212,0.305,0.164,0.127,0
FRD_00008073,CUST_00000487,TXN_0000046142,None,0.111,0.271,0.074,0.005,0.0,0
FRD_00008074,CUST_00000011,TXN_0000000956,None,0.124,0.256,0.055,0.046,0.062,0
FRD_00008075,CUST_00000184,TXN_0000017458,None,0.157,0.312,0.008,0.162,0.028,0
FRD_00008076,CUST_00000016,TXN_0000001484,None,0.106,0.252,0.059,0.023,0.0,0
FRD_00008077,CUST_00000219,TXN_0000020691,None,0.134,0.223,0.092,0.085,0.083,0
FRD_00008078,CUST_00000225,TXN_0000021261,None,0.385,0.207,0.395,0.928,0.006,0
FRD_00008079,CUST_00000900,TXN_0000085275,None,0.253,0.346,0.11,0.439,0.002,0
FRD_00008080,CUST_00000740,TXN_0000070155,None,0.114,0.162,0.008,0.213,0.012,0
FRD_00008081,CUST_00000751,TXN_0000071165,None,0.153,0.203,0.037,0.226,0.09,0
FRD_00008082,CUST_00000497,TXN_0000047104,None,0.102,0.104,0.054,0.219,0.0,0
FRD_00008083,CUST_00000210,TXN_0000019904,Card Not Present (CNP) Fraud,0.382,0.885,0.072,0.23,0.001,1
FRD_00008084,CUST_00000954,TXN_0000090331,None,0.177,0.377,0.093,0.107,0.0,0
FRD_00008085,CUST_00000321,TXN_0000030429,None,0.15,0.236,0.034,0.241,0.001,0
FRD_00008086,CUST_00000625,TXN_0000059189,None,0.143,0.155,0.105,0.136,0.167,0
FRD_00008087,CUST_00000402,TXN_0000038024,None,0.197,0.337,0.284,0.02,0.086,0
FRD_00008088,CUST_00000839,TXN_0000079440,None,0.116,0.249,0.055,0.045,0.033,0
FRD_00008089,CUST_00000174,TXN_0000016521,None,0.15,0.167,0.171,0.215,0.02,0
FRD_00008090,CUST_00000358,TXN_0000033916,None,0.176,0.294,0.086,0.17,0.065,0
FRD_00008091,CUST_00000391,TXN_0000036972,None,0.187,0.345,0.015,0.251,0.003,0
FRD_00008092,CUST_00000071,TXN_0000006661,None,0.202,0.29,0.081,0.309,0.035,0
FRD_00008093,CUST_00000285,TXN_0000026942,None,0.068,0.173,0.014,0.003,0.021,0
FRD_00008094,CUST_00000832,TXN_0000078863,None,0.043,0.086,0.044,0.012,0.003,0
FRD_00008095,CUST_00000548,TXN_0000051868,None,0.102,0.212,0.014,0.047,0.068,0
FRD_00008096,CUST_00000908,TXN_0000086013,None,0.099,0.114,0.103,0.057,0.119,0
FRD_00008097,CUST_00000861,TXN_0000081577,None,0.109,0.115,0.2,0.105,0.012,0
FRD_00008098,CUST_00000106,TXN_0000009986,None,0.143,0.184,0.03,0.287,0.002,0
FRD_00008099,CUST_00000454,TXN_0000043001,None,0.196,0.243,0.117,0.345,0.005,0
FRD_00008100,CUST_00000740,TXN_0000070062,None,0.103,0.124,0.012,0.224,0.006,0
FRD_00008101,CUST_00000899,TXN_0000085146,None,0.109,0.163,0.009,0.198,0.005,0
FRD_00008102,CUST_00000969,TXN_0000091781,None,0.141,0.071,0.163,0.329,0.009,0
FRD_00008103,CUST_00000715,TXN_0000067693,None,0.168,0.193,0.197,0.234,0.012,0
FRD_00008104,CUST_00000201,TXN_0000019032,None,0.135,0.312,0.053,0.057,0.007,0
FRD_00008105,CUST_00000200,TXN_0000018938,None,0.192,0.204,0.087,0.368,0.055,0
FRD_00008106,CUST_00000761,TXN_0000072095,None,0.286,0.381,0.419,0.173,0.129,0
FRD_00008107,CUST_00000634,TXN_0000060037,None,0.179,0.305,0.035,0.26,0.001,0
FRD_00008108,CUST_00000357,TXN_0000033795,None,0.112,0.071,0.073,0.291,0.0,0
FRD_00008109,CUST_00000374,TXN_0000035408,None,0.121,0.304,0.04,0.027,0.001,0
FRD_00008110,CUST_00000093,TXN_0000008777,None,0.171,0.316,0.064,0.033,0.198,0
FRD_00008111,CUST_00000573,TXN_0000054285,None,0.176,0.278,0.006,0.309,0.001,0
FRD_00008112,CUST_00000454,TXN_0000043042,None,0.236,0.395,0.016,0.377,0.001,0
FRD_00008113,CUST_00000916,TXN_0000086805,None,0.143,0.288,0.038,0.133,0.009,0
FRD_00008114,CUST_00000405,TXN_0000038296,None,0.103,0.246,0.07,0.011,0.003,0
FRD_00008115,CUST_00000370,TXN_0000035044,None,0.199,0.162,0.02,0.552,0.001,0
FRD_00008116,CUST_00000001,TXN_0000000089,None,0.142,0.243,0.166,0.067,0.035,0
FRD_00008117,CUST_00000612,TXN_0000057976,None,0.089,0.127,0.002,0.175,0.0,0
FRD_00008118,CUST_00000353,TXN_0000033397,None,0.167,0.295,0.0,0.219,0.047,0
FRD_00008119,CUST_00000945,TXN_0000089502,None,0.242,0.332,0.519,0.089,0.0,0
FRD_00008120,CUST_00000501,TXN_0000047452,None,0.082,0.132,0.005,0.126,0.018,0
FRD_00008121,CUST_00000016,TXN_0000001442,None,0.053,0.076,0.008,0.1,0.001,0
FRD_00008122,CUST_00000229,TXN_0000021667,None,0.231,0.175,0.617,0.183,0.002,0
FRD_00008123,CUST_00000150,TXN_0000014169,None,0.083,0.089,0.009,0.104,0.122,0
FRD_00008124,CUST_00000247,TXN_0000023371,None,0.101,0.242,0.035,0.034,0.003,0
FRD_00008125,CUST_00000248,TXN_0000023495,None,0.154,0.201,0.301,0.014,0.098,0
FRD_00008126,CUST_00000067,TXN_0000006317,None,0.244,0.168,0.003,0.616,0.154,0
FRD_00008127,CUST_00000299,TXN_0000028336,None,0.172,0.167,0.146,0.337,0.003,0
FRD_00008128,CUST_00000713,TXN_0000067566,None,0.126,0.145,0.022,0.283,0.0,0
FRD_00008129,CUST_00000676,TXN_0000064089,None,0.14,0.193,0.218,0.039,0.094,0
FRD_00008130,CUST_00000227,TXN_0000021514,None,0.051,0.105,0.011,0.048,0.002,0
FRD_00008131,CUST_00000814,TXN_0000077080,None,0.106,0.138,0.2,0.056,0.017,0
FRD_00008132,CUST_00000729,TXN_0000069090,None,0.162,0.054,0.522,0.153,0.001,0
FRD_00008133,CUST_00000814,TXN_0000077102,None,0.211,0.253,0.041,0.257,0.248,0
FRD_00008134,CUST_00000449,TXN_0000042489,None,0.108,0.042,0.095,0.193,0.131,0
FRD_00008135,CUST_00000070,TXN_0000006570,None,0.206,0.15,0.012,0.442,0.204,0
FRD_00008136,CUST_00000249,TXN_0000023532,None,0.127,0.242,0.145,0.054,0.0,0
FRD_00008137,CUST_00000424,TXN_0000040102,None,0.193,0.28,0.093,0.306,0.0,0
FRD_00008138,CUST_00000573,TXN_0000054257,None,0.114,0.258,0.087,0.016,0.01,0
FRD_00008139,CUST_00000071,TXN_0000006692,None,0.226,0.059,0.565,0.309,0.075,0
FRD_00008140,CUST_00000633,TXN_0000059984,None,0.131,0.282,0.006,0.087,0.049,0
FRD_00008141,CUST_00000831,TXN_0000078696,None,0.164,0.341,0.122,0.042,0.049,0
FRD_00008142,CUST_00000190,TXN_0000018036,None,0.059,0.164,0.003,0.004,0.001,0
FRD_00008143,CUST_00000299,TXN_0000028255,None,0.137,0.129,0.001,0.36,0.01,0
FRD_00008144,CUST_00000806,TXN_0000076373,None,0.127,0.243,0.008,0.137,0.03,0
FRD_00008145,CUST_00000480,TXN_0000045498,None,0.329,0.297,0.601,0.396,0.028,0
FRD_00008146,CUST_00000085,TXN_0000007970,None,0.079,0.203,0.0,0.022,0.011,0
FRD_00008147,CUST_00000398,TXN_0000037687,None,0.138,0.182,0.001,0.297,0.0,0
FRD_00008148,CUST_00000195,TXN_0000018439,Identity Theft / Synthetic ID,0.523,0.916,0.08,0.727,0.022,1
FRD_00008149,CUST_00000543,TXN_0000051437,Account Takeover (ATO),0.488,0.868,0.105,0.653,0.002,1
FRD_00008150,CUST_00000020,TXN_0000001880,None,0.198,0.154,0.057,0.529,0.0,0
FRD_00008151,CUST_00000187,TXN_0000017720,None,0.193,0.33,0.0,0.203,0.136,0
FRD_00008152,CUST_00000218,TXN_0000020598,None,0.128,0.255,0.017,0.136,0.009,0
FRD_00008153,CUST_00000952,TXN_0000090138,None,0.104,0.213,0.002,0.116,0.0,0
FRD_00008154,CUST_00000791,TXN_0000074947,None,0.219,0.359,0.106,0.289,0.0,0
FRD_00008155,CUST_00000107,TXN_0000010100,None,0.131,0.107,0.198,0.213,0.001,0
FRD_00008156,CUST_00000214,TXN_0000020292,None,0.2,0.262,0.27,0.205,0.013,0
FRD_00008157,CUST_00000915,TXN_0000086663,None,0.22,0.248,0.0,0.505,0.035,0
FRD_00008158,CUST_00000980,TXN_0000092783,None,0.08,0.137,0.12,0.031,0.001,0
FRD_00008159,CUST_00000750,TXN_0000071077,None,0.079,0.195,0.002,0.026,0.017,0
FRD_00008160,CUST_00000521,TXN_0000049309,Card Not Present (CNP) Fraud,0.355,0.966,0.013,0.051,0.006,1
FRD_00008161,CUST_00000297,TXN_0000028117,None,0.131,0.067,0.052,0.359,0.035,0
FRD_00008162,CUST_00000786,TXN_0000074444,None,0.142,0.191,0.136,0.188,0.003,0
FRD_00008163,CUST_00000985,TXN_0000093339,None,0.242,0.366,0.102,0.365,0.01,0
FRD_00008164,CUST_00000108,TXN_0000010215,None,0.264,0.333,0.304,0.346,0.003,0
FRD_00008165,CUST_00000262,TXN_0000024801,None,0.242,0.116,0.016,0.792,0.001,0
FRD_00008166,CUST_00000346,TXN_0000032787,None,0.101,0.097,0.154,0.143,0.001,0
FRD_00008167,CUST_00000244,TXN_0000023125,None,0.151,0.156,0.215,0.189,0.029,0
FRD_00008168,CUST_00000304,TXN_0000028790,None,0.269,0.224,0.73,0.146,0.041,0
FRD_00008169,CUST_00000052,TXN_0000004879,None,0.255,0.263,0.176,0.492,0.026,0
FRD_00008170,CUST_00000716,TXN_0000067795,None,0.195,0.258,0.195,0.202,0.077,0
FRD_00008171,CUST_00000830,TXN_0000078659,None,0.12,0.162,0.023,0.204,0.038,0
FRD_00008172,CUST_00000973,TXN_0000092123,None,0.18,0.287,0.0,0.319,0.0,0
FRD_00008173,CUST_00000637,TXN_0000060387,None,0.08,0.095,0.083,0.076,0.058,0
FRD_00008174,CUST_00000375,TXN_0000035488,None,0.071,0.073,0.145,0.067,0.0,0
FRD_00008175,CUST_00000020,TXN_0000001816,None,0.183,0.12,0.082,0.487,0.014,0
FRD_00008176,CUST_00000256,TXN_0000024209,None,0.059,0.098,0.005,0.093,0.0,0
FRD_00008177,CUST_00000707,TXN_0000067015,None,0.163,0.081,0.003,0.535,0.0,0
FRD_00008178,CUST_00000438,TXN_0000041497,None,0.167,0.19,0.069,0.345,0.001,0
FRD_00008179,CUST_00000438,TXN_0000041441,None,0.128,0.035,0.06,0.413,0.003,0
FRD_00008180,CUST_00000020,TXN_0000001881,None,0.183,0.143,0.201,0.223,0.187,0
FRD_00008181,CUST_00000417,TXN_0000039523,None,0.272,0.138,0.144,0.775,0.006,0
FRD_00008182,CUST_00000400,TXN_0000037876,None,0.114,0.193,0.034,0.089,0.085,0
FRD_00008183,CUST_00000918,TXN_0000086918,None,0.261,0.18,0.185,0.342,0.376,0
FRD_00008184,CUST_00000404,TXN_0000038266,None,0.129,0.199,0.163,0.106,0.002,0
FRD_00008185,CUST_00000415,TXN_0000039273,None,0.157,0.116,0.09,0.368,0.03,0
FRD_00008186,CUST_00000813,TXN_0000077000,None,0.102,0.217,0.039,0.067,0.006,0
FRD_00008187,CUST_00000414,TXN_0000039197,None,0.123,0.101,0.02,0.241,0.118,0
FRD_00008188,CUST_00000635,TXN_0000060112,None,0.235,0.227,0.178,0.479,0.002,0
FRD_00008189,CUST_00000578,TXN_0000054736,None,0.301,0.347,0.404,0.264,0.166,0
FRD_00008190,CUST_00000948,TXN_0000089787,None,0.149,0.071,0.193,0.34,0.001,0
FRD_00008191,CUST_00000957,TXN_0000090674,None,0.134,0.213,0.076,0.177,0.0,0
FRD_00008192,CUST_00000050,TXN_0000004670,None,0.065,0.025,0.075,0.138,0.034,0
FRD_00008193,CUST_00000747,TXN_0000070823,None,0.239,0.209,0.002,0.574,0.112,0
FRD_00008194,CUST_00000045,TXN_0000004231,None,0.077,0.122,0.085,0.07,0.001,0
FRD_00008195,CUST_00000971,TXN_0000091934,None,0.298,0.369,0.009,0.644,0.03,0
FRD_00008196,CUST_00000635,TXN_0000060200,None,0.229,0.229,0.024,0.431,0.179,0
FRD_00008197,CUST_00000159,TXN_0000015042,Card Not Present (CNP) Fraud,0.396,0.882,0.028,0.261,0.082,1
FRD_00008198,CUST_00000628,TXN_0000059533,None,0.125,0.338,0.015,0.015,0.0,0
FRD_00008199,CUST_00000411,TXN_0000038944,None,0.177,0.37,0.007,0.184,0.0,0
FRD_00008200,CUST_00000659,TXN_0000062384,None,0.202,0.233,0.2,0.215,0.132,0
FRD_00008201,CUST_00000883,TXN_0000083631,None,0.155,0.297,0.074,0.12,0.032,0
FRD_00008202,CUST_00000361,TXN_0000034215,None,0.077,0.041,0.052,0.14,0.084,0
FRD_00008203,CUST_00000790,TXN_0000074885,None,0.147,0.354,0.087,0.016,0.01,0
FRD_00008204,CUST_00000326,TXN_0000030904,None,0.072,0.164,0.008,0.05,0.0,0
FRD_00008205,CUST_00000207,TXN_0000019572,None,0.084,0.165,0.039,0.058,0.019,0
FRD_00008206,CUST_00000920,TXN_0000087196,None,0.225,0.278,0.393,0.133,0.079,0
FRD_00008207,CUST_00000245,TXN_0000023170,None,0.244,0.311,0.238,0.31,0.048,0
FRD_00008208,CUST_00000494,TXN_0000046818,None,0.106,0.177,0.099,0.096,0.0,0
FRD_00008209,CUST_00000442,TXN_0000041826,None,0.169,0.188,0.068,0.357,0.003,0
FRD_00008210,CUST_00000185,TXN_0000017527,None,0.082,0.165,0.025,0.056,0.027,0
FRD_00008211,CUST_00000530,TXN_0000050198,None,0.116,0.249,0.001,0.094,0.026,0
FRD_00008212,CUST_00000214,TXN_0000020229,None,0.222,0.182,0.384,0.312,0.015,0
FRD_00008213,CUST_00000671,TXN_0000063560,None,0.072,0.056,0.041,0.134,0.052,0
FRD_00008214,CUST_00000760,TXN_0000072052,None,0.296,0.276,0.493,0.378,0.03,0
FRD_00008215,CUST_00000004,TXN_0000000370,None,0.166,0.136,0.104,0.389,0.004,0
FRD_00008216,CUST_00000425,TXN_0000040203,None,0.248,0.216,0.0,0.585,0.133,0
FRD_00008217,CUST_00000388,TXN_0000036751,None,0.093,0.149,0.0,0.162,0.0,0
FRD_00008218,CUST_00000819,TXN_0000077595,None,0.225,0.208,0.593,0.082,0.064,0
FRD_00008219,CUST_00000572,TXN_0000054178,None,0.171,0.146,0.015,0.464,0.002,0
FRD_00008220,CUST_00000900,TXN_0000085229,None,0.139,0.121,0.062,0.338,0.0,0
FRD_00008221,CUST_00000587,TXN_0000055546,None,0.076,0.107,0.006,0.135,0.018,0
FRD_00008222,CUST_00000489,TXN_0000046325,None,0.104,0.2,0.019,0.027,0.115,0
FRD_00008223,CUST_00000247,TXN_0000023374,None,0.257,0.199,0.099,0.657,0.017,0
FRD_00008224,CUST_00000471,TXN_0000044665,None,0.218,0.169,0.191,0.4,0.105,0
FRD_00008225,CUST_00000146,TXN_0000013814,None,0.089,0.181,0.068,0.048,0.001,0
FRD_00008226,CUST_00000029,TXN_0000002684,None,0.104,0.128,0.032,0.213,0.0,0
FRD_00008227,CUST_00000873,TXN_0000082695,None,0.176,0.06,0.001,0.358,0.328,0
FRD_00008228,CUST_00000141,TXN_0000013394,None,0.113,0.21,0.065,0.106,0.001,0
FRD_00008229,CUST_00000592,TXN_0000056062,None,0.165,0.262,0.113,0.041,0.202,0
FRD_00008230,CUST_00000365,TXN_0000034549,None,0.177,0.349,0.123,0.12,0.001,0
FRD_00008231,CUST_00000120,TXN_0000011332,None,0.137,0.223,0.004,0.234,0.0,0
FRD_00008232,CUST_00000235,TXN_0000022272,None,0.148,0.179,0.256,0.122,0.019,0
FRD_00008233,CUST_00000375,TXN_0000035485,None,0.157,0.215,0.093,0.253,0.001,0
FRD_00008234,CUST_00000989,TXN_0000093673,None,0.177,0.311,0.174,0.08,0.066,0
FRD_00008235,CUST_00000621,TXN_0000058796,None,0.168,0.304,0.099,0.053,0.143,0
FRD_00008236,CUST_00000599,TXN_0000056718,None,0.081,0.155,0.031,0.043,0.048,0
FRD_00008237,CUST_00000319,TXN_0000030180,None,0.126,0.204,0.082,0.149,0.006,0
FRD_00008238,CUST_00000059,TXN_0000005565,None,0.213,0.347,0.013,0.308,0.059,0
FRD_00008239,CUST_00000686,TXN_0000065023,None,0.185,0.206,0.032,0.418,0.01,0
FRD_00008240,CUST_00000870,TXN_0000082371,None,0.337,0.26,0.486,0.413,0.226,0
FRD_00008241,CUST_00000881,TXN_0000083465,None,0.183,0.202,0.152,0.265,0.076,0
FRD_00008242,CUST_00000749,TXN_0000070949,UPI Phishing / Collect Request Fraud,0.355,0.863,0.006,0.12,0.109,1
FRD_00008243,CUST_00000316,TXN_0000029940,None,0.08,0.127,0.03,0.113,0.008,0
FRD_00008244,CUST_00000181,TXN_0000017164,None,0.106,0.172,0.001,0.183,0.0,0
FRD_00008245,CUST_00000968,TXN_0000091657,None,0.231,0.32,0.392,0.157,0.006,0
FRD_00008246,CUST_00000441,TXN_0000041762,None,0.174,0.112,0.137,0.427,0.001,0
FRD_00008247,CUST_00000524,TXN_0000049639,None,0.177,0.171,0.018,0.394,0.074,0
FRD_00008248,CUST_00000437,TXN_0000041413,None,0.108,0.18,0.0,0.133,0.061,0
FRD_00008249,CUST_00000102,TXN_0000009684,None,0.163,0.371,0.04,0.099,0.001,0
FRD_00008250,CUST_00000440,TXN_0000041642,None,0.207,0.295,0.048,0.316,0.074,0
FRD_00008251,CUST_00000691,TXN_0000065490,None,0.163,0.224,0.271,0.116,0.006,0
FRD_00008252,CUST_00000212,TXN_0000020113,None,0.303,0.31,0.027,0.716,0.052,0
FRD_00008253,CUST_00000766,TXN_0000072543,None,0.309,0.161,0.421,0.639,0.045,0
FRD_00008254,CUST_00000811,TXN_0000076803,None,0.217,0.349,0.378,0.057,0.026,0
FRD_00008255,CUST_00000077,TXN_0000007282,None,0.191,0.286,0.095,0.136,0.191,0
FRD_00008256,CUST_00000561,TXN_0000053140,None,0.223,0.239,0.039,0.525,0.002,0
FRD_00008257,CUST_00000594,TXN_0000056249,None,0.308,0.308,0.223,0.612,0.014,0
FRD_00008258,CUST_00000108,TXN_0000010164,None,0.138,0.196,0.003,0.242,0.042,0
FRD_00008259,CUST_00000643,TXN_0000060908,None,0.149,0.19,0.001,0.304,0.033,0
FRD_00008260,CUST_00000437,TXN_0000041426,None,0.243,0.167,0.178,0.538,0.07,0
FRD_00008261,CUST_00000821,TXN_0000077805,None,0.092,0.13,0.053,0.142,0.0,0
FRD_00008262,CUST_00000608,TXN_0000057577,None,0.207,0.278,0.132,0.164,0.212,0
FRD_00008263,CUST_00000143,TXN_0000013568,None,0.059,0.109,0.003,0.08,0.003,0
FRD_00008264,CUST_00000709,TXN_0000067143,None,0.166,0.332,0.236,0.008,0.004,0
FRD_00008265,CUST_00000156,TXN_0000014741,None,0.148,0.207,0.125,0.2,0.004,0
FRD_00008266,CUST_00000718,TXN_0000067989,None,0.083,0.075,0.006,0.207,0.017,0
FRD_00008267,CUST_00000311,TXN_0000029452,None,0.11,0.24,0.025,0.065,0.024,0
FRD_00008268,CUST_00000238,TXN_0000022528,None,0.135,0.133,0.099,0.261,0.018,0
FRD_00008269,CUST_00000274,TXN_0000025866,None,0.119,0.259,0.034,0.078,0.012,0
FRD_00008270,CUST_00000448,TXN_0000042464,None,0.068,0.08,0.038,0.024,0.132,0
FRD_00008271,CUST_00000138,TXN_0000013081,None,0.116,0.199,0.143,0.069,0.0,0
FRD_00008272,CUST_00000138,TXN_0000013095,None,0.125,0.233,0.139,0.007,0.07,0
FRD_00008273,CUST_00000916,TXN_0000086801,None,0.197,0.224,0.0,0.197,0.349,0
FRD_00008274,CUST_00000557,TXN_0000052765,None,0.195,0.302,0.09,0.277,0.01,0
FRD_00008275,CUST_00000376,TXN_0000035607,None,0.199,0.259,0.443,0.077,0.0,0
FRD_00008276,CUST_00000145,TXN_0000013723,None,0.083,0.191,0.033,0.039,0.001,0
FRD_00008277,CUST_00000602,TXN_0000057048,None,0.212,0.29,0.511,0.034,0.001,0
FRD_00008278,CUST_00000739,TXN_0000070027,None,0.121,0.191,0.002,0.215,0.0,0
FRD_00008279,CUST_00000942,TXN_0000089189,None,0.102,0.211,0.038,0.081,0.001,0
FRD_00008280,CUST_00000941,TXN_0000089114,None,0.047,0.067,0.051,0.044,0.012,0
FRD_00008281,CUST_00000005,TXN_0000000445,None,0.111,0.187,0.193,0.027,0.002,0
FRD_00008282,CUST_00000430,TXN_0000040745,None,0.147,0.19,0.079,0.239,0.025,0
FRD_00008283,CUST_00000696,TXN_0000065955,None,0.151,0.24,0.01,0.236,0.032,0
FRD_00008284,CUST_00000243,TXN_0000022957,None,0.111,0.172,0.148,0.069,0.019,0
FRD_00008285,CUST_00000602,TXN_0000057041,None,0.2,0.083,0.152,0.563,0.0,0
FRD_00008286,CUST_00000792,TXN_0000074999,UPI Phishing / Collect Request Fraud,0.401,0.862,0.089,0.257,0.084,1
FRD_00008287,CUST_00000320,TXN_0000030259,None,0.107,0.138,0.001,0.231,0.003,0
FRD_00008288,CUST_00000078,TXN_0000007327,None,0.044,0.083,0.003,0.058,0.001,0
FRD_00008289,CUST_00000899,TXN_0000085123,None,0.244,0.264,0.049,0.566,0.002,0
FRD_00008290,CUST_00000309,TXN_0000029268,None,0.147,0.221,0.09,0.181,0.032,0
FRD_00008291,CUST_00000749,TXN_0000070940,UPI Phishing / Collect Request Fraud,0.357,0.931,0.135,0.016,0.0,1
FRD_00008292,CUST_00000451,TXN_0000042700,None,0.146,0.222,0.022,0.058,0.245,0
FRD_00008293,CUST_00000201,TXN_0000019003,None,0.173,0.191,0.331,0.134,0.034,0
FRD_00008294,CUST_00000109,TXN_0000010309,None,0.307,0.287,0.464,0.434,0.024,0
FRD_00008295,CUST_00000535,TXN_0000050662,None,0.084,0.231,0.009,0.006,0.0,0
FRD_00008296,CUST_00000784,TXN_0000074300,None,0.182,0.149,0.137,0.26,0.189,0
FRD_00008297,CUST_00000613,TXN_0000058111,None,0.17,0.253,0.006,0.306,0.018,0
FRD_00008298,CUST_00000329,TXN_0000031188,None,0.154,0.091,0.008,0.484,0.0,0
FRD_00008299,CUST_00000496,TXN_0000047022,None,0.145,0.27,0.223,0.018,0.008,0
FRD_00008300,CUST_00000084,TXN_0000007927,None,0.097,0.049,0.248,0.121,0.001,0
FRD_00008301,CUST_00000616,TXN_0000058323,None,0.161,0.318,0.006,0.195,0.0,0
FRD_00008302,CUST_00000939,TXN_0000088978,None,0.196,0.208,0.165,0.353,0.01,0
FRD_00008303,CUST_00000188,TXN_0000017806,None,0.165,0.226,0.055,0.269,0.038,0
FRD_00008304,CUST_00000517,TXN_0000048998,None,0.153,0.168,0.14,0.265,0.001,0
FRD_00008305,CUST_00000320,TXN_0000030348,None,0.162,0.279,0.013,0.224,0.031,0
FRD_00008306,CUST_00000837,TXN_0000079283,None,0.061,0.087,0.001,0.119,0.001,0
FRD_00008307,CUST_00000377,TXN_0000035673,None,0.146,0.219,0.159,0.129,0.029,0
FRD_00008308,CUST_00000780,TXN_0000073875,None,0.149,0.227,0.062,0.212,0.023,0
FRD_00008309,CUST_00000803,TXN_0000076106,None,0.048,0.124,0.011,0.003,0.008,0
FRD_00008310,CUST_00000576,TXN_0000054572,None,0.137,0.333,0.056,0.038,0.0,0
FRD_00008311,CUST_00000059,TXN_0000005602,None,0.163,0.145,0.032,0.413,0.013,0
FRD_00008312,CUST_00000510,TXN_0000048279,None,0.144,0.302,0.1,0.069,0.005,0
FRD_00008313,CUST_00000641,TXN_0000060737,None,0.06,0.124,0.0,0.066,0.003,0
FRD_00008314,CUST_00000804,TXN_0000076149,None,0.217,0.223,0.106,0.47,0.0,0
FRD_00008315,CUST_00000793,TXN_0000075141,UPI Phishing / Collect Request Fraud,0.405,0.909,0.041,0.31,0.007,1
FRD_00008316,CUST_00000715,TXN_0000067768,None,0.165,0.281,0.069,0.209,0.003,0
FRD_00008317,CUST_00000160,TXN_0000015132,None,0.182,0.311,0.164,0.159,0.001,0
FRD_00008318,CUST_00000090,TXN_0000008526,None,0.082,0.106,0.004,0.161,0.018,0
FRD_00008319,CUST_00000981,TXN_0000092938,None,0.07,0.056,0.036,0.17,0.003,0
FRD_00008320,CUST_00000094,TXN_0000008850,None,0.122,0.27,0.061,0.058,0.002,0
FRD_00008321,CUST_00000663,TXN_0000062794,None,0.142,0.148,0.001,0.268,0.116,0
FRD_00008322,CUST_00000263,TXN_0000024904,None,0.165,0.312,0.091,0.07,0.103,0
FRD_00008323,CUST_00000020,TXN_0000001859,None,0.093,0.163,0.001,0.145,0.0,0
FRD_00008324,CUST_00000267,TXN_0000025229,None,0.162,0.286,0.092,0.175,0.0,0
FRD_00008325,CUST_00000419,TXN_0000039699,None,0.098,0.221,0.084,0.015,0.0,0
FRD_00008326,CUST_00000846,TXN_0000080177,None,0.223,0.171,0.062,0.602,0.002,0
FRD_00008327,CUST_00000752,TXN_0000071283,None,0.151,0.214,0.121,0.206,0.004,0
FRD_00008328,CUST_00000428,TXN_0000040570,None,0.134,0.192,0.054,0.222,0.0,0
FRD_00008329,CUST_00000231,TXN_0000021907,None,0.171,0.189,0.011,0.393,0.02,0
FRD_00008330,CUST_00000952,TXN_0000090134,None,0.241,0.304,0.107,0.451,0.001,0
FRD_00008331,CUST_00000692,TXN_0000065514,None,0.271,0.207,0.012,0.785,0.0,0
FRD_00008332,CUST_00000976,TXN_0000092412,None,0.186,0.268,0.029,0.329,0.023,0
FRD_00008333,CUST_00000042,TXN_0000003930,None,0.2,0.313,0.139,0.232,0.025,0
FRD_00008334,CUST_00000781,TXN_0000073977,None,0.198,0.122,0.073,0.56,0.005,0
FRD_00008335,CUST_00000999,TXN_0000094630,None,0.111,0.182,0.055,0.145,0.001,0
FRD_00008336,CUST_00000708,TXN_0000067065,None,0.155,0.256,0.301,0.016,0.005,0
FRD_00008337,CUST_00000633,TXN_0000059990,None,0.135,0.29,0.087,0.064,0.0,0
FRD_00008338,CUST_00000166,TXN_0000015716,None,0.074,0.076,0.022,0.156,0.022,0
FRD_00008339,CUST_00000408,TXN_0000038610,None,0.142,0.157,0.122,0.196,0.07,0
FRD_00008340,CUST_00000258,TXN_0000024381,None,0.098,0.203,0.011,0.1,0.001,0
FRD_00008341,CUST_00000660,TXN_0000062546,None,0.199,0.231,0.008,0.391,0.094,0
FRD_00008342,CUST_00000361,TXN_0000034181,None,0.099,0.067,0.004,0.237,0.08,0
FRD_00008343,CUST_00000518,TXN_0000049042,None,0.172,0.203,0.0,0.386,0.02,0
FRD_00008344,CUST_00000595,TXN_0000056329,None,0.116,0.135,0.098,0.062,0.168,0
FRD_00008345,CUST_00000576,TXN_0000054538,None,0.144,0.269,0.035,0.169,0.001,0
FRD_00008346,CUST_00000959,TXN_0000090836,None,0.144,0.229,0.125,0.088,0.082,0
FRD_00008347,CUST_00000694,TXN_0000065742,None,0.104,0.098,0.158,0.043,0.138,0
FRD_00008348,CUST_00000426,TXN_0000040370,None,0.181,0.244,0.157,0.165,0.116,0
FRD_00008349,CUST_00000391,TXN_0000037061,None,0.144,0.241,0.04,0.188,0.025,0
FRD_00008350,CUST_00000068,TXN_0000006437,None,0.127,0.148,0.012,0.276,0.019,0
FRD_00008351,CUST_00000911,TXN_0000086244,None,0.177,0.259,0.263,0.121,0.019,0
FRD_00008352,CUST_00000928,TXN_0000087889,None,0.169,0.353,0.041,0.072,0.098,0
FRD_00008353,CUST_00000223,TXN_0000021070,None,0.071,0.162,0.004,0.012,0.052,0
FRD_00008354,CUST_00000596,TXN_0000056462,None,0.1,0.177,0.049,0.112,0.001,0
FRD_00008355,CUST_00000944,TXN_0000089413,None,0.152,0.273,0.0,0.056,0.21,0
FRD_00008356,CUST_00000025,TXN_0000002319,None,0.203,0.253,0.03,0.379,0.07,0
FRD_00008357,CUST_00000169,TXN_0000015986,None,0.098,0.204,0.003,0.104,0.0,0
FRD_00008358,CUST_00000293,TXN_0000027722,None,0.096,0.148,0.012,0.165,0.002,0
FRD_00008359,CUST_00000802,TXN_0000076030,None,0.141,0.271,0.023,0.165,0.0,0
FRD_00008360,CUST_00000212,TXN_0000020073,None,0.169,0.17,0.235,0.214,0.046,0
FRD_00008361,CUST_00000964,TXN_0000091309,None,0.158,0.252,0.08,0.217,0.0,0
FRD_00008362,CUST_00000101,TXN_0000009563,None,0.145,0.282,0.113,0.088,0.01,0
FRD_00008363,CUST_00000632,TXN_0000059908,None,0.144,0.231,0.025,0.232,0.001,0
FRD_00008364,CUST_00000521,TXN_0000049368,Identity Theft / Synthetic ID,0.425,0.869,0.081,0.418,0.0,1
FRD_00008365,CUST_00000780,TXN_0000073932,None,0.109,0.107,0.043,0.192,0.076,0
FRD_00008366,CUST_00000657,TXN_0000062203,None,0.1,0.222,0.047,0.051,0.0,0
FRD_00008367,CUST_00000683,TXN_0000064684,None,0.149,0.174,0.044,0.311,0.006,0
FRD_00008368,CUST_00000092,TXN_0000008691,None,0.174,0.188,0.359,0.081,0.081,0
FRD_00008369,CUST_00000108,TXN_0000010214,None,0.19,0.225,0.077,0.382,0.004,0
FRD_00008370,CUST_00000258,TXN_0000024411,None,0.142,0.293,0.0,0.157,0.003,0
FRD_00008371,CUST_00000615,TXN_0000058260,None,0.185,0.181,0.03,0.365,0.121,0
FRD_00008372,CUST_00000646,TXN_0000061166,None,0.123,0.092,0.022,0.346,0.001,0
FRD_00008373,CUST_00000455,TXN_0000043120,None,0.181,0.29,0.034,0.283,0.012,0
FRD_00008374,CUST_00000516,TXN_0000048881,None,0.285,0.313,0.079,0.636,0.002,0
FRD_00008375,CUST_00000241,TXN_0000022765,None,0.116,0.207,0.074,0.089,0.033,0
FRD_00008376,CUST_00000180,TXN_0000017083,None,0.234,0.241,0.021,0.385,0.248,0
FRD_00008377,CUST_00000801,TXN_0000075896,None,0.105,0.131,0.018,0.21,0.016,0
FRD_00008378,CUST_00000836,TXN_0000079239,None,0.187,0.297,0.199,0.172,0.001,0
FRD_00008379,CUST_00000754,TXN_0000071409,None,0.207,0.199,0.274,0.308,0.03,0
FRD_00008380,CUST_00000252,TXN_0000023874,None,0.085,0.212,0.004,0.042,0.0,0
FRD_00008381,CUST_00000891,TXN_0000084424,None,0.103,0.188,0.004,0.144,0.0,0
FRD_00008382,CUST_00000939,TXN_0000088933,None,0.107,0.26,0.072,0.007,0.0,0
FRD_00008383,CUST_00000472,TXN_0000044743,None,0.194,0.214,0.002,0.459,0.022,0
FRD_00008384,CUST_00000247,TXN_0000023354,None,0.044,0.05,0.086,0.036,0.0,0
FRD_00008385,CUST_00000911,TXN_0000086313,None,0.143,0.141,0.218,0.188,0.017,0
FRD_00008386,CUST_00000394,TXN_0000037256,Account Takeover (ATO),0.378,0.945,0.182,0.043,0.001,1
FRD_00008387,CUST_00000228,TXN_0000021600,None,0.148,0.137,0.079,0.335,0.002,0
FRD_00008388,CUST_00000763,TXN_0000072289,None,0.28,0.227,0.415,0.465,0.004,0
FRD_00008389,CUST_00000616,TXN_0000058360,None,0.077,0.147,0.022,0.084,0.0,0
FRD_00008390,CUST_00000075,TXN_0000007065,None,0.072,0.019,0.004,0.259,0.001,0
FRD_00008391,CUST_00000414,TXN_0000039201,None,0.137,0.314,0.06,0.04,0.025,0
FRD_00008392,CUST_00000958,TXN_0000090716,None,0.219,0.218,0.019,0.554,0.004,0
FRD_00008393,CUST_00000292,TXN_0000027643,None,0.119,0.248,0.147,0.01,0.002,0
FRD_00008394,CUST_00000304,TXN_0000028793,None,0.108,0.089,0.064,0.216,0.049,0
FRD_00008395,CUST_00000531,TXN_0000050287,None,0.182,0.169,0.016,0.434,0.058,0
FRD_00008396,CUST_00000289,TXN_0000027391,None,0.094,0.211,0.006,0.074,0.003,0
FRD_00008397,CUST_00000596,TXN_0000056425,None,0.119,0.136,0.245,0.075,0.018,0
FRD_00008398,CUST_00000686,TXN_0000064979,None,0.203,0.149,0.321,0.343,0.005,0
FRD_00008399,CUST_00000473,TXN_0000044793,None,0.168,0.281,0.01,0.219,0.066,0
FRD_00008400,CUST_00000495,TXN_0000046834,None,0.142,0.159,0.007,0.341,0.0,0
FRD_00008401,CUST_00000157,TXN_0000014895,None,0.186,0.131,0.054,0.516,0.004,0
FRD_00008402,CUST_00000969,TXN_0000091796,None,0.209,0.315,0.001,0.265,0.163,0
FRD_00008403,CUST_00000672,TXN_0000063631,None,0.201,0.134,0.152,0.493,0.0,0
FRD_00008404,CUST_00000965,TXN_0000091365,None,0.213,0.277,0.374,0.115,0.061,0
FRD_00008405,CUST_00000673,TXN_0000063793,None,0.19,0.278,0.001,0.273,0.119,0
FRD_00008406,CUST_00000147,TXN_0000013932,None,0.211,0.214,0.004,0.522,0.025,0
FRD_00008407,CUST_00000624,TXN_0000059141,None,0.107,0.053,0.084,0.246,0.051,0
FRD_00008408,CUST_00000108,TXN_0000010239,None,0.222,0.205,0.018,0.548,0.048,0
FRD_00008409,CUST_00000363,TXN_0000034335,None,0.116,0.3,0.028,0.006,0.02,0
FRD_00008410,CUST_00000143,TXN_0000013530,None,0.218,0.264,0.008,0.378,0.148,0
FRD_00008411,CUST_00000890,TXN_0000084327,None,0.15,0.284,0.001,0.201,0.003,0
FRD_00008412,CUST_00000743,TXN_0000070432,None,0.196,0.304,0.293,0.036,0.112,0
FRD_00008413,CUST_00000403,TXN_0000038168,None,0.206,0.186,0.322,0.294,0.013,0
FRD_00008414,CUST_00000659,TXN_0000062417,None,0.176,0.26,0.402,0.006,0.014,0
FRD_00008415,CUST_00000931,TXN_0000088141,None,0.148,0.158,0.217,0.165,0.042,0
FRD_00008416,CUST_00000967,TXN_0000091621,None,0.099,0.068,0.127,0.195,0.003,0
FRD_00008417,CUST_00000544,TXN_0000051479,UPI Phishing / Collect Request Fraud,0.421,0.995,0.029,0.267,0.001,1
FRD_00008418,CUST_00000903,TXN_0000085551,None,0.142,0.127,0.048,0.352,0.002,0
FRD_00008419,CUST_00000036,TXN_0000003343,None,0.124,0.217,0.041,0.083,0.096,0
FRD_00008420,CUST_00000709,TXN_0000067139,None,0.12,0.143,0.043,0.214,0.041,0
FRD_00008421,CUST_00000431,TXN_0000040854,None,0.175,0.33,0.096,0.16,0.0,0
FRD_00008422,CUST_00000389,TXN_0000036797,None,0.177,0.194,0.161,0.304,0.003,0
FRD_00008423,CUST_00000264,TXN_0000024958,None,0.115,0.194,0.002,0.183,0.004,0
FRD_00008424,CUST_00000247,TXN_0000023344,None,0.207,0.292,0.011,0.41,0.0,0
FRD_00008425,CUST_00000511,TXN_0000048434,None,0.169,0.24,0.0,0.313,0.035,0
FRD_00008426,CUST_00000033,TXN_0000003072,None,0.199,0.265,0.013,0.414,0.0,0
FRD_00008427,CUST_00000704,TXN_0000066720,None,0.12,0.148,0.009,0.251,0.019,0
FRD_00008428,CUST_00000997,TXN_0000094403,None,0.077,0.041,0.286,0.022,0.002,0
FRD_00008429,CUST_00000044,TXN_0000004155,None,0.148,0.28,0.013,0.072,0.145,0
FRD_00008430,CUST_00000727,TXN_0000068819,None,0.2,0.196,0.067,0.47,0.003,0
FRD_00008431,CUST_00000957,TXN_0000090684,None,0.177,0.227,0.04,0.341,0.021,0
FRD_00008432,CUST_00000799,TXN_0000075740,None,0.092,0.162,0.0,0.047,0.118,0
FRD_00008433,CUST_00000554,TXN_0000052468,None,0.168,0.309,0.08,0.171,0.007,0
FRD_00008434,CUST_00000076,TXN_0000007181,None,0.122,0.168,0.082,0.174,0.015,0
FRD_00008435,CUST_00000204,TXN_0000019313,Account Takeover (ATO),0.42,0.99,0.017,0.281,0.0,1
FRD_00008436,CUST_00000912,TXN_0000086423,None,0.237,0.156,0.013,0.698,0.026,0
FRD_00008437,CUST_00000606,TXN_0000057409,None,0.115,0.301,0.006,0.033,0.001,0
FRD_00008438,CUST_00000271,TXN_0000025648,None,0.135,0.3,0.025,0.1,0.0,0
FRD_00008439,CUST_00000657,TXN_0000062231,None,0.159,0.119,0.002,0.453,0.019,0
FRD_00008440,CUST_00000857,TXN_0000081177,None,0.175,0.345,0.194,0.062,0.001,0
FRD_00008441,CUST_00000335,TXN_0000031730,None,0.079,0.099,0.025,0.156,0.0,0
FRD_00008442,CUST_00000175,TXN_0000016580,Identity Theft / Synthetic ID,0.321,0.897,0.0,0.028,0.002,1
FRD_00008443,CUST_00000825,TXN_0000078126,None,0.185,0.25,0.014,0.38,0.0,0
FRD_00008444,CUST_00000848,TXN_0000080352,None,0.121,0.153,0.243,0.058,0.021,0
FRD_00008445,CUST_00000105,TXN_0000009905,None,0.225,0.208,0.175,0.441,0.035,0
FRD_00008446,CUST_00000527,TXN_0000049943,None,0.173,0.276,0.187,0.058,0.122,0
FRD_00008447,CUST_00000308,TXN_0000029200,None,0.208,0.34,0.029,0.333,0.0,0
FRD_00008448,CUST_00000816,TXN_0000077270,None,0.061,0.13,0.03,0.028,0.014,0
FRD_00008449,CUST_00000276,TXN_0000026121,None,0.14,0.294,0.095,0.036,0.045,0
FRD_00008450,CUST_00000785,TXN_0000074342,None,0.239,0.142,0.007,0.731,0.026,0
FRD_00008451,CUST_00000556,TXN_0000052631,None,0.191,0.17,0.243,0.287,0.054,0
FRD_00008452,CUST_00000085,TXN_0000007992,None,0.084,0.082,0.002,0.105,0.145,0
FRD_00008453,CUST_00000973,TXN_0000092116,None,0.049,0.045,0.013,0.12,0.002,0
FRD_00008454,CUST_00000551,TXN_0000052188,None,0.229,0.099,0.522,0.295,0.082,0
FRD_00008455,CUST_00000033,TXN_0000003032,None,0.156,0.315,0.156,0.057,0.0,0
FRD_00008456,CUST_00000011,TXN_0000000958,None,0.094,0.189,0.039,0.081,0.0,0
FRD_00008457,CUST_00000422,TXN_0000039978,None,0.235,0.338,0.014,0.41,0.059,0
FRD_00008458,CUST_00000439,TXN_0000041541,None,0.148,0.094,0.134,0.298,0.069,0
FRD_00008459,CUST_00000006,TXN_0000000520,None,0.172,0.209,0.026,0.374,0.0,0
FRD_00008460,CUST_00000402,TXN_0000038071,None,0.173,0.166,0.034,0.396,0.046,0
FRD_00008461,CUST_00000561,TXN_0000053116,None,0.102,0.256,0.03,0.021,0.006,0
FRD_00008462,CUST_00000091,TXN_0000008590,None,0.153,0.12,0.246,0.235,0.015,0
FRD_00008463,CUST_00000146,TXN_0000013829,None,0.148,0.245,0.081,0.184,0.001,0
FRD_00008464,CUST_00000780,TXN_0000073894,None,0.057,0.067,0.132,0.028,0.0,0
FRD_00008465,CUST_00000431,TXN_0000040826,None,0.147,0.146,0.126,0.265,0.021,0
FRD_00008466,CUST_00000866,TXN_0000081997,None,0.135,0.227,0.225,0.026,0.022,0
FRD_00008467,CUST_00000361,TXN_0000034146,None,0.038,0.065,0.011,0.052,0.002,0
FRD_00008468,CUST_00000182,TXN_0000017247,None,0.077,0.072,0.149,0.083,0.004,0
FRD_00008469,CUST_00000742,TXN_0000070354,None,0.207,0.253,0.0,0.454,0.026,0
FRD_00008470,CUST_00000758,TXN_0000071786,None,0.294,0.166,0.218,0.767,0.001,0
FRD_00008471,CUST_00000631,TXN_0000059770,None,0.109,0.174,0.043,0.145,0.018,0
FRD_00008472,CUST_00000993,TXN_0000094013,None,0.176,0.21,0.29,0.178,0.0,0
FRD_00008473,CUST_00000316,TXN_0000029945,None,0.115,0.178,0.135,0.091,0.013,0
FRD_00008474,CUST_00000050,TXN_0000004658,None,0.081,0.111,0.034,0.021,0.153,0
FRD_00008475,CUST_00000039,TXN_0000003639,None,0.14,0.353,0.016,0.047,0.01,0
FRD_00008476,CUST_00000414,TXN_0000039198,None,0.188,0.303,0.07,0.271,0.001,0
FRD_00008477,CUST_00000488,TXN_0000046238,None,0.168,0.158,0.182,0.3,0.006,0
FRD_00008478,CUST_00000344,TXN_0000032538,None,0.139,0.141,0.134,0.159,0.116,0
FRD_00008479,CUST_00000736,TXN_0000069709,None,0.214,0.238,0.003,0.507,0.019,0
FRD_00008480,CUST_00000258,TXN_0000024430,None,0.04,0.055,0.001,0.056,0.032,0
FRD_00008481,CUST_00000549,TXN_0000051965,None,0.064,0.078,0.027,0.106,0.023,0
FRD_00008482,CUST_00000859,TXN_0000081341,None,0.111,0.193,0.111,0.085,0.0,0
FRD_00008483,CUST_00000414,TXN_0000039157,None,0.173,0.283,0.11,0.177,0.038,0
FRD_00008484,CUST_00000248,TXN_0000023421,None,0.146,0.313,0.005,0.123,0.024,0
FRD_00008485,CUST_00000198,TXN_0000018798,None,0.14,0.222,0.066,0.058,0.172,0
FRD_00008486,CUST_00000009,TXN_0000000804,None,0.187,0.287,0.236,0.159,0.0,0
FRD_00008487,CUST_00000537,TXN_0000050884,None,0.135,0.324,0.063,0.032,0.003,0
FRD_00008488,CUST_00000163,TXN_0000015404,None,0.122,0.06,0.181,0.232,0.036,0
FRD_00008489,CUST_00000811,TXN_0000076847,None,0.129,0.182,0.03,0.141,0.118,0
FRD_00008490,CUST_00000870,TXN_0000082368,None,0.081,0.084,0.015,0.193,0.002,0
FRD_00008491,CUST_00000264,TXN_0000024948,None,0.158,0.276,0.058,0.063,0.168,0
FRD_00008492,CUST_00000068,TXN_0000006405,None,0.233,0.054,0.289,0.517,0.137,0
FRD_00008493,CUST_00000078,TXN_0000007356,None,0.179,0.286,0.293,0.073,0.011,0
FRD_00008494,CUST_00000211,TXN_0000019979,None,0.131,0.205,0.003,0.208,0.031,0
FRD_00008495,CUST_00000154,TXN_0000014557,None,0.205,0.169,0.115,0.414,0.095,0
FRD_00008496,CUST_00000056,TXN_0000005309,None,0.274,0.261,0.018,0.449,0.335,0
FRD_00008497,CUST_00000752,TXN_0000071284,None,0.121,0.214,0.218,0.011,0.0,0
FRD_00008498,CUST_00000075,TXN_0000007069,None,0.203,0.189,0.23,0.317,0.057,0
FRD_00008499,CUST_00000830,TXN_0000078601,None,0.076,0.154,0.025,0.056,0.013,0
FRD_00008500,CUST_00000414,TXN_0000039189,None,0.133,0.169,0.0,0.245,0.063,0
FRD_00008501,CUST_00000708,TXN_0000067061,None,0.045,0.058,0.022,0.073,0.009,0
FRD_00008502,CUST_00000649,TXN_0000061500,None,0.032,0.023,0.082,0.025,0.008,0
FRD_00008503,CUST_00000393,TXN_0000037223,None,0.08,0.1,0.047,0.14,0.001,0
FRD_00008504,CUST_00000933,TXN_0000088327,None,0.095,0.2,0.08,0.001,0.042,0
FRD_00008505,CUST_00000805,TXN_0000076286,None,0.236,0.261,0.187,0.28,0.187,0
FRD_00008506,CUST_00000399,TXN_0000037819,None,0.164,0.249,0.014,0.298,0.0,0
FRD_00008507,CUST_00000560,TXN_0000053059,None,0.192,0.139,0.187,0.422,0.0,0
FRD_00008508,CUST_00000876,TXN_0000082923,None,0.322,0.376,0.011,0.753,0.002,0
FRD_00008509,CUST_00000793,TXN_0000075144,Identity Theft / Synthetic ID,0.366,0.861,0.078,0.195,0.0,1
FRD_00008510,CUST_00000926,TXN_0000087675,None,0.136,0.381,0.008,0.002,0.001,0
FRD_00008511,CUST_00000925,TXN_0000087614,None,0.225,0.247,0.001,0.545,0.008,0
FRD_00008512,CUST_00000959,TXN_0000090797,None,0.1,0.148,0.022,0.042,0.168,0
FRD_00008513,CUST_00000432,TXN_0000040923,None,0.144,0.286,0.19,0.02,0.002,0
FRD_00008514,CUST_00000286,TXN_0000027071,None,0.231,0.184,0.148,0.547,0.0,0
FRD_00008515,CUST_00000824,TXN_0000078057,None,0.148,0.238,0.087,0.185,0.004,0
FRD_00008516,CUST_00000341,TXN_0000032319,None,0.105,0.216,0.003,0.116,0.0,0
FRD_00008517,CUST_00000534,TXN_0000050617,None,0.148,0.199,0.142,0.115,0.104,0
FRD_00008518,CUST_00000400,TXN_0000037899,None,0.192,0.152,0.002,0.256,0.37,0
FRD_00008519,CUST_00000280,TXN_0000026450,None,0.128,0.286,0.0,0.099,0.018,0
FRD_00008520,CUST_00000566,TXN_0000053542,Account Takeover (ATO),0.48,0.922,0.003,0.621,0.008,1
FRD_00008521,CUST_00000699,TXN_0000066264,None,0.225,0.341,0.119,0.323,0.008,0
FRD_00008522,CUST_00000918,TXN_0000086985,None,0.185,0.228,0.089,0.309,0.053,0
FRD_00008523,CUST_00000235,TXN_0000022276,None,0.09,0.156,0.044,0.03,0.097,0
FRD_00008524,CUST_00000709,TXN_0000067175,None,0.133,0.308,0.0,0.082,0.024,0
FRD_00008525,CUST_00000968,TXN_0000091664,None,0.134,0.189,0.045,0.235,0.003,0
FRD_00008526,CUST_00000394,TXN_0000037304,UPI Phishing / Collect Request Fraud,0.383,0.939,0.056,0.126,0.06,1
FRD_00008527,CUST_00000076,TXN_0000007143,None,0.074,0.142,0.004,0.078,0.022,0
FRD_00008528,CUST_00000126,TXN_0000011944,None,0.126,0.266,0.008,0.119,0.008,0
FRD_00008529,CUST_00000519,TXN_0000049161,None,0.087,0.175,0.007,0.097,0.002,0
FRD_00008530,CUST_00000399,TXN_0000037802,None,0.118,0.224,0.054,0.09,0.03,0
FRD_00008531,CUST_00000907,TXN_0000085905,None,0.213,0.145,0.09,0.352,0.281,0
FRD_00008532,CUST_00000315,TXN_0000029817,None,0.203,0.308,0.008,0.331,0.053,0
FRD_00008533,CUST_00000071,TXN_0000006729,None,0.075,0.161,0.001,0.066,0.009,0
FRD_00008534,CUST_00000784,TXN_0000074282,None,0.158,0.249,0.102,0.148,0.069,0
FRD_00008535,CUST_00000410,TXN_0000038826,None,0.158,0.174,0.07,0.32,0.014,0
FRD_00008536,CUST_00000846,TXN_0000080156,None,0.181,0.25,0.127,0.252,0.027,0
FRD_00008537,CUST_00000570,TXN_0000053947,None,0.371,0.245,0.101,0.854,0.26,0
FRD_00008538,CUST_00000774,TXN_0000073329,None,0.088,0.211,0.0,0.036,0.028,0
FRD_00008539,CUST_00000452,TXN_0000042814,None,0.081,0.112,0.192,0.0,0.016,0
FRD_00008540,CUST_00000819,TXN_0000077586,None,0.259,0.256,0.196,0.521,0.002,0
FRD_00008541,CUST_00000898,TXN_0000085058,None,0.126,0.26,0.001,0.139,0.001,0
FRD_00008542,CUST_00000496,TXN_0000047013,None,0.157,0.184,0.016,0.316,0.051,0
FRD_00008543,CUST_00000026,TXN_0000002373,None,0.088,0.15,0.059,0.092,0.003,0
FRD_00008544,CUST_00000183,TXN_0000017318,None,0.213,0.239,0.216,0.3,0.057,0
FRD_00008545,CUST_00000898,TXN_0000085063,None,0.183,0.1,0.029,0.145,0.532,0
FRD_00008546,CUST_00000710,TXN_0000067214,None,0.154,0.265,0.015,0.214,0.022,0
FRD_00008547,CUST_00000289,TXN_0000027323,None,0.178,0.148,0.14,0.379,0.019,0
FRD_00008548,CUST_00000495,TXN_0000046857,None,0.098,0.223,0.097,0.004,0.0,0
FRD_00008549,CUST_00000359,TXN_0000034010,None,0.223,0.197,0.251,0.408,0.011,0
FRD_00008550,CUST_00000181,TXN_0000017156,None,0.193,0.349,0.002,0.275,0.01,0
FRD_00008551,CUST_00000224,TXN_0000021185,None,0.148,0.175,0.098,0.262,0.007,0
FRD_00008552,CUST_00000663,TXN_0000062818,None,0.132,0.207,0.03,0.193,0.026,0
FRD_00008553,CUST_00000718,TXN_0000068033,None,0.266,0.248,0.03,0.679,0.015,0
FRD_00008554,CUST_00000063,TXN_0000005924,None,0.146,0.213,0.13,0.173,0.012,0
FRD_00008555,CUST_00000298,TXN_0000028220,None,0.234,0.304,0.027,0.439,0.062,0
FRD_00008556,CUST_00000987,TXN_0000093507,None,0.12,0.252,0.04,0.095,0.0,0
FRD_00008557,CUST_00000829,TXN_0000078524,None,0.112,0.101,0.279,0.056,0.034,0
FRD_00008558,CUST_00000791,TXN_0000074954,None,0.104,0.226,0.016,0.041,0.055,0
FRD_00008559,CUST_00000305,TXN_0000028878,None,0.12,0.267,0.002,0.101,0.005,0
FRD_00008560,CUST_00000644,TXN_0000060992,None,0.186,0.238,0.032,0.384,0.001,0
FRD_00008561,CUST_00000278,TXN_0000026323,None,0.132,0.193,0.0,0.258,0.001,0
FRD_00008562,CUST_00000412,TXN_0000038970,None,0.085,0.155,0.003,0.121,0.0,0
FRD_00008563,CUST_00000755,TXN_0000071534,None,0.204,0.247,0.037,0.353,0.111,0
FRD_00008564,CUST_00000972,TXN_0000092053,None,0.061,0.053,0.001,0.039,0.163,0
FRD_00008565,CUST_00000839,TXN_0000079475,None,0.117,0.267,0.033,0.047,0.026,0
FRD_00008566,CUST_00000220,TXN_0000020860,None,0.138,0.185,0.213,0.115,0.009,0
FRD_00008567,CUST_00000537,TXN_0000050836,None,0.195,0.278,0.006,0.386,0.0,0
FRD_00008568,CUST_00000124,TXN_0000011690,None,0.065,0.082,0.009,0.11,0.035,0
FRD_00008569,CUST_00000399,TXN_0000037754,None,0.09,0.159,0.0,0.118,0.024,0
FRD_00008570,CUST_00000666,TXN_0000063118,None,0.095,0.105,0.002,0.229,0.001,0
FRD_00008571,CUST_00000589,TXN_0000055733,None,0.153,0.13,0.052,0.274,0.145,0
FRD_00008572,CUST_00000921,TXN_0000087245,None,0.15,0.228,0.055,0.025,0.266,0
FRD_00008573,CUST_00000721,TXN_0000068283,None,0.062,0.153,0.02,0.013,0.006,0
FRD_00008574,CUST_00000039,TXN_0000003628,None,0.124,0.135,0.28,0.07,0.014,0
FRD_00008575,CUST_00000299,TXN_0000028266,None,0.107,0.233,0.015,0.062,0.037,0
FRD_00008576,CUST_00000822,TXN_0000077894,None,0.182,0.239,0.098,0.272,0.054,0
FRD_00008577,CUST_00000205,TXN_0000019402,None,0.225,0.18,0.003,0.64,0.005,0
FRD_00008578,CUST_00000551,TXN_0000052184,None,0.117,0.203,0.032,0.158,0.0,0
FRD_00008579,CUST_00000559,TXN_0000052911,None,0.168,0.287,0.122,0.07,0.13,0
FRD_00008580,CUST_00000009,TXN_0000000832,None,0.098,0.138,0.183,0.047,0.007,0
FRD_00008581,CUST_00000149,TXN_0000014150,None,0.176,0.26,0.194,0.181,0.003,0
FRD_00008582,CUST_00000388,TXN_0000036695,None,0.16,0.211,0.344,0.067,0.001,0
FRD_00008583,CUST_00000782,TXN_0000074119,None,0.062,0.033,0.117,0.107,0.003,0
FRD_00008584,CUST_00000845,TXN_0000079988,None,0.083,0.113,0.055,0.104,0.032,0
FRD_00008585,CUST_00000026,TXN_0000002431,None,0.193,0.089,0.146,0.504,0.034,0
FRD_00008586,CUST_00000988,TXN_0000093583,None,0.126,0.282,0.0,0.111,0.0,0
FRD_00008587,CUST_00000467,TXN_0000044267,None,0.17,0.29,0.022,0.247,0.011,0
FRD_00008588,CUST_00000300,TXN_0000028385,None,0.213,0.184,0.019,0.407,0.215,0
FRD_00008589,CUST_00000312,TXN_0000029569,None,0.183,0.196,0.069,0.401,0.0,0
FRD_00008590,CUST_00000943,TXN_0000089361,None,0.1,0.123,0.04,0.194,0.0,0
FRD_00008591,CUST_00000599,TXN_0000056753,None,0.067,0.065,0.038,0.144,0.005,0
FRD_00008592,CUST_00000323,TXN_0000030555,None,0.082,0.113,0.015,0.001,0.197,0
FRD_00008593,CUST_00000161,TXN_0000015275,None,0.196,0.321,0.196,0.121,0.07,0
FRD_00008594,CUST_00000467,TXN_0000044211,None,0.226,0.263,0.105,0.451,0.0,0
FRD_00008595,CUST_00000100,TXN_0000009455,None,0.131,0.226,0.116,0.113,0.002,0
FRD_00008596,CUST_00000739,TXN_0000070011,None,0.082,0.105,0.108,0.093,0.003,0
FRD_00008597,CUST_00000716,TXN_0000067803,None,0.222,0.267,0.054,0.417,0.068,0
FRD_00008598,CUST_00000597,TXN_0000056591,None,0.234,0.282,0.12,0.429,0.022,0
FRD_00008599,CUST_00000483,TXN_0000045745,None,0.207,0.183,0.422,0.226,0.008,0
FRD_00008600,CUST_00000113,TXN_0000010721,None,0.13,0.186,0.254,0.058,0.0,0
FRD_00008601,CUST_00000114,TXN_0000010818,None,0.17,0.328,0.084,0.137,0.021,0
FRD_00008602,CUST_00000501,TXN_0000047427,None,0.07,0.151,0.006,0.063,0.0,0
FRD_00008603,CUST_00000115,TXN_0000010836,None,0.164,0.203,0.027,0.187,0.203,0
FRD_00008604,CUST_00000399,TXN_0000037733,None,0.109,0.234,0.031,0.037,0.059,0
FRD_00008605,CUST_00000118,TXN_0000011134,None,0.103,0.155,0.024,0.043,0.165,0
FRD_00008606,CUST_00000888,TXN_0000084111,None,0.142,0.302,0.01,0.128,0.01,0
FRD_00008607,CUST_00000512,TXN_0000048481,None,0.068,0.108,0.019,0.096,0.013,0
FRD_00008608,CUST_00000936,TXN_0000088635,None,0.211,0.197,0.253,0.095,0.337,0
FRD_00008609,CUST_00000862,TXN_0000081625,None,0.142,0.244,0.0,0.227,0.0,0
FRD_00008610,CUST_00000492,TXN_0000046609,None,0.124,0.074,0.315,0.079,0.076,0
FRD_00008611,CUST_00000449,TXN_0000042523,None,0.098,0.181,0.039,0.087,0.024,0
FRD_00008612,CUST_00000622,TXN_0000058888,None,0.151,0.203,0.218,0.102,0.053,0
FRD_00008613,CUST_00000870,TXN_0000082424,None,0.075,0.067,0.025,0.139,0.059,0
FRD_00008614,CUST_00000672,TXN_0000063674,None,0.087,0.117,0.004,0.182,0.0,0
FRD_00008615,CUST_00000081,TXN_0000007621,None,0.129,0.175,0.092,0.166,0.041,0
FRD_00008616,CUST_00000179,TXN_0000016959,None,0.095,0.201,0.038,0.066,0.002,0
FRD_00008617,CUST_00000821,TXN_0000077766,None,0.07,0.101,0.048,0.093,0.009,0
FRD_00008618,CUST_00000906,TXN_0000085784,None,0.146,0.042,0.01,0.445,0.089,0
FRD_00008619,CUST_00000286,TXN_0000027108,None,0.132,0.124,0.013,0.344,0.001,0
FRD_00008620,CUST_00000863,TXN_0000081760,None,0.124,0.141,0.012,0.274,0.017,0
FRD_00008621,CUST_00000862,TXN_0000081672,None,0.093,0.117,0.134,0.055,0.056,0
FRD_00008622,CUST_00000125,TXN_0000011835,None,0.122,0.2,0.049,0.12,0.06,0
FRD_00008623,CUST_00000622,TXN_0000058926,None,0.059,0.053,0.131,0.057,0.001,0
FRD_00008624,CUST_00000019,TXN_0000001752,None,0.197,0.103,0.319,0.343,0.058,0
FRD_00008625,CUST_00000537,TXN_0000050839,None,0.043,0.026,0.091,0.062,0.0,0
FRD_00008626,CUST_00000837,TXN_0000079284,None,0.138,0.16,0.002,0.314,0.016,0
FRD_00008627,CUST_00000842,TXN_0000079744,None,0.195,0.106,0.278,0.205,0.257,0
FRD_00008628,CUST_00000231,TXN_0000021822,None,0.179,0.305,0.185,0.069,0.09,0
FRD_00008629,CUST_00000217,TXN_0000020570,None,0.087,0.173,0.007,0.099,0.001,0
FRD_00008630,CUST_00000485,TXN_0000045923,None,0.149,0.194,0.21,0.154,0.003,0
FRD_00008631,CUST_00000896,TXN_0000084884,None,0.137,0.09,0.09,0.337,0.017,0
FRD_00008632,CUST_00000589,TXN_0000055791,None,0.224,0.335,0.31,0.152,0.035,0
FRD_00008633,CUST_00000036,TXN_0000003364,None,0.082,0.204,0.05,0.0,0.001,0
FRD_00008634,CUST_00000273,TXN_0000025772,None,0.106,0.264,0.023,0.035,0.0,0
FRD_00008635,CUST_00000515,TXN_0000048803,None,0.175,0.249,0.004,0.347,0.001,0
FRD_00008636,CUST_00000480,TXN_0000045451,None,0.15,0.32,0.004,0.147,0.0,0
FRD_00008637,CUST_00000370,TXN_0000035046,None,0.023,0.033,0.003,0.037,0.007,0
FRD_00008638,CUST_00000713,TXN_0000067536,None,0.116,0.154,0.011,0.239,0.003,0
FRD_00008639,CUST_00000423,TXN_0000040021,None,0.123,0.085,0.061,0.309,0.021,0
FRD_00008640,CUST_00000542,TXN_0000051301,None,0.244,0.256,0.391,0.267,0.047,0
FRD_00008641,CUST_00000634,TXN_0000060042,None,0.196,0.337,0.022,0.293,0.003,0
FRD_00008642,CUST_00000630,TXN_0000059718,None,0.084,0.156,0.13,0.013,0.0,0
FRD_00008643,CUST_00000710,TXN_0000067209,None,0.206,0.171,0.093,0.471,0.051,0
FRD_00008644,CUST_00000345,TXN_0000032632,None,0.27,0.185,0.468,0.43,0.023,0
FRD_00008645,CUST_00000502,TXN_0000047543,None,0.14,0.166,0.001,0.324,0.001,0
FRD_00008646,CUST_00000097,TXN_0000009203,None,0.113,0.284,0.022,0.038,0.001,0
FRD_00008647,CUST_00000992,TXN_0000093982,None,0.11,0.144,0.001,0.224,0.016,0
FRD_00008648,CUST_00000652,TXN_0000061784,None,0.081,0.204,0.032,0.012,0.0,0
FRD_00008649,CUST_00000752,TXN_0000071287,None,0.143,0.157,0.005,0.286,0.076,0
FRD_00008650,CUST_00000688,TXN_0000065205,None,0.135,0.266,0.137,0.057,0.003,0
FRD_00008651,CUST_00000385,TXN_0000036429,None,0.271,0.318,0.127,0.539,0.0,0
FRD_00008652,CUST_00000623,TXN_0000058992,None,0.156,0.225,0.007,0.297,0.006,0
FRD_00008653,CUST_00000578,TXN_0000054722,None,0.151,0.309,0.167,0.039,0.0,0
FRD_00008654,CUST_00000421,TXN_0000039814,None,0.131,0.334,0.032,0.03,0.001,0
FRD_00008655,CUST_00000762,TXN_0000072148,None,0.234,0.239,0.068,0.126,0.527,0
FRD_00008656,CUST_00000082,TXN_0000007723,None,0.143,0.121,0.014,0.379,0.018,0
FRD_00008657,CUST_00000897,TXN_0000084989,None,0.152,0.082,0.343,0.218,0.001,0
FRD_00008658,CUST_00000456,TXN_0000043143,None,0.125,0.095,0.255,0.097,0.081,0
FRD_00008659,CUST_00000798,TXN_0000075587,None,0.127,0.252,0.063,0.094,0.015,0
FRD_00008660,CUST_00000431,TXN_0000040783,None,0.178,0.285,0.017,0.178,0.154,0
FRD_00008661,CUST_00000638,TXN_0000060445,None,0.105,0.118,0.036,0.113,0.139,0
FRD_00008662,CUST_00000004,TXN_0000000352,None,0.132,0.223,0.046,0.132,0.059,0
FRD_00008663,CUST_00000404,TXN_0000038270,None,0.14,0.248,0.034,0.137,0.062,0
FRD_00008664,CUST_00000132,TXN_0000012529,None,0.094,0.089,0.062,0.181,0.026,0
FRD_00008665,CUST_00000657,TXN_0000062208,None,0.135,0.28,0.015,0.064,0.091,0
FRD_00008666,CUST_00000160,TXN_0000015138,None,0.065,0.168,0.004,0.021,0.0,0
FRD_00008667,CUST_00000618,TXN_0000058574,None,0.171,0.174,0.002,0.438,0.002,0
FRD_00008668,CUST_00000818,TXN_0000077477,None,0.2,0.206,0.145,0.334,0.076,0
FRD_00008669,CUST_00000740,TXN_0000070108,None,0.219,0.291,0.251,0.258,0.012,0
FRD_00008670,CUST_00000507,TXN_0000048024,None,0.11,0.252,0.02,0.05,0.027,0
FRD_00008671,CUST_00000154,TXN_0000014608,None,0.226,0.107,0.005,0.745,0.007,0
FRD_00008672,CUST_00000253,TXN_0000023906,Account Takeover (ATO),0.354,0.9,0.006,0.15,0.001,1
FRD_00008673,CUST_00000916,TXN_0000086756,None,0.077,0.144,0.04,0.056,0.022,0
FRD_00008674,CUST_00000009,TXN_0000000839,None,0.208,0.351,0.005,0.316,0.025,0
FRD_00008675,CUST_00000224,TXN_0000021166,None,0.082,0.201,0.008,0.041,0.001,0
FRD_00008676,CUST_00000381,TXN_0000036062,None,0.2,0.287,0.139,0.162,0.157,0
FRD_00008677,CUST_00000901,TXN_0000085346,None,0.246,0.157,0.143,0.473,0.223,0
FRD_00008678,CUST_00000871,TXN_0000082497,None,0.135,0.305,0.029,0.048,0.05,0
FRD_00008679,CUST_00000572,TXN_0000054108,None,0.188,0.173,0.106,0.394,0.037,0
FRD_00008680,CUST_00000082,TXN_0000007721,None,0.116,0.16,0.045,0.128,0.095,0
FRD_00008681,CUST_00000474,TXN_0000044923,None,0.177,0.21,0.045,0.254,0.153,0
FRD_00008682,CUST_00000093,TXN_0000008833,None,0.215,0.245,0.0,0.515,0.001,0
FRD_00008683,CUST_00000757,TXN_0000071694,None,0.236,0.259,0.175,0.1,0.427,0
FRD_00008684,CUST_00000217,TXN_0000020553,None,0.174,0.167,0.084,0.394,0.0,0
FRD_00008685,CUST_00000199,TXN_0000018887,None,0.159,0.149,0.374,0.129,0.0,0
FRD_00008686,CUST_00000153,TXN_0000014532,Account Takeover (ATO),0.331,0.883,0.014,0.075,0.0,1
FRD_00008687,CUST_00000141,TXN_0000013380,None,0.093,0.089,0.051,0.147,0.073,0
FRD_00008688,CUST_00000602,TXN_0000057016,None,0.063,0.145,0.013,0.01,0.034,0
FRD_00008689,CUST_00000858,TXN_0000081237,None,0.108,0.203,0.083,0.05,0.038,0
FRD_00008690,CUST_00000441,TXN_0000041804,None,0.093,0.186,0.006,0.106,0.003,0
FRD_00008691,CUST_00000494,TXN_0000046796,None,0.207,0.311,0.325,0.094,0.049,0
FRD_00008692,CUST_00000263,TXN_0000024889,None,0.115,0.232,0.0,0.134,0.0,0
FRD_00008693,CUST_00000030,TXN_0000002754,None,0.222,0.173,0.378,0.205,0.175,0
FRD_00008694,CUST_00000033,TXN_0000003092,None,0.152,0.239,0.017,0.261,0.0,0
FRD_00008695,CUST_00000325,TXN_0000030765,None,0.068,0.144,0.02,0.052,0.004,0
FRD_00008696,CUST_00000958,TXN_0000090720,None,0.164,0.361,0.035,0.113,0.014,0
FRD_00008697,CUST_00000991,TXN_0000093884,None,0.154,0.337,0.021,0.12,0.008,0
FRD_00008698,CUST_00000253,TXN_0000023958,UPI Phishing / Collect Request Fraud,0.491,0.988,0.169,0.445,0.0,1
FRD_00008699,CUST_00000095,TXN_0000008992,None,0.079,0.139,0.026,0.099,0.004,0
FRD_00008700,CUST_00000713,TXN_0000067555,None,0.065,0.153,0.019,0.026,0.004,0
FRD_00008701,CUST_00000041,TXN_0000003804,None,0.106,0.218,0.074,0.059,0.001,0
FRD_00008702,CUST_00000683,TXN_0000064757,None,0.112,0.196,0.171,0.031,0.005,0
FRD_00008703,CUST_00000476,TXN_0000045119,None,0.234,0.271,0.151,0.392,0.053,0
FRD_00008704,CUST_00000842,TXN_0000079710,None,0.07,0.136,0.01,0.08,0.004,0
FRD_00008705,CUST_00000910,TXN_0000086151,None,0.162,0.129,0.353,0.18,0.004,0
FRD_00008706,CUST_00000157,TXN_0000014890,None,0.148,0.222,0.124,0.182,0.001,0
FRD_00008707,CUST_00000121,TXN_0000011447,None,0.116,0.144,0.284,0.035,0.0,0
FRD_00008708,CUST_00000254,TXN_0000024073,None,0.177,0.284,0.292,0.077,0.001,0
FRD_00008709,CUST_00000765,TXN_0000072476,None,0.141,0.239,0.026,0.207,0.0,0
FRD_00008710,CUST_00000067,TXN_0000006331,None,0.265,0.258,0.159,0.57,0.0,0
FRD_00008711,CUST_00000550,TXN_0000052107,None,0.102,0.207,0.092,0.041,0.004,0
FRD_00008712,CUST_00000844,TXN_0000079924,None,0.181,0.25,0.006,0.365,0.006,0
FRD_00008713,CUST_00000079,TXN_0000007479,None,0.195,0.158,0.371,0.26,0.0,0
FRD_00008714,CUST_00000940,TXN_0000089067,None,0.159,0.372,0.053,0.055,0.02,0
FRD_00008715,CUST_00000937,TXN_0000088731,None,0.11,0.089,0.01,0.217,0.112,0
FRD_00008716,CUST_00000952,TXN_0000090135,None,0.177,0.259,0.062,0.288,0.01,0
FRD_00008717,CUST_00000337,TXN_0000031926,None,0.058,0.093,0.095,0.027,0.0,0
FRD_00008718,CUST_00000601,TXN_0000056944,None,0.108,0.16,0.007,0.204,0.0,0
FRD_00008719,CUST_00000606,TXN_0000057388,None,0.117,0.125,0.061,0.246,0.0,0
FRD_00008720,CUST_00000172,TXN_0000016332,None,0.071,0.181,0.025,0.007,0.004,0
FRD_00008721,CUST_00000556,TXN_0000052691,None,0.198,0.326,0.004,0.311,0.027,0
FRD_00008722,CUST_00000113,TXN_0000010724,None,0.097,0.16,0.1,0.051,0.04,0
FRD_00008723,CUST_00000747,TXN_0000070796,None,0.169,0.228,0.096,0.246,0.044,0
FRD_00008724,CUST_00000294,TXN_0000027873,None,0.323,0.196,0.405,0.662,0.039,0
FRD_00008725,CUST_00000567,TXN_0000053701,None,0.133,0.174,0.001,0.234,0.067,0
FRD_00008726,CUST_00000788,TXN_0000074686,None,0.163,0.28,0.201,0.07,0.034,0
FRD_00008727,CUST_00000624,TXN_0000059123,None,0.191,0.273,0.137,0.274,0.0,0
FRD_00008728,CUST_00000308,TXN_0000029175,None,0.124,0.115,0.219,0.157,0.002,0
FRD_00008729,CUST_00000772,TXN_0000073085,None,0.207,0.185,0.439,0.193,0.03,0
FRD_00008730,CUST_00000416,TXN_0000039377,None,0.114,0.028,0.11,0.328,0.001,0
FRD_00008731,CUST_00000066,TXN_0000006185,None,0.18,0.255,0.084,0.229,0.085,0
FRD_00008732,CUST_00000176,TXN_0000016667,None,0.178,0.191,0.0,0.445,0.0,0
FRD_00008733,CUST_00000247,TXN_0000023379,None,0.096,0.118,0.0,0.045,0.215,0
FRD_00008734,CUST_00000487,TXN_0000046121,None,0.128,0.155,0.196,0.138,0.0,0
FRD_00008735,CUST_00000414,TXN_0000039184,None,0.12,0.301,0.0,0.053,0.009,0
FRD_00008736,CUST_00000341,TXN_0000032301,None,0.169,0.151,0.106,0.38,0.002,0
FRD_00008737,CUST_00000741,TXN_0000070172,None,0.181,0.269,0.322,0.086,0.006,0
FRD_00008738,CUST_00000900,TXN_0000085280,None,0.201,0.212,0.015,0.309,0.232,0
FRD_00008739,CUST_00000502,TXN_0000047579,None,0.196,0.321,0.002,0.33,0.003,0
FRD_00008740,CUST_00000116,TXN_0000010991,None,0.132,0.2,0.039,0.212,0.006,0
FRD_00008741,CUST_00000279,TXN_0000026368,None,0.124,0.257,0.113,0.029,0.02,0
FRD_00008742,CUST_00000117,TXN_0000011031,None,0.135,0.081,0.086,0.353,0.006,0
FRD_00008743,CUST_00000265,TXN_0000025032,None,0.118,0.185,0.075,0.081,0.088,0
FRD_00008744,CUST_00000465,TXN_0000044061,None,0.085,0.161,0.036,0.085,0.002,0
FRD_00008745,CUST_00000866,TXN_0000082047,None,0.184,0.293,0.135,0.215,0.004,0
FRD_00008746,CUST_00000360,TXN_0000034132,Account Takeover (ATO),0.387,0.898,0.007,0.284,0.0,1
FRD_00008747,CUST_00000544,TXN_0000051564,UPI Phishing / Collect Request Fraud,0.308,0.859,0.0,0.028,0.0,1
FRD_00008748,CUST_00000871,TXN_0000082507,None,0.21,0.277,0.007,0.448,0.0,0
FRD_00008749,CUST_00000224,TXN_0000021213,None,0.161,0.152,0.05,0.378,0.014,0
FRD_00008750,CUST_00000465,TXN_0000044058,None,0.108,0.255,0.003,0.071,0.0,0
FRD_00008751,CUST_00000288,TXN_0000027284,None,0.169,0.209,0.016,0.372,0.0,0
FRD_00008752,CUST_00000745,TXN_0000070594,None,0.183,0.269,0.179,0.21,0.004,0
FRD_00008753,CUST_00000316,TXN_0000029954,None,0.217,0.321,0.262,0.203,0.007,0
FRD_00008754,CUST_00000638,TXN_0000060472,None,0.064,0.136,0.048,0.027,0.0,0
FRD_00008755,CUST_00000244,TXN_0000023123,None,0.211,0.329,0.189,0.21,0.03,0
FRD_00008756,CUST_00000812,TXN_0000076880,None,0.107,0.205,0.0,0.086,0.071,0
FRD_00008757,CUST_00000900,TXN_0000085301,None,0.149,0.106,0.069,0.363,0.039,0
FRD_00008758,CUST_00000475,TXN_0000044982,None,0.313,0.258,0.258,0.482,0.251,0
FRD_00008759,CUST_00000191,TXN_0000018073,None,0.217,0.285,0.394,0.022,0.164,0
FRD_00008760,CUST_00000281,TXN_0000026592,None,0.115,0.237,0.0,0.115,0.018,0
FRD_00008761,CUST_00000561,TXN_0000053149,None,0.16,0.241,0.161,0.171,0.001,0
FRD_00008762,CUST_00000664,TXN_0000062885,None,0.153,0.166,0.236,0.19,0.0,0
FRD_00008763,CUST_00000097,TXN_0000009210,None,0.161,0.343,0.182,0.014,0.007,0
FRD_00008764,CUST_00000518,TXN_0000049096,None,0.258,0.272,0.236,0.337,0.157,0
FRD_00008765,CUST_00000013,TXN_0000001194,None,0.148,0.243,0.035,0.192,0.038,0
FRD_00008766,CUST_00000629,TXN_0000059584,None,0.077,0.194,0.005,0.031,0.0,0
FRD_00008767,CUST_00000210,TXN_0000019900,Card Not Present (CNP) Fraud,0.385,0.934,0.004,0.159,0.086,1
FRD_00008768,CUST_00000801,TXN_0000075885,None,0.125,0.166,0.005,0.263,0.0,0
FRD_00008769,CUST_00000979,TXN_0000092727,None,0.15,0.223,0.087,0.217,0.002,0
FRD_00008770,CUST_00000345,TXN_0000032696,None,0.128,0.081,0.116,0.246,0.076,0
FRD_00008771,CUST_00000075,TXN_0000007057,None,0.122,0.13,0.239,0.095,0.026,0
FRD_00008772,CUST_00000764,TXN_0000072366,None,0.142,0.182,0.132,0.209,0.0,0
FRD_00008773,CUST_00000140,TXN_0000013283,None,0.435,0.218,0.591,0.591,0.466,0
FRD_00008774,CUST_00000958,TXN_0000090695,None,0.144,0.159,0.023,0.319,0.021,0
FRD_00008775,CUST_00000284,TXN_0000026872,None,0.194,0.1,0.281,0.409,0.001,0
FRD_00008776,CUST_00000313,TXN_0000029641,None,0.209,0.197,0.054,0.46,0.07,0
FRD_00008777,CUST_00000924,TXN_0000087538,None,0.26,0.327,0.0,0.582,0.0,0
FRD_00008778,CUST_00000437,TXN_0000041389,None,0.139,0.32,0.029,0.079,0.005,0
FRD_00008779,CUST_00000432,TXN_0000040939,None,0.074,0.1,0.131,0.052,0.0,0
FRD_00008780,CUST_00000564,TXN_0000053396,None,0.168,0.29,0.321,0.009,0.0,0
FRD_00008781,CUST_00000041,TXN_0000003836,None,0.128,0.223,0.038,0.169,0.0,0
FRD_00008782,CUST_00000922,TXN_0000087289,None,0.109,0.164,0.088,0.132,0.004,0
FRD_00008783,CUST_00000112,TXN_0000010642,None,0.122,0.265,0.075,0.052,0.005,0
FRD_00008784,CUST_00000794,TXN_0000075255,None,0.202,0.209,0.014,0.46,0.053,0
FRD_00008785,CUST_00000508,TXN_0000048097,None,0.097,0.081,0.0,0.207,0.085,0
FRD_00008786,CUST_00000104,TXN_0000009790,None,0.175,0.206,0.04,0.376,0.006,0
FRD_00008787,CUST_00000748,TXN_0000070847,None,0.12,0.297,0.042,0.031,0.001,0
FRD_00008788,CUST_00000543,TXN_0000051417,Account Takeover (ATO),0.419,0.974,0.08,0.136,0.14,1
FRD_00008789,CUST_00000516,TXN_0000048841,None,0.143,0.263,0.024,0.179,0.008,0
FRD_00008790,CUST_00000900,TXN_0000085210,None,0.26,0.123,0.0,0.441,0.531,0
FRD_00008791,CUST_00000201,TXN_0000019065,None,0.193,0.217,0.112,0.377,0.002,0
FRD_00008792,CUST_00000083,TXN_0000007861,None,0.25,0.243,0.083,0.589,0.006,0
FRD_00008793,CUST_00000485,TXN_0000045948,None,0.188,0.144,0.029,0.526,0.001,0
FRD_00008794,CUST_00000623,TXN_0000058975,None,0.144,0.316,0.024,0.111,0.006,0
FRD_00008795,CUST_00000269,TXN_0000025446,None,0.065,0.099,0.097,0.045,0.0,0
FRD_00008796,CUST_00000720,TXN_0000068250,None,0.214,0.335,0.01,0.313,0.081,0
FRD_00008797,CUST_00000957,TXN_0000090614,None,0.159,0.283,0.073,0.114,0.083,0
FRD_00008798,CUST_00000816,TXN_0000077290,None,0.148,0.259,0.126,0.1,0.034,0
FRD_00008799,CUST_00000501,TXN_0000047417,None,0.133,0.179,0.02,0.267,0.0,0
FRD_00008800,CUST_00000501,TXN_0000047490,None,0.129,0.087,0.004,0.105,0.355,0
FRD_00008801,CUST_00000418,TXN_0000039577,None,0.138,0.319,0.041,0.069,0.005,0
FRD_00008802,CUST_00000055,TXN_0000005174,None,0.215,0.199,0.229,0.367,0.041,0
FRD_00008803,CUST_00000108,TXN_0000010222,None,0.122,0.157,0.054,0.012,0.265,0
FRD_00008804,CUST_00000470,TXN_0000044522,UPI Phishing / Collect Request Fraud,0.344,0.946,0.01,0.039,0.007,1
FRD_00008805,CUST_00000119,TXN_0000011294,None,0.172,0.164,0.064,0.407,0.002,0
FRD_00008806,CUST_00000798,TXN_0000075597,None,0.22,0.116,0.077,0.649,0.009,0
FRD_00008807,CUST_00000062,TXN_0000005833,None,0.212,0.337,0.005,0.008,0.453,0
FRD_00008808,CUST_00000698,TXN_0000066103,None,0.1,0.225,0.05,0.046,0.0,0
FRD_00008809,CUST_00000879,TXN_0000083221,None,0.104,0.067,0.063,0.259,0.014,0
FRD_00008810,CUST_00000258,TXN_0000024369,None,0.121,0.144,0.291,0.035,0.019,0
FRD_00008811,CUST_00000258,TXN_0000024398,None,0.099,0.148,0.109,0.1,0.0,0
FRD_00008812,CUST_00000884,TXN_0000083711,None,0.103,0.24,0.016,0.063,0.0,0
FRD_00008813,CUST_00000946,TXN_0000089605,None,0.311,0.255,0.236,0.697,0.001,0
FRD_00008814,CUST_00000326,TXN_0000030878,None,0.074,0.022,0.008,0.259,0.0,0
FRD_00008815,CUST_00000194,TXN_0000018392,None,0.091,0.209,0.003,0.064,0.006,0
FRD_00008816,CUST_00000567,TXN_0000053651,None,0.149,0.203,0.03,0.287,0.002,0
FRD_00008817,CUST_00000034,TXN_0000003190,None,0.101,0.09,0.0,0.279,0.001,0
FRD_00008818,CUST_00000874,TXN_0000082814,None,0.295,0.314,0.107,0.649,0.006,0
FRD_00008819,CUST_00000911,TXN_0000086252,None,0.152,0.369,0.043,0.054,0.003,0
FRD_00008820,CUST_00000295,TXN_0000027919,None,0.127,0.178,0.001,0.192,0.082,0
FRD_00008821,CUST_00000967,TXN_0000091588,None,0.265,0.345,0.386,0.268,0.0,0
FRD_00008822,CUST_00000369,TXN_0000034976,None,0.239,0.322,0.186,0.063,0.368,0
FRD_00008823,CUST_00000513,TXN_0000048561,None,0.225,0.246,0.01,0.312,0.296,0
FRD_00008824,CUST_00000281,TXN_0000026576,None,0.073,0.158,0.073,0.013,0.0,0
FRD_00008825,CUST_00000804,TXN_0000076151,None,0.129,0.105,0.102,0.287,0.0,0
FRD_00008826,CUST_00000510,TXN_0000048343,None,0.088,0.172,0.02,0.09,0.005,0
FRD_00008827,CUST_00000826,TXN_0000078218,UPI Phishing / Collect Request Fraud,0.374,0.93,0.006,0.182,0.009,1
FRD_00008828,CUST_00000851,TXN_0000080583,None,0.11,0.109,0.0,0.286,0.0,0
FRD_00008829,CUST_00000956,TXN_0000090506,None,0.085,0.114,0.041,0.145,0.003,0
FRD_00008830,CUST_00000762,TXN_0000072207,None,0.169,0.244,0.006,0.299,0.038,0
FRD_00008831,CUST_00000855,TXN_0000080943,None,0.151,0.166,0.213,0.156,0.055,0
FRD_00008832,CUST_00000851,TXN_0000080621,None,0.033,0.027,0.042,0.061,0.0,0
FRD_00008833,CUST_00000228,TXN_0000021616,None,0.127,0.273,0.064,0.073,0.0,0
FRD_00008834,CUST_00000118,TXN_0000011193,None,0.089,0.2,0.031,0.051,0.001,0
FRD_00008835,CUST_00000825,TXN_0000078191,None,0.091,0.252,0.006,0.008,0.0,0
FRD_00008836,CUST_00000369,TXN_0000034916,None,0.256,0.313,0.462,0.189,0.035,0
FRD_00008837,CUST_00000992,TXN_0000093946,None,0.199,0.315,0.153,0.23,0.002,0
FRD_00008838,CUST_00000989,TXN_0000093656,None,0.048,0.107,0.0,0.042,0.001,0
FRD_00008839,CUST_00000929,TXN_0000088007,None,0.151,0.226,0.003,0.197,0.108,0
FRD_00008840,CUST_00000432,TXN_0000040893,None,0.11,0.263,0.089,0.0,0.0,0
FRD_00008841,CUST_00000323,TXN_0000030637,None,0.123,0.048,0.167,0.224,0.086,0
FRD_00008842,CUST_00000640,TXN_0000060675,None,0.214,0.245,0.248,0.315,0.0,0
FRD_00008843,CUST_00000690,TXN_0000065361,None,0.197,0.194,0.122,0.419,0.0,0
FRD_00008844,CUST_00000728,TXN_0000068983,None,0.115,0.22,0.093,0.077,0.0,0
FRD_00008845,CUST_00000526,TXN_0000049785,None,0.149,0.072,0.021,0.462,0.019,0
FRD_00008846,CUST_00000644,TXN_0000060994,None,0.128,0.224,0.097,0.092,0.035,0
FRD_00008847,CUST_00000354,TXN_0000033509,None,0.148,0.283,0.148,0.072,0.005,0
FRD_00008848,CUST_00000966,TXN_0000091455,None,0.208,0.338,0.077,0.278,0.022,0
FRD_00008849,CUST_00000210,TXN_0000019920,Card Not Present (CNP) Fraud,0.447,0.983,0.036,0.328,0.067,1
FRD_00008850,CUST_00000234,TXN_0000022154,None,0.164,0.225,0.228,0.146,0.018,0
FRD_00008851,CUST_00000789,TXN_0000074769,None,0.09,0.099,0.038,0.102,0.112,0
FRD_00008852,CUST_00000694,TXN_0000065702,None,0.16,0.245,0.014,0.278,0.009,0
FRD_00008853,CUST_00000954,TXN_0000090364,None,0.121,0.207,0.008,0.058,0.162,0
FRD_00008854,CUST_00000752,TXN_0000071231,None,0.121,0.2,0.012,0.115,0.098,0
FRD_00008855,CUST_00000239,TXN_0000022614,None,0.137,0.109,0.009,0.317,0.09,0
FRD_00008856,CUST_00000585,TXN_0000055385,None,0.106,0.111,0.012,0.257,0.005,0
FRD_00008857,CUST_00000387,TXN_0000036591,None,0.241,0.25,0.252,0.413,0.0,0
FRD_00008858,CUST_00000169,TXN_0000016010,None,0.171,0.328,0.229,0.04,0.0,0
FRD_00008859,CUST_00000342,TXN_0000032343,None,0.109,0.207,0.134,0.037,0.003,0
FRD_00008860,CUST_00000710,TXN_0000067253,None,0.167,0.148,0.0,0.133,0.412,0
FRD_00008861,CUST_00000671,TXN_0000063532,None,0.051,0.082,0.037,0.045,0.017,0
FRD_00008862,CUST_00000912,TXN_0000086380,None,0.232,0.278,0.248,0.341,0.0,0
FRD_00008863,CUST_00000352,TXN_0000033328,None,0.282,0.235,0.353,0.215,0.375,0
FRD_00008864,CUST_00000522,TXN_0000049420,None,0.056,0.096,0.005,0.086,0.0,0
FRD_00008865,CUST_00000311,TXN_0000029439,None,0.094,0.177,0.035,0.099,0.0,0
FRD_00008866,CUST_00000271,TXN_0000025671,None,0.065,0.155,0.01,0.036,0.0,0
FRD_00008867,CUST_00000699,TXN_0000066245,None,0.098,0.125,0.027,0.189,0.01,0
FRD_00008868,CUST_00000843,TXN_0000079809,None,0.18,0.25,0.0,0.36,0.015,0
FRD_00008869,CUST_00000353,TXN_0000033468,None,0.178,0.187,0.018,0.433,0.004,0
FRD_00008870,CUST_00000479,TXN_0000045404,None,0.264,0.312,0.214,0.367,0.102,0
FRD_00008871,CUST_00000872,TXN_0000082575,None,0.074,0.142,0.052,0.054,0.0,0
FRD_00008872,CUST_00000802,TXN_0000075963,None,0.147,0.099,0.058,0.354,0.059,0
FRD_00008873,CUST_00000626,TXN_0000059260,None,0.145,0.348,0.068,0.021,0.021,0
FRD_00008874,CUST_00000714,TXN_0000067645,None,0.142,0.124,0.122,0.296,0.0,0
FRD_00008875,CUST_00000956,TXN_0000090530,None,0.255,0.154,0.147,0.36,0.406,0
FRD_00008876,CUST_00000669,TXN_0000063408,None,0.063,0.128,0.005,0.068,0.0,0
FRD_00008877,CUST_00000310,TXN_0000029366,None,0.098,0.222,0.096,0.004,0.0,0
FRD_00008878,CUST_00000039,TXN_0000003621,None,0.109,0.163,0.11,0.116,0.005,0
FRD_00008879,CUST_00000127,TXN_0000012052,None,0.141,0.247,0.128,0.114,0.0,0
FRD_00008880,CUST_00000420,TXN_0000039754,None,0.06,0.101,0.084,0.002,0.038,0
FRD_00008881,CUST_00000193,TXN_0000018309,None,0.104,0.058,0.011,0.184,0.177,0
FRD_00008882,CUST_00000508,TXN_0000048141,None,0.104,0.267,0.0,0.027,0.018,0
FRD_00008883,CUST_00000660,TXN_0000062493,None,0.121,0.302,0.006,0.02,0.046,0
FRD_00008884,CUST_00000946,TXN_0000089566,None,0.261,0.092,0.629,0.387,0.03,0
FRD_00008885,CUST_00000148,TXN_0000014052,None,0.112,0.241,0.054,0.069,0.0,0
FRD_00008886,CUST_00000053,TXN_0000005027,None,0.102,0.097,0.01,0.261,0.005,0
FRD_00008887,CUST_00000850,TXN_0000080557,None,0.148,0.237,0.066,0.209,0.0,0
FRD_00008888,CUST_00000408,TXN_0000038631,None,0.127,0.183,0.188,0.095,0.009,0
FRD_00008889,CUST_00000895,TXN_0000084764,None,0.158,0.075,0.134,0.348,0.092,0
FRD_00008890,CUST_00000991,TXN_0000093844,None,0.197,0.123,0.005,0.486,0.156,0
FRD_00008891,CUST_00000069,TXN_0000006469,None,0.106,0.291,0.001,0.007,0.011,0
FRD_00008892,CUST_00000365,TXN_0000034574,None,0.144,0.192,0.242,0.069,0.055,0
FRD_00008893,CUST_00000324,TXN_0000030723,None,0.142,0.047,0.112,0.174,0.298,0
FRD_00008894,CUST_00000544,TXN_0000051488,Account Takeover (ATO),0.426,0.948,0.013,0.363,0.002,1
FRD_00008895,CUST_00000264,TXN_0000024970,None,0.227,0.305,0.476,0.095,0.005,0
FRD_00008896,CUST_00000526,TXN_0000049798,None,0.199,0.287,0.15,0.212,0.08,0
FRD_00008897,CUST_00000062,TXN_0000005806,None,0.217,0.237,0.033,0.394,0.144,0
FRD_00008898,CUST_00000199,TXN_0000018894,None,0.1,0.076,0.018,0.278,0.002,0
FRD_00008899,CUST_00000566,TXN_0000053616,Identity Theft / Synthetic ID,0.449,0.989,0.124,0.297,0.017,1
FRD_00008900,CUST_00000729,TXN_0000069028,None,0.132,0.312,0.071,0.031,0.002,0
FRD_00008901,CUST_00000455,TXN_0000043133,None,0.153,0.251,0.0,0.259,0.001,0
FRD_00008902,CUST_00000411,TXN_0000038946,None,0.118,0.131,0.005,0.248,0.046,0
FRD_00008903,CUST_00000130,TXN_0000012347,None,0.184,0.053,0.006,0.644,0.015,0
FRD_00008904,CUST_00000209,TXN_0000019748,None,0.223,0.263,0.006,0.515,0.004,0
FRD_00008905,CUST_00000296,TXN_0000028036,None,0.129,0.262,0.003,0.148,0.0,0
FRD_00008906,CUST_00000385,TXN_0000036486,None,0.268,0.158,0.024,0.789,0.053,0
FRD_00008907,CUST_00000450,TXN_0000042639,None,0.133,0.21,0.0,0.231,0.011,0
FRD_00008908,CUST_00000838,TXN_0000079424,None,0.11,0.234,0.119,0.016,0.001,0
FRD_00008909,CUST_00000364,TXN_0000034443,None,0.049,0.06,0.017,0.028,0.087,0
FRD_00008910,CUST_00000283,TXN_0000026761,None,0.134,0.145,0.126,0.049,0.231,0
FRD_00008911,CUST_00000557,TXN_0000052736,None,0.147,0.224,0.027,0.243,0.012,0
FRD_00008912,CUST_00000897,TXN_0000085015,None,0.135,0.173,0.022,0.268,0.016,0
FRD_00008913,CUST_00000486,TXN_0000046036,None,0.181,0.153,0.346,0.181,0.064,0
FRD_00008914,CUST_00000322,TXN_0000030501,None,0.067,0.049,0.003,0.197,0.0,0
FRD_00008915,CUST_00000024,TXN_0000002227,None,0.12,0.22,0.094,0.092,0.005,0
FRD_00008916,CUST_00000575,TXN_0000054427,None,0.123,0.146,0.053,0.222,0.027,0
FRD_00008917,CUST_00000799,TXN_0000075660,None,0.24,0.133,0.503,0.371,0.0,0
FRD_00008918,CUST_00000165,TXN_0000015614,None,0.155,0.217,0.011,0.304,0.006,0
FRD_00008919,CUST_00000200,TXN_0000018988,None,0.124,0.246,0.067,0.007,0.115,0
FRD_00008920,CUST_00000290,TXN_0000027410,None,0.141,0.135,0.156,0.113,0.17,0
FRD_00008921,CUST_00000361,TXN_0000034183,None,0.138,0.209,0.017,0.246,0.001,0
FRD_00008922,CUST_00000824,TXN_0000078079,None,0.114,0.088,0.033,0.288,0.024,0
FRD_00008923,CUST_00000506,TXN_0000047913,None,0.097,0.178,0.04,0.079,0.037,0
FRD_00008924,CUST_00000118,TXN_0000011189,None,0.146,0.338,0.0,0.08,0.036,0
FRD_00008925,CUST_00000733,TXN_0000069449,None,0.158,0.192,0.028,0.335,0.009,0
FRD_00008926,CUST_00000355,TXN_0000033628,None,0.227,0.228,0.321,0.119,0.266,0
FRD_00008927,CUST_00000093,TXN_0000008828,None,0.158,0.245,0.168,0.155,0.0,0
FRD_00008928,CUST_00000155,TXN_0000014732,None,0.134,0.145,0.111,0.242,0.003,0
FRD_00008929,CUST_00000571,TXN_0000054078,None,0.211,0.243,0.275,0.21,0.091,0
FRD_00008930,CUST_00000620,TXN_0000058712,None,0.092,0.092,0.0,0.225,0.02,0
FRD_00008931,CUST_00000482,TXN_0000045640,None,0.15,0.254,0.005,0.228,0.015,0
FRD_00008932,CUST_00000780,TXN_0000073876,None,0.217,0.234,0.134,0.417,0.021,0
FRD_00008933,CUST_00000260,TXN_0000024608,None,0.13,0.164,0.002,0.283,0.006,0
FRD_00008934,CUST_00000661,TXN_0000062639,None,0.272,0.26,0.303,0.356,0.159,0
FRD_00008935,CUST_00000135,TXN_0000012827,None,0.137,0.179,0.128,0.193,0.002,0
FRD_00008936,CUST_00000515,TXN_0000048832,None,0.209,0.185,0.403,0.023,0.287,0
FRD_00008937,CUST_00000616,TXN_0000058344,None,0.12,0.201,0.016,0.129,0.07,0
FRD_00008938,CUST_00000112,TXN_0000010551,None,0.164,0.199,0.201,0.208,0.01,0
FRD_00008939,CUST_00000185,TXN_0000017550,None,0.086,0.204,0.014,0.009,0.046,0
FRD_00008940,CUST_00000320,TXN_0000030337,None,0.304,0.162,0.228,0.764,0.054,0
FRD_00008941,CUST_00000317,TXN_0000030040,None,0.112,0.109,0.231,0.023,0.109,0
FRD_00008942,CUST_00000208,TXN_0000019650,None,0.181,0.175,0.004,0.474,0.0,0
FRD_00008943,CUST_00000262,TXN_0000024751,None,0.062,0.082,0.075,0.074,0.0,0
FRD_00008944,CUST_00000034,TXN_0000003170,None,0.084,0.074,0.058,0.011,0.22,0
FRD_00008945,CUST_00000536,TXN_0000050779,None,0.098,0.03,0.253,0.143,0.005,0
FRD_00008946,CUST_00000792,TXN_0000075056,Account Takeover (ATO),0.339,0.898,0.014,0.043,0.057,1
FRD_00008947,CUST_00000032,TXN_0000003002,None,0.169,0.26,0.002,0.098,0.267,0
FRD_00008948,CUST_00000804,TXN_0000076194,None,0.143,0.194,0.23,0.115,0.002,0
FRD_00008949,CUST_00000734,TXN_0000069576,None,0.097,0.244,0.009,0.0,0.05,0
FRD_00008950,CUST_00000543,TXN_0000051427,UPI Phishing / Collect Request Fraud,0.331,0.938,0.001,0.007,0.002,1
FRD_00008951,CUST_00000977,TXN_0000092502,None,0.129,0.266,0.021,0.11,0.023,0
FRD_00008952,CUST_00000121,TXN_0000011421,None,0.141,0.333,0.027,0.066,0.011,0
FRD_00008953,CUST_00000518,TXN_0000049099,None,0.157,0.21,0.237,0.144,0.0,0
FRD_00008954,CUST_00000834,TXN_0000079000,None,0.059,0.04,0.008,0.004,0.213,0
FRD_00008955,CUST_00000545,TXN_0000051599,None,0.289,0.193,0.002,0.797,0.11,0
FRD_00008956,CUST_00000675,TXN_0000063930,None,0.14,0.114,0.079,0.241,0.119,0
FRD_00008957,CUST_00000188,TXN_0000017850,None,0.215,0.356,0.269,0.144,0.001,0
FRD_00008958,CUST_00000452,TXN_0000042799,None,0.15,0.085,0.002,0.478,0.002,0
FRD_00008959,CUST_00000826,TXN_0000078299,UPI Phishing / Collect Request Fraud,0.432,0.919,0.002,0.415,0.03,1
FRD_00008960,CUST_00000042,TXN_0000003952,None,0.115,0.156,0.227,0.057,0.006,0
FRD_00008961,CUST_00000686,TXN_0000065022,None,0.221,0.235,0.389,0.216,0.036,0
FRD_00008962,CUST_00000404,TXN_0000038214,None,0.14,0.274,0.011,0.165,0.001,0
FRD_00008963,CUST_00000871,TXN_0000082491,None,0.19,0.075,0.039,0.454,0.214,0
FRD_00008964,CUST_00000259,TXN_0000024456,None,0.093,0.261,0.001,0.004,0.0,0
FRD_00008965,CUST_00000620,TXN_0000058688,None,0.116,0.244,0.078,0.06,0.0,0
FRD_00008966,CUST_00000270,TXN_0000025541,None,0.098,0.17,0.014,0.073,0.085,0
FRD_00008967,CUST_00000104,TXN_0000009846,None,0.241,0.324,0.133,0.401,0.004,0
FRD_00008968,CUST_00000804,TXN_0000076160,None,0.078,0.123,0.012,0.116,0.017,0
FRD_00008969,CUST_00000488,TXN_0000046257,None,0.268,0.272,0.203,0.529,0.002,0
FRD_00008970,CUST_00000561,TXN_0000053154,None,0.225,0.325,0.338,0.173,0.002,0
FRD_00008971,CUST_00000974,TXN_0000092291,None,0.148,0.197,0.055,0.09,0.229,0
FRD_00008972,CUST_00000461,TXN_0000043625,None,0.122,0.146,0.192,0.129,0.0,0
FRD_00008973,CUST_00000034,TXN_0000003126,None,0.218,0.263,0.265,0.29,0.001,0
FRD_00008974,CUST_00000008,TXN_0000000690,None,0.29,0.287,0.165,0.359,0.334,0
FRD_00008975,CUST_00000417,TXN_0000039474,None,0.192,0.11,0.012,0.601,0.005,0
FRD_00008976,CUST_00000912,TXN_0000086398,None,0.132,0.261,0.073,0.027,0.094,0
FRD_00008977,CUST_00000528,TXN_0000049959,None,0.193,0.27,0.002,0.394,0.0,0
FRD_00008978,CUST_00000501,TXN_0000047440,None,0.227,0.172,0.035,0.259,0.476,0
FRD_00008979,CUST_00000488,TXN_0000046244,None,0.151,0.096,0.002,0.338,0.16,0
FRD_00008980,CUST_00000187,TXN_0000017730,None,0.166,0.256,0.225,0.125,0.0,0
FRD_00008981,CUST_00000734,TXN_0000069525,None,0.234,0.274,0.148,0.222,0.265,0
FRD_00008982,CUST_00000087,TXN_0000008225,None,0.14,0.248,0.062,0.138,0.034,0
FRD_00008983,CUST_00000849,TXN_0000080380,None,0.183,0.151,0.27,0.284,0.028,0
FRD_00008984,CUST_00000792,TXN_0000075079,Card Not Present (CNP) Fraud,0.349,0.918,0.006,0.041,0.079,1
FRD_00008985,CUST_00000721,TXN_0000068267,None,0.087,0.23,0.01,0.015,0.004,0
FRD_00008986,CUST_00000827,TXN_0000078342,None,0.188,0.228,0.25,0.172,0.074,0
FRD_00008987,CUST_00000020,TXN_0000001847,None,0.104,0.18,0.024,0.138,0.006,0
FRD_00008988,CUST_00000550,TXN_0000052088,None,0.205,0.276,0.342,0.089,0.091,0
FRD_00008989,CUST_00000131,TXN_0000012424,None,0.122,0.265,0.023,0.067,0.039,0
FRD_00008990,CUST_00000472,TXN_0000044686,None,0.083,0.064,0.037,0.197,0.019,0
FRD_00008991,CUST_00000081,TXN_0000007674,None,0.197,0.155,0.139,0.09,0.462,0
FRD_00008992,CUST_00000541,TXN_0000051235,None,0.143,0.139,0.048,0.337,0.001,0
FRD_00008993,CUST_00000736,TXN_0000069738,None,0.192,0.358,0.186,0.114,0.005,0
FRD_00008994,CUST_00000341,TXN_0000032289,None,0.174,0.266,0.024,0.203,0.125,0
FRD_00008995,CUST_00000273,TXN_0000025803,None,0.158,0.348,0.003,0.132,0.011,0
FRD_00008996,CUST_00000331,TXN_0000031351,None,0.238,0.353,0.117,0.308,0.072,0
FRD_00008997,CUST_00000688,TXN_0000065187,None,0.108,0.225,0.033,0.089,0.0,0
FRD_00008998,CUST_00000397,TXN_0000037610,None,0.102,0.222,0.001,0.094,0.004,0
FRD_00008999,CUST_00000501,TXN_0000047413,None,0.196,0.129,0.079,0.534,0.006,0
FRD_00009000,CUST_00000625,TXN_0000059201,None,0.099,0.146,0.001,0.186,0.007,0
FRD_00009001,CUST_00000597,TXN_0000056514,None,0.177,0.241,0.026,0.19,0.2,0
FRD_00009002,CUST_00000127,TXN_0000012054,None,0.14,0.14,0.14,0.148,0.128,0
FRD_00009003,CUST_00000664,TXN_0000062917,None,0.104,0.194,0.046,0.107,0.002,0
FRD_00009004,CUST_00000820,TXN_0000077725,Card Not Present (CNP) Fraud,0.401,0.943,0.0,0.015,0.336,1
FRD_00009005,CUST_00000962,TXN_0000091100,None,0.034,0.08,0.003,0.02,0.0,0
FRD_00009006,CUST_00000759,TXN_0000071936,Mule Account Activity,0.371,0.953,0.001,0.151,0.0,1
FRD_00009007,CUST_00000393,TXN_0000037160,None,0.123,0.227,0.006,0.11,0.072,0
FRD_00009008,CUST_00000250,TXN_0000023638,None,0.118,0.174,0.005,0.222,0.003,0
FRD_00009009,CUST_00000944,TXN_0000089419,None,0.164,0.138,0.075,0.403,0.0,0
FRD_00009010,CUST_00000726,TXN_0000068805,None,0.113,0.265,0.053,0.034,0.008,0
FRD_00009011,CUST_00000193,TXN_0000018272,None,0.173,0.221,0.001,0.195,0.236,0
FRD_00009012,CUST_00000985,TXN_0000093256,None,0.148,0.079,0.307,0.157,0.097,0
FRD_00009013,CUST_00000362,TXN_0000034243,None,0.16,0.242,0.037,0.272,0.0,0
FRD_00009014,CUST_00000954,TXN_0000090324,None,0.186,0.26,0.036,0.245,0.133,0
FRD_00009015,CUST_00000799,TXN_0000075708,None,0.103,0.271,0.008,0.026,0.0,0
FRD_00009016,CUST_00000486,TXN_0000046032,None,0.151,0.229,0.161,0.152,0.001,0
FRD_00009017,CUST_00000691,TXN_0000065468,None,0.18,0.325,0.0,0.263,0.001,0
FRD_00009018,CUST_00000442,TXN_0000041853,None,0.335,0.106,0.085,0.628,0.617,0
FRD_00009019,CUST_00000666,TXN_0000063079,None,0.065,0.134,0.003,0.027,0.054,0
FRD_00009020,CUST_00000795,TXN_0000075306,None,0.085,0.138,0.161,0.017,0.0,0
FRD_00009021,CUST_00000605,TXN_0000057282,None,0.212,0.321,0.028,0.376,0.0,0
FRD_00009022,CUST_00000089,TXN_0000008441,None,0.084,0.142,0.066,0.086,0.0,0
FRD_00009023,CUST_00000381,TXN_0000036097,None,0.206,0.188,0.622,0.058,0.006,0
FRD_00009024,CUST_00000176,TXN_0000016671,None,0.082,0.099,0.141,0.052,0.032,0
FRD_00009025,CUST_00000358,TXN_0000033889,None,0.129,0.174,0.001,0.264,0.011,0
FRD_00009026,CUST_00000203,TXN_0000019224,None,0.185,0.369,0.022,0.203,0.003,0
FRD_00009027,CUST_00000166,TXN_0000015727,None,0.095,0.162,0.019,0.122,0.022,0
FRD_00009028,CUST_00000667,TXN_0000063199,None,0.057,0.128,0.019,0.003,0.04,0
FRD_00009029,CUST_00000283,TXN_0000026780,None,0.134,0.282,0.001,0.135,0.005,0
FRD_00009030,CUST_00000627,TXN_0000059360,None,0.103,0.22,0.043,0.061,0.012,0
FRD_00009031,CUST_00000837,TXN_0000079246,None,0.232,0.082,0.069,0.726,0.042,0
FRD_00009032,CUST_00000291,TXN_0000027497,UPI Phishing / Collect Request Fraud,0.518,0.973,0.001,0.497,0.263,1
FRD_00009033,CUST_00000445,TXN_0000042158,Account Takeover (ATO),0.389,0.959,0.18,0.071,0.0,1
FRD_00009034,CUST_00000991,TXN_0000093836,None,0.165,0.136,0.344,0.184,0.012,0
FRD_00009035,CUST_00000995,TXN_0000094194,None,0.326,0.184,0.181,0.766,0.171,0
FRD_00009036,CUST_00000893,TXN_0000084623,None,0.083,0.15,0.006,0.118,0.0,0
FRD_00009037,CUST_00000741,TXN_0000070166,None,0.066,0.048,0.162,0.064,0.003,0
FRD_00009038,CUST_00000326,TXN_0000030860,None,0.119,0.117,0.007,0.307,0.001,0
FRD_00009039,CUST_00000576,TXN_0000054565,None,0.127,0.279,0.009,0.099,0.013,0
FRD_00009040,CUST_00000070,TXN_0000006599,None,0.21,0.28,0.023,0.424,0.008,0
FRD_00009041,CUST_00000364,TXN_0000034431,None,0.099,0.162,0.05,0.119,0.011,0
FRD_00009042,CUST_00000532,TXN_0000050406,None,0.201,0.239,0.304,0.079,0.186,0
FRD_00009043,CUST_00000856,TXN_0000081086,None,0.229,0.145,0.035,0.328,0.444,0
FRD_00009044,CUST_00000586,TXN_0000055526,None,0.1,0.148,0.005,0.189,0.0,0
FRD_00009045,CUST_00000533,TXN_0000050462,None,0.107,0.112,0.001,0.245,0.032,0
FRD_00009046,CUST_00000709,TXN_0000067186,None,0.341,0.303,0.091,0.688,0.224,0
FRD_00009047,CUST_00000590,TXN_0000055883,None,0.113,0.146,0.012,0.027,0.265,0
FRD_00009048,CUST_00000353,TXN_0000033393,None,0.144,0.17,0.014,0.328,0.0,0
FRD_00009049,CUST_00000175,TXN_0000016616,Account Takeover (ATO),0.373,0.869,0.058,0.162,0.085,1
FRD_00009050,CUST_00000950,TXN_0000089942,None,0.224,0.242,0.004,0.553,0.003,0
FRD_00009051,CUST_00000058,TXN_0000005467,None,0.159,0.276,0.034,0.128,0.116,0
FRD_00009052,CUST_00000431,TXN_0000040779,None,0.117,0.085,0.013,0.334,0.006,0
FRD_00009053,CUST_00000151,TXN_0000014297,None,0.11,0.142,0.0,0.243,0.0,0
FRD_00009054,CUST_00000606,TXN_0000057352,None,0.136,0.161,0.055,0.118,0.194,0
FRD_00009055,CUST_00000185,TXN_0000017568,None,0.17,0.125,0.564,0.052,0.0,0
FRD_00009056,CUST_00000789,TXN_0000074753,None,0.105,0.249,0.011,0.037,0.03,0
FRD_00009057,CUST_00000734,TXN_0000069543,None,0.204,0.339,0.035,0.309,0.006,0
FRD_00009058,CUST_00000007,TXN_0000000625,None,0.191,0.307,0.094,0.194,0.082,0
FRD_00009059,CUST_00000516,TXN_0000048885,None,0.092,0.14,0.084,0.067,0.048,0
FRD_00009060,CUST_00000273,TXN_0000025768,None,0.189,0.185,0.357,0.191,0.023,0
FRD_00009061,CUST_00000894,TXN_0000084657,None,0.033,0.078,0.001,0.019,0.002,0
FRD_00009062,CUST_00000149,TXN_0000014088,None,0.135,0.3,0.127,0.019,0.0,0
FRD_00009063,CUST_00000369,TXN_0000034979,None,0.145,0.175,0.091,0.261,0.0,0
FRD_00009064,CUST_00000676,TXN_0000064059,None,0.091,0.203,0.004,0.074,0.001,0
FRD_00009065,CUST_00000744,TXN_0000070453,None,0.198,0.193,0.068,0.241,0.284,0
FRD_00009066,CUST_00000020,TXN_0000001831,None,0.179,0.182,0.007,0.44,0.02,0
FRD_00009067,CUST_00000592,TXN_0000056017,None,0.175,0.209,0.073,0.263,0.11,0
FRD_00009068,CUST_00000082,TXN_0000007752,None,0.07,0.134,0.001,0.089,0.005,0
FRD_00009069,CUST_00000954,TXN_0000090346,None,0.086,0.114,0.175,0.042,0.004,0
FRD_00009070,CUST_00000816,TXN_0000077316,None,0.144,0.24,0.01,0.092,0.176,0
FRD_00009071,CUST_00000926,TXN_0000087697,None,0.224,0.208,0.178,0.454,0.009,0
FRD_00009072,CUST_00000364,TXN_0000034426,None,0.133,0.267,0.09,0.022,0.079,0
FRD_00009073,CUST_00000106,TXN_0000010022,None,0.093,0.163,0.01,0.086,0.062,0
FRD_00009074,CUST_00000882,TXN_0000083553,None,0.225,0.304,0.154,0.335,0.018,0
FRD_00009075,CUST_00000505,TXN_0000047842,None,0.079,0.174,0.056,0.028,0.001,0
FRD_00009076,CUST_00000363,TXN_0000034401,None,0.155,0.087,0.016,0.419,0.081,0
FRD_00009077,CUST_00000638,TXN_0000060426,None,0.179,0.227,0.045,0.36,0.005,0
FRD_00009078,CUST_00000653,TXN_0000061904,None,0.162,0.211,0.16,0.225,0.001,0
FRD_00009079,CUST_00000348,TXN_0000032937,None,0.135,0.248,0.044,0.156,0.001,0
FRD_00009080,CUST_00000922,TXN_0000087304,None,0.082,0.176,0.048,0.025,0.021,0
FRD_00009081,CUST_00000894,TXN_0000084641,None,0.254,0.334,0.014,0.52,0.02,0
FRD_00009082,CUST_00000438,TXN_0000041484,None,0.166,0.193,0.209,0.138,0.113,0
FRD_00009083,CUST_00000044,TXN_0000004098,None,0.172,0.308,0.109,0.123,0.056,0
FRD_00009084,CUST_00000415,TXN_0000039284,None,0.132,0.217,0.068,0.099,0.09,0
FRD_00009085,CUST_00000833,TXN_0000078936,None,0.061,0.043,0.053,0.134,0.01,0
FRD_00009086,CUST_00000367,TXN_0000034720,None,0.119,0.324,0.005,0.017,0.0,0
FRD_00009087,CUST_00000704,TXN_0000066723,None,0.211,0.246,0.368,0.195,0.014,0
FRD_00009088,CUST_00000888,TXN_0000084085,None,0.068,0.138,0.026,0.058,0.0,0
FRD_00009089,CUST_00000396,TXN_0000037512,None,0.072,0.075,0.007,0.17,0.009,0
FRD_00009090,CUST_00000779,TXN_0000073798,None,0.053,0.071,0.13,0.009,0.0,0
FRD_00009091,CUST_00000095,TXN_0000008954,None,0.098,0.232,0.001,0.063,0.002,0
FRD_00009092,CUST_00000044,TXN_0000004125,None,0.331,0.367,0.0,0.744,0.085,0
FRD_00009093,CUST_00000576,TXN_0000054517,None,0.138,0.148,0.093,0.269,0.003,0
FRD_00009094,CUST_00000239,TXN_0000022583,None,0.216,0.254,0.012,0.482,0.021,0
FRD_00009095,CUST_00000494,TXN_0000046744,None,0.173,0.154,0.0,0.345,0.166,0
FRD_00009096,CUST_00000710,TXN_0000067249,None,0.234,0.175,0.052,0.651,0.0,0
FRD_00009097,CUST_00000895,TXN_0000084798,None,0.14,0.318,0.075,0.053,0.0,0
FRD_00009098,CUST_00000850,TXN_0000080504,None,0.106,0.264,0.039,0.024,0.001,0
FRD_00009099,CUST_00000312,TXN_0000029538,None,0.107,0.124,0.002,0.252,0.001,0
FRD_00009100,CUST_00000914,TXN_0000086554,None,0.271,0.266,0.357,0.425,0.003,0
FRD_00009101,CUST_00000303,TXN_0000028680,None,0.226,0.228,0.001,0.582,0.001,0
FRD_00009102,CUST_00000060,TXN_0000005661,None,0.062,0.025,0.21,0.027,0.022,0
FRD_00009103,CUST_00000667,TXN_0000063153,None,0.141,0.334,0.119,0.001,0.0,0
FRD_00009104,CUST_00000709,TXN_0000067180,None,0.104,0.192,0.081,0.081,0.002,0
FRD_00009105,CUST_00000121,TXN_0000011426,None,0.127,0.223,0.018,0.055,0.157,0
FRD_00009106,CUST_00000852,TXN_0000080726,None,0.115,0.207,0.001,0.103,0.082,0
FRD_00009107,CUST_00000128,TXN_0000012078,None,0.126,0.16,0.147,0.158,0.005,0
FRD_00009108,CUST_00000301,TXN_0000028511,None,0.173,0.214,0.031,0.357,0.012,0
FRD_00009109,CUST_00000172,TXN_0000016262,None,0.142,0.11,0.103,0.329,0.004,0
FRD_00009110,CUST_00000994,TXN_0000094141,None,0.131,0.029,0.003,0.47,0.016,0
FRD_00009111,CUST_00000499,TXN_0000047262,None,0.065,0.176,0.0,0.014,0.0,0
FRD_00009112,CUST_00000258,TXN_0000024387,None,0.107,0.061,0.043,0.283,0.03,0
FRD_00009113,CUST_00000006,TXN_0000000505,None,0.104,0.167,0.174,0.044,0.001,0
FRD_00009114,CUST_00000095,TXN_0000008944,None,0.274,0.158,0.272,0.657,0.0,0
FRD_00009115,CUST_00000928,TXN_0000087857,None,0.293,0.249,0.123,0.688,0.046,0
FRD_00009116,CUST_00000457,TXN_0000043301,None,0.157,0.246,0.085,0.205,0.013,0
FRD_00009117,CUST_00000299,TXN_0000028272,None,0.095,0.223,0.063,0.009,0.009,0
FRD_00009118,CUST_00000626,TXN_0000059297,None,0.187,0.335,0.174,0.138,0.001,0
FRD_00009119,CUST_00000645,TXN_0000061118,None,0.093,0.176,0.001,0.117,0.012,0
FRD_00009120,CUST_00000695,TXN_0000065869,None,0.072,0.111,0.096,0.049,0.01,0
FRD_00009121,CUST_00000553,TXN_0000052354,None,0.122,0.295,0.066,0.023,0.001,0
FRD_00009122,CUST_00000977,TXN_0000092569,None,0.152,0.253,0.001,0.252,0.0,0
FRD_00009123,CUST_00000743,TXN_0000070407,None,0.119,0.3,0.006,0.053,0.0,0
FRD_00009124,CUST_00000100,TXN_0000009490,None,0.13,0.157,0.086,0.23,0.0,0
FRD_00009125,CUST_00000970,TXN_0000091883,None,0.243,0.072,0.241,0.455,0.279,0
FRD_00009126,CUST_00000210,TXN_0000019923,UPI Phishing / Collect Request Fraud,0.427,0.878,0.11,0.391,0.0,1
FRD_00009127,CUST_00000330,TXN_0000031288,None,0.133,0.264,0.022,0.107,0.045,0
FRD_00009128,CUST_00000771,TXN_0000073038,None,0.125,0.06,0.059,0.29,0.099,0
FRD_00009129,CUST_00000278,TXN_0000026268,None,0.15,0.168,0.005,0.36,0.0,0
FRD_00009130,CUST_00000722,TXN_0000068415,None,0.122,0.22,0.097,0.085,0.022,0
FRD_00009131,CUST_00000179,TXN_0000016994,None,0.103,0.133,0.036,0.173,0.031,0
FRD_00009132,CUST_00000675,TXN_0000063948,None,0.195,0.278,0.02,0.375,0.0,0
FRD_00009133,CUST_00000828,TXN_0000078432,None,0.205,0.266,0.089,0.376,0.001,0
FRD_00009134,CUST_00000130,TXN_0000012294,None,0.091,0.194,0.055,0.048,0.0,0
FRD_00009135,CUST_00000742,TXN_0000070313,None,0.142,0.161,0.067,0.247,0.052,0
FRD_00009136,CUST_00000965,TXN_0000091444,None,0.201,0.3,0.003,0.373,0.009,0
FRD_00009137,CUST_00000613,TXN_0000058034,None,0.136,0.193,0.097,0.195,0.002,0
FRD_00009138,CUST_00000889,TXN_0000084214,None,0.139,0.325,0.046,0.05,0.016,0
FRD_00009139,CUST_00000888,TXN_0000084141,None,0.1,0.161,0.01,0.094,0.089,0
FRD_00009140,CUST_00000743,TXN_0000070369,None,0.133,0.217,0.026,0.198,0.01,0
FRD_00009141,CUST_00000932,TXN_0000088301,None,0.139,0.163,0.312,0.076,0.002,0
FRD_00009142,CUST_00000175,TXN_0000016636,UPI Phishing / Collect Request Fraud,0.491,1.0,0.0,0.479,0.105,1
FRD_00009143,CUST_00000737,TXN_0000069850,None,0.127,0.237,0.06,0.127,0.0,0
FRD_00009144,CUST_00000127,TXN_0000012043,None,0.206,0.256,0.066,0.413,0.0,0
FRD_00009145,CUST_00000221,TXN_0000020950,None,0.148,0.287,0.05,0.149,0.001,0
FRD_00009146,CUST_00000702,TXN_0000066537,None,0.208,0.154,0.718,0.04,0.001,0
FRD_00009147,CUST_00000948,TXN_0000089755,None,0.085,0.177,0.051,0.008,0.055,0
FRD_00009148,CUST_00000153,TXN_0000014503,Card Not Present (CNP) Fraud,0.403,0.993,0.0,0.053,0.213,1
FRD_00009149,CUST_00000013,TXN_0000001156,None,0.074,0.149,0.06,0.037,0.002,0
FRD_00009150,CUST_00000769,TXN_0000072824,None,0.259,0.144,0.447,0.477,0.0,0
FRD_00009151,CUST_00000423,TXN_0000040041,None,0.181,0.039,0.294,0.405,0.035,0
FRD_00009152,CUST_00000578,TXN_0000054702,None,0.203,0.287,0.357,0.124,0.002,0
FRD_00009153,CUST_00000383,TXN_0000036273,None,0.213,0.306,0.066,0.363,0.011,0
FRD_00009154,CUST_00000939,TXN_0000088945,None,0.155,0.311,0.002,0.183,0.002,0
FRD_00009155,CUST_00000188,TXN_0000017849,None,0.166,0.22,0.026,0.24,0.121,0
FRD_00009156,CUST_00000464,TXN_0000043917,None,0.242,0.367,0.032,0.428,0.0,0
FRD_00009157,CUST_00000407,TXN_0000038541,None,0.29,0.215,0.001,0.86,0.0,0
FRD_00009158,CUST_00000596,TXN_0000056487,None,0.101,0.202,0.001,0.014,0.133,0
FRD_00009159,CUST_00000836,TXN_0000079215,None,0.067,0.126,0.04,0.033,0.032,0
FRD_00009160,CUST_00000697,TXN_0000066013,None,0.16,0.107,0.002,0.487,0.0,0
FRD_00009161,CUST_00000831,TXN_0000078712,None,0.177,0.217,0.012,0.394,0.002,0
FRD_00009162,CUST_00000248,TXN_0000023459,None,0.118,0.036,0.047,0.384,0.0,0
FRD_00009163,CUST_00000112,TXN_0000010564,None,0.074,0.08,0.001,0.177,0.007,0
FRD_00009164,CUST_00000354,TXN_0000033532,None,0.127,0.295,0.013,0.02,0.083,0
FRD_00009165,CUST_00000598,TXN_0000056657,None,0.117,0.098,0.001,0.327,0.005,0
FRD_00009166,CUST_00000776,TXN_0000073534,None,0.12,0.178,0.108,0.12,0.031,0
FRD_00009167,CUST_00000052,TXN_0000004864,None,0.079,0.196,0.0,0.036,0.009,0
FRD_00009168,CUST_00000920,TXN_0000087119,None,0.193,0.323,0.047,0.284,0.0,0
FRD_00009169,CUST_00000851,TXN_0000080586,None,0.193,0.188,0.284,0.233,0.059,0
FRD_00009170,CUST_00000095,TXN_0000009027,None,0.104,0.199,0.063,0.062,0.029,0
FRD_00009171,CUST_00000892,TXN_0000084492,None,0.135,0.232,0.167,0.076,0.009,0
FRD_00009172,CUST_00000673,TXN_0000063749,None,0.217,0.256,0.112,0.252,0.21,0
FRD_00009173,CUST_00000351,TXN_0000033253,None,0.197,0.178,0.273,0.319,0.0,0
FRD_00009174,CUST_00000977,TXN_0000092512,None,0.137,0.141,0.022,0.255,0.097,0
FRD_00009175,CUST_00000534,TXN_0000050619,None,0.202,0.249,0.48,0.074,0.003,0
FRD_00009176,CUST_00000304,TXN_0000028792,None,0.11,0.186,0.052,0.068,0.085,0
FRD_00009177,CUST_00000816,TXN_0000077301,None,0.211,0.265,0.078,0.412,0.0,0
FRD_00009178,CUST_00000137,TXN_0000012945,None,0.112,0.183,0.022,0.149,0.03,0
FRD_00009179,CUST_00000997,TXN_0000094463,None,0.184,0.223,0.018,0.301,0.135,0
FRD_00009180,CUST_00000673,TXN_0000063795,None,0.125,0.202,0.012,0.052,0.196,0
FRD_00009181,CUST_00000376,TXN_0000035636,None,0.048,0.059,0.035,0.08,0.004,0
FRD_00009182,CUST_00000299,TXN_0000028312,None,0.119,0.111,0.168,0.179,0.007,0
FRD_00009183,CUST_00000713,TXN_0000067499,None,0.096,0.237,0.045,0.014,0.001,0
FRD_00009184,CUST_00000975,TXN_0000092309,None,0.147,0.34,0.019,0.082,0.017,0
FRD_00009185,CUST_00000105,TXN_0000009963,None,0.2,0.346,0.193,0.136,0.032,0
FRD_00009186,CUST_00000443,TXN_0000041916,None,0.281,0.217,0.239,0.572,0.072,0
FRD_00009187,CUST_00000187,TXN_0000017692,None,0.17,0.333,0.02,0.192,0.005,0
FRD_00009188,CUST_00000953,TXN_0000090221,None,0.3,0.251,0.809,0.182,0.026,0
FRD_00009189,CUST_00000738,TXN_0000069890,Account Takeover (ATO),0.427,0.858,0.037,0.441,0.044,1
FRD_00009190,CUST_00000886,TXN_0000083913,None,0.093,0.248,0.001,0.014,0.012,0
FRD_00009191,CUST_00000145,TXN_0000013736,None,0.184,0.166,0.156,0.292,0.111,0
FRD_00009192,CUST_00000819,TXN_0000077547,None,0.107,0.076,0.014,0.308,0.001,0
FRD_00009193,CUST_00000832,TXN_0000078847,None,0.14,0.202,0.251,0.076,0.0,0
FRD_00009194,CUST_00000161,TXN_0000015253,None,0.156,0.305,0.016,0.174,0.011,0
FRD_00009195,CUST_00000460,TXN_0000043569,None,0.184,0.231,0.031,0.347,0.052,0
FRD_00009196,CUST_00000030,TXN_0000002834,None,0.189,0.208,0.211,0.283,0.014,0
FRD_00009197,CUST_00000635,TXN_0000060194,None,0.079,0.073,0.183,0.052,0.02,0
FRD_00009198,CUST_00000306,TXN_0000028938,None,0.172,0.024,0.051,0.601,0.014,0
FRD_00009199,CUST_00000425,TXN_0000040216,None,0.185,0.193,0.035,0.442,0.002,0
FRD_00009200,CUST_00000134,TXN_0000012688,None,0.286,0.199,0.174,0.725,0.003,0
FRD_00009201,CUST_00000734,TXN_0000069528,None,0.161,0.285,0.077,0.185,0.0,0
FRD_00009202,CUST_00000366,TXN_0000034662,None,0.142,0.221,0.002,0.256,0.0,0
FRD_00009203,CUST_00000430,TXN_0000040738,None,0.13,0.311,0.061,0.006,0.038,0
FRD_00009204,CUST_00000777,TXN_0000073636,None,0.286,0.36,0.345,0.356,0.01,0
FRD_00009205,CUST_00000449,TXN_0000042481,None,0.111,0.178,0.074,0.12,0.021,0
FRD_00009206,CUST_00000074,TXN_0000006940,None,0.139,0.18,0.25,0.053,0.062,0
FRD_00009207,CUST_00000192,TXN_0000018210,None,0.163,0.106,0.037,0.474,0.0,0
FRD_00009208,CUST_00000138,TXN_0000013034,None,0.195,0.151,0.207,0.363,0.05,0
FRD_00009209,CUST_00000025,TXN_0000002317,None,0.11,0.249,0.003,0.079,0.011,0
FRD_00009210,CUST_00000507,TXN_0000048061,None,0.271,0.3,0.339,0.393,0.001,0
FRD_00009211,CUST_00000461,TXN_0000043698,None,0.163,0.315,0.01,0.204,0.0,0
FRD_00009212,CUST_00000440,TXN_0000041675,None,0.12,0.187,0.054,0.174,0.001,0
FRD_00009213,CUST_00000709,TXN_0000067131,None,0.069,0.121,0.0,0.032,0.095,0
FRD_00009214,CUST_00000706,TXN_0000066925,None,0.188,0.27,0.225,0.192,0.001,0
FRD_00009215,CUST_00000091,TXN_0000008614,None,0.168,0.262,0.015,0.295,0.0,0
FRD_00009216,CUST_00000074,TXN_0000006949,None,0.088,0.193,0.081,0.016,0.0,0
FRD_00009217,CUST_00000853,TXN_0000080776,None,0.183,0.193,0.052,0.395,0.033,0
FRD_00009218,CUST_00000006,TXN_0000000525,None,0.231,0.28,0.137,0.405,0.022,0
FRD_00009219,CUST_00000668,TXN_0000063301,None,0.229,0.267,0.077,0.451,0.038,0
FRD_00009220,CUST_00000490,TXN_0000046424,None,0.121,0.156,0.091,0.099,0.115,0
FRD_00009221,CUST_00000107,TXN_0000010099,None,0.089,0.117,0.083,0.027,0.122,0
FRD_00009222,CUST_00000619,TXN_0000058645,None,0.264,0.344,0.1,0.354,0.174,0
FRD_00009223,CUST_00000925,TXN_0000087608,None,0.217,0.192,0.058,0.157,0.493,0
FRD_00009224,CUST_00000767,TXN_0000072628,None,0.134,0.102,0.153,0.169,0.129,0
FRD_00009225,CUST_00000776,TXN_0000073548,None,0.035,0.037,0.016,0.072,0.006,0
FRD_00009226,CUST_00000353,TXN_0000033439,None,0.206,0.251,0.2,0.311,0.004,0
FRD_00009227,CUST_00000652,TXN_0000061770,None,0.106,0.204,0.003,0.102,0.042,0
FRD_00009228,CUST_00000234,TXN_0000022198,None,0.098,0.224,0.008,0.066,0.009,0
FRD_00009229,CUST_00000044,TXN_0000004089,None,0.157,0.273,0.166,0.103,0.011,0
FRD_00009230,CUST_00000611,TXN_0000057851,None,0.207,0.246,0.024,0.269,0.243,0
FRD_00009231,CUST_00000264,TXN_0000024932,None,0.119,0.268,0.001,0.006,0.115,0
FRD_00009232,CUST_00000595,TXN_0000056341,None,0.106,0.185,0.027,0.116,0.033,0
FRD_00009233,CUST_00000487,TXN_0000046109,None,0.101,0.105,0.029,0.234,0.002,0
FRD_00009234,CUST_00000665,TXN_0000063007,None,0.217,0.307,0.291,0.158,0.058,0
FRD_00009235,CUST_00000309,TXN_0000029276,None,0.198,0.289,0.179,0.18,0.081,0
FRD_00009236,CUST_00000021,TXN_0000001979,None,0.242,0.077,0.083,0.785,0.01,0
FRD_00009237,CUST_00000205,TXN_0000019449,None,0.244,0.281,0.253,0.382,0.0,0
FRD_00009238,CUST_00000204,TXN_0000019316,UPI Phishing / Collect Request Fraud,0.395,0.998,0.03,0.158,0.0,1
FRD_00009239,CUST_00000096,TXN_0000009085,None,0.099,0.073,0.035,0.206,0.075,0
FRD_00009240,CUST_00000360,TXN_0000034091,Mule Account Activity,0.369,0.867,0.04,0.227,0.006,1
FRD_00009241,CUST_00000200,TXN_0000018949,None,0.212,0.201,0.32,0.279,0.042,0
FRD_00009242,CUST_00000723,TXN_0000068483,None,0.238,0.164,0.115,0.623,0.011,0
FRD_00009243,CUST_00000663,TXN_0000062850,None,0.144,0.262,0.133,0.101,0.003,0
FRD_00009244,CUST_00000014,TXN_0000001286,None,0.166,0.306,0.012,0.021,0.256,0
FRD_00009245,CUST_00000032,TXN_0000003026,None,0.234,0.251,0.007,0.479,0.123,0
FRD_00009246,CUST_00000224,TXN_0000021202,None,0.255,0.158,0.033,0.752,0.027,0
FRD_00009247,CUST_00000741,TXN_0000070182,None,0.112,0.244,0.069,0.045,0.01,0
FRD_00009248,CUST_00000166,TXN_0000015753,None,0.166,0.287,0.193,0.045,0.079,0
FRD_00009249,CUST_00000531,TXN_0000050285,None,0.073,0.152,0.017,0.056,0.01,0
FRD_00009250,CUST_00000190,TXN_0000018053,None,0.243,0.246,0.007,0.571,0.064,0
FRD_00009251,CUST_00000458,TXN_0000043384,None,0.213,0.287,0.003,0.426,0.029,0
FRD_00009252,CUST_00000116,TXN_0000010950,None,0.216,0.233,0.018,0.418,0.131,0
FRD_00009253,CUST_00000806,TXN_0000076399,None,0.124,0.179,0.023,0.221,0.006,0
FRD_00009254,CUST_00000387,TXN_0000036639,None,0.093,0.104,0.12,0.107,0.03,0
FRD_00009255,CUST_00000244,TXN_0000023049,None,0.103,0.086,0.001,0.135,0.193,0
FRD_00009256,CUST_00000781,TXN_0000073976,None,0.195,0.172,0.324,0.281,0.0,0
FRD_00009257,CUST_00000516,TXN_0000048924,None,0.063,0.139,0.056,0.013,0.001,0
FRD_00009258,CUST_00000576,TXN_0000054587,None,0.156,0.273,0.022,0.223,0.0,0
FRD_00009259,CUST_00000354,TXN_0000033523,None,0.281,0.31,0.64,0.179,0.0,0
FRD_00009260,CUST_00000311,TXN_0000029451,None,0.128,0.215,0.04,0.144,0.045,0
FRD_00009261,CUST_00000851,TXN_0000080618,None,0.084,0.156,0.002,0.11,0.01,0
FRD_00009262,CUST_00000439,TXN_0000041538,None,0.188,0.27,0.253,0.171,0.0,0
FRD_00009263,CUST_00000737,TXN_0000069857,None,0.198,0.28,0.014,0.39,0.0,0
FRD_00009264,CUST_00000583,TXN_0000055204,None,0.241,0.207,0.226,0.492,0.0,0
FRD_00009265,CUST_00000819,TXN_0000077624,None,0.168,0.287,0.203,0.04,0.087,0
FRD_00009266,CUST_00000235,TXN_0000022211,None,0.105,0.148,0.015,0.198,0.002,0
FRD_00009267,CUST_00000126,TXN_0000011931,None,0.201,0.379,0.146,0.154,0.001,0
FRD_00009268,CUST_00000020,TXN_0000001843,None,0.084,0.195,0.005,0.054,0.005,0
FRD_00009269,CUST_00000924,TXN_0000087541,None,0.226,0.238,0.158,0.441,0.006,0
FRD_00009270,CUST_00000253,TXN_0000023905,Mule Account Activity,0.51,0.95,0.217,0.536,0.0,1
FRD_00009271,CUST_00000436,TXN_0000041273,None,0.156,0.3,0.028,0.145,0.044,0
FRD_00009272,CUST_00000367,TXN_0000034733,None,0.234,0.162,0.184,0.564,0.0,0
FRD_00009273,CUST_00000888,TXN_0000084072,None,0.167,0.147,0.377,0.161,0.0,0
FRD_00009274,CUST_00000028,TXN_0000002624,None,0.235,0.262,0.001,0.447,0.157,0
FRD_00009275,CUST_00000133,TXN_0000012601,None,0.171,0.16,0.263,0.246,0.002,0
FRD_00009276,CUST_00000772,TXN_0000073147,None,0.16,0.216,0.114,0.24,0.009,0
FRD_00009277,CUST_00000529,TXN_0000050134,None,0.197,0.316,0.021,0.329,0.0,0
FRD_00009278,CUST_00000146,TXN_0000013815,None,0.128,0.256,0.16,0.023,0.005,0
FRD_00009279,CUST_00000754,TXN_0000071419,None,0.158,0.212,0.14,0.201,0.028,0
FRD_00009280,CUST_00000834,TXN_0000079042,None,0.254,0.266,0.04,0.458,0.194,0
FRD_00009281,CUST_00000101,TXN_0000009556,None,0.163,0.319,0.001,0.059,0.184,0
FRD_00009282,CUST_00000609,TXN_0000057681,None,0.141,0.28,0.016,0.13,0.034,0
FRD_00009283,CUST_00000601,TXN_0000056927,None,0.104,0.227,0.003,0.09,0.008,0
FRD_00009284,CUST_00000778,TXN_0000073735,None,0.166,0.243,0.002,0.322,0.001,0
FRD_00009285,CUST_00000873,TXN_0000082710,None,0.225,0.29,0.206,0.315,0.02,0
FRD_00009286,CUST_00000270,TXN_0000025503,None,0.151,0.117,0.226,0.217,0.051,0
FRD_00009287,CUST_00000783,TXN_0000074148,None,0.168,0.27,0.001,0.208,0.108,0
FRD_00009288,CUST_00000789,TXN_0000074790,None,0.114,0.164,0.063,0.175,0.001,0
FRD_00009289,CUST_00000689,TXN_0000065248,None,0.181,0.329,0.007,0.257,0.0,0
FRD_00009290,CUST_00000627,TXN_0000059432,None,0.216,0.301,0.041,0.262,0.184,0
FRD_00009291,CUST_00000849,TXN_0000080434,None,0.112,0.134,0.023,0.242,0.0,0
FRD_00009292,CUST_00000366,TXN_0000034673,None,0.115,0.123,0.09,0.214,0.0,0
FRD_00009293,CUST_00000362,TXN_0000034299,None,0.067,0.103,0.005,0.05,0.088,0
FRD_00009294,CUST_00000414,TXN_0000039183,None,0.141,0.145,0.0,0.352,0.012,0
FRD_00009295,CUST_00000622,TXN_0000058939,None,0.148,0.244,0.174,0.113,0.0,0
FRD_00009296,CUST_00000903,TXN_0000085489,None,0.15,0.182,0.019,0.167,0.202,0
FRD_00009297,CUST_00000882,TXN_0000083534,None,0.212,0.215,0.081,0.421,0.075,0
FRD_00009298,CUST_00000600,TXN_0000056833,None,0.167,0.167,0.03,0.406,0.006,0
FRD_00009299,CUST_00000259,TXN_0000024538,None,0.093,0.084,0.29,0.022,0.001,0
FRD_00009300,CUST_00000186,TXN_0000017662,None,0.14,0.251,0.001,0.206,0.0,0
FRD_00009301,CUST_00000901,TXN_0000085303,None,0.134,0.357,0.009,0.006,0.029,0
FRD_00009302,CUST_00000575,TXN_0000054462,None,0.132,0.135,0.053,0.265,0.041,0
FRD_00009303,CUST_00000121,TXN_0000011498,None,0.161,0.379,0.015,0.103,0.0,0
FRD_00009304,CUST_00000689,TXN_0000065260,None,0.197,0.201,0.438,0.137,0.026,0
FRD_00009305,CUST_00000767,TXN_0000072702,None,0.153,0.183,0.008,0.349,0.002,0
FRD_00009306,CUST_00000374,TXN_0000035393,None,0.092,0.097,0.034,0.14,0.082,0
FRD_00009307,CUST_00000381,TXN_0000036094,None,0.175,0.162,0.003,0.459,0.013,0
FRD_00009308,CUST_00000675,TXN_0000063982,None,0.147,0.254,0.241,0.007,0.041,0
FRD_00009309,CUST_00000644,TXN_0000061009,None,0.155,0.243,0.002,0.214,0.078,0
FRD_00009310,CUST_00000862,TXN_0000081616,None,0.148,0.212,0.276,0.018,0.073,0
FRD_00009311,CUST_00000592,TXN_0000056081,None,0.269,0.203,0.001,0.626,0.205,0
FRD_00009312,CUST_00000396,TXN_0000037455,None,0.152,0.207,0.145,0.187,0.017,0
FRD_00009313,CUST_00000066,TXN_0000006189,None,0.142,0.292,0.071,0.088,0.018,0
FRD_00009314,CUST_00000360,TXN_0000034099,UPI Phishing / Collect Request Fraud,0.344,0.892,0.066,0.027,0.061,1
FRD_00009315,CUST_00000071,TXN_0000006677,None,0.064,0.166,0.018,0.007,0.001,0
FRD_00009316,CUST_00000178,TXN_0000016896,None,0.052,0.05,0.072,0.074,0.009,0
FRD_00009317,CUST_00000611,TXN_0000057920,None,0.131,0.113,0.009,0.332,0.035,0
FRD_00009318,CUST_00000489,TXN_0000046342,None,0.24,0.304,0.022,0.484,0.042,0
FRD_00009319,CUST_00000792,TXN_0000075003,Account Takeover (ATO),0.369,0.92,0.128,0.06,0.034,1
FRD_00009320,CUST_00000441,TXN_0000041749,None,0.162,0.275,0.319,0.008,0.001,0
FRD_00009321,CUST_00000947,TXN_0000089668,None,0.328,0.288,0.17,0.76,0.017,0
FRD_00009322,CUST_00000734,TXN_0000069577,None,0.097,0.058,0.25,0.08,0.035,0
FRD_00009323,CUST_00000776,TXN_0000073541,None,0.255,0.264,0.098,0.275,0.373,0
FRD_00009324,CUST_00000167,TXN_0000015810,None,0.136,0.155,0.128,0.209,0.022,0
FRD_00009325,CUST_00000086,TXN_0000008151,None,0.228,0.261,0.076,0.487,0.0,0
FRD_00009326,CUST_00000691,TXN_0000065443,None,0.066,0.171,0.008,0.011,0.011,0
FRD_00009327,CUST_00000278,TXN_0000026252,None,0.051,0.091,0.006,0.072,0.0,0
FRD_00009328,CUST_00000791,TXN_0000074973,None,0.129,0.091,0.066,0.296,0.05,0
FRD_00009329,CUST_00000222,TXN_0000021048,None,0.097,0.115,0.255,0.018,0.007,0
FRD_00009330,CUST_00000426,TXN_0000040341,None,0.152,0.283,0.236,0.024,0.0,0
FRD_00009331,CUST_00000114,TXN_0000010810,None,0.166,0.151,0.302,0.197,0.015,0
FRD_00009332,CUST_00000511,TXN_0000048387,None,0.081,0.09,0.183,0.052,0.001,0
FRD_00009333,CUST_00000532,TXN_0000050396,None,0.153,0.198,0.039,0.291,0.017,0
FRD_00009334,CUST_00000139,TXN_0000013206,None,0.138,0.229,0.013,0.068,0.19,0
FRD_00009335,CUST_00000370,TXN_0000035040,None,0.169,0.333,0.26,0.001,0.0,0
FRD_00009336,CUST_00000688,TXN_0000065152,None,0.136,0.105,0.06,0.25,0.125,0
FRD_00009337,CUST_00000712,TXN_0000067459,None,0.134,0.071,0.279,0.118,0.118,0
FRD_00009338,CUST_00000404,TXN_0000038229,None,0.104,0.156,0.009,0.188,0.003,0
FRD_00009339,CUST_00000371,TXN_0000035162,None,0.145,0.232,0.014,0.238,0.008,0
FRD_00009340,CUST_00000146,TXN_0000013853,None,0.191,0.239,0.254,0.225,0.002,0
FRD_00009341,CUST_00000341,TXN_0000032261,None,0.086,0.103,0.054,0.066,0.114,0
FRD_00009342,CUST_00000509,TXN_0000048224,None,0.283,0.3,0.026,0.556,0.168,0
FRD_00009343,CUST_00000803,TXN_0000076098,None,0.166,0.249,0.012,0.273,0.042,0
FRD_00009344,CUST_00000456,TXN_0000043193,None,0.089,0.176,0.02,0.095,0.0,0
FRD_00009345,CUST_00000853,TXN_0000080835,None,0.081,0.104,0.008,0.141,0.038,0
FRD_00009346,CUST_00000078,TXN_0000007364,None,0.198,0.14,0.212,0.427,0.0,0
FRD_00009347,CUST_00000562,TXN_0000053197,None,0.196,0.252,0.025,0.373,0.049,0
FRD_00009348,CUST_00000751,TXN_0000071111,None,0.217,0.097,0.289,0.501,0.0,0
FRD_00009349,CUST_00000984,TXN_0000093204,None,0.172,0.284,0.047,0.244,0.009,0
FRD_00009350,CUST_00000459,TXN_0000043495,UPI Phishing / Collect Request Fraud,0.398,0.894,0.009,0.208,0.155,1
FRD_00009351,CUST_00000282,TXN_0000026730,None,0.245,0.223,0.03,0.622,0.025,0
FRD_00009352,CUST_00000693,TXN_0000065664,None,0.168,0.184,0.031,0.388,0.0,0
FRD_00009353,CUST_00000919,TXN_0000087064,None,0.18,0.14,0.094,0.402,0.058,0
FRD_00009354,CUST_00000815,TXN_0000077201,None,0.348,0.312,0.177,0.812,0.002,0
FRD_00009355,CUST_00000666,TXN_0000063128,None,0.1,0.118,0.003,0.228,0.007,0
FRD_00009356,CUST_00000781,TXN_0000074020,None,0.235,0.302,0.181,0.167,0.257,0
FRD_00009357,CUST_00000372,TXN_0000035227,None,0.198,0.281,0.026,0.235,0.18,0
FRD_00009358,CUST_00000865,TXN_0000081873,None,0.1,0.28,0.006,0.003,0.001,0
FRD_00009359,CUST_00000680,TXN_0000064406,None,0.13,0.139,0.059,0.269,0.011,0
FRD_00009360,CUST_00000122,TXN_0000011542,None,0.097,0.119,0.056,0.17,0.008,0
FRD_00009361,CUST_00000816,TXN_0000077294,None,0.114,0.186,0.065,0.142,0.002,0
FRD_00009362,CUST_00000498,TXN_0000047158,None,0.088,0.062,0.253,0.062,0.001,0
FRD_00009363,CUST_00000156,TXN_0000014807,None,0.181,0.255,0.003,0.283,0.101,0
FRD_00009364,CUST_00000642,TXN_0000060868,None,0.157,0.112,0.145,0.323,0.038,0
FRD_00009365,CUST_00000936,TXN_0000088660,None,0.239,0.233,0.056,0.547,0.05,0
FRD_00009366,CUST_00000631,TXN_0000059760,None,0.176,0.206,0.143,0.223,0.099,0
FRD_00009367,CUST_00000706,TXN_0000066884,None,0.136,0.255,0.148,0.052,0.019,0
FRD_00009368,CUST_00000133,TXN_0000012611,None,0.159,0.152,0.067,0.303,0.081,0
FRD_00009369,CUST_00000132,TXN_0000012489,None,0.054,0.072,0.004,0.113,0.0,0
FRD_00009370,CUST_00000084,TXN_0000007954,None,0.233,0.268,0.144,0.149,0.366,0
FRD_00009371,CUST_00000072,TXN_0000006803,None,0.122,0.155,0.004,0.269,0.0,0
FRD_00009372,CUST_00000479,TXN_0000045416,None,0.147,0.215,0.113,0.181,0.021,0
FRD_00009373,CUST_00000724,TXN_0000068564,None,0.059,0.104,0.017,0.072,0.008,0
FRD_00009374,CUST_00000192,TXN_0000018234,None,0.067,0.086,0.003,0.138,0.009,0
FRD_00009375,CUST_00000797,TXN_0000075540,None,0.137,0.203,0.001,0.259,0.003,0
FRD_00009376,CUST_00000220,TXN_0000020825,None,0.162,0.369,0.009,0.022,0.129,0
FRD_00009377,CUST_00000026,TXN_0000002451,None,0.102,0.085,0.163,0.153,0.009,0
FRD_00009378,CUST_00000889,TXN_0000084195,None,0.124,0.122,0.044,0.178,0.142,0
FRD_00009379,CUST_00000819,TXN_0000077620,None,0.123,0.201,0.001,0.185,0.031,0
FRD_00009380,CUST_00000229,TXN_0000021649,None,0.145,0.179,0.009,0.237,0.108,0
FRD_00009381,CUST_00000865,TXN_0000081947,None,0.066,0.106,0.002,0.069,0.056,0
FRD_00009382,CUST_00000809,TXN_0000076643,None,0.179,0.255,0.101,0.277,0.001,0
FRD_00009383,CUST_00000272,TXN_0000025744,None,0.134,0.193,0.316,0.013,0.002,0
FRD_00009384,CUST_00000237,TXN_0000022388,None,0.071,0.044,0.212,0.053,0.0,0
FRD_00009385,CUST_00000133,TXN_0000012581,None,0.174,0.278,0.0,0.274,0.04,0
FRD_00009386,CUST_00000805,TXN_0000076252,None,0.172,0.24,0.062,0.293,0.011,0
FRD_00009387,CUST_00000666,TXN_0000063061,None,0.193,0.249,0.111,0.335,0.001,0
FRD_00009388,CUST_00000917,TXN_0000086822,None,0.238,0.046,0.292,0.633,0.026,0
FRD_00009389,CUST_00000032,TXN_0000002972,None,0.307,0.221,0.038,0.872,0.02,0
FRD_00009390,CUST_00000230,TXN_0000021764,None,0.105,0.157,0.001,0.164,0.044,0
FRD_00009391,CUST_00000065,TXN_0000006096,None,0.16,0.275,0.22,0.041,0.046,0
FRD_00009392,CUST_00000946,TXN_0000089591,None,0.119,0.164,0.134,0.082,0.071,0
FRD_00009393,CUST_00000887,TXN_0000084015,None,0.08,0.061,0.004,0.231,0.0,0
FRD_00009394,CUST_00000681,TXN_0000064517,None,0.166,0.2,0.258,0.168,0.013,0
FRD_00009395,CUST_00000899,TXN_0000085197,None,0.111,0.158,0.004,0.215,0.005,0
FRD_00009396,CUST_00000768,TXN_0000072768,None,0.073,0.02,0.016,0.249,0.005,0
FRD_00009397,CUST_00000902,TXN_0000085410,None,0.246,0.344,0.44,0.089,0.075,0
FRD_00009398,CUST_00000064,TXN_0000006010,None,0.165,0.223,0.04,0.092,0.281,0
FRD_00009399,CUST_00000418,TXN_0000039628,None,0.111,0.118,0.125,0.102,0.098,0
FRD_00009400,CUST_00000066,TXN_0000006254,None,0.096,0.201,0.039,0.045,0.034,0
FRD_00009401,CUST_00000832,TXN_0000078806,None,0.133,0.245,0.062,0.141,0.0,0
FRD_00009402,CUST_00000132,TXN_0000012525,None,0.085,0.162,0.001,0.112,0.0,0
FRD_00009403,CUST_00000931,TXN_0000088169,None,0.303,0.238,0.002,0.754,0.156,0
FRD_00009404,CUST_00000784,TXN_0000074236,None,0.198,0.173,0.03,0.525,0.0,0
FRD_00009405,CUST_00000030,TXN_0000002792,None,0.122,0.26,0.083,0.058,0.0,0
FRD_00009406,CUST_00000598,TXN_0000056654,None,0.101,0.2,0.029,0.098,0.002,0
FRD_00009407,CUST_00000212,TXN_0000020062,None,0.134,0.057,0.032,0.418,0.016,0
FRD_00009408,CUST_00000832,TXN_0000078791,None,0.088,0.151,0.038,0.104,0.007,0
FRD_00009409,CUST_00000564,TXN_0000053432,None,0.191,0.224,0.036,0.392,0.037,0
FRD_00009410,CUST_00000380,TXN_0000035980,None,0.079,0.093,0.035,0.154,0.006,0
FRD_00009411,CUST_00000282,TXN_0000026668,None,0.167,0.146,0.06,0.414,0.0,0
FRD_00009412,CUST_00000574,TXN_0000054333,None,0.103,0.175,0.017,0.092,0.076,0
FRD_00009413,CUST_00000431,TXN_0000040789,None,0.253,0.155,0.212,0.458,0.21,0
FRD_00009414,CUST_00000049,TXN_0000004636,Card Not Present (CNP) Fraud,0.364,0.903,0.102,0.11,0.001,1
FRD_00009415,CUST_00000856,TXN_0000081090,None,0.154,0.22,0.137,0.062,0.168,0
FRD_00009416,CUST_00000997,TXN_0000094383,None,0.07,0.077,0.023,0.103,0.066,0
FRD_00009417,CUST_00000298,TXN_0000028160,None,0.123,0.163,0.004,0.258,0.001,0
FRD_00009418,CUST_00000380,TXN_0000035978,None,0.212,0.159,0.188,0.382,0.118,0
FRD_00009419,CUST_00000006,TXN_0000000550,None,0.115,0.226,0.015,0.13,0.004,0
FRD_00009420,CUST_00000624,TXN_0000059075,None,0.136,0.322,0.036,0.003,0.077,0
FRD_00009421,CUST_00000580,TXN_0000054956,Account Takeover (ATO),0.475,0.961,0.056,0.456,0.069,1
FRD_00009422,CUST_00000409,TXN_0000038723,None,0.108,0.219,0.018,0.054,0.069,0
FRD_00009423,CUST_00000469,TXN_0000044445,None,0.114,0.235,0.001,0.121,0.007,0
FRD_00009424,CUST_00000876,TXN_0000082962,None,0.137,0.209,0.008,0.081,0.211,0
FRD_00009425,CUST_00000075,TXN_0000007097,None,0.162,0.256,0.008,0.089,0.245,0
FRD_00009426,CUST_00000146,TXN_0000013800,None,0.142,0.183,0.089,0.15,0.111,0
FRD_00009427,CUST_00000040,TXN_0000003781,None,0.121,0.236,0.029,0.104,0.032,0
FRD_00009428,CUST_00000801,TXN_0000075889,None,0.244,0.32,0.008,0.515,0.009,0
FRD_00009429,CUST_00000602,TXN_0000056984,None,0.032,0.071,0.002,0.028,0.0,0
FRD_00009430,CUST_00000650,TXN_0000061552,None,0.195,0.254,0.22,0.245,0.003,0
FRD_00009431,CUST_00000222,TXN_0000020990,None,0.224,0.157,0.006,0.655,0.02,0
FRD_00009432,CUST_00000871,TXN_0000082480,None,0.207,0.264,0.289,0.05,0.224,0
FRD_00009433,CUST_00000544,TXN_0000051514,Card Not Present (CNP) Fraud,0.427,0.892,0.129,0.26,0.12,1
FRD_00009434,CUST_00000014,TXN_0000001279,None,0.095,0.155,0.111,0.071,0.002,0
FRD_00009435,CUST_00000446,TXN_0000042275,None,0.04,0.102,0.0,0.016,0.002,0
FRD_00009436,CUST_00000415,TXN_0000039262,None,0.137,0.235,0.0,0.218,0.002,0
FRD_00009437,CUST_00000249,TXN_0000023518,None,0.138,0.272,0.071,0.1,0.019,0
FRD_00009438,CUST_00000454,TXN_0000042959,None,0.199,0.327,0.035,0.213,0.12,0
FRD_00009439,CUST_00000242,TXN_0000022916,None,0.217,0.304,0.039,0.356,0.069,0
FRD_00009440,CUST_00000876,TXN_0000082953,None,0.123,0.225,0.009,0.156,0.017,0
FRD_00009441,CUST_00000260,TXN_0000024627,None,0.137,0.227,0.145,0.08,0.041,0
FRD_00009442,CUST_00000534,TXN_0000050577,None,0.087,0.072,0.093,0.13,0.053,0
FRD_00009443,CUST_00000788,TXN_0000074683,None,0.131,0.249,0.151,0.049,0.005,0
FRD_00009444,CUST_00000450,TXN_0000042578,None,0.106,0.094,0.109,0.205,0.0,0
FRD_00009445,CUST_00000127,TXN_0000011986,None,0.206,0.299,0.408,0.054,0.033,0
FRD_00009446,CUST_00000054,TXN_0000005103,None,0.112,0.081,0.003,0.324,0.008,0
FRD_00009447,CUST_00000795,TXN_0000075365,None,0.284,0.321,0.397,0.367,0.001,0
FRD_00009448,CUST_00000408,TXN_0000038668,None,0.141,0.187,0.352,0.019,0.0,0
FRD_00009449,CUST_00000407,TXN_0000038512,None,0.119,0.321,0.007,0.022,0.0,0
FRD_00009450,CUST_00000659,TXN_0000062420,None,0.233,0.298,0.07,0.226,0.292,0
FRD_00009451,CUST_00000853,TXN_0000080751,None,0.166,0.028,0.148,0.189,0.397,0
FRD_00009452,CUST_00000830,TXN_0000078647,None,0.138,0.287,0.142,0.037,0.002,0
FRD_00009453,CUST_00000130,TXN_0000012326,None,0.121,0.195,0.073,0.077,0.095,0
FRD_00009454,CUST_00000071,TXN_0000006650,None,0.13,0.133,0.058,0.262,0.03,0
FRD_00009455,CUST_00000857,TXN_0000081162,None,0.126,0.124,0.058,0.161,0.153,0
FRD_00009456,CUST_00000374,TXN_0000035459,None,0.053,0.049,0.031,0.117,0.001,0
FRD_00009457,CUST_00000703,TXN_0000066617,None,0.142,0.274,0.009,0.171,0.007,0
FRD_00009458,CUST_00000528,TXN_0000050020,None,0.125,0.057,0.002,0.396,0.026,0
FRD_00009459,CUST_00000178,TXN_0000016880,None,0.127,0.104,0.004,0.308,0.062,0
FRD_00009460,CUST_00000130,TXN_0000012331,None,0.24,0.275,0.156,0.296,0.194,0
FRD_00009461,CUST_00000164,TXN_0000015551,None,0.162,0.316,0.035,0.158,0.026,0
FRD_00009462,CUST_00000122,TXN_0000011584,None,0.172,0.096,0.007,0.514,0.041,0
FRD_00009463,CUST_00000955,TXN_0000090409,None,0.262,0.353,0.046,0.515,0.001,0
FRD_00009464,CUST_00000690,TXN_0000065388,None,0.095,0.095,0.093,0.169,0.002,0
FRD_00009465,CUST_00000800,TXN_0000075820,None,0.046,0.027,0.066,0.091,0.005,0
FRD_00009466,CUST_00000362,TXN_0000034275,None,0.159,0.224,0.105,0.236,0.001,0
FRD_00009467,CUST_00000546,TXN_0000051684,None,0.138,0.333,0.089,0.016,0.0,0
FRD_00009468,CUST_00000340,TXN_0000032170,None,0.146,0.274,0.056,0.077,0.097,0
FRD_00009469,CUST_00000455,TXN_0000043107,None,0.221,0.204,0.039,0.568,0.0,0
FRD_00009470,CUST_00000464,TXN_0000043991,None,0.171,0.324,0.105,0.121,0.031,0
FRD_00009471,CUST_00000885,TXN_0000083823,None,0.058,0.139,0.005,0.005,0.035,0
FRD_00009472,CUST_00000433,TXN_0000041019,None,0.148,0.155,0.001,0.253,0.154,0
FRD_00009473,CUST_00000584,TXN_0000055282,None,0.129,0.245,0.001,0.147,0.032,0
FRD_00009474,CUST_00000688,TXN_0000065231,None,0.275,0.215,0.513,0.364,0.032,0
FRD_00009475,CUST_00000657,TXN_0000062191,None,0.17,0.107,0.147,0.412,0.001,0
FRD_00009476,CUST_00000750,TXN_0000071047,None,0.121,0.104,0.07,0.185,0.121,0
FRD_00009477,CUST_00000935,TXN_0000088541,None,0.193,0.298,0.154,0.227,0.008,0
FRD_00009478,CUST_00000900,TXN_0000085212,None,0.23,0.22,0.0,0.605,0.011,0
FRD_00009479,CUST_00000837,TXN_0000079301,None,0.263,0.367,0.001,0.524,0.018,0
FRD_00009480,CUST_00000154,TXN_0000014595,None,0.256,0.339,0.002,0.479,0.087,0
FRD_00009481,CUST_00000123,TXN_0000011598,None,0.342,0.279,0.011,0.642,0.41,0
FRD_00009482,CUST_00000720,TXN_0000068228,None,0.132,0.127,0.002,0.294,0.069,0
FRD_00009483,CUST_00000558,TXN_0000052853,None,0.124,0.047,0.311,0.169,0.017,0
FRD_00009484,CUST_00000273,TXN_0000025832,None,0.131,0.191,0.286,0.027,0.001,0
FRD_00009485,CUST_00000646,TXN_0000061168,None,0.127,0.265,0.014,0.125,0.003,0
FRD_00009486,CUST_00000518,TXN_0000049079,None,0.145,0.17,0.003,0.125,0.267,0
FRD_00009487,CUST_00000966,TXN_0000091478,None,0.147,0.078,0.032,0.455,0.0,0
FRD_00009488,CUST_00000513,TXN_0000048628,None,0.175,0.124,0.012,0.383,0.168,0
FRD_00009489,CUST_00000331,TXN_0000031382,None,0.113,0.21,0.006,0.152,0.0,0
FRD_00009490,CUST_00000552,TXN_0000052277,None,0.185,0.305,0.134,0.206,0.0,0
FRD_00009491,CUST_00000904,TXN_0000085602,Mule Account Activity,0.445,0.942,0.097,0.075,0.386,1
FRD_00009492,CUST_00000636,TXN_0000060252,None,0.278,0.327,0.362,0.352,0.014,0
FRD_00009493,CUST_00000217,TXN_0000020586,None,0.074,0.128,0.054,0.026,0.058,0
FRD_00009494,CUST_00000752,TXN_0000071264,None,0.276,0.332,0.622,0.139,0.001,0
FRD_00009495,CUST_00000751,TXN_0000071121,None,0.133,0.208,0.016,0.21,0.02,0
FRD_00009496,CUST_00000539,TXN_0000051082,None,0.12,0.218,0.012,0.145,0.024,0
FRD_00009497,CUST_00000384,TXN_0000036342,None,0.188,0.243,0.002,0.403,0.01,0
FRD_00009498,CUST_00000843,TXN_0000079845,None,0.115,0.093,0.01,0.107,0.269,0
FRD_00009499,CUST_00000698,TXN_0000066086,None,0.069,0.077,0.162,0.04,0.0,0
FRD_00009500,CUST_00000756,TXN_0000071645,None,0.177,0.3,0.261,0.007,0.091,0
FRD_00009501,CUST_00000810,TXN_0000076731,None,0.182,0.1,0.314,0.337,0.001,0
FRD_00009502,CUST_00000115,TXN_0000010849,None,0.195,0.268,0.494,0.007,0.001,0
FRD_00009503,CUST_00000898,TXN_0000085111,None,0.076,0.183,0.01,0.039,0.001,0
FRD_00009504,CUST_00000497,TXN_0000047042,None,0.133,0.241,0.094,0.07,0.064,0
FRD_00009505,CUST_00000031,TXN_0000002869,None,0.122,0.11,0.002,0.141,0.239,0
FRD_00009506,CUST_00000227,TXN_0000021446,None,0.114,0.168,0.039,0.176,0.019,0
FRD_00009507,CUST_00000691,TXN_0000065424,None,0.138,0.229,0.103,0.147,0.001,0
FRD_00009508,CUST_00000518,TXN_0000049107,None,0.176,0.336,0.023,0.101,0.143,0
FRD_00009509,CUST_00000065,TXN_0000006097,None,0.132,0.216,0.033,0.199,0.001,0
FRD_00009510,CUST_00000220,TXN_0000020819,None,0.18,0.294,0.037,0.278,0.002,0
FRD_00009511,CUST_00000525,TXN_0000049720,None,0.145,0.162,0.002,0.352,0.0,0
FRD_00009512,CUST_00000925,TXN_0000087581,None,0.142,0.247,0.001,0.222,0.0,0
FRD_00009513,CUST_00000827,TXN_0000078326,None,0.173,0.129,0.017,0.483,0.02,0
FRD_00009514,CUST_00000774,TXN_0000073321,None,0.173,0.143,0.276,0.227,0.056,0
FRD_00009515,CUST_00000355,TXN_0000033604,None,0.202,0.292,0.098,0.289,0.041,0
FRD_00009516,CUST_00000399,TXN_0000037794,None,0.073,0.176,0.048,0.008,0.0,0
FRD_00009517,CUST_00000150,TXN_0000014239,None,0.099,0.144,0.05,0.154,0.0,0
FRD_00009518,CUST_00000604,TXN_0000057219,None,0.081,0.206,0.028,0.0,0.015,0
FRD_00009519,CUST_00000787,TXN_0000074562,None,0.084,0.094,0.006,0.19,0.014,0
FRD_00009520,CUST_00000745,TXN_0000070599,None,0.1,0.22,0.016,0.079,0.0,0
FRD_00009521,CUST_00000597,TXN_0000056509,None,0.159,0.124,0.019,0.412,0.042,0
FRD_00009522,CUST_00000474,TXN_0000044876,None,0.103,0.106,0.065,0.025,0.235,0
FRD_00009523,CUST_00000982,TXN_0000093042,None,0.212,0.24,0.024,0.18,0.391,0
FRD_00009524,CUST_00000225,TXN_0000021268,None,0.146,0.14,0.117,0.162,0.167,0
FRD_00009525,CUST_00000467,TXN_0000044219,None,0.123,0.126,0.096,0.102,0.171,0
FRD_00009526,CUST_00000333,TXN_0000031526,None,0.209,0.209,0.011,0.526,0.01,0
FRD_00009527,CUST_00000168,TXN_0000015938,None,0.126,0.287,0.03,0.079,0.0,0
FRD_00009528,CUST_00000862,TXN_0000081680,None,0.198,0.295,0.0,0.375,0.005,0
FRD_00009529,CUST_00000511,TXN_0000048388,None,0.082,0.142,0.037,0.094,0.005,0
FRD_00009530,CUST_00000942,TXN_0000089186,None,0.086,0.147,0.055,0.019,0.092,0
FRD_00009531,CUST_00000604,TXN_0000057177,None,0.127,0.268,0.075,0.071,0.0,0
FRD_00009532,CUST_00000421,TXN_0000039898,None,0.166,0.226,0.161,0.196,0.03,0
FRD_00009533,CUST_00000090,TXN_0000008507,None,0.13,0.163,0.056,0.246,0.002,0
FRD_00009534,CUST_00000939,TXN_0000088961,None,0.039,0.036,0.023,0.089,0.0,0
FRD_00009535,CUST_00000117,TXN_0000011061,None,0.124,0.233,0.001,0.171,0.0,0
FRD_00009536,CUST_00000033,TXN_0000003041,None,0.115,0.205,0.023,0.15,0.007,0
FRD_00009537,CUST_00000599,TXN_0000056730,None,0.093,0.247,0.021,0.011,0.0,0
FRD_00009538,CUST_00000948,TXN_0000089808,None,0.054,0.118,0.03,0.027,0.0,0
FRD_00009539,CUST_00000857,TXN_0000081191,None,0.16,0.221,0.077,0.26,0.012,0
FRD_00009540,CUST_00000304,TXN_0000028810,None,0.308,0.283,0.152,0.714,0.002,0
FRD_00009541,CUST_00000349,TXN_0000033057,None,0.119,0.26,0.006,0.1,0.007,0
FRD_00009542,CUST_00000229,TXN_0000021680,None,0.122,0.22,0.166,0.027,0.023,0
FRD_00009543,CUST_00000326,TXN_0000030920,None,0.117,0.288,0.022,0.045,0.002,0
FRD_00009544,CUST_00000731,TXN_0000069239,Account Takeover (ATO),0.377,0.983,0.001,0.117,0.019,1
FRD_00009545,CUST_00000169,TXN_0000016003,None,0.084,0.099,0.004,0.002,0.242,0
FRD_00009546,CUST_00000272,TXN_0000025738,None,0.139,0.175,0.002,0.309,0.002,0
FRD_00009547,CUST_00000074,TXN_0000007008,None,0.172,0.105,0.231,0.357,0.0,0
FRD_00009548,CUST_00000526,TXN_0000049780,None,0.286,0.287,0.218,0.566,0.001,0
FRD_00009549,CUST_00000509,TXN_0000048221,None,0.226,0.337,0.159,0.307,0.0,0
FRD_00009550,CUST_00000135,TXN_0000012801,None,0.118,0.23,0.085,0.068,0.015,0
FRD_00009551,CUST_00000563,TXN_0000053338,None,0.091,0.206,0.039,0.045,0.0,0
FRD_00009552,CUST_00000658,TXN_0000062325,None,0.191,0.258,0.04,0.193,0.22,0
FRD_00009553,CUST_00000199,TXN_0000018904,None,0.187,0.213,0.286,0.218,0.004,0
FRD_00009554,CUST_00000266,TXN_0000025174,None,0.266,0.284,0.014,0.626,0.037,0
FRD_00009555,CUST_00000848,TXN_0000080347,None,0.121,0.28,0.001,0.088,0.002,0
FRD_00009556,CUST_00000770,TXN_0000072897,None,0.117,0.077,0.039,0.316,0.017,0
FRD_00009557,CUST_00000970,TXN_0000091853,None,0.084,0.134,0.007,0.126,0.019,0
FRD_00009558,CUST_00000531,TXN_0000050329,None,0.113,0.213,0.043,0.057,0.08,0
FRD_00009559,CUST_00000839,TXN_0000079446,None,0.156,0.325,0.144,0.05,0.003,0
FRD_00009560,CUST_00000396,TXN_0000037528,None,0.119,0.173,0.257,0.026,0.004,0
FRD_00009561,CUST_00000576,TXN_0000054497,None,0.13,0.207,0.006,0.207,0.021,0
FRD_00009562,CUST_00000490,TXN_0000046373,None,0.188,0.341,0.076,0.162,0.065,0
FRD_00009563,CUST_00000444,TXN_0000042072,None,0.048,0.1,0.004,0.04,0.013,0
FRD_00009564,CUST_00000600,TXN_0000056864,None,0.225,0.064,0.171,0.453,0.277,0
FRD_00009565,CUST_00000199,TXN_0000018901,None,0.104,0.207,0.005,0.105,0.02,0
FRD_00009566,CUST_00000182,TXN_0000017214,None,0.198,0.302,0.032,0.343,0.001,0
FRD_00009567,CUST_00000496,TXN_0000047020,None,0.132,0.275,0.04,0.094,0.023,0
FRD_00009568,CUST_00000578,TXN_0000054720,None,0.266,0.334,0.074,0.442,0.118,0
FRD_00009569,CUST_00000146,TXN_0000013811,None,0.083,0.164,0.002,0.101,0.0,0
FRD_00009570,CUST_00000866,TXN_0000082042,None,0.185,0.329,0.013,0.245,0.028,0
FRD_00009571,CUST_00000764,TXN_0000072382,None,0.052,0.111,0.001,0.036,0.018,0
FRD_00009572,CUST_00000337,TXN_0000031921,None,0.199,0.316,0.236,0.143,0.028,0
FRD_00009573,CUST_00000282,TXN_0000026695,None,0.223,0.152,0.003,0.601,0.096,0
FRD_00009574,CUST_00000651,TXN_0000061653,None,0.124,0.261,0.032,0.04,0.079,0
FRD_00009575,CUST_00000866,TXN_0000081993,None,0.186,0.327,0.0,0.14,0.184,0
FRD_00009576,CUST_00000077,TXN_0000007231,None,0.2,0.186,0.093,0.465,0.0,0
FRD_00009577,CUST_00000324,TXN_0000030714,None,0.109,0.182,0.008,0.105,0.089,0
FRD_00009578,CUST_00000989,TXN_0000093633,None,0.173,0.1,0.109,0.42,0.054,0
FRD_00009579,CUST_00000554,TXN_0000052455,None,0.144,0.323,0.001,0.086,0.044,0
FRD_00009580,CUST_00000104,TXN_0000009817,None,0.157,0.259,0.077,0.129,0.092,0
FRD_00009581,CUST_00000749,TXN_0000070984,UPI Phishing / Collect Request Fraud,0.342,0.93,0.014,0.038,0.023,1
FRD_00009582,CUST_00000171,TXN_0000016232,None,0.13,0.274,0.022,0.1,0.025,0
FRD_00009583,CUST_00000742,TXN_0000070336,None,0.215,0.317,0.29,0.07,0.142,0
FRD_00009584,CUST_00000067,TXN_0000006362,None,0.097,0.147,0.117,0.062,0.033,0
FRD_00009585,CUST_00000577,TXN_0000054592,None,0.105,0.276,0.021,0.014,0.001,0
FRD_00009586,CUST_00000756,TXN_0000071585,None,0.146,0.203,0.003,0.298,0.0,0
FRD_00009587,CUST_00000575,TXN_0000054425,None,0.186,0.34,0.208,0.103,0.0,0
FRD_00009588,CUST_00000594,TXN_0000056246,None,0.067,0.181,0.016,0.001,0.0,0
FRD_00009589,CUST_00000755,TXN_0000071501,None,0.156,0.29,0.009,0.209,0.001,0
FRD_00009590,CUST_00000277,TXN_0000026211,None,0.101,0.218,0.015,0.086,0.003,0
FRD_00009591,CUST_00000631,TXN_0000059794,None,0.088,0.19,0.0,0.04,0.058,0
FRD_00009592,CUST_00000463,TXN_0000043824,None,0.13,0.207,0.091,0.028,0.162,0
FRD_00009593,CUST_00000982,TXN_0000092984,None,0.173,0.221,0.069,0.321,0.009,0
FRD_00009594,CUST_00000161,TXN_0000015288,None,0.101,0.161,0.151,0.047,0.013,0
FRD_00009595,CUST_00000486,TXN_0000046059,None,0.099,0.196,0.022,0.106,0.0,0
FRD_00009596,CUST_00000551,TXN_0000052153,None,0.162,0.271,0.136,0.158,0.003,0
FRD_00009597,CUST_00000815,TXN_0000077182,None,0.108,0.122,0.055,0.149,0.083,0
FRD_00009598,CUST_00000583,TXN_0000055246,None,0.187,0.138,0.006,0.55,0.0,0
FRD_00009599,CUST_00000680,TXN_0000064434,None,0.117,0.248,0.123,0.022,0.0,0
FRD_00009600,CUST_00000005,TXN_0000000437,None,0.241,0.314,0.05,0.483,0.002,0
FRD_00009601,CUST_00000966,TXN_0000091472,None,0.11,0.242,0.026,0.078,0.001,0
FRD_00009602,CUST_00000468,TXN_0000044331,None,0.119,0.212,0.042,0.146,0.0,0
FRD_00009603,CUST_00000849,TXN_0000080404,None,0.092,0.102,0.014,0.215,0.0,0
FRD_00009604,CUST_00000030,TXN_0000002827,None,0.113,0.222,0.012,0.133,0.0,0
FRD_00009605,CUST_00000262,TXN_0000024773,None,0.165,0.161,0.156,0.308,0.0,0
FRD_00009606,CUST_00000094,TXN_0000008918,None,0.128,0.232,0.152,0.052,0.015,0
FRD_00009607,CUST_00000521,TXN_0000049383,Account Takeover (ATO),0.34,0.86,0.061,0.105,0.001,1
FRD_00009608,CUST_00000827,TXN_0000078331,None,0.068,0.171,0.019,0.016,0.0,0
FRD_00009609,CUST_00000753,TXN_0000071378,None,0.225,0.196,0.086,0.531,0.031,0
FRD_00009610,CUST_00000359,TXN_0000033944,None,0.103,0.171,0.047,0.06,0.095,0
FRD_00009611,CUST_00000707,TXN_0000066930,None,0.217,0.248,0.327,0.258,0.0,0
FRD_00009612,CUST_00000186,TXN_0000017600,None,0.182,0.357,0.078,0.103,0.08,0
FRD_00009613,CUST_00000110,TXN_0000010404,None,0.126,0.259,0.002,0.138,0.0,0
FRD_00009614,CUST_00000334,TXN_0000031616,None,0.189,0.312,0.0,0.284,0.042,0
FRD_00009615,CUST_00000420,TXN_0000039782,None,0.168,0.263,0.19,0.138,0.017,0
FRD_00009616,CUST_00000636,TXN_0000060244,None,0.113,0.098,0.222,0.12,0.024,0
FRD_00009617,CUST_00000618,TXN_0000058584,None,0.083,0.073,0.253,0.022,0.005,0
FRD_00009618,CUST_00000015,TXN_0000001381,None,0.131,0.137,0.086,0.263,0.0,0
FRD_00009619,CUST_00000525,TXN_0000049751,None,0.181,0.27,0.116,0.245,0.01,0
FRD_00009620,CUST_00000618,TXN_0000058581,None,0.225,0.326,0.327,0.142,0.052,0
FRD_00009621,CUST_00000917,TXN_0000086878,None,0.145,0.171,0.073,0.209,0.093,0
FRD_00009622,CUST_00000934,TXN_0000088445,None,0.183,0.318,0.094,0.213,0.0,0
FRD_00009623,CUST_00000391,TXN_0000037009,None,0.19,0.119,0.043,0.56,0.0,0
FRD_00009624,CUST_00000819,TXN_0000077570,None,0.07,0.13,0.103,0.007,0.011,0
FRD_00009625,CUST_00000508,TXN_0000048132,None,0.162,0.357,0.016,0.099,0.043,0
FRD_00009626,CUST_00000225,TXN_0000021273,None,0.196,0.22,0.139,0.337,0.036,0
FRD_00009627,CUST_00000132,TXN_0000012470,None,0.173,0.244,0.009,0.267,0.097,0
FRD_00009628,CUST_00000418,TXN_0000039598,None,0.163,0.198,0.049,0.334,0.0,0
FRD_00009629,CUST_00000565,TXN_0000053482,None,0.244,0.109,0.314,0.569,0.005,0
FRD_00009630,CUST_00000565,TXN_0000053487,None,0.132,0.238,0.023,0.175,0.002,0
FRD_00009631,CUST_00000577,TXN_0000054653,None,0.074,0.154,0.004,0.079,0.0,0
FRD_00009632,CUST_00000148,TXN_0000014050,None,0.134,0.232,0.006,0.123,0.104,0
FRD_00009633,CUST_00000474,TXN_0000044938,None,0.091,0.208,0.064,0.019,0.001,0
FRD_00009634,CUST_00000686,TXN_0000064967,None,0.233,0.179,0.036,0.645,0.007,0
FRD_00009635,CUST_00000132,TXN_0000012507,None,0.139,0.063,0.178,0.268,0.07,0
FRD_00009636,CUST_00000267,TXN_0000025221,None,0.108,0.137,0.151,0.058,0.075,0
FRD_00009637,CUST_00000405,TXN_0000038323,None,0.199,0.213,0.128,0.357,0.05,0
FRD_00009638,CUST_00000578,TXN_0000054769,None,0.15,0.184,0.388,0.027,0.006,0
FRD_00009639,CUST_00000109,TXN_0000010330,None,0.146,0.36,0.008,0.071,0.001,0
FRD_00009640,CUST_00000179,TXN_0000016936,None,0.134,0.256,0.043,0.142,0.001,0
FRD_00009641,CUST_00000338,TXN_0000031979,None,0.312,0.323,0.054,0.44,0.392,0
FRD_00009642,CUST_00000320,TXN_0000030264,None,0.194,0.279,0.166,0.253,0.001,0
FRD_00009643,CUST_00000585,TXN_0000055347,None,0.184,0.181,0.37,0.03,0.194,0
FRD_00009644,CUST_00000884,TXN_0000083673,None,0.179,0.084,0.004,0.243,0.44,0
FRD_00009645,CUST_00000887,TXN_0000084005,None,0.134,0.231,0.0,0.163,0.064,0
FRD_00009646,CUST_00000788,TXN_0000074679,None,0.119,0.105,0.158,0.06,0.177,0
FRD_00009647,CUST_00000884,TXN_0000083721,None,0.15,0.161,0.071,0.221,0.123,0
FRD_00009648,CUST_00000247,TXN_0000023330,None,0.061,0.153,0.009,0.014,0.012,0
FRD_00009649,CUST_00000511,TXN_0000048379,None,0.129,0.339,0.021,0.007,0.02,0
FRD_00009650,CUST_00000994,TXN_0000094123,None,0.099,0.15,0.003,0.088,0.12,0
FRD_00009651,CUST_00000837,TXN_0000079290,None,0.108,0.209,0.007,0.133,0.003,0
FRD_00009652,CUST_00000664,TXN_0000062862,None,0.12,0.084,0.013,0.19,0.205,0
FRD_00009653,CUST_00000756,TXN_0000071619,None,0.127,0.278,0.033,0.062,0.039,0
FRD_00009654,CUST_00000181,TXN_0000017116,None,0.134,0.228,0.097,0.038,0.124,0
FRD_00009655,CUST_00000427,TXN_0000040445,None,0.202,0.224,0.178,0.352,0.0,0
FRD_00009656,CUST_00000449,TXN_0000042556,None,0.084,0.147,0.036,0.073,0.034,0
FRD_00009657,CUST_00000405,TXN_0000038304,None,0.145,0.104,0.277,0.117,0.119,0
FRD_00009658,CUST_00000763,TXN_0000072315,None,0.091,0.216,0.007,0.055,0.003,0
FRD_00009659,CUST_00000182,TXN_0000017253,None,0.075,0.189,0.025,0.015,0.001,0
FRD_00009660,CUST_00000491,TXN_0000046495,None,0.062,0.127,0.007,0.064,0.001,0
FRD_00009661,CUST_00000605,TXN_0000057314,None,0.115,0.094,0.014,0.044,0.344,0
FRD_00009662,CUST_00000772,TXN_0000073161,None,0.116,0.276,0.059,0.023,0.009,0
FRD_00009663,CUST_00000553,TXN_0000052372,None,0.137,0.184,0.001,0.244,0.055,0
FRD_00009664,CUST_00000181,TXN_0000017135,None,0.196,0.209,0.068,0.427,0.014,0
FRD_00009665,CUST_00000662,TXN_0000062729,None,0.119,0.133,0.29,0.057,0.0,0
FRD_00009666,CUST_00000235,TXN_0000022240,None,0.108,0.262,0.003,0.03,0.041,0
FRD_00009667,CUST_00000073,TXN_0000006873,None,0.154,0.244,0.279,0.044,0.009,0
FRD_00009668,CUST_00000260,TXN_0000024626,None,0.103,0.192,0.069,0.086,0.0,0
FRD_00009669,CUST_00000609,TXN_0000057692,None,0.124,0.23,0.056,0.127,0.005,0
FRD_00009670,CUST_00000150,TXN_0000014182,None,0.118,0.312,0.006,0.012,0.021,0
FRD_00009671,CUST_00000405,TXN_0000038313,None,0.169,0.188,0.224,0.233,0.002,0
FRD_00009672,CUST_00000087,TXN_0000008237,None,0.164,0.314,0.038,0.186,0.0,0
FRD_00009673,CUST_00000945,TXN_0000089547,None,0.167,0.288,0.096,0.187,0.001,0
FRD_00009674,CUST_00000466,TXN_0000044161,None,0.123,0.19,0.004,0.183,0.049,0
FRD_00009675,CUST_00000734,TXN_0000069557,None,0.186,0.294,0.006,0.325,0.002,0
FRD_00009676,CUST_00000664,TXN_0000062922,None,0.232,0.278,0.293,0.198,0.132,0
FRD_00009677,CUST_00000031,TXN_0000002845,None,0.09,0.163,0.0,0.123,0.009,0
FRD_00009678,CUST_00000495,TXN_0000046843,None,0.191,0.214,0.026,0.288,0.193,0
FRD_00009679,CUST_00000635,TXN_0000060171,None,0.173,0.185,0.061,0.329,0.069,0
FRD_00009680,CUST_00001000,TXN_0000094753,None,0.108,0.296,0.003,0.014,0.001,0
FRD_00009681,CUST_00000339,TXN_0000032128,None,0.245,0.253,0.051,0.585,0.0,0
FRD_00009682,CUST_00000007,TXN_0000000629,None,0.087,0.122,0.003,0.174,0.002,0
FRD_00009683,CUST_00000403,TXN_0000038137,None,0.177,0.186,0.017,0.344,0.115,0
FRD_00009684,CUST_00000359,TXN_0000033957,None,0.055,0.056,0.079,0.046,0.043,0
FRD_00009685,CUST_00000599,TXN_0000056720,None,0.189,0.151,0.076,0.412,0.088,0
FRD_00009686,CUST_00000771,TXN_0000073027,None,0.131,0.149,0.002,0.28,0.042,0
FRD_00009687,CUST_00000110,TXN_0000010367,None,0.135,0.12,0.034,0.325,0.027,0
FRD_00009688,CUST_00000706,TXN_0000066914,None,0.141,0.327,0.078,0.037,0.01,0
FRD_00009689,CUST_00000004,TXN_0000000363,None,0.169,0.144,0.033,0.171,0.347,0
FRD_00009690,CUST_00000008,TXN_0000000673,None,0.121,0.229,0.109,0.075,0.0,0
FRD_00009691,CUST_00000156,TXN_0000014792,None,0.21,0.25,0.115,0.379,0.022,0
FRD_00009692,CUST_00000643,TXN_0000060916,None,0.167,0.271,0.06,0.224,0.022,0
FRD_00009693,CUST_00000617,TXN_0000058475,None,0.226,0.268,0.152,0.398,0.011,0
FRD_00009694,CUST_00000390,TXN_0000036883,None,0.216,0.324,0.224,0.227,0.003,0
FRD_00009695,CUST_00000205,TXN_0000019445,None,0.2,0.262,0.486,0.034,0.014,0
FRD_00009696,CUST_00000113,TXN_0000010707,None,0.082,0.102,0.06,0.138,0.001,0
FRD_00009697,CUST_00000576,TXN_0000054574,None,0.14,0.277,0.018,0.152,0.007,0
FRD_00009698,CUST_00000131,TXN_0000012401,None,0.147,0.082,0.514,0.05,0.016,0
FRD_00009699,CUST_00000410,TXN_0000038792,None,0.17,0.206,0.037,0.363,0.0,0
FRD_00009700,CUST_00000212,TXN_0000020082,None,0.131,0.28,0.047,0.088,0.008,0
FRD_00009701,CUST_00000312,TXN_0000029523,None,0.136,0.171,0.002,0.301,0.0,0
FRD_00009702,CUST_00000128,TXN_0000012072,None,0.103,0.173,0.016,0.153,0.005,0
FRD_00009703,CUST_00000839,TXN_0000079451,None,0.143,0.283,0.012,0.074,0.116,0
FRD_00009704,CUST_00000716,TXN_0000067862,None,0.215,0.275,0.127,0.323,0.061,0
FRD_00009705,CUST_00000543,TXN_0000051428,UPI Phishing / Collect Request Fraud,0.432,0.968,0.189,0.124,0.124,1
FRD_00009706,CUST_00000113,TXN_0000010646,None,0.109,0.268,0.004,0.021,0.044,0
FRD_00009707,CUST_00000762,TXN_0000072186,None,0.159,0.348,0.013,0.136,0.004,0
FRD_00009708,CUST_00000774,TXN_0000073373,None,0.187,0.275,0.004,0.336,0.031,0
FRD_00009709,CUST_00000234,TXN_0000022123,None,0.144,0.295,0.163,0.008,0.03,0
FRD_00009710,CUST_00000425,TXN_0000040238,None,0.236,0.325,0.011,0.398,0.105,0
FRD_00009711,CUST_00000045,TXN_0000004176,None,0.154,0.238,0.11,0.194,0.0,0
FRD_00009712,CUST_00000077,TXN_0000007221,None,0.243,0.243,0.095,0.557,0.0,0
FRD_00009713,CUST_00000853,TXN_0000080755,None,0.13,0.059,0.118,0.222,0.151,0
FRD_00009714,CUST_00000503,TXN_0000047591,None,0.176,0.256,0.013,0.33,0.008,0
FRD_00009715,CUST_00000810,TXN_0000076749,None,0.099,0.226,0.009,0.071,0.0,0
FRD_00009716,CUST_00000036,TXN_0000003378,None,0.149,0.236,0.04,0.215,0.024,0
FRD_00009717,CUST_00000406,TXN_0000038387,None,0.094,0.239,0.025,0.02,0.0,0
FRD_00009718,CUST_00000709,TXN_0000067177,None,0.09,0.191,0.099,0.014,0.0,0
FRD_00009719,CUST_00000509,TXN_0000048212,None,0.162,0.046,0.013,0.538,0.043,0
FRD_00009720,CUST_00000591,TXN_0000055975,None,0.128,0.301,0.004,0.089,0.0,0
FRD_00009721,CUST_00000517,TXN_0000048987,None,0.122,0.232,0.016,0.119,0.041,0
FRD_00009722,CUST_00000568,TXN_0000053829,None,0.153,0.212,0.068,0.044,0.269,0
FRD_00009723,CUST_00000818,TXN_0000077451,None,0.128,0.245,0.018,0.137,0.02,0
FRD_00009724,CUST_00000578,TXN_0000054695,None,0.122,0.109,0.08,0.271,0.002,0
FRD_00009725,CUST_00000400,TXN_0000037853,None,0.184,0.192,0.029,0.164,0.349,0
FRD_00009726,CUST_00000094,TXN_0000008842,None,0.122,0.109,0.007,0.138,0.242,0
FRD_00009727,CUST_00000346,TXN_0000032726,None,0.261,0.184,0.049,0.659,0.112,0
FRD_00009728,CUST_00000147,TXN_0000013941,None,0.133,0.218,0.233,0.038,0.003,0
FRD_00009729,CUST_00000435,TXN_0000041214,None,0.177,0.143,0.048,0.464,0.005,0
FRD_00009730,CUST_00000716,TXN_0000067845,None,0.078,0.092,0.015,0.169,0.001,0
FRD_00009731,CUST_00000273,TXN_0000025820,None,0.251,0.043,0.023,0.913,0.016,0
FRD_00009732,CUST_00000747,TXN_0000070775,None,0.142,0.195,0.093,0.113,0.135,0
FRD_00009733,CUST_00000359,TXN_0000034003,None,0.109,0.234,0.013,0.049,0.059,0
FRD_00009734,CUST_00000364,TXN_0000034438,None,0.117,0.233,0.121,0.045,0.002,0
FRD_00009735,CUST_00000106,TXN_0000009995,None,0.123,0.231,0.0,0.149,0.026,0
FRD_00009736,CUST_00000619,TXN_0000058667,None,0.162,0.264,0.036,0.02,0.287,0
FRD_00009737,CUST_00000990,TXN_0000093765,None,0.103,0.142,0.118,0.042,0.095,0
FRD_00009738,CUST_00000567,TXN_0000053704,None,0.105,0.162,0.118,0.083,0.02,0
FRD_00009739,CUST_00000449,TXN_0000042510,None,0.1,0.187,0.064,0.051,0.045,0
FRD_00009740,CUST_00000520,TXN_0000049266,None,0.152,0.128,0.051,0.384,0.005,0
FRD_00009741,CUST_00000602,TXN_0000057009,None,0.224,0.269,0.045,0.478,0.006,0
FRD_00009742,CUST_00000542,TXN_0000051374,None,0.133,0.136,0.155,0.156,0.078,0
FRD_00009743,CUST_00000999,TXN_0000094627,None,0.045,0.026,0.004,0.1,0.051,0
FRD_00009744,CUST_00000166,TXN_0000015781,None,0.213,0.254,0.183,0.313,0.048,0
FRD_00009745,CUST_00000176,TXN_0000016695,None,0.143,0.203,0.1,0.208,0.001,0
FRD_00009746,CUST_00000057,TXN_0000005406,None,0.081,0.134,0.037,0.108,0.0,0
FRD_00009747,CUST_00000090,TXN_0000008504,None,0.186,0.195,0.201,0.243,0.082,0
FRD_00009748,CUST_00000609,TXN_0000057671,None,0.217,0.259,0.014,0.494,0.001,0
FRD_00009749,CUST_00000921,TXN_0000087209,None,0.161,0.289,0.234,0.054,0.0,0
FRD_00009750,CUST_00000580,TXN_0000054882,UPI Phishing / Collect Request Fraud,0.379,0.915,0.011,0.198,0.033,1
FRD_00009751,CUST_00000046,TXN_0000004320,None,0.179,0.153,0.009,0.495,0.0,0
FRD_00009752,CUST_00000255,TXN_0000024129,None,0.11,0.219,0.0,0.087,0.058,0
FRD_00009753,CUST_00000526,TXN_0000049805,None,0.127,0.287,0.001,0.107,0.0,0
FRD_00009754,CUST_00000763,TXN_0000072302,None,0.112,0.15,0.14,0.117,0.009,0
FRD_00009755,CUST_00000420,TXN_0000039776,None,0.109,0.291,0.0,0.019,0.011,0
FRD_00009756,CUST_00000497,TXN_0000047046,None,0.07,0.059,0.019,0.167,0.018,0
FRD_00009757,CUST_00000976,TXN_0000092467,None,0.138,0.072,0.0,0.45,0.0,0
FRD_00009758,CUST_00000512,TXN_0000048550,None,0.088,0.236,0.023,0.003,0.001,0
FRD_00009759,CUST_00000978,TXN_0000092583,None,0.134,0.315,0.048,0.055,0.0,0
FRD_00009760,CUST_00000764,TXN_0000072396,None,0.071,0.165,0.001,0.049,0.003,0
FRD_00009761,CUST_00000815,TXN_0000077179,None,0.265,0.126,0.274,0.613,0.066,0
FRD_00009762,CUST_00000973,TXN_0000092172,None,0.118,0.243,0.002,0.096,0.043,0
FRD_00009763,CUST_00000760,TXN_0000071973,None,0.077,0.151,0.047,0.039,0.024,0
FRD_00009764,CUST_00000513,TXN_0000048632,None,0.191,0.095,0.171,0.409,0.105,0
FRD_00009765,CUST_00000390,TXN_0000036917,None,0.208,0.317,0.062,0.339,0.002,0
FRD_00009766,CUST_00000570,TXN_0000053965,None,0.207,0.383,0.001,0.029,0.327,0
FRD_00009767,CUST_00000115,TXN_0000010875,None,0.223,0.231,0.034,0.504,0.047,0
FRD_00009768,CUST_00000912,TXN_0000086422,None,0.149,0.13,0.156,0.283,0.006,0
FRD_00009769,CUST_00000806,TXN_0000076372,None,0.158,0.295,0.241,0.026,0.001,0
FRD_00009770,CUST_00000356,TXN_0000033685,None,0.092,0.096,0.01,0.219,0.006,0
FRD_00009771,CUST_00000599,TXN_0000056738,None,0.124,0.203,0.163,0.053,0.034,0
FRD_00009772,CUST_00000354,TXN_0000033508,None,0.253,0.268,0.043,0.58,0.027,0
FRD_00009773,CUST_00000996,TXN_0000094326,UPI Phishing / Collect Request Fraud,0.332,0.907,0.016,0.044,0.0,1
FRD_00009774,CUST_00000054,TXN_0000005062,None,0.177,0.311,0.212,0.097,0.008,0
FRD_00009775,CUST_00000945,TXN_0000089528,None,0.106,0.197,0.1,0.065,0.003,0
FRD_00009776,CUST_00000622,TXN_0000058891,None,0.142,0.261,0.07,0.124,0.027,0
FRD_00009777,CUST_00000026,TXN_0000002402,None,0.144,0.254,0.079,0.132,0.032,0
FRD_00009778,CUST_00000857,TXN_0000081178,None,0.218,0.202,0.39,0.243,0.045,0
FRD_00009779,CUST_00000460,TXN_0000043580,None,0.111,0.101,0.01,0.25,0.057,0
FRD_00009780,CUST_00000812,TXN_0000076915,None,0.222,0.361,0.11,0.14,0.195,0
FRD_00009781,CUST_00000525,TXN_0000049756,None,0.148,0.183,0.18,0.048,0.178,0
FRD_00009782,CUST_00000014,TXN_0000001254,None,0.167,0.204,0.223,0.195,0.013,0
FRD_00009783,CUST_00000566,TXN_0000053562,Identity Theft / Synthetic ID,0.405,0.916,0.222,0.116,0.054,1
FRD_00009784,CUST_00000741,TXN_0000070217,None,0.097,0.174,0.126,0.044,0.0,0
FRD_00009785,CUST_00000286,TXN_0000027037,None,0.185,0.231,0.002,0.364,0.062,0
FRD_00009786,CUST_00000405,TXN_0000038376,None,0.105,0.131,0.034,0.205,0.006,0
FRD_00009787,CUST_00000738,TXN_0000069895,Identity Theft / Synthetic ID,0.352,0.905,0.139,0.027,0.002,1
FRD_00009788,CUST_00000607,TXN_0000057513,None,0.103,0.197,0.034,0.097,0.015,0
FRD_00009789,CUST_00000626,TXN_0000059283,None,0.103,0.205,0.01,0.105,0.014,0
FRD_00009790,CUST_00000029,TXN_0000002686,None,0.131,0.324,0.002,0.066,0.001,0
FRD_00009791,CUST_00000333,TXN_0000031554,None,0.123,0.162,0.004,0.263,0.001,0
FRD_00009792,CUST_00000206,TXN_0000019480,None,0.129,0.027,0.013,0.466,0.001,0
FRD_00009793,CUST_00000523,TXN_0000049480,None,0.118,0.052,0.106,0.304,0.015,0
FRD_00009794,CUST_00000290,TXN_0000027460,None,0.099,0.174,0.108,0.054,0.016,0
FRD_00009795,CUST_00000038,TXN_0000003523,None,0.128,0.248,0.035,0.135,0.0,0
FRD_00009796,CUST_00000654,TXN_0000061989,None,0.159,0.235,0.17,0.132,0.05,0
FRD_00009797,CUST_00000490,TXN_0000046440,None,0.068,0.098,0.002,0.13,0.003,0
FRD_00009798,CUST_00000775,TXN_0000073452,None,0.087,0.14,0.003,0.149,0.0,0
FRD_00009799,CUST_00000421,TXN_0000039889,None,0.114,0.146,0.014,0.216,0.033,0
FRD_00009800,CUST_00000511,TXN_0000048406,None,0.173,0.235,0.065,0.31,0.0,0
FRD_00009801,CUST_00000400,TXN_0000037882,None,0.246,0.254,0.241,0.32,0.144,0
FRD_00009802,CUST_00000193,TXN_0000018249,None,0.091,0.137,0.077,0.096,0.016,0
FRD_00009803,CUST_00000834,TXN_0000078988,None,0.121,0.215,0.131,0.072,0.008,0
FRD_00009804,CUST_00000827,TXN_0000078361,None,0.158,0.189,0.214,0.184,0.016,0
FRD_00009805,CUST_00000593,TXN_0000056159,None,0.201,0.193,0.627,0.006,0.032,0
FRD_00009806,CUST_00000780,TXN_0000073920,None,0.115,0.25,0.008,0.105,0.0,0
FRD_00009807,CUST_00000977,TXN_0000092559,None,0.088,0.169,0.011,0.025,0.1,0
FRD_00009808,CUST_00000223,TXN_0000021083,None,0.039,0.073,0.021,0.03,0.007,0
FRD_00009809,CUST_00000409,TXN_0000038681,None,0.133,0.259,0.017,0.157,0.0,0
FRD_00009810,CUST_00000332,TXN_0000031414,None,0.265,0.315,0.158,0.374,0.15,0
FRD_00009811,CUST_00000068,TXN_0000006383,None,0.098,0.145,0.152,0.063,0.007,0
FRD_00009812,CUST_00000239,TXN_0000022610,None,0.08,0.107,0.01,0.162,0.002,0
FRD_00009813,CUST_00000396,TXN_0000037468,None,0.122,0.151,0.001,0.083,0.239,0
FRD_00009814,CUST_00000759,TXN_0000071922,Account Takeover (ATO),0.387,0.955,0.021,0.116,0.097,1
FRD_00009815,CUST_00000605,TXN_0000057289,None,0.068,0.149,0.029,0.04,0.0,0
FRD_00009816,CUST_00000792,TXN_0000075032,Identity Theft / Synthetic ID,0.341,0.867,0.0,0.081,0.086,1
FRD_00009817,CUST_00000195,TXN_0000018491,Card Not Present (CNP) Fraud,0.324,0.885,0.002,0.056,0.001,1
FRD_00009818,CUST_00000617,TXN_0000058441,None,0.143,0.325,0.023,0.028,0.087,0
FRD_00009819,CUST_00000566,TXN_0000053588,Identity Theft / Synthetic ID,0.355,0.911,0.005,0.107,0.041,1
FRD_00009820,CUST_00000457,TXN_0000043244,None,0.111,0.201,0.074,0.035,0.086,0
FRD_00009821,CUST_00000286,TXN_0000027025,None,0.209,0.186,0.064,0.505,0.023,0
FRD_00009822,CUST_00000513,TXN_0000048563,None,0.193,0.248,0.124,0.325,0.0,0
FRD_00009823,CUST_00000479,TXN_0000045357,None,0.312,0.259,0.058,0.602,0.297,0
FRD_00009824,CUST_00000111,TXN_0000010541,None,0.101,0.139,0.0,0.202,0.011,0
FRD_00009825,CUST_00000221,TXN_0000020934,None,0.109,0.101,0.129,0.069,0.154,0
FRD_00009826,CUST_00000104,TXN_0000009799,None,0.208,0.255,0.023,0.456,0.002,0
FRD_00009827,CUST_00000461,TXN_0000043644,None,0.108,0.139,0.274,0.003,0.017,0
FRD_00009828,CUST_00000128,TXN_0000012144,None,0.158,0.226,0.06,0.141,0.156,0
FRD_00009829,CUST_00000316,TXN_0000029886,None,0.095,0.221,0.024,0.051,0.001,0
FRD_00009830,CUST_00000921,TXN_0000087240,None,0.077,0.176,0.013,0.042,0.01,0
FRD_00009831,CUST_00000085,TXN_0000008022,None,0.123,0.262,0.035,0.011,0.11,0
FRD_00009832,CUST_00000710,TXN_0000067231,None,0.186,0.328,0.013,0.257,0.024,0
FRD_00009833,CUST_00000780,TXN_0000073896,None,0.186,0.238,0.04,0.379,0.0,0
FRD_00009834,CUST_00000520,TXN_0000049272,None,0.149,0.22,0.033,0.068,0.244,0
FRD_00009835,CUST_00000320,TXN_0000030314,None,0.134,0.259,0.037,0.071,0.089,0
FRD_00009836,CUST_00000450,TXN_0000042614,None,0.146,0.336,0.002,0.106,0.005,0
FRD_00009837,CUST_00000077,TXN_0000007270,None,0.164,0.225,0.034,0.312,0.003,0
FRD_00009838,CUST_00000751,TXN_0000071180,None,0.217,0.276,0.402,0.159,0.0,0
FRD_00009839,CUST_00000460,TXN_0000043551,None,0.142,0.261,0.01,0.194,0.002,0
FRD_00009840,CUST_00000074,TXN_0000006990,None,0.08,0.161,0.001,0.095,0.0,0
FRD_00009841,CUST_00000671,TXN_0000063597,None,0.184,0.182,0.038,0.442,0.009,0
FRD_00009842,CUST_00000201,TXN_0000019085,None,0.18,0.276,0.217,0.119,0.051,0
FRD_00009843,CUST_00000290,TXN_0000027449,None,0.124,0.155,0.001,0.27,0.011,0
FRD_00009844,CUST_00000315,TXN_0000029875,None,0.109,0.121,0.085,0.156,0.055,0
FRD_00009845,CUST_00000393,TXN_0000037235,None,0.098,0.223,0.0,0.051,0.038,0
FRD_00009846,CUST_00000202,TXN_0000019102,None,0.081,0.203,0.015,0.013,0.016,0
FRD_00009847,CUST_00000010,TXN_0000000863,None,0.071,0.11,0.018,0.089,0.035,0
FRD_00009848,CUST_00000358,TXN_0000033904,None,0.112,0.113,0.066,0.222,0.018,0
FRD_00009849,CUST_00000005,TXN_0000000384,None,0.298,0.262,0.01,0.803,0.017,0
FRD_00009850,CUST_00000582,TXN_0000055076,None,0.206,0.313,0.181,0.24,0.0,0
FRD_00009851,CUST_00000897,TXN_0000085008,None,0.236,0.271,0.014,0.479,0.093,0
FRD_00009852,CUST_00000035,TXN_0000003311,None,0.262,0.131,0.027,0.73,0.142,0
FRD_00009853,CUST_00000158,TXN_0000014921,None,0.182,0.046,0.217,0.484,0.008,0
FRD_00009854,CUST_00000313,TXN_0000029638,None,0.218,0.149,0.013,0.651,0.001,0
FRD_00009855,CUST_00000383,TXN_0000036280,None,0.12,0.263,0.057,0.0,0.083,0
FRD_00009856,CUST_00000621,TXN_0000058840,None,0.127,0.074,0.016,0.389,0.001,0
FRD_00009857,CUST_00000481,TXN_0000045545,None,0.208,0.321,0.0,0.382,0.0,0
FRD_00009858,CUST_00000908,TXN_0000085975,None,0.174,0.231,0.214,0.197,0.008,0
FRD_00009859,CUST_00000767,TXN_0000072661,None,0.149,0.184,0.264,0.076,0.065,0
FRD_00009860,CUST_00000148,TXN_0000014042,None,0.224,0.279,0.119,0.41,0.001,0
FRD_00009861,CUST_00000967,TXN_0000091627,None,0.211,0.301,0.082,0.305,0.065,0
FRD_00009862,CUST_00000164,TXN_0000015562,None,0.079,0.169,0.019,0.065,0.0,0
FRD_00009863,CUST_00000321,TXN_0000030414,None,0.157,0.266,0.049,0.186,0.039,0
FRD_00009864,CUST_00000624,TXN_0000059117,None,0.139,0.167,0.0,0.323,0.0,0
FRD_00009865,CUST_00000609,TXN_0000057718,None,0.189,0.349,0.011,0.223,0.043,0
FRD_00009866,CUST_00000541,TXN_0000051251,None,0.193,0.119,0.139,0.46,0.044,0
FRD_00009867,CUST_00000608,TXN_0000057630,None,0.037,0.06,0.014,0.01,0.054,0
FRD_00009868,CUST_00000792,TXN_0000074995,Account Takeover (ATO),0.391,0.922,0.223,0.068,0.033,1
FRD_00009869,CUST_00000091,TXN_0000008634,None,0.133,0.052,0.085,0.264,0.16,0
FRD_00009870,CUST_00000396,TXN_0000037532,None,0.19,0.278,0.099,0.277,0.017,0
FRD_00009871,CUST_00000021,TXN_0000001901,None,0.253,0.327,0.125,0.454,0.0,0
FRD_00009872,CUST_00000056,TXN_0000005285,None,0.076,0.172,0.0,0.064,0.0,0
FRD_00009873,CUST_00000438,TXN_0000041519,None,0.111,0.263,0.071,0.002,0.02,0
FRD_00009874,CUST_00000333,TXN_0000031564,None,0.163,0.155,0.087,0.303,0.08,0
FRD_00009875,CUST_00000444,TXN_0000042004,None,0.072,0.192,0.015,0.005,0.002,0
FRD_00009876,CUST_00000320,TXN_0000030325,None,0.137,0.124,0.081,0.28,0.038,0
FRD_00009877,CUST_00000243,TXN_0000022985,None,0.096,0.187,0.131,0.014,0.002,0
FRD_00009878,CUST_00000012,TXN_0000001119,None,0.106,0.16,0.182,0.04,0.02,0
FRD_00009879,CUST_00000540,TXN_0000051111,None,0.151,0.246,0.207,0.07,0.029,0
FRD_00009880,CUST_00000301,TXN_0000028525,None,0.298,0.351,0.012,0.624,0.084,0
FRD_00009881,CUST_00000636,TXN_0000060227,None,0.148,0.165,0.184,0.213,0.002,0
FRD_00009882,CUST_00000575,TXN_0000054423,None,0.114,0.144,0.038,0.164,0.075,0
FRD_00009883,CUST_00000986,TXN_0000093416,None,0.078,0.068,0.004,0.215,0.0,0
FRD_00009884,CUST_00000261,TXN_0000024666,None,0.133,0.137,0.26,0.133,0.0,0
FRD_00009885,CUST_00000452,TXN_0000042800,None,0.241,0.259,0.553,0.105,0.067,0
FRD_00009886,CUST_00000235,TXN_0000022256,None,0.336,0.28,0.544,0.487,0.037,0
FRD_00009887,CUST_00000891,TXN_0000084368,None,0.049,0.1,0.051,0.013,0.001,0
FRD_00009888,CUST_00000062,TXN_0000005881,None,0.084,0.15,0.003,0.015,0.134,0
FRD_00009889,CUST_00000852,TXN_0000080729,None,0.215,0.266,0.2,0.326,0.0,0
FRD_00009890,CUST_00000631,TXN_0000059735,None,0.203,0.183,0.339,0.282,0.004,0
FRD_00009891,CUST_00000960,TXN_0000090942,None,0.115,0.068,0.004,0.346,0.021,0
FRD_00009892,CUST_00000039,TXN_0000003616,None,0.069,0.074,0.113,0.081,0.0,0
FRD_00009893,CUST_00000568,TXN_0000053772,None,0.131,0.115,0.014,0.345,0.009,0
FRD_00009894,CUST_00000987,TXN_0000093519,None,0.196,0.233,0.299,0.218,0.0,0
FRD_00009895,CUST_00000284,TXN_0000026894,None,0.133,0.229,0.174,0.068,0.003,0
FRD_00009896,CUST_00000324,TXN_0000030697,None,0.154,0.349,0.017,0.064,0.06,0
FRD_00009897,CUST_00000725,TXN_0000068697,None,0.259,0.31,0.037,0.564,0.009,0
FRD_00009898,CUST_00000387,TXN_0000036620,None,0.096,0.213,0.051,0.042,0.002,0
FRD_00009899,CUST_00000284,TXN_0000026848,None,0.17,0.136,0.145,0.303,0.09,0
FRD_00009900,CUST_00000824,TXN_0000078032,None,0.125,0.118,0.038,0.141,0.206,0
FRD_00009901,CUST_00000377,TXN_0000035728,None,0.081,0.112,0.028,0.127,0.022,0
FRD_00009902,CUST_00000521,TXN_0000049301,Account Takeover (ATO),0.36,0.968,0.065,0.031,0.002,1
FRD_00009903,CUST_00000190,TXN_0000018030,None,0.234,0.306,0.028,0.408,0.097,0
FRD_00009904,CUST_00000475,TXN_0000044973,None,0.114,0.192,0.002,0.162,0.032,0
FRD_00009905,CUST_00000866,TXN_0000082018,None,0.123,0.058,0.017,0.399,0.0,0
FRD_00009906,CUST_00000012,TXN_0000001079,None,0.155,0.117,0.502,0.023,0.041,0
FRD_00009907,CUST_00000740,TXN_0000070080,None,0.133,0.045,0.031,0.322,0.151,0
FRD_00009908,CUST_00000266,TXN_0000025158,None,0.197,0.283,0.026,0.158,0.267,0
FRD_00009909,CUST_00000117,TXN_0000011039,None,0.075,0.18,0.008,0.038,0.003,0
FRD_00009910,CUST_00000186,TXN_0000017636,None,0.291,0.253,0.024,0.473,0.395,0
FRD_00009911,CUST_00000970,TXN_0000091910,None,0.128,0.078,0.025,0.364,0.021,0
FRD_00009912,CUST_00000734,TXN_0000069531,None,0.225,0.319,0.399,0.096,0.05,0
FRD_00009913,CUST_00000319,TXN_0000030234,None,0.086,0.189,0.007,0.063,0.012,0
FRD_00009914,CUST_00000093,TXN_0000008783,None,0.144,0.263,0.0,0.12,0.11,0
FRD_00009915,CUST_00000410,TXN_0000038813,None,0.181,0.267,0.062,0.237,0.078,0
FRD_00009916,CUST_00000805,TXN_0000076267,None,0.176,0.194,0.021,0.41,0.005,0
FRD_00009917,CUST_00000505,TXN_0000047845,None,0.173,0.307,0.003,0.261,0.0,0
FRD_00009918,CUST_00000023,TXN_0000002084,None,0.157,0.261,0.051,0.188,0.04,0
FRD_00009919,CUST_00000992,TXN_0000093949,None,0.176,0.217,0.008,0.306,0.108,0
FRD_00009920,CUST_00000981,TXN_0000092917,None,0.13,0.191,0.183,0.082,0.032,0
FRD_00009921,CUST_00000371,TXN_0000035125,None,0.129,0.181,0.125,0.153,0.01,0
FRD_00009922,CUST_00000541,TXN_0000051226,None,0.158,0.11,0.03,0.448,0.008,0
FRD_00009923,CUST_00000119,TXN_0000011249,None,0.232,0.227,0.437,0.216,0.057,0
FRD_00009924,CUST_00000541,TXN_0000051207,None,0.135,0.277,0.082,0.088,0.0,0
FRD_00009925,CUST_00000119,TXN_0000011288,None,0.116,0.168,0.004,0.226,0.002,0
FRD_00009926,CUST_00000365,TXN_0000034587,None,0.214,0.169,0.71,0.015,0.046,0
FRD_00009927,CUST_00000388,TXN_0000036750,None,0.128,0.253,0.021,0.142,0.0,0
FRD_00009928,CUST_00000660,TXN_0000062488,None,0.101,0.191,0.096,0.051,0.009,0
FRD_00009929,CUST_00000889,TXN_0000084159,None,0.244,0.254,0.337,0.326,0.032,0
FRD_00009930,CUST_00000576,TXN_0000054563,None,0.155,0.337,0.04,0.087,0.036,0
FRD_00009931,CUST_00000896,TXN_0000084850,None,0.102,0.194,0.008,0.1,0.038,0
FRD_00009932,CUST_00000378,TXN_0000035768,None,0.103,0.233,0.003,0.066,0.023,0
FRD_00009933,CUST_00000018,TXN_0000001639,None,0.151,0.343,0.001,0.123,0.001,0
FRD_00009934,CUST_00000414,TXN_0000039153,None,0.122,0.206,0.005,0.08,0.147,0
FRD_00009935,CUST_00000962,TXN_0000091093,None,0.12,0.107,0.135,0.218,0.004,0
FRD_00009936,CUST_00000081,TXN_0000007657,None,0.123,0.215,0.0,0.149,0.053,0
FRD_00009937,CUST_00000600,TXN_0000056779,None,0.188,0.204,0.0,0.313,0.194,0
FRD_00009938,CUST_00000670,TXN_0000063466,None,0.127,0.153,0.025,0.253,0.026,0
FRD_00009939,CUST_00000770,TXN_0000072972,None,0.13,0.344,0.021,0.02,0.002,0
FRD_00009940,CUST_00000413,TXN_0000039084,None,0.127,0.161,0.0,0.235,0.059,0
FRD_00009941,CUST_00000780,TXN_0000073889,None,0.109,0.145,0.0,0.226,0.011,0
FRD_00009942,CUST_00000552,TXN_0000052281,None,0.121,0.161,0.03,0.228,0.008,0
FRD_00009943,CUST_00000738,TXN_0000069956,Account Takeover (ATO),0.379,0.954,0.004,0.173,0.005,1
FRD_00009944,CUST_00000341,TXN_0000032272,None,0.191,0.142,0.411,0.234,0.001,0
FRD_00009945,CUST_00000915,TXN_0000086675,None,0.149,0.222,0.0,0.287,0.0,0
FRD_00009946,CUST_00000488,TXN_0000046225,None,0.133,0.343,0.007,0.043,0.006,0
FRD_00009947,CUST_00000626,TXN_0000059349,None,0.142,0.225,0.081,0.185,0.002,0
FRD_00009948,CUST_00000960,TXN_0000090907,None,0.168,0.233,0.131,0.233,0.008,0
FRD_00009949,CUST_00000741,TXN_0000070181,None,0.094,0.096,0.055,0.161,0.045,0
FRD_00009950,CUST_00000636,TXN_0000060212,None,0.065,0.139,0.018,0.002,0.061,0
FRD_00009951,CUST_00000642,TXN_0000060836,None,0.112,0.123,0.131,0.126,0.054,0
FRD_00009952,CUST_00000368,TXN_0000034825,None,0.076,0.129,0.041,0.092,0.0,0
FRD_00009953,CUST_00000975,TXN_0000092356,None,0.391,0.27,0.535,0.759,0.001,0
FRD_00009954,CUST_00000025,TXN_0000002280,None,0.204,0.179,0.017,0.548,0.004,0
FRD_00009955,CUST_00000884,TXN_0000083670,None,0.08,0.117,0.161,0.028,0.0,0
FRD_00009956,CUST_00000293,TXN_0000027696,None,0.085,0.183,0.102,0.001,0.0,0
FRD_00009957,CUST_00000520,TXN_0000049220,None,0.068,0.16,0.001,0.045,0.001,0
FRD_00009958,CUST_00000279,TXN_0000026398,None,0.159,0.195,0.001,0.288,0.095,0
FRD_00009959,CUST_00000796,TXN_0000075406,None,0.155,0.13,0.156,0.303,0.012,0
FRD_00009960,CUST_00000345,TXN_0000032664,None,0.165,0.305,0.141,0.118,0.002,0
FRD_00009961,CUST_00000205,TXN_0000019437,None,0.113,0.205,0.117,0.024,0.059,0
FRD_00009962,CUST_00000294,TXN_0000027865,None,0.186,0.165,0.032,0.487,0.0,0
FRD_00009963,CUST_00000268,TXN_0000025304,Card Not Present (CNP) Fraud,0.404,0.938,0.167,0.003,0.21,1
FRD_00009964,CUST_00000399,TXN_0000037797,None,0.168,0.222,0.178,0.161,0.072,0
FRD_00009965,CUST_00000742,TXN_0000070349,None,0.211,0.269,0.027,0.445,0.003,0
FRD_00009966,CUST_00000962,TXN_0000091127,None,0.234,0.144,0.377,0.433,0.0,0
FRD_00009967,CUST_00000895,TXN_0000084770,None,0.196,0.272,0.051,0.363,0.001,0
FRD_00009968,CUST_00000485,TXN_0000045933,None,0.08,0.131,0.02,0.119,0.0,0
FRD_00009969,CUST_00000770,TXN_0000072934,None,0.157,0.101,0.027,0.029,0.544,0
FRD_00009970,CUST_00000126,TXN_0000011889,None,0.116,0.125,0.138,0.173,0.008,0
FRD_00009971,CUST_00000029,TXN_0000002739,None,0.067,0.105,0.004,0.077,0.052,0
FRD_00009972,CUST_00000818,TXN_0000077452,None,0.263,0.273,0.472,0.293,0.001,0
FRD_00009973,CUST_00000530,TXN_0000050209,None,0.055,0.026,0.212,0.009,0.008,0
FRD_00009974,CUST_00000710,TXN_0000067256,None,0.146,0.106,0.217,0.261,0.001,0
FRD_00009975,CUST_00000791,TXN_0000074993,None,0.115,0.264,0.088,0.012,0.008,0
FRD_00009976,CUST_00000390,TXN_0000036965,None,0.161,0.317,0.013,0.133,0.069,0
FRD_00009977,CUST_00000420,TXN_0000039723,None,0.121,0.229,0.073,0.072,0.039,0
FRD_00009978,CUST_00000127,TXN_0000012001,None,0.081,0.093,0.006,0.188,0.001,0
FRD_00009979,CUST_00000679,TXN_0000064318,None,0.105,0.104,0.277,0.0,0.066,0
FRD_00009980,CUST_00000739,TXN_0000070017,None,0.083,0.158,0.039,0.078,0.002,0
FRD_00009981,CUST_00000368,TXN_0000034875,None,0.105,0.221,0.083,0.016,0.034,0
FRD_00009982,CUST_00000473,TXN_0000044797,None,0.169,0.264,0.204,0.138,0.008,0
FRD_00009983,CUST_00000717,TXN_0000067889,None,0.142,0.329,0.001,0.102,0.005,0
FRD_00009984,CUST_00000137,TXN_0000013010,None,0.168,0.098,0.125,0.137,0.373,0
FRD_00009985,CUST_00000685,TXN_0000064934,None,0.085,0.161,0.005,0.11,0.0,0
FRD_00009986,CUST_00000118,TXN_0000011178,None,0.14,0.31,0.052,0.081,0.003,0
FRD_00009987,CUST_00000788,TXN_0000074702,None,0.154,0.203,0.0,0.3,0.041,0
FRD_00009988,CUST_00000810,TXN_0000076706,None,0.136,0.237,0.0,0.119,0.114,0
FRD_00009989,CUST_00000036,TXN_0000003336,None,0.189,0.351,0.009,0.189,0.088,0
FRD_00009990,CUST_00000097,TXN_0000009207,None,0.036,0.076,0.004,0.03,0.003,0
FRD_00009991,CUST_00000931,TXN_0000088160,None,0.152,0.195,0.147,0.118,0.124,0
FRD_00009992,CUST_00000071,TXN_0000006695,None,0.103,0.158,0.006,0.045,0.174,0
FRD_00009993,CUST_00000564,TXN_0000053444,None,0.155,0.189,0.079,0.277,0.019,0
FRD_00009994,CUST_00000081,TXN_0000007653,None,0.126,0.144,0.097,0.181,0.055,0
FRD_00009995,CUST_00000780,TXN_0000073853,None,0.17,0.287,0.005,0.269,0.007,0
FRD_00009996,CUST_00000181,TXN_0000017196,None,0.063,0.128,0.035,0.022,0.027,0
FRD_00009997,CUST_00000489,TXN_0000046330,None,0.13,0.166,0.007,0.175,0.135,0
FRD_00009998,CUST_00000918,TXN_0000086955,None,0.156,0.076,0.005,0.502,0.016,0
FRD_00009999,CUST_00000080,TXN_0000007493,None,0.054,0.039,0.003,0.16,0.0,0
FRD_00010000,CUST_00000015,TXN_0000001362,None,0.318,0.343,0.075,0.367,0.457,0
