Customer_ID,Date,Narration,Cheque Reference Number,Value Date,Withdrawal Amount,Deposit Amount,Closing Balance
CUST_00111111,2025-01-01 08:37:36,UPI-Swiggy-swiggy.orders@ybl-ICIC0000011-465605751383,465605751383,2025-01-01,24956.99,0.0,50043.01
CUST_00111111,2025-01-01 18:11:57,UPI-AmazonPay-amazonpay@okicici-PAYTM0123456-423817167924,423817167924,2025-01-01,10491.56,0.0,39551.45
CUST_00111111,2025-01-02 02:23:34,UPI-DividendCredit-zerodha.payout@ybl-HDFC0000060-456236992858,456236992858,2025-01-02,0.0,523.99,40075.44
CUST_00111111,2025-01-02 11:55:36,UPI-Refund-amazon.refunds@ibl-PAYTM0123456-594127529513,594127529513,2025-01-02,0.0,5128.08,45203.52
CUST_00111111,2025-01-02 20:28:06,ATM-WDL-NFS-560843128106-MAIN BRANCH,560843128106,2025-01-02,11206.96,0.0,33996.56
CUST_00111111,2025-01-03 06:00:38,UPI-Refund-amazon.refunds@ibl-PAYTM0123456-446410640317,446410640317,2025-01-03,0.0,8858.89,42855.45
CUST_00111111,2025-01-03 14:27:49,ATM-WDL-S1AC439848153993-SBI ATM TOWN CENTER,439848153993,2025-01-03,3196.78,0.0,39658.67
CUST_00111111,2025-01-03 23:07:20,UPI-Zepto-zepto.pay@paytm-KKBK0000456-503477555473,503477555473,2025-01-03,2558.0,0.0,37100.67
CUST_00111111,2025-01-04 08:37:20,UPI-AirtelRecharge-airtel.bill@okhdfcbank-SBIN0001234-597755113827,597755113827,2025-01-04,6821.21,0.0,30279.46
CUST_00111111,2025-01-04 17:17:44,ATM-WDL-S1AC550662299624-SBI ATM TOWN CENTER,550662299624,2025-01-04,3097.02,0.0,27182.44
CUST_00111111,2025-01-05 02:27:04,UPI-GrowwNextbill-groww.mf@paytm-ICIC0000011-594099401516,594099401516,2025-01-05,1340.03,0.0,25842.41
CUST_00111111,2025-01-05 10:58:59,ATM-WDL-NFS-480629714570-MAIN BRANCH,480629714570,2025-01-05,3323.19,0.0,22519.22
CUST_00111111,2025-01-05 20:38:21,UPI-Myntra-myntra.fashion@okaxis-ICIC0000011-503513012944,503513012944,2025-01-05,6191.76,0.0,16327.46
CUST_00111111,2025-01-06 05:31:54,UPI-Blinkit-blinkit.commerce@okaxis-UTIB0001001-444516615233,444516615233,2025-01-06,2945.94,0.0,13381.52
CUST_00111111,2025-01-06 14:16:29,UPI-UberIndia-uber.pay@ibl-HDFC0000060-590125222021,590125222021,2025-01-06,231.86,0.0,13149.66
CUST_00111111,2025-01-06 23:08:05,UPI-OlaCabs-olacabs@okicici-ICIC0000011-445676883939,445676883939,2025-01-06,797.26,0.0,12352.4
CUST_00111111,2025-01-07 07:33:25,UPI-DividendCredit-zerodha.payout@okaxis-HDFC0000060-505064607602,505064607602,2025-01-07,0.0,7534.22,19886.62
CUST_00111111,2025-01-07 17:04:46,ATM-WDL-S1AC460369793805-SBI ATM TOWN CENTER,460369793805,2025-01-07,5629.58,0.0,14257.04
CUST_00111111,2025-01-08 01:41:11,UPI-TataPower-tatapower.bill@ybl-UTIB0001001-418329807518,418329807518,2025-01-08,500.92,0.0,13756.12
CUST_00111111,2025-01-08 10:31:02,UPI-Myntra-myntra.fashion@okhdfcbank-ICIC0000011-577006883183,577006883183,2025-01-08,2127.57,0.0,11628.55
CUST_00111111,2025-01-08 19:36:39,UPI-DividendCredit-zerodha.payout@ybl-HDFC0000060-469333105539,469333105539,2025-01-08,0.0,1808.87,13437.42
CUST_00111111,2025-01-09 04:51:57,UPI-Refund-amazon.refunds@okaxis-PAYTM0123456-548439945851,548439945851,2025-01-09,0.0,6101.06,19538.48
CUST_00111111,2025-01-09 13:36:42,UPI-Zomato-zomato.pay@ybl-HDFC0000060-500499659927,500499659927,2025-01-09,4535.7,0.0,15002.78
CUST_00111111,2025-01-09 21:58:50,UPI-Swiggy-swiggy.orders@paytm-ICIC0000011-416130961546,416130961546,2025-01-09,2738.06,0.0,12264.72
CUST_00111111,2025-01-10 07:42:28,UPI-ZerodhaBroking-zerodha.sip@okicici-HDFC0000060-518886761556,518886761556,2025-01-10,805.74,0.0,11458.98
CUST_00111111,2025-01-10 16:10:13,ACH-DR-HDFCLOANS-LN_PERSONAL_8821-EMI-470992005545,470992005545,2025-01-10,9167.184,0.0,2291.8
CUST_00111111,2025-01-11 01:26:22,UPI-BESCOM-bescom.utility@ibl-CNRB0001122-433160247737,433160247737,2025-01-11,625.13,0.0,1666.67
CUST_00111111,2025-01-11 10:28:10,UPI-Zepto-zepto.pay@paytm-KKBK0000456-492947223187,492947223187,2025-01-11,523.56,0.0,1143.11
CUST_00111111,2025-01-11 18:42:15,UPI-IRCTC-irctc.e-ticketing@ibl-SBIN0001234-401948728483,401948728483,2025-01-11,370.0,0.0,773.11
CUST_00111111,2025-01-12 04:01:24,UPI-DividendCredit-zerodha.payout@okicici-HDFC0000060-450517242990,450517242990,2025-01-12,0.0,645.34,1418.45
CUST_00111111,2025-01-12 13:22:25,ACH-CR-SALARY-TATAMOTORS-NETSALARY-484290022510,484290022510,2025-01-12,0.0,47261.36,48679.81
CUST_00111111,2025-01-12 21:29:12,UPI-GrowwNextbill-groww.mf@okicici-ICIC0000011-546722735893,546722735893,2025-01-12,6631.43,0.0,42048.38
CUST_00111111,2025-01-13 06:36:39,UPI-Zepto-zepto.pay@paytm-KKBK0000456-406393512837,406393512837,2025-01-13,12199.04,0.0,29849.34
CUST_00111111,2025-01-13 15:26:38,UPI-PaytmMoneyLtd-PaytmMoney.MFAUTOPAY.BRK@okicici-UTIB0001001-464673296154,464673296154,2025-01-13,2945.78,0.0,26903.56
CUST_00111111,2025-01-14 00:56:01,UPI-Zomato-zomato.pay@ybl-HDFC0000060-549295649477,549295649477,2025-01-14,1339.86,0.0,25563.7
CUST_00111111,2025-01-14 09:39:21,ATM-WDL-S1AC469428691627-SBI ATM TOWN CENTER,469428691627,2025-01-14,680.91,0.0,24882.79
CUST_00111111,2025-01-14 18:12:03,UPI-OlaCabs-olacabs@ibl-ICIC0000011-550018541150,550018541150,2025-01-14,6728.88,0.0,18153.91
CUST_00111111,2025-01-15 03:42:02,UPI-IRCTC-irctc.e-ticketing@ibl-SBIN0001234-508712993690,508712993690,2025-01-15,50.0,0.0,18103.91
CUST_00111111,2025-01-15 12:19:02,UPI-PaytmMoneyLtd-PaytmMoney.MFAUTOPAY.BRK@okhdfcbank-UTIB0001001-545597733835,545597733835,2025-01-15,4483.3,0.0,13620.61
CUST_00111111,2025-01-15 21:00:14,UPI-TataPower-tatapower.bill@paytm-UTIB0001001-490469302364,490469302364,2025-01-15,3680.24,0.0,9940.37
CUST_00111111,2025-01-16 05:56:22,UPI-DividendCredit-zerodha.payout@paytm-HDFC0000060-462656873202,462656873202,2025-01-16,0.0,1209.73,11150.1
CUST_00111111,2025-01-16 15:24:45,UPI-DividendCredit-zerodha.payout@ybl-HDFC0000060-415595468470,415595468470,2025-01-16,0.0,5071.32,16221.42
CUST_00111111,2025-01-16 23:34:20,UPI-AirtelRecharge-airtel.bill@paytm-SBIN0001234-493886419137,493886419137,2025-01-16,1888.71,0.0,14332.71
CUST_00111111,2025-01-17 08:46:58,UPI-DividendCredit-zerodha.payout@ybl-HDFC0000060-536017223847,536017223847,2025-01-17,0.0,1031.22,15363.93
CUST_00111111,2025-01-17 18:13:06,UPI-Zomato-zomato.pay@okhdfcbank-HDFC0000060-557071434074,557071434074,2025-01-17,3927.42,0.0,11436.51
CUST_00111111,2025-01-18 03:14:37,UPI-GrowwNextbill-groww.mf@paytm-ICIC0000011-453287916786,453287916786,2025-01-18,3553.01,0.0,7883.5
CUST_00111111,2025-01-18 11:44:41,UPI-Myntra-myntra.fashion@okhdfcbank-ICIC0000011-517485813471,517485813471,2025-01-18,343.19,0.0,7540.31
CUST_00111111,2025-01-18 20:14:43,UPI-PaytmMoneyLtd-PaytmMoney.MFAUTOPAY.BRK@ibl-UTIB0001001-578985737827,578985737827,2025-01-18,2011.38,0.0,5528.93
CUST_00111111,2025-01-19 05:34:17,UPI-Swiggy-swiggy.orders@paytm-ICIC0000011-493321966763,493321966763,2025-01-19,1495.35,0.0,4033.58
CUST_00111111,2025-01-19 14:15:33,UPI-AmazonPay-amazonpay@ybl-PAYTM0123456-522562414052,522562414052,2025-01-19,745.13,0.0,3288.45
CUST_00111111,2025-01-19 23:17:20,ACH-DR-okhdfcbank-PERSONALEMI-LN_PERSONAL_8821-421145264764,421145264764,2025-01-19,2630.756800000001,0.0,657.69
CUST_00111111,2025-01-20 08:00:47,ATM-WDL-NFS-576310934360-MAIN BRANCH,576310934360,2025-01-20,20.47,0.0,637.22
CUST_00111111,2025-01-20 16:56:14,UPI-Refund-amazon.refunds@ybl-PAYTM0123456-468069629861,468069629861,2025-01-20,0.0,179.83,817.05
CUST_00111111,2025-01-21 02:18:47,UPI-PaytmMoneyLtd-PaytmMoney.MFAUTOPAY.BRK@okhdfcbank-UTIB0001001-457901993534,457901993534,2025-01-21,100.18,0.0,716.87
CUST_00111111,2025-01-21 11:07:16,UPI-Zepto-zepto.pay@okhdfcbank-KKBK0000456-470396325412,470396325412,2025-01-21,229.1,0.0,487.77
CUST_00111111,2025-01-21 20:24:43,UPI-AmazonPay-amazonpay@ibl-PAYTM0123456-582775633204,582775633204,2025-01-21,78.9,0.0,408.87
CUST_00111111,2025-01-22 04:45:53,UPI-TataPower-tatapower.bill@paytm-UTIB0001001-457108925266,457108925266,2025-01-22,44.31,0.0,364.56
CUST_00111111,2025-01-22 14:05:42,UPI-Refund-amazon.refunds@paytm-PAYTM0123456-414231824314,414231824314,2025-01-22,0.0,955.35,1319.91
CUST_00111111,2025-01-22 22:58:47,UPI-DividendCredit-zerodha.payout@paytm-HDFC0000060-445230842363,445230842363,2025-01-22,0.0,6737.38,8057.29
CUST_00111111,2025-01-23 08:18:21,UPI-GrowwNextbill-groww.mf@okicici-ICIC0000011-417977981334,417977981334,2025-01-23,1791.73,0.0,6265.56
CUST_00111111,2025-01-23 17:14:50,ACH-CR-SALARY-TATAMOTORS-NETSALARY-508384375446,508384375446,2025-01-23,0.0,88573.03,94838.59
CUST_00111111,2025-01-24 01:51:17,UPI-ZerodhaBroking-zerodha.sip@okicici-HDFC0000060-411143374934,411143374934,2025-01-24,6205.12,0.0,88633.47
CUST_00111111,2025-01-24 10:52:24,UPI-Zepto-zepto.pay@okicici-KKBK0000456-557125676044,557125676044,2025-01-24,16738.23,0.0,71895.24
CUST_00111111,2025-01-24 19:17:14,UPI-Zomato-zomato.pay@okaxis-HDFC0000060-596149979483,596149979483,2025-01-24,22550.2,0.0,49345.04
CUST_00111111,2025-01-25 04:26:05,UPI-Zepto-zepto.pay@ibl-KKBK0000456-580950744357,580950744357,2025-01-25,1914.03,0.0,47431.01
CUST_00111111,2025-01-25 13:16:25,UPI-Myntra-myntra.fashion@paytm-ICIC0000011-421198817371,421198817371,2025-01-25,7098.95,0.0,40332.06
CUST_00111111,2025-01-25 22:29:02,UPI-AirtelRecharge-airtel.bill@paytm-SBIN0001234-430048005453,430048005453,2025-01-25,12152.35,0.0,28179.71
CUST_00111111,2025-01-26 07:20:54,UPI-DividendCredit-zerodha.payout@okaxis-HDFC0000060-435498765487,435498765487,2025-01-26,0.0,1887.19,30066.9
CUST_00111111,2025-01-26 15:58:48,UPI-Myntra-myntra.fashion@ybl-ICIC0000011-478896518098,478896518098,2025-01-26,2349.0,0.0,27717.9
CUST_00111111,2025-01-27 01:25:55,UPI-DividendCredit-zerodha.payout@ibl-HDFC0000060-568803025766,568803025766,2025-01-27,0.0,1129.77,28847.67
CUST_00111111,2025-01-27 10:19:15,UPI-UberIndia-uber.pay@okaxis-HDFC0000060-553833290906,553833290906,2025-01-27,3273.43,0.0,25574.24
CUST_00111111,2025-01-27 19:29:22,UPI-GrowwNextbill-groww.mf@paytm-ICIC0000011-469296252687,469296252687,2025-01-27,6297.17,0.0,19277.07
CUST_00111111,2025-01-28 04:02:58,UPI-AirtelRecharge-airtel.bill@okaxis-SBIN0001234-473682087722,473682087722,2025-01-28,6557.01,0.0,12720.06
CUST_00111111,2025-01-28 13:09:57,UPI-IRCTC-irctc.e-ticketing@ibl-SBIN0001234-457307234474,457307234474,2025-01-28,1132.16,0.0,11587.9
CUST_00111111,2025-01-28 21:51:14,UPI-GrowwNextbill-groww.mf@paytm-ICIC0000011-470817705056,470817705056,2025-01-28,1230.78,0.0,10357.12
CUST_00111111,2025-01-29 06:41:24,ACH-DR-okhdfcbank-HOMEEMI-LN_PERSONAL_8821-400189351213,400189351213,2025-01-29,8285.695360000016,0.0,2071.42
CUST_00111111,2025-01-29 15:51:45,POS-NETC FASTag Recharge-472927676898,472927676898,2025-01-29,41.19,0.0,2030.23
CUST_00111111,2025-01-30 00:41:41,UPI-PaytmMoneyLtd-PaytmMoney.MFAUTOPAY.BRK@okicici-UTIB0001001-518994935612,518994935612,2025-01-30,364.65,0.0,1665.58
CUST_00111111,2025-01-30 09:04:56,UPI-Refund-amazon.refunds@paytm-PAYTM0123456-546669071355,546669071355,2025-01-30,0.0,916.56,2582.14
CUST_00111111,2025-01-30 18:35:19,UPI-Swiggy-swiggy.orders@okhdfcbank-ICIC0000011-441027782882,441027782882,2025-01-30,227.91,0.0,2354.23
CUST_00111111,2025-01-31 03:12:22,UPI-DividendCredit-zerodha.payout@ibl-HDFC0000060-457371353798,457371353798,2025-01-31,0.0,1780.68,4134.91
CUST_00111111,2025-01-31 12:32:37,ATM-WDL-S1AC494930775747-SBI ATM TOWN CENTER,494930775747,2025-01-31,361.68,0.0,3773.23
CUST_00111111,2025-01-31 21:25:14,ATM-WDL-NFS-441873687513-MAIN BRANCH,441873687513,2025-01-31,1009.39,0.0,2763.84
CUST_00111111,2025-02-01 06:33:14,UPI-PaytmMoneyLtd-PaytmMoney.MFAUTOPAY.BRK@okhdfcbank-UTIB0001001-450726878298,450726878298,2025-02-01,708.51,0.0,2055.33
CUST_00111111,2025-02-01 15:24:40,ATM-WDL-NFS-494164955905-MAIN BRANCH,494164955905,2025-02-01,460.38,0.0,1594.95
CUST_00111111,2025-02-01 23:48:22,ATM-WDL-NFS-428781770660-MAIN BRANCH,428781770660,2025-02-01,306.05,0.0,1288.9
CUST_00111111,2025-02-02 09:24:32,UPI-Refund-amazon.refunds@ybl-PAYTM0123456-462151140389,462151140389,2025-02-02,0.0,4609.11,5898.01
CUST_00111111,2025-02-02 17:45:34,UPI-OlaCabs-olacabs@paytm-ICIC0000011-461107057338,461107057338,2025-02-02,397.23,0.0,5500.78
CUST_00111111,2025-02-03 02:44:40,UPI-Refund-amazon.refunds@paytm-PAYTM0123456-474424318380,474424318380,2025-02-03,0.0,2334.45,7835.23
CUST_00111111,2025-02-03 11:37:12,UPI-IRCTC-irctc.e-ticketing@okhdfcbank-SBIN0001234-540194096565,540194096565,2025-02-03,60.24,0.0,7774.99
CUST_00111111,2025-02-03 20:10:53,NEFT-CR-TATAMOTORS-MONTHLY SALARY-472887315618,472887315618,2025-02-03,0.0,70604.65,78379.64
CUST_00111111,2025-02-04 05:07:22,UPI-BigBasket-bigbasket@okhdfcbank-SBIN0001234-563674342652,563674342652,2025-02-04,17704.27,0.0,60675.37
CUST_00111111,2025-02-04 14:54:13,UPI-DividendCredit-zerodha.payout@okicici-HDFC0000060-517311350815,517311350815,2025-02-04,0.0,3035.53,63710.9
CUST_00111111,2025-02-04 23:22:35,UPI-Blinkit-blinkit.commerce@ybl-UTIB0001001-558482166057,558482166057,2025-02-04,20888.92,0.0,42821.98
CUST_00111111,2025-02-05 08:40:27,UPI-DividendCredit-zerodha.payout@okicici-HDFC0000060-401872852789,401872852789,2025-02-05,0.0,1142.83,43964.81
CUST_00111111,2025-02-05 17:12:41,UPI-Refund-amazon.refunds@ibl-PAYTM0123456-419032277411,419032277411,2025-02-05,0.0,6565.48,50530.29
CUST_00111111,2025-02-06 02:26:08,UPI-IRCTC-irctc.e-ticketing@paytm-SBIN0001234-581736883846,581736883846,2025-02-06,4572.98,0.0,45957.31
CUST_00111111,2025-02-06 11:13:59,UPI-Zepto-zepto.pay@okhdfcbank-KKBK0000456-581716993942,581716993942,2025-02-06,13147.81,0.0,32809.5
CUST_00111111,2025-02-06 20:22:43,UPI-Zomato-zomato.pay@ybl-HDFC0000060-551593684768,551593684768,2025-02-06,6089.21,0.0,26720.29
CUST_00111111,2025-02-07 05:16:17,UPI-OlaCabs-olacabs@ibl-ICIC0000011-507118046311,507118046311,2025-02-07,884.31,0.0,25835.98
CUST_00111111,2025-02-07 14:08:41,ACH-DR-okhdfcbank-AUTOEMI-552067934933,552067934933,2025-02-07,14500.0,0.0,11335.98
CUST_00111111,2025-02-07 22:42:01,UPI-TataPower-tatapower.bill@okicici-UTIB0001001-516866844737,516866844737,2025-02-07,3573.99,0.0,7761.99
CUST_00111111,2025-02-08 07:40:11,UPI-OlaCabs-olacabs@okhdfcbank-ICIC0000011-522256193353,522256193353,2025-02-08,930.96,0.0,6831.03
CUST_00111111,2025-02-08 16:48:51,UPI-BigBasket-bigbasket@paytm-SBIN0001234-581117445413,581117445413,2025-02-08,1739.77,0.0,5091.26
CUST_00111111,2025-02-09 01:55:03,UPI-PaytmMoneyLtd-PaytmMoney.MFAUTOPAY.BRK@okaxis-UTIB0001001-570222184823,570222184823,2025-02-09,1582.43,0.0,3508.83
CUST_00111111,2025-02-09 10:51:25,UPI-Swiggy-swiggy.orders@ybl-ICIC0000011-461462783589,461462783589,2025-02-09,793.84,0.0,2714.99
CUST_00111111,2025-02-09 19:04:25,UPI-Refund-amazon.refunds@paytm-PAYTM0123456-569544419587,569544419587,2025-02-09,0.0,540.74,3255.73
CUST_00111111,2025-02-10 04:25:19,UPI-Zomato-zomato.pay@okicici-HDFC0000060-575604620893,575604620893,2025-02-10,696.93,0.0,2558.8
CUST_00111111,2025-02-10 13:26:32,UPI-DividendCredit-zerodha.payout@ybl-HDFC0000060-466141005411,466141005411,2025-02-10,0.0,367.49,2926.29
CUST_00111111,2025-02-10 22:39:49,UPI-Swiggy-swiggy.orders@okhdfcbank-ICIC0000011-429572847881,429572847881,2025-02-10,20.11,0.0,2906.18
CUST_00111111,2025-02-11 07:39:13,UPI-Refund-amazon.refunds@okicici-PAYTM0123456-593092993840,593092993840,2025-02-11,0.0,2089.24,4995.42
CUST_00111111,2025-02-11 15:43:31,UPI-AmazonPay-amazonpay@paytm-PAYTM0123456-466818549113,466818549113,2025-02-11,1145.11,0.0,3850.31
CUST_00111111,2025-02-12 01:30:34,UPI-TataPower-tatapower.bill@okicici-UTIB0001001-582384253950,582384253950,2025-02-12,964.06,0.0,2886.25
CUST_00111111,2025-02-12 09:53:17,ATM-WDL-S1AC524087729489-SBI ATM TOWN CENTER,524087729489,2025-02-12,338.83,0.0,2547.42
CUST_00111111,2025-02-12 19:24:06,UPI-Zomato-zomato.pay@okhdfcbank-HDFC0000060-554218766777,554218766777,2025-02-12,584.47,0.0,1962.95
CUST_00111111,2025-02-13 03:53:53,UPI-Myntra-myntra.fashion@okicici-ICIC0000011-475753179055,475753179055,2025-02-13,456.94,0.0,1506.01
CUST_00111111,2025-02-13 12:35:15,UPI-IRCTC-irctc.e-ticketing@paytm-SBIN0001234-521438471343,521438471343,2025-02-13,62.97,0.0,1443.04
CUST_00111111,2025-02-13 21:30:42,UPI-AirtelRecharge-airtel.bill@okaxis-SBIN0001234-491361320729,491361320729,2025-02-13,144.97,0.0,1298.07
CUST_00111111,2025-02-14 06:19:54,UPI-OlaCabs-olacabs@okhdfcbank-ICIC0000011-460777354902,460777354902,2025-02-14,442.47,0.0,855.6
CUST_00111111,2025-02-14 15:54:27,UPI-Flipkart-flipkart.pay@okhdfcbank-HDFC0000060-418098789804,418098789804,2025-02-14,268.75,0.0,586.85
CUST_00111111,2025-02-15 00:39:02,ACH-CR-SALARY-TATAMOTORS-NETSALARY-513670279354,513670279354,2025-02-15,0.0,76556.93,77143.78
CUST_00111111,2025-02-15 09:54:37,UPI-UberIndia-uber.pay@okicici-HDFC0000060-504883717791,504883717791,2025-02-15,13578.82,0.0,63564.96
CUST_00111111,2025-02-15 18:52:01,UPI-ZerodhaBroking-zerodha.sip@okhdfcbank-HDFC0000060-505551786335,505551786335,2025-02-15,10965.02,0.0,52599.94
CUST_00111111,2025-02-16 03:09:41,UPI-TataPower-tatapower.bill@okhdfcbank-UTIB0001001-506315366141,506315366141,2025-02-16,13304.49,0.0,39295.45
CUST_00111111,2025-02-16 12:35:13,UPI-Zepto-zepto.pay@ybl-KKBK0000456-534091192652,534091192652,2025-02-16,349.06,0.0,38946.39
CUST_00111111,2025-02-16 21:13:59,UPI-SBI-Loans-sbiloan.emi@ibl-SBIN0001234-491864442188,491864442188,2025-02-16,14500.0,0.0,24446.39
CUST_00111111,2025-02-17 06:26:02,UPI-Myntra-myntra.fashion@paytm-ICIC0000011-548701461369,548701461369,2025-02-17,1527.74,0.0,22918.65
CUST_00111111,2025-02-17 15:10:53,POS-NETC FASTag Recharge-407142529575,407142529575,2025-02-17,7652.66,0.0,15265.99
CUST_00111111,2025-02-17 23:37:23,UPI-ZerodhaBroking-zerodha.sip@ybl-HDFC0000060-528277149795,528277149795,2025-02-17,1987.24,0.0,13278.75
CUST_00111111,2025-02-18 08:49:46,UPI-Refund-amazon.refunds@okhdfcbank-PAYTM0123456-457240543848,457240543848,2025-02-18,0.0,6688.81,19967.56
CUST_00111111,2025-02-18 17:42:42,UPI-Blinkit-blinkit.commerce@okhdfcbank-UTIB0001001-474642778724,474642778724,2025-02-18,6756.11,0.0,13211.45
CUST_00111111,2025-02-19 02:47:32,UPI-Swiggy-swiggy.orders@okaxis-ICIC0000011-415201689086,415201689086,2025-02-19,3946.53,0.0,9264.92
CUST_00111111,2025-02-19 12:04:31,ATM-WDL-NFS-580205169491-MAIN BRANCH,580205169491,2025-02-19,1257.99,0.0,8006.93
CUST_00111111,2025-02-19 20:23:50,UPI-Swiggy-swiggy.orders@ybl-ICIC0000011-567591256054,567591256054,2025-02-19,898.4,0.0,7108.53
CUST_00111111,2025-02-20 05:35:03,UPI-DividendCredit-zerodha.payout@okicici-HDFC0000060-432940074929,432940074929,2025-02-20,0.0,2134.34,9242.87
CUST_00111111,2025-02-20 14:30:14,UPI-Swiggy-swiggy.orders@okaxis-ICIC0000011-471723655920,471723655920,2025-02-20,2256.22,0.0,6986.65
CUST_00111111,2025-02-20 23:47:21,UPI-GrowwNextbill-groww.mf@okaxis-ICIC0000011-446468544704,446468544704,2025-02-20,251.17,0.0,6735.48
CUST_00111111,2025-02-21 07:51:47,POS-NETC FASTag Recharge-485593918646,485593918646,2025-02-21,2334.12,0.0,4401.36
CUST_00111111,2025-02-21 17:12:52,UPI-DividendCredit-zerodha.payout@ybl-HDFC0000060-597317113733,597317113733,2025-02-21,0.0,1926.24,6327.6
CUST_00111111,2025-02-22 02:21:59,UPI-IRCTC-irctc.e-ticketing@paytm-SBIN0001234-467118495018,467118495018,2025-02-22,1644.44,0.0,4683.16
CUST_00111111,2025-02-22 11:35:22,ATM-WDL-NFS-566147627444-MAIN BRANCH,566147627444,2025-02-22,1155.91,0.0,3527.25
CUST_00111111,2025-02-22 19:56:48,UPI-Blinkit-blinkit.commerce@ibl-UTIB0001001-518252240408,518252240408,2025-02-22,373.05,0.0,3154.2
CUST_00111111,2025-02-23 05:03:24,ATM-WDL-S1AC492975490316-SBI ATM TOWN CENTER,492975490316,2025-02-23,897.19,0.0,2257.01
CUST_00111111,2025-02-23 14:20:46,UPI-BigBasket-bigbasket@okhdfcbank-SBIN0001234-427875204077,427875204077,2025-02-23,722.72,0.0,1534.29
CUST_00111111,2025-02-23 23:16:58,UPI-AmazonPay-amazonpay@ybl-PAYTM0123456-595248093781,595248093781,2025-02-23,276.79,0.0,1257.5
CUST_00111111,2025-02-24 08:06:15,ATM-WDL-S1AC475808137369-SBI ATM TOWN CENTER,475808137369,2025-02-24,291.32,0.0,966.18
CUST_00111111,2025-02-24 16:43:40,UPI-Blinkit-blinkit.commerce@okaxis-UTIB0001001-562053523619,562053523619,2025-02-24,272.17,0.0,694.01
CUST_00111111,2025-02-25 02:04:24,UPI-AmazonPay-amazonpay@okaxis-PAYTM0123456-425489006908,425489006908,2025-02-25,92.03,0.0,601.98
CUST_00111111,2025-02-25 10:54:41,POS-NETC FASTag Recharge-556614730325,556614730325,2025-02-25,33.39,0.0,568.59
CUST_00111111,2025-02-25 19:22:11,UPI-Zomato-zomato.pay@okaxis-HDFC0000060-533267251713,533267251713,2025-02-25,21.61,0.0,546.98
CUST_00111111,2025-02-26 04:09:28,ACH-DR-okhdfcbank-AUTOEMI-472146140638,472146140638,2025-02-26,500.0,0.0,46.98
CUST_00111111,2025-02-26 13:31:27,UPI-AirtelRecharge-airtel.bill@paytm-SBIN0001234-551510419857,551510419857,2025-02-26,33.99,0.0,12.99
CUST_00111111,2025-02-26 21:52:22,UPI-Myntra-myntra.fashion@okhdfcbank-ICIC0000011-598605111952,598605111952,2025-02-26,35.68,0.0,0.0
CUST_00111111,2025-02-27 07:34:03,UPI-Refund-amazon.refunds@okhdfcbank-PAYTM0123456-590010744457,590010744457,2025-02-27,0.0,195.16,195.16
CUST_00111111,2025-02-27 16:08:39,UPI-Blinkit-blinkit.commerce@paytm-UTIB0001001-407700588051,407700588051,2025-02-27,34.2,0.0,160.96
CUST_00111111,2025-02-28 01:01:26,UPI-Refund-amazon.refunds@okaxis-PAYTM0123456-467395712653,467395712653,2025-02-28,0.0,1946.63,2107.59
CUST_00111111,2025-02-28 10:01:54,UPI-Myntra-myntra.fashion@okaxis-ICIC0000011-544111068998,544111068998,2025-02-28,170.96,0.0,1936.63
CUST_00111111,2025-02-28 19:02:56,UPI-Flipkart-flipkart.pay@ibl-HDFC0000060-495910018331,495910018331,2025-02-28,71.57,0.0,1865.06
CUST_00111111,2025-03-01 03:42:03,UPI-DividendCredit-zerodha.payout@paytm-HDFC0000060-461209312713,461209312713,2025-03-01,0.0,1994.77,3859.83
CUST_00111111,2025-03-01 12:38:26,UPI-Swiggy-swiggy.orders@ybl-ICIC0000011-592252140476,592252140476,2025-03-01,866.57,0.0,2993.26
CUST_00111111,2025-03-01 22:03:05,UPI-TataPower-tatapower.bill@ibl-UTIB0001001-475094061122,475094061122,2025-03-01,1022.7,0.0,1970.56
CUST_00111111,2025-03-02 06:49:10,UPI-Blinkit-blinkit.commerce@ybl-UTIB0001001-478143139993,478143139993,2025-03-02,232.9,0.0,1737.66
CUST_00111111,2025-03-02 15:24:50,UPI-Zomato-zomato.pay@okicici-HDFC0000060-593334295077,593334295077,2025-03-02,175.65,0.0,1562.01
CUST_00111111,2025-03-03 00:03:04,UPI-BigBasket-bigbasket@okicici-SBIN0001234-417069466762,417069466762,2025-03-03,56.72,0.0,1505.29
CUST_00111111,2025-03-03 09:04:21,UPI-DividendCredit-zerodha.payout@paytm-HDFC0000060-536377203938,536377203938,2025-03-03,0.0,8318.45,9823.74
CUST_00111111,2025-03-03 18:30:41,UPI-Flipkart-flipkart.pay@okhdfcbank-HDFC0000060-530070246993,530070246993,2025-03-03,2397.53,0.0,7426.21
CUST_00111111,2025-03-04 02:59:51,ATM-WDL-S1AC417031682715-SBI ATM TOWN CENTER,417031682715,2025-03-04,462.82,0.0,6963.39
CUST_00111111,2025-03-04 11:50:49,UPI-Refund-amazon.refunds@okhdfcbank-PAYTM0123456-420710829020,420710829020,2025-03-04,0.0,820.01,7783.4
CUST_00111111,2025-03-04 20:43:51,UPI-PaytmMoneyLtd-PaytmMoney.MFAUTOPAY.BRK@ibl-UTIB0001001-574276978822,574276978822,2025-03-04,1950.98,0.0,5832.42
CUST_00111111,2025-03-05 05:44:45,UPI-PaytmMoneyLtd-PaytmMoney.MFAUTOPAY.BRK@okaxis-UTIB0001001-558102651341,558102651341,2025-03-05,582.24,0.0,5250.18
CUST_00111111,2025-03-05 14:38:25,ATM-WDL-NFS-564996211055-MAIN BRANCH,564996211055,2025-03-05,1359.86,0.0,3890.32
CUST_00111111,2025-03-06 00:19:03,UPI-Flipkart-flipkart.pay@okhdfcbank-HDFC0000060-505323647051,505323647051,2025-03-06,838.75,0.0,3051.57
CUST_00111111,2025-03-06 09:20:35,UPI-AirtelRecharge-airtel.bill@okicici-SBIN0001234-483446188743,483446188743,2025-03-06,275.87,0.0,2775.7
CUST_00111111,2025-03-06 17:59:15,UPI-Zomato-zomato.pay@ibl-HDFC0000060-459110505771,459110505771,2025-03-06,739.88,0.0,2035.82
CUST_00111111,2025-03-07 02:58:29,UPI-DividendCredit-zerodha.payout@ybl-HDFC0000060-443298370484,443298370484,2025-03-07,0.0,408.45,2444.27
CUST_00111111,2025-03-07 11:46:50,UPI-SBI-Loans-sbiloan.emi@okhdfcbank-SBIN0001234-400672302490,400672302490,2025-03-07,1955.4160000000004,0.0,488.85
CUST_00111111,2025-03-07 20:51:59,UPI-DividendCredit-zerodha.payout@okaxis-HDFC0000060-531399418530,531399418530,2025-03-07,0.0,203.95,692.8
CUST_00111111,2025-03-08 05:16:30,POS-NETC FASTag Recharge-594510929383,594510929383,2025-03-08,175.07,0.0,517.73
CUST_00111111,2025-03-08 14:01:19,ATM-WDL-NFS-463081837901-MAIN BRANCH,463081837901,2025-03-08,31.26,0.0,486.47
CUST_00111111,2025-03-08 23:21:15,UPI-OlaCabs-olacabs@ybl-ICIC0000011-546521848515,546521848515,2025-03-08,88.51,0.0,397.96
CUST_00111111,2025-03-09 08:06:08,ACH-CR-SALARY-TATAMOTORS-NETSALARY-442205059467,442205059467,2025-03-09,0.0,53660.09,54058.05
CUST_00111111,2025-03-09 16:55:05,UPI-IRCTC-irctc.e-ticketing@okicici-SBIN0001234-485008692391,485008692391,2025-03-09,7548.86,0.0,46509.19
CUST_00111111,2025-03-10 02:09:30,UPI-BigBasket-bigbasket@ibl-SBIN0001234-525088146467,525088146467,2025-03-10,10343.67,0.0,36165.52
CUST_00111111,2025-03-10 11:02:46,UPI-Refund-amazon.refunds@okicici-PAYTM0123456-477063207656,477063207656,2025-03-10,0.0,1273.46,37438.98
CUST_00111111,2025-03-10 20:00:57,UPI-Myntra-myntra.fashion@paytm-ICIC0000011-563554252376,563554252376,2025-03-10,6600.37,0.0,30838.61
CUST_00111111,2025-03-11 04:48:50,UPI-PaytmMoneyLtd-PaytmMoney.MFAUTOPAY.BRK@paytm-UTIB0001001-471312407100,471312407100,2025-03-11,7114.74,0.0,23723.87
CUST_00111111,2025-03-11 14:08:37,UPI-Refund-amazon.refunds@paytm-PAYTM0123456-561384251309,561384251309,2025-03-11,0.0,282.96,24006.83
CUST_00111111,2025-03-11 22:57:42,UPI-TataPower-tatapower.bill@okhdfcbank-UTIB0001001-450492790156,450492790156,2025-03-11,237.36,0.0,23769.47
CUST_00111111,2025-03-12 07:44:19,UPI-BESCOM-bescom.utility@ybl-CNRB0001122-476948946688,476948946688,2025-03-12,7822.97,0.0,15946.5
CUST_00111111,2025-03-12 16:53:14,UPI-Flipkart-flipkart.pay@paytm-HDFC0000060-536641141596,536641141596,2025-03-12,2175.66,0.0,13770.84
CUST_00111111,2025-03-13 01:33:32,UPI-PaytmMoneyLtd-PaytmMoney.MFAUTOPAY.BRK@ibl-UTIB0001001-487330894590,487330894590,2025-03-13,2216.81,0.0,11554.03
CUST_00111111,2025-03-13 10:23:56,UPI-BigBasket-bigbasket@okhdfcbank-SBIN0001234-590746563230,590746563230,2025-03-13,3808.08,0.0,7745.95
CUST_00111111,2025-03-13 19:24:32,UPI-ZerodhaBroking-zerodha.sip@okhdfcbank-HDFC0000060-410952581552,410952581552,2025-03-13,2606.45,0.0,5139.5
CUST_00111111,2025-03-14 04:10:11,ATM-WDL-NFS-431453221409-MAIN BRANCH,431453221409,2025-03-14,364.26,0.0,4775.24
CUST_00111111,2025-03-14 13:33:37,UPI-Refund-amazon.refunds@okhdfcbank-PAYTM0123456-549762792971,549762792971,2025-03-14,0.0,365.56,5140.8
CUST_00111111,2025-03-14 21:48:12,UPI-Refund-amazon.refunds@okaxis-PAYTM0123456-542539581650,542539581650,2025-03-14,0.0,348.01,5488.81
CUST_00111111,2025-03-15 07:22:57,UPI-AirtelRecharge-airtel.bill@okaxis-SBIN0001234-456056245756,456056245756,2025-03-15,150.69,0.0,5338.12
CUST_00111111,2025-03-15 15:55:41,UPI-GrowwNextbill-groww.mf@paytm-ICIC0000011-536142947220,536142947220,2025-03-15,1580.84,0.0,3757.28
CUST_00111111,2025-03-16 01:13:21,UPI-DividendCredit-zerodha.payout@ibl-HDFC0000060-467857535796,467857535796,2025-03-16,0.0,4311.33,8068.61
CUST_00111111,2025-03-16 09:48:46,UPI-AmazonPay-amazonpay@okicici-PAYTM0123456-402365835550,402365835550,2025-03-16,346.93,0.0,7721.68
CUST_00111111,2025-03-16 18:38:40,UPI-SBI-Loans-sbiloan.emi@ybl-SBIN0001234-576598172387,576598172387,2025-03-16,6177.3471999999965,0.0,1544.34
CUST_00111111,2025-03-17 04:08:01,UPI-Zepto-zepto.pay@ibl-KKBK0000456-538692489326,538692489326,2025-03-17,345.52,0.0,1198.82
CUST_00111111,2025-03-17 13:11:51,UPI-AirtelRecharge-airtel.bill@okhdfcbank-SBIN0001234-466452677963,466452677963,2025-03-17,312.4,0.0,886.42
CUST_00111111,2025-03-17 21:36:49,UPI-Swiggy-swiggy.orders@ibl-ICIC0000011-540013260640,540013260640,2025-03-17,98.27,0.0,788.15
CUST_00111111,2025-03-18 06:25:15,UPI-Refund-amazon.refunds@okaxis-PAYTM0123456-515338822925,515338822925,2025-03-18,0.0,3571.89,4360.04
CUST_00111111,2025-03-18 15:58:10,UPI-BigBasket-bigbasket@ibl-SBIN0001234-477320429033,477320429033,2025-03-18,1511.67,0.0,2848.37
CUST_00111111,2025-03-19 00:37:31,ATM-WDL-NFS-584678879277-MAIN BRANCH,584678879277,2025-03-19,380.3,0.0,2468.07
CUST_00111111,2025-03-19 09:24:11,UPI-BigBasket-bigbasket@okaxis-SBIN0001234-531162204851,531162204851,2025-03-19,304.28,0.0,2163.79
CUST_00111111,2025-03-19 18:41:32,UPI-Blinkit-blinkit.commerce@okhdfcbank-UTIB0001001-505413229469,505413229469,2025-03-19,652.22,0.0,1511.57
CUST_00111111,2025-03-20 03:32:50,UPI-Zomato-zomato.pay@okhdfcbank-HDFC0000060-555644484656,555644484656,2025-03-20,400.98,0.0,1110.59
CUST_00111111,2025-03-20 11:43:58,NEFT-CR-TATAMOTORS-MONTHLY SALARY-595304945832,595304945832,2025-03-20,0.0,82727.14,83837.73
CUST_00111111,2025-03-20 21:22:04,UPI-DividendCredit-zerodha.payout@paytm-HDFC0000060-533797273551,533797273551,2025-03-20,0.0,5921.11,89758.84
CUST_00111111,2025-03-21 06:06:49,ATM-WDL-NFS-563059952059-MAIN BRANCH,563059952059,2025-03-21,25966.25,0.0,63792.59
CUST_00111111,2025-03-21 15:27:58,UPI-BESCOM-bescom.utility@paytm-CNRB0001122-523888500976,523888500976,2025-03-21,19996.28,0.0,43796.31
CUST_00111111,2025-03-21 23:25:06,ATM-WDL-NFS-441757578275-MAIN BRANCH,441757578275,2025-03-21,180.96,0.0,43615.35
CUST_00111111,2025-03-22 08:24:56,UPI-TataPower-tatapower.bill@okaxis-UTIB0001001-472882174625,472882174625,2025-03-22,1407.16,0.0,42208.19
CUST_00111111,2025-03-22 17:42:44,ATM-WDL-S1AC424265863666-SBI ATM TOWN CENTER,424265863666,2025-03-22,14035.89,0.0,28172.3
CUST_00111111,2025-03-23 02:32:59,ATM-WDL-NFS-595965610279-MAIN BRANCH,595965610279,2025-03-23,5660.67,0.0,22511.63
CUST_00111111,2025-03-23 11:49:17,UPI-IRCTC-irctc.e-ticketing@ibl-SBIN0001234-464718374317,464718374317,2025-03-23,3541.61,0.0,18970.02
CUST_00111111,2025-03-23 20:18:25,UPI-GrowwNextbill-groww.mf@okhdfcbank-ICIC0000011-424682173600,424682173600,2025-03-23,2192.24,0.0,16777.78
CUST_00111111,2025-03-24 05:46:43,UPI-Zomato-zomato.pay@okhdfcbank-HDFC0000060-429517503068,429517503068,2025-03-24,4421.82,0.0,12355.96
CUST_00111111,2025-03-24 13:56:24,UPI-Zepto-zepto.pay@paytm-KKBK0000456-486096875622,486096875622,2025-03-24,3417.93,0.0,8938.03
CUST_00111111,2025-03-24 23:15:47,UPI-Refund-amazon.refunds@ybl-PAYTM0123456-440504491335,440504491335,2025-03-24,0.0,1805.12,10743.15
CUST_00111111,2025-03-25 08:24:36,UPI-DividendCredit-zerodha.payout@ybl-HDFC0000060-443723011412,443723011412,2025-03-25,0.0,2093.65,12836.8
CUST_00111111,2025-03-25 17:23:20,UPI-OlaCabs-olacabs@okicici-ICIC0000011-506819442703,506819442703,2025-03-25,3990.03,0.0,8846.77
CUST_00111111,2025-03-26 02:11:28,ACH-DR-okhdfcbank-AUTOEMI-525551293345,525551293345,2025-03-26,7077.413440000004,0.0,1769.35
CUST_00111111,2025-03-26 11:04:38,ATM-WDL-S1AC581485246282-SBI ATM TOWN CENTER,581485246282,2025-03-26,85.74,0.0,1683.61
CUST_00111111,2025-03-26 19:48:40,UPI-DividendCredit-zerodha.payout@ybl-HDFC0000060-548939204655,548939204655,2025-03-26,0.0,3683.58,5367.19
CUST_00111111,2025-03-27 04:54:57,UPI-BigBasket-bigbasket@okicici-SBIN0001234-498549036645,498549036645,2025-03-27,203.44,0.0,5163.75
CUST_00111111,2025-03-27 13:49:31,UPI-Refund-amazon.refunds@okhdfcbank-PAYTM0123456-471684350703,471684350703,2025-03-27,0.0,3118.02,8281.77
CUST_00111111,2025-03-27 22:29:55,UPI-DividendCredit-zerodha.payout@okhdfcbank-HDFC0000060-507371491890,507371491890,2025-03-27,0.0,4412.96,12694.73
CUST_00111111,2025-03-28 07:28:17,UPI-BESCOM-bescom.utility@okaxis-CNRB0001122-556256769833,556256769833,2025-03-28,375.23,0.0,12319.5
CUST_00111111,2025-03-28 16:55:36,UPI-Refund-amazon.refunds@ibl-PAYTM0123456-405562973744,405562973744,2025-03-28,0.0,10888.65,23208.15
CUST_00111111,2025-03-29 01:22:22,ATM-WDL-NFS-554653603156-MAIN BRANCH,554653603156,2025-03-29,3020.11,0.0,20188.04
CUST_00111111,2025-03-29 10:40:47,ATM-WDL-NFS-536344476215-MAIN BRANCH,536344476215,2025-03-29,6693.87,0.0,13494.17
CUST_00111111,2025-03-29 19:36:36,UPI-OlaCabs-olacabs@ybl-ICIC0000011-497933552041,497933552041,2025-03-29,3561.87,0.0,9932.3
CUST_00111111,2025-03-30 04:33:19,ATM-WDL-NFS-585760027628-MAIN BRANCH,585760027628,2025-03-30,304.02,0.0,9628.28
CUST_00111111,2025-03-30 13:29:35,UPI-Zepto-zepto.pay@paytm-KKBK0000456-578788571193,578788571193,2025-03-30,1888.39,0.0,7739.89
CUST_00111111,2025-03-30 21:44:44,UPI-Swiggy-swiggy.orders@ibl-ICIC0000011-501273498340,501273498340,2025-03-30,2456.68,0.0,5283.21
CUST_00111111,2025-03-31 06:58:22,UPI-DividendCredit-zerodha.payout@ybl-HDFC0000060-449029212448,449029212448,2025-03-31,0.0,1796.26,7079.47
CUST_00111111,2025-03-31 16:27:41,NEFT-CR-TATAMOTORS-MONTHLY SALARY-502956763787,502956763787,2025-03-31,0.0,45567.68,52647.15
CUST_00111111,2025-04-01 01:26:27,ATM-WDL-S1AC469426189658-SBI ATM TOWN CENTER,469426189658,2025-04-01,1051.63,0.0,51595.52
CUST_00111111,2025-04-01 10:16:29,UPI-Refund-amazon.refunds@paytm-PAYTM0123456-493932639696,493932639696,2025-04-01,0.0,412.57,52008.09
CUST_00111111,2025-04-01 18:26:26,POS-NETC FASTag Recharge-464280628958,464280628958,2025-04-01,13583.94,0.0,38424.15
CUST_00111111,2025-04-02 04:14:48,UPI-ZerodhaBroking-zerodha.sip@okaxis-HDFC0000060-553779532967,553779532967,2025-04-02,12940.3,0.0,25483.85
CUST_00111111,2025-04-02 12:13:47,UPI-Flipkart-flipkart.pay@paytm-HDFC0000060-547164729012,547164729012,2025-04-02,2559.08,0.0,22924.77
CUST_00111111,2025-04-02 21:54:31,UPI-BESCOM-bescom.utility@okaxis-CNRB0001122-587900574075,587900574075,2025-04-02,1805.71,0.0,21119.06
CUST_00111111,2025-04-03 07:00:30,UPI-Zomato-zomato.pay@ibl-HDFC0000060-427365270915,427365270915,2025-04-03,104.66,0.0,21014.4
CUST_00111111,2025-04-03 15:01:50,UPI-AirtelRecharge-airtel.bill@okaxis-SBIN0001234-554374735958,554374735958,2025-04-03,331.8,0.0,20682.6
CUST_00111111,2025-04-04 00:40:06,UPI-IRCTC-irctc.e-ticketing@okhdfcbank-SBIN0001234-572070206949,572070206949,2025-04-04,3827.07,0.0,16855.53
CUST_00111111,2025-04-04 09:35:59,ACH-DR-HDFCLOANS-LN_PERSONAL_8821-EMI-434860857705,434860857705,2025-04-04,13484.426688000007,0.0,3371.11
CUST_00111111,2025-04-04 18:08:12,UPI-PaytmMoneyLtd-PaytmMoney.MFAUTOPAY.BRK@paytm-UTIB0001001-537421461670,537421461670,2025-04-04,100.96,0.0,3270.15
CUST_00111111,2025-04-05 03:19:53,UPI-BigBasket-bigbasket@okhdfcbank-SBIN0001234-503661887758,503661887758,2025-04-05,1109.88,0.0,2160.27
CUST_00111111,2025-04-05 12:29:41,UPI-OlaCabs-olacabs@okicici-ICIC0000011-513989258797,513989258797,2025-04-05,481.44,0.0,1678.83
CUST_00111111,2025-04-05 21:03:03,UPI-BESCOM-bescom.utility@okhdfcbank-CNRB0001122-428582671926,428582671926,2025-04-05,275.27,0.0,1403.56
CUST_00111111,2025-04-06 05:49:35,UPI-Zomato-zomato.pay@okaxis-HDFC0000060-589119076403,589119076403,2025-04-06,293.28,0.0,1110.28
CUST_00111111,2025-04-06 14:56:37,UPI-GrowwNextbill-groww.mf@okaxis-ICIC0000011-468507112800,468507112800,2025-04-06,31.98,0.0,1078.3
CUST_00111111,2025-04-06 23:47:06,UPI-ZerodhaBroking-zerodha.sip@okaxis-HDFC0000060-580293460813,580293460813,2025-04-06,359.43,0.0,718.87
CUST_00111111,2025-04-07 08:36:38,UPI-Swiggy-swiggy.orders@ibl-ICIC0000011-423427832728,423427832728,2025-04-07,122.81,0.0,596.06
CUST_00111111,2025-04-07 17:17:01,UPI-Swiggy-swiggy.orders@ybl-ICIC0000011-493573570267,493573570267,2025-04-07,68.71,0.0,527.35
CUST_00111111,2025-04-08 02:14:01,UPI-Swiggy-swiggy.orders@okicici-ICIC0000011-458214879170,458214879170,2025-04-08,93.63,0.0,433.72
CUST_00111111,2025-04-08 11:27:31,UPI-ZerodhaBroking-zerodha.sip@okicici-HDFC0000060-441980593390,441980593390,2025-04-08,94.84,0.0,338.88
CUST_00111111,2025-04-08 20:59:28,UPI-Refund-amazon.refunds@ybl-PAYTM0123456-442881074329,442881074329,2025-04-08,0.0,9262.4,9601.28
CUST_00111111,2025-04-09 05:51:08,ATM-WDL-NFS-430814230503-MAIN BRANCH,430814230503,2025-04-09,2350.66,0.0,7250.62
CUST_00111111,2025-04-09 14:01:23,UPI-BESCOM-bescom.utility@ybl-CNRB0001122-494553105123,494553105123,2025-04-09,795.85,0.0,6454.77
CUST_00111111,2025-04-09 22:49:14,UPI-Zomato-zomato.pay@paytm-HDFC0000060-469467858478,469467858478,2025-04-09,1551.65,0.0,4903.12
CUST_00111111,2025-04-10 08:19:50,UPI-Refund-amazon.refunds@okhdfcbank-PAYTM0123456-529121998565,529121998565,2025-04-10,0.0,6145.75,11048.87
CUST_00111111,2025-04-10 17:14:44,UPI-AirtelRecharge-airtel.bill@okhdfcbank-SBIN0001234-428319579908,428319579908,2025-04-10,3673.73,0.0,7375.14
CUST_00111111,2025-04-11 02:17:27,UPI-BESCOM-bescom.utility@ibl-CNRB0001122-597754747022,597754747022,2025-04-11,1589.21,0.0,5785.93
CUST_00111111,2025-04-11 11:02:30,ATM-WDL-S1AC413018692869-SBI ATM TOWN CENTER,413018692869,2025-04-11,1889.85,0.0,3896.08
CUST_00111111,2025-04-11 19:56:06,NEFT-CR-TATAMOTORS-MONTHLY SALARY-428716570085,428716570085,2025-04-11,0.0,88303.19,92199.27
CUST_00111111,2025-04-12 04:27:47,UPI-DividendCredit-zerodha.payout@okaxis-HDFC0000060-425337157833,425337157833,2025-04-12,0.0,166.8,92366.07
CUST_00111111,2025-04-12 13:23:01,UPI-IRCTC-irctc.e-ticketing@okicici-SBIN0001234-473556432780,473556432780,2025-04-12,26206.51,0.0,66159.56
CUST_00111111,2025-04-12 22:40:18,UPI-Zepto-zepto.pay@okicici-KKBK0000456-567480650922,567480650922,2025-04-12,3495.77,0.0,62663.79
CUST_00111111,2025-04-13 07:44:34,ATM-WDL-NFS-518564405269-MAIN BRANCH,518564405269,2025-04-13,8363.11,0.0,54300.68
CUST_00111111,2025-04-13 17:04:03,UPI-SBI-Loans-sbiloan.emi@ybl-SBIN0001234-522106220610,522106220610,2025-04-13,14500.0,0.0,39800.68
CUST_00111111,2025-04-14 01:24:44,UPI-Myntra-myntra.fashion@okhdfcbank-ICIC0000011-528107790095,528107790095,2025-04-14,11733.28,0.0,28067.4
CUST_00111111,2025-04-14 10:03:51,UPI-IRCTC-irctc.e-ticketing@okaxis-SBIN0001234-517306501941,517306501941,2025-04-14,4612.22,0.0,23455.18
CUST_00111111,2025-04-14 19:18:41,UPI-AmazonPay-amazonpay@ibl-PAYTM0123456-442750354348,442750354348,2025-04-14,2255.38,0.0,21199.8
CUST_00111111,2025-04-15 03:55:07,UPI-Refund-amazon.refunds@paytm-PAYTM0123456-425047269546,425047269546,2025-04-15,0.0,5101.07,26300.87
CUST_00111111,2025-04-15 12:51:15,UPI-TataPower-tatapower.bill@paytm-UTIB0001001-550882696978,550882696978,2025-04-15,9202.71,0.0,17098.16
CUST_00111111,2025-04-15 22:18:46,UPI-Flipkart-flipkart.pay@paytm-HDFC0000060-581804445127,581804445127,2025-04-15,3330.57,0.0,13767.59
CUST_00111111,2025-04-16 07:35:50,UPI-ZerodhaBroking-zerodha.sip@ibl-HDFC0000060-519186563327,519186563327,2025-04-16,4553.33,0.0,9214.26
CUST_00111111,2025-04-16 16:12:57,UPI-TataPower-tatapower.bill@paytm-UTIB0001001-495831238321,495831238321,2025-04-16,808.98,0.0,8405.28
CUST_00111111,2025-04-17 00:42:15,UPI-Swiggy-swiggy.orders@okhdfcbank-ICIC0000011-581053187466,581053187466,2025-04-17,393.03,0.0,8012.25
CUST_00111111,2025-04-17 09:47:24,UPI-ZerodhaBroking-zerodha.sip@okaxis-HDFC0000060-553954706528,553954706528,2025-04-17,1705.79,0.0,6306.46
CUST_00111111,2025-04-17 18:58:27,UPI-UberIndia-uber.pay@ibl-HDFC0000060-570174007947,570174007947,2025-04-17,1487.54,0.0,4818.92
CUST_00111111,2025-04-18 03:56:36,UPI-Blinkit-blinkit.commerce@ibl-UTIB0001001-584379013064,584379013064,2025-04-18,613.71,0.0,4205.21
CUST_00111111,2025-04-18 12:23:06,UPI-Refund-amazon.refunds@okaxis-PAYTM0123456-590152248402,590152248402,2025-04-18,0.0,2883.6,7088.81
CUST_00111111,2025-04-18 21:30:31,UPI-TataPower-tatapower.bill@ybl-UTIB0001001-447270864416,447270864416,2025-04-18,1919.6,0.0,5169.21
CUST_00111111,2025-04-19 06:29:41,UPI-UberIndia-uber.pay@ibl-HDFC0000060-438953572786,438953572786,2025-04-19,1544.0,0.0,3625.21
CUST_00111111,2025-04-19 15:04:21,UPI-Flipkart-flipkart.pay@ybl-HDFC0000060-544938446386,544938446386,2025-04-19,718.32,0.0,2906.89
CUST_00111111,2025-04-20 00:24:50,UPI-BigBasket-bigbasket@okaxis-SBIN0001234-444413810070,444413810070,2025-04-20,419.46,0.0,2487.43
CUST_00111111,2025-04-20 09:11:46,UPI-DividendCredit-zerodha.payout@paytm-HDFC0000060-565646553006,565646553006,2025-04-20,0.0,173.01,2660.44
CUST_00111111,2025-04-20 17:56:01,UPI-ZerodhaBroking-zerodha.sip@ibl-HDFC0000060-415538496684,415538496684,2025-04-20,583.3,0.0,2077.14
CUST_00111111,2025-04-21 03:11:24,UPI-BESCOM-bescom.utility@okhdfcbank-CNRB0001122-518807122041,518807122041,2025-04-21,166.63,0.0,1910.51
CUST_00111111,2025-04-21 12:05:12,UPI-DividendCredit-zerodha.payout@okicici-HDFC0000060-457007817517,457007817517,2025-04-21,0.0,136.63,2047.14
CUST_00111111,2025-04-21 20:56:15,POS-NETC FASTag Recharge-431911236072,431911236072,2025-04-21,428.83,0.0,1618.31
CUST_00111111,2025-04-22 06:04:26,UPI-Zomato-zomato.pay@paytm-HDFC0000060-484469691158,484469691158,2025-04-22,256.23,0.0,1362.08
CUST_00111111,2025-04-22 15:05:08,UPI-Blinkit-blinkit.commerce@ybl-UTIB0001001-400235286733,400235286733,2025-04-22,175.8,0.0,1186.28
CUST_00111111,2025-04-23 00:12:23,ACH-DR-okhdfcbank-AUTOEMI-472001522799,472001522799,2025-04-23,949.0213376000071,0.0,237.26
CUST_00111111,2025-04-23 08:23:57,UPI-AmazonPay-amazonpay@ibl-PAYTM0123456-533177185870,533177185870,2025-04-23,68.32,0.0,168.94
CUST_00111111,2025-04-23 17:20:21,UPI-Zomato-zomato.pay@ibl-HDFC0000060-547661866599,547661866599,2025-04-23,42.45,0.0,126.49
CUST_00111111,2025-04-24 02:12:13,UPI-ZerodhaBroking-zerodha.sip@okhdfcbank-HDFC0000060-411776977829,411776977829,2025-04-24,48.23,0.0,78.26
CUST_00111111,2025-04-24 11:08:22,UPI-Refund-amazon.refunds@okicici-PAYTM0123456-489602080243,489602080243,2025-04-24,0.0,6629.16,6707.42
CUST_00111111,2025-04-24 20:37:58,UPI-Flipkart-flipkart.pay@ibl-HDFC0000060-595010511369,595010511369,2025-04-24,617.38,0.0,6090.04
CUST_00111111,2025-04-25 05:02:27,UPI-Zomato-zomato.pay@okaxis-HDFC0000060-406034567811,406034567811,2025-04-25,2089.25,0.0,4000.79
CUST_00111111,2025-04-25 14:47:09,ATM-WDL-NFS-423028981961-MAIN BRANCH,423028981961,2025-04-25,470.41,0.0,3530.38
CUST_00111111,2025-04-25 23:02:44,UPI-AirtelRecharge-airtel.bill@okhdfcbank-SBIN0001234-560785006376,560785006376,2025-04-25,308.13,0.0,3222.25
CUST_00111111,2025-04-26 08:08:55,UPI-Refund-amazon.refunds@ibl-PAYTM0123456-485343252519,485343252519,2025-04-26,0.0,444.94,3667.19
CUST_00111111,2025-04-26 16:52:47,UPI-DividendCredit-zerodha.payout@okicici-HDFC0000060-417901993693,417901993693,2025-04-26,0.0,511.9,4179.09
CUST_00111111,2025-04-27 02:09:39,UPI-Refund-amazon.refunds@okaxis-PAYTM0123456-453729834983,453729834983,2025-04-27,0.0,2660.21,6839.3
CUST_00111111,2025-04-27 11:18:51,UPI-Zomato-zomato.pay@paytm-HDFC0000060-465058832449,465058832449,2025-04-27,837.26,0.0,6002.04
CUST_00111111,2025-04-27 19:38:26,ATM-WDL-NFS-563953929882-MAIN BRANCH,563953929882,2025-04-27,1003.55,0.0,4998.49
CUST_00111111,2025-04-28 04:32:49,ATM-WDL-S1AC535841005621-SBI ATM TOWN CENTER,535841005621,2025-04-28,313.88,0.0,4684.61
CUST_00111111,2025-04-28 14:02:59,UPI-BESCOM-bescom.utility@ibl-CNRB0001122-578518132891,578518132891,2025-04-28,81.4,0.0,4603.21
CUST_00111111,2025-04-28 23:11:15,UPI-DividendCredit-zerodha.payout@okaxis-HDFC0000060-575968989379,575968989379,2025-04-28,0.0,916.37,5519.58
CUST_00111111,2025-04-29 07:38:03,UPI-Refund-amazon.refunds@okhdfcbank-PAYTM0123456-529142306139,529142306139,2025-04-29,0.0,332.21,5851.79
CUST_00111111,2025-04-29 16:58:09,UPI-Refund-amazon.refunds@paytm-PAYTM0123456-560093504359,560093504359,2025-04-29,0.0,1644.07,7495.86
CUST_00111111,2025-04-30 01:34:12,UPI-AmazonPay-amazonpay@okhdfcbank-PAYTM0123456-481923025087,481923025087,2025-04-30,965.22,0.0,6530.64
CUST_00111111,2025-04-30 09:59:13,ATM-WDL-NFS-418412855661-MAIN BRANCH,418412855661,2025-04-30,1582.69,0.0,4947.95
CUST_00111111,2025-04-30 19:33:05,UPI-Refund-amazon.refunds@okhdfcbank-PAYTM0123456-539990506860,539990506860,2025-04-30,0.0,4116.24,9064.19
CUST_00111111,2025-05-01 04:26:29,ATM-WDL-NFS-412437696022-MAIN BRANCH,412437696022,2025-05-01,273.15,0.0,8791.04
CUST_00111111,2025-05-01 13:04:34,UPI-Swiggy-swiggy.orders@okicici-ICIC0000011-531447499153,531447499153,2025-05-01,2834.58,0.0,5956.46
CUST_00111111,2025-05-01 22:09:09,UPI-DividendCredit-zerodha.payout@okicici-HDFC0000060-424542798423,424542798423,2025-05-01,0.0,910.44,6866.9
CUST_00111111,2025-05-02 06:36:50,ACH-DR-okhdfcbank-PERSONALEMI-LN_PERSONAL_8821-523298296365,523298296365,2025-05-02,5493.516267520002,0.0,1373.38
CUST_00111111,2025-05-02 16:05:37,UPI-Zepto-zepto.pay@okaxis-KKBK0000456-445568767255,445568767255,2025-05-02,363.45,0.0,1009.93
CUST_00111111,2025-05-03 00:52:08,UPI-GrowwNextbill-groww.mf@okicici-ICIC0000011-586136869555,586136869555,2025-05-03,85.86,0.0,924.07
CUST_00111111,2025-05-03 10:05:39,UPI-GrowwNextbill-groww.mf@okaxis-ICIC0000011-418617177197,418617177197,2025-05-03,164.44,0.0,759.63
CUST_00111111,2025-05-03 19:03:32,UPI-OlaCabs-olacabs@okaxis-ICIC0000011-478969691947,478969691947,2025-05-03,107.55,0.0,652.08
CUST_00111111,2025-05-04 03:35:45,ACH-CR-SALARY-TATAMOTORS-NETSALARY-559263838305,559263838305,2025-05-04,0.0,68126.74,68778.82
CUST_00111111,2025-05-04 12:32:38,UPI-AmazonPay-amazonpay@ibl-PAYTM0123456-591796294579,591796294579,2025-05-04,897.51,0.0,67881.31
CUST_00111111,2025-05-04 21:45:09,UPI-Myntra-myntra.fashion@okicici-ICIC0000011-481968244016,481968244016,2025-05-04,16952.39,0.0,50928.92
CUST_00111111,2025-05-05 06:54:20,ATM-WDL-NFS-580937496453-MAIN BRANCH,580937496453,2025-05-05,9128.04,0.0,41800.88
CUST_00111111,2025-05-05 15:40:10,UPI-Blinkit-blinkit.commerce@okicici-UTIB0001001-518843703755,518843703755,2025-05-05,1581.35,0.0,40219.53
CUST_00111111,2025-05-06 00:16:35,UPI-Zepto-zepto.pay@ybl-KKBK0000456-448571209948,448571209948,2025-05-06,7504.58,0.0,32714.95
CUST_00111111,2025-05-06 09:00:42,UPI-Blinkit-blinkit.commerce@paytm-UTIB0001001-439245544380,439245544380,2025-05-06,3093.86,0.0,29621.09
CUST_00111111,2025-05-06 18:18:01,UPI-AirtelRecharge-airtel.bill@ibl-SBIN0001234-549339769778,549339769778,2025-05-06,222.78,0.0,29398.31
CUST_00111111,2025-05-07 03:24:19,UPI-BESCOM-bescom.utility@ybl-CNRB0001122-570794990649,570794990649,2025-05-07,2187.5,0.0,27210.81
CUST_00111111,2025-05-07 11:45:25,ATM-WDL-NFS-447941486720-MAIN BRANCH,447941486720,2025-05-07,1153.79,0.0,26057.02
CUST_00111111,2025-05-07 21:19:53,UPI-BigBasket-bigbasket@okhdfcbank-SBIN0001234-410469727583,410469727583,2025-05-07,5419.63,0.0,20637.39
CUST_00111111,2025-05-08 06:15:33,ATM-WDL-S1AC569411543466-SBI ATM TOWN CENTER,569411543466,2025-05-08,5703.41,0.0,14933.98
CUST_00111111,2025-05-08 14:38:10,ATM-WDL-S1AC466718069876-SBI ATM TOWN CENTER,466718069876,2025-05-08,468.02,0.0,14465.96
CUST_00111111,2025-05-09 00:14:58,UPI-BESCOM-bescom.utility@ibl-CNRB0001122-499617540950,499617540950,2025-05-09,2977.42,0.0,11488.54
CUST_00111111,2025-05-09 08:45:15,UPI-TataPower-tatapower.bill@okhdfcbank-UTIB0001001-480614124749,480614124749,2025-05-09,1744.22,0.0,9744.32
CUST_00111111,2025-05-09 17:38:04,UPI-DividendCredit-zerodha.payout@ybl-HDFC0000060-447099763103,447099763103,2025-05-09,0.0,934.41,10678.73
CUST_00111111,2025-05-10 03:04:51,UPI-Flipkart-flipkart.pay@ibl-HDFC0000060-413958657520,413958657520,2025-05-10,2419.46,0.0,8259.27
CUST_00111111,2025-05-10 11:38:53,ATM-WDL-NFS-429782564036-MAIN BRANCH,429782564036,2025-05-10,1039.04,0.0,7220.23
CUST_00111111,2025-05-10 20:16:15,UPI-AirtelRecharge-airtel.bill@okhdfcbank-SBIN0001234-473702980283,473702980283,2025-05-10,1536.75,0.0,5683.48
CUST_00111111,2025-05-11 05:49:17,ATM-WDL-S1AC423353766835-SBI ATM TOWN CENTER,423353766835,2025-05-11,215.94,0.0,5467.54
CUST_00111111,2025-05-11 14:12:11,ACH-DR-okhdfcbank-PERSONALEMI-LN_PERSONAL_8821-414666870552,414666870552,2025-05-11,4374.031253504011,0.0,1093.51
CUST_00111111,2025-05-11 23:09:37,UPI-Refund-amazon.refunds@paytm-PAYTM0123456-504091874215,504091874215,2025-05-11,0.0,805.77,1899.28
CUST_00111111,2025-05-12 07:55:11,UPI-Refund-amazon.refunds@paytm-PAYTM0123456-486020410502,486020410502,2025-05-12,0.0,616.23,2515.51
CUST_00111111,2025-05-12 17:29:39,UPI-Zepto-zepto.pay@paytm-KKBK0000456-434987015363,434987015363,2025-05-12,165.04,0.0,2350.47
CUST_00111111,2025-05-13 02:18:55,UPI-Flipkart-flipkart.pay@ibl-HDFC0000060-437929330738,437929330738,2025-05-13,79.8,0.0,2270.67
CUST_00111111,2025-05-13 11:09:10,UPI-Swiggy-swiggy.orders@okaxis-ICIC0000011-404635239415,404635239415,2025-05-13,335.0,0.0,1935.67
CUST_00111111,2025-05-13 20:00:23,UPI-ZerodhaBroking-zerodha.sip@okhdfcbank-HDFC0000060-544349040882,544349040882,2025-05-13,89.22,0.0,1846.45
CUST_00111111,2025-05-14 04:34:55,UPI-Zomato-zomato.pay@paytm-HDFC0000060-431358205626,431358205626,2025-05-14,626.98,0.0,1219.47
CUST_00111111,2025-05-14 13:58:05,UPI-PaytmMoneyLtd-PaytmMoney.MFAUTOPAY.BRK@okhdfcbank-UTIB0001001-570913495242,570913495242,2025-05-14,351.48,0.0,867.99
CUST_00111111,2025-05-14 23:07:21,UPI-AirtelRecharge-airtel.bill@okicici-SBIN0001234-537031562438,537031562438,2025-05-14,64.35,0.0,803.64
CUST_00111111,2025-05-15 07:49:08,ACH-CR-SALARY-TATAMOTORS-NETSALARY-556832344563,556832344563,2025-05-15,0.0,78432.16,79235.8
CUST_00111111,2025-05-15 16:21:39,UPI-Blinkit-blinkit.commerce@okicici-UTIB0001001-401843567009,401843567009,2025-05-15,15447.09,0.0,63788.71
CUST_00111111,2025-05-16 01:36:29,UPI-UberIndia-uber.pay@ibl-HDFC0000060-449033784479,449033784479,2025-05-16,6261.63,0.0,57527.08
CUST_00111111,2025-05-16 10:29:02,UPI-TataPower-tatapower.bill@paytm-UTIB0001001-502970356960,502970356960,2025-05-16,3778.22,0.0,53748.86
CUST_00111111,2025-05-16 19:23:42,UPI-Flipkart-flipkart.pay@paytm-HDFC0000060-552504077780,552504077780,2025-05-16,8011.97,0.0,45736.89
CUST_00111111,2025-05-17 03:47:48,UPI-BigBasket-bigbasket@okaxis-SBIN0001234-505809400363,505809400363,2025-05-17,3891.84,0.0,41845.05
CUST_00111111,2025-05-17 12:41:42,UPI-DividendCredit-zerodha.payout@ybl-HDFC0000060-494779446599,494779446599,2025-05-17,0.0,2458.0,44303.05
CUST_00111111,2025-05-17 22:29:02,UPI-ZerodhaBroking-zerodha.sip@ybl-HDFC0000060-493444224458,493444224458,2025-05-17,9019.0,0.0,35284.05
CUST_00111111,2025-05-18 07:09:24,UPI-Refund-amazon.refunds@ibl-PAYTM0123456-450005426417,450005426417,2025-05-18,0.0,1740.3,37024.35
CUST_00111111,2025-05-18 16:15:22,ATM-WDL-NFS-573853967582-MAIN BRANCH,573853967582,2025-05-18,685.78,0.0,36338.57
CUST_00111111,2025-05-19 00:27:58,UPI-Blinkit-blinkit.commerce@paytm-UTIB0001001-528606804862,528606804862,2025-05-19,1722.54,0.0,34616.03
CUST_00111111,2025-05-19 09:22:25,UPI-Refund-amazon.refunds@paytm-PAYTM0123456-454937395749,454937395749,2025-05-19,0.0,11603.0,46219.03
CUST_00111111,2025-05-19 18:36:22,UPI-Flipkart-flipkart.pay@okicici-HDFC0000060-509587738055,509587738055,2025-05-19,13103.92,0.0,33115.11
CUST_00111111,2025-05-20 03:13:27,UPI-Zepto-zepto.pay@ybl-KKBK0000456-579329018995,579329018995,2025-05-20,7903.59,0.0,25211.52
CUST_00111111,2025-05-20 13:05:35,UPI-Zepto-zepto.pay@ibl-KKBK0000456-416238590907,416238590907,2025-05-20,5262.0,0.0,19949.52
CUST_00111111,2025-05-20 21:10:59,ACH-DR-okhdfcbank-HOMEEMI-LN_PERSONAL_8821-507187259911,507187259911,2025-05-20,14500.0,0.0,5449.52
CUST_00111111,2025-05-21 06:32:08,ATM-WDL-S1AC536116397696-SBI ATM TOWN CENTER,536116397696,2025-05-21,794.34,0.0,4655.18
CUST_00111111,2025-05-21 15:48:43,UPI-ZerodhaBroking-zerodha.sip@okhdfcbank-HDFC0000060-597923309336,597923309336,2025-05-21,1515.55,0.0,3139.63
CUST_00111111,2025-05-22 00:30:55,UPI-Blinkit-blinkit.commerce@okaxis-UTIB0001001-546803942759,546803942759,2025-05-22,1060.96,0.0,2078.67
CUST_00111111,2025-05-22 08:51:01,UPI-Refund-amazon.refunds@okaxis-PAYTM0123456-581797031697,581797031697,2025-05-22,0.0,3381.38,5460.05
CUST_00111111,2025-05-22 18:11:46,UPI-Zomato-zomato.pay@okhdfcbank-HDFC0000060-595861768509,595861768509,2025-05-22,358.62,0.0,5101.43
CUST_00111111,2025-05-23 03:01:05,UPI-Refund-amazon.refunds@ibl-PAYTM0123456-410510341868,410510341868,2025-05-23,0.0,3478.48,8579.91
CUST_00111111,2025-05-23 12:14:50,UPI-UberIndia-uber.pay@okaxis-HDFC0000060-520251141169,520251141169,2025-05-23,2530.36,0.0,6049.55
CUST_00111111,2025-05-23 20:33:45,UPI-Refund-amazon.refunds@okhdfcbank-PAYTM0123456-574681404690,574681404690,2025-05-23,0.0,4065.13,10114.68
CUST_00111111,2025-05-24 05:59:25,UPI-Zomato-zomato.pay@paytm-HDFC0000060-445867719296,445867719296,2025-05-24,591.91,0.0,9522.77
CUST_00111111,2025-05-24 14:22:32,UPI-Refund-amazon.refunds@ybl-PAYTM0123456-417722023010,417722023010,2025-05-24,0.0,4312.76,13835.53
CUST_00111111,2025-05-24 23:40:39,UPI-Zomato-zomato.pay@okicici-HDFC0000060-411026231800,411026231800,2025-05-24,2540.06,0.0,11295.47
CUST_00111111,2025-05-25 08:37:01,UPI-AirtelRecharge-airtel.bill@paytm-SBIN0001234-521856869596,521856869596,2025-05-25,3469.78,0.0,7825.69
CUST_00111111,2025-05-25 17:43:36,UPI-IRCTC-irctc.e-ticketing@okaxis-SBIN0001234-508950220428,508950220428,2025-05-25,2239.41,0.0,5586.28
CUST_00111111,2025-05-26 02:20:16,UPI-OlaCabs-olacabs@paytm-ICIC0000011-434190173297,434190173297,2025-05-26,746.35,0.0,4839.93
CUST_00111111,2025-05-26 11:33:04,ACH-CR-SALARY-TATAMOTORS-NETSALARY-505302914112,505302914112,2025-05-26,0.0,68133.99,72973.92
CUST_00111111,2025-05-26 20:12:38,UPI-AmazonPay-amazonpay@ibl-PAYTM0123456-472047923845,472047923845,2025-05-26,19098.38,0.0,53875.54
CUST_00111111,2025-05-27 05:32:18,UPI-Swiggy-swiggy.orders@okhdfcbank-ICIC0000011-590205104361,590205104361,2025-05-27,4390.22,0.0,49485.32
CUST_00111111,2025-05-27 13:55:33,UPI-Zomato-zomato.pay@okhdfcbank-HDFC0000060-420842730222,420842730222,2025-05-27,6658.18,0.0,42827.14
CUST_00111111,2025-05-27 22:48:03,UPI-IRCTC-irctc.e-ticketing@okaxis-SBIN0001234-588164721475,588164721475,2025-05-27,13588.97,0.0,29238.17
CUST_00111111,2025-05-28 08:26:16,UPI-Zepto-zepto.pay@okicici-KKBK0000456-550602766574,550602766574,2025-05-28,1209.51,0.0,28028.66
CUST_00111111,2025-05-28 17:31:43,UPI-OlaCabs-olacabs@ibl-ICIC0000011-593950008197,593950008197,2025-05-28,6163.42,0.0,21865.24
CUST_00111111,2025-05-29 02:23:32,UPI-PaytmMoneyLtd-PaytmMoney.MFAUTOPAY.BRK@ybl-UTIB0001001-538991550566,538991550566,2025-05-29,1078.74,0.0,20786.5
CUST_00111111,2025-05-29 11:19:12,UPI-ZerodhaBroking-zerodha.sip@okhdfcbank-HDFC0000060-465020981060,465020981060,2025-05-29,4516.9,0.0,16269.6
CUST_00111111,2025-05-29 19:58:43,ATM-WDL-NFS-501242160554-MAIN BRANCH,501242160554,2025-05-29,5091.74,0.0,11177.86
CUST_00111111,2025-05-30 04:58:26,UPI-SBI-Loans-sbiloan.emi@okhdfcbank-SBIN0001234-481886764601,481886764601,2025-05-30,8942.286250700805,0.0,2235.57
CUST_00111111,2025-05-30 13:48:19,UPI-BigBasket-bigbasket@ybl-SBIN0001234-419649048065,419649048065,2025-05-30,131.4,0.0,2104.17
CUST_00111111,2025-05-30 22:13:15,UPI-BESCOM-bescom.utility@ibl-CNRB0001122-526486677321,526486677321,2025-05-30,194.27,0.0,1909.9
CUST_00111111,2025-05-31 07:12:43,UPI-AirtelRecharge-airtel.bill@ibl-SBIN0001234-553675059132,553675059132,2025-05-31,36.91,0.0,1872.99
CUST_00111111,2025-05-31 16:52:08,UPI-AirtelRecharge-airtel.bill@okhdfcbank-SBIN0001234-438509813308,438509813308,2025-05-31,503.39,0.0,1369.6
CUST_00111111,2025-06-01 01:52:15,UPI-Blinkit-blinkit.commerce@ybl-UTIB0001001-542267188728,542267188728,2025-06-01,173.85,0.0,1195.75
CUST_00111111,2025-06-01 10:02:19,UPI-BESCOM-bescom.utility@okaxis-CNRB0001122-463176100476,463176100476,2025-06-01,59.64,0.0,1136.11
CUST_00111111,2025-06-01 19:44:46,UPI-IRCTC-irctc.e-ticketing@ybl-SBIN0001234-469058177449,469058177449,2025-06-01,63.78,0.0,1072.33
CUST_00111111,2025-06-02 03:51:20,UPI-AirtelRecharge-airtel.bill@okicici-SBIN0001234-484288829216,484288829216,2025-06-02,302.28,0.0,770.05
CUST_00111111,2025-06-02 13:12:52,UPI-DividendCredit-zerodha.payout@okicici-HDFC0000060-445702693011,445702693011,2025-06-02,0.0,750.98,1521.03
CUST_00111111,2025-06-02 21:46:01,UPI-BESCOM-bescom.utility@ibl-CNRB0001122-570332960685,570332960685,2025-06-02,387.52,0.0,1133.51
CUST_00111111,2025-06-03 07:27:37,ATM-WDL-NFS-558587070608-MAIN BRANCH,558587070608,2025-06-03,279.9,0.0,853.61
CUST_00111111,2025-06-03 15:31:24,UPI-Zomato-zomato.pay@ibl-HDFC0000060-471196690322,471196690322,2025-06-03,86.45,0.0,767.16
CUST_00111111,2025-06-04 01:03:49,UPI-IRCTC-irctc.e-ticketing@okhdfcbank-SBIN0001234-407039413588,407039413588,2025-06-04,61.04,0.0,706.12
CUST_00111111,2025-06-04 10:01:13,UPI-Zomato-zomato.pay@okhdfcbank-HDFC0000060-485713159834,485713159834,2025-06-04,150.43,0.0,555.69
CUST_00111111,2025-06-04 18:33:28,UPI-PaytmMoneyLtd-PaytmMoney.MFAUTOPAY.BRK@ibl-UTIB0001001-419127826421,419127826421,2025-06-04,97.93,0.0,457.76
CUST_00111111,2025-06-05 03:38:56,UPI-Zomato-zomato.pay@okhdfcbank-HDFC0000060-530634100686,530634100686,2025-06-05,37.27,0.0,420.49
CUST_00111111,2025-06-05 12:46:06,UPI-BigBasket-bigbasket@ibl-SBIN0001234-486516398245,486516398245,2025-06-05,81.86,0.0,338.63
CUST_00111111,2025-06-05 21:59:13,UPI-TataPower-tatapower.bill@okaxis-UTIB0001001-436072213172,436072213172,2025-06-05,16.87,0.0,321.76
CUST_00111111,2025-06-06 06:03:28,UPI-ZerodhaBroking-zerodha.sip@okhdfcbank-HDFC0000060-465795101756,465795101756,2025-06-06,105.99,0.0,215.77
CUST_00111111,2025-06-06 15:22:41,ACH-CR-SALARY-TATAMOTORS-NETSALARY-439719509166,439719509166,2025-06-06,0.0,73256.66,73472.43
CUST_00111111,2025-06-07 00:07:34,UPI-AmazonPay-amazonpay@okicici-PAYTM0123456-507139612297,507139612297,2025-06-07,23723.56,0.0,49748.87
CUST_00111111,2025-06-07 09:42:36,UPI-TataPower-tatapower.bill@okaxis-UTIB0001001-446825068463,446825068463,2025-06-07,2668.74,0.0,47080.13
CUST_00111111,2025-06-07 18:00:38,UPI-Flipkart-flipkart.pay@okicici-HDFC0000060-533828356637,533828356637,2025-06-07,10003.38,0.0,37076.75
CUST_00111111,2025-06-08 03:35:04,UPI-ZerodhaBroking-zerodha.sip@paytm-HDFC0000060-534469157448,534469157448,2025-06-08,9560.69,0.0,27516.06
CUST_00111111,2025-06-08 12:05:20,ACH-DR-okhdfcbank-PERSONALEMI-LN_PERSONAL_8821-468576396918,468576396918,2025-06-08,14500.0,0.0,13016.06
CUST_00111111,2025-06-08 20:50:41,UPI-Myntra-myntra.fashion@okaxis-ICIC0000011-413093886991,413093886991,2025-06-08,4217.66,0.0,8798.4
CUST_00111111,2025-06-09 06:19:54,UPI-BigBasket-bigbasket@okhdfcbank-SBIN0001234-587493619185,587493619185,2025-06-09,362.01,0.0,8436.39
CUST_00111111,2025-06-09 14:18:41,UPI-Zomato-zomato.pay@okhdfcbank-HDFC0000060-429408381406,429408381406,2025-06-09,2479.46,0.0,5956.93
CUST_00111111,2025-06-10 00:03:33,UPI-Refund-amazon.refunds@paytm-PAYTM0123456-500516210877,500516210877,2025-06-10,0.0,6440.77,12397.7
CUST_00111111,2025-06-10 08:13:09,UPI-BigBasket-bigbasket@ybl-SBIN0001234-552773196367,552773196367,2025-06-10,2258.56,0.0,10139.14
CUST_00111111,2025-06-10 17:25:08,UPI-Myntra-myntra.fashion@okicici-ICIC0000011-503395031558,503395031558,2025-06-10,1424.96,0.0,8714.18
CUST_00111111,2025-06-11 02:20:17,UPI-DividendCredit-zerodha.payout@okicici-HDFC0000060-587360395935,587360395935,2025-06-11,0.0,1120.66,9834.84
CUST_00111111,2025-06-11 11:05:45,UPI-Zepto-zepto.pay@okhdfcbank-KKBK0000456-429957752580,429957752580,2025-06-11,30.87,0.0,9803.97
CUST_00111111,2025-06-11 20:30:48,UPI-Zomato-zomato.pay@ybl-HDFC0000060-502817001214,502817001214,2025-06-11,1375.3,0.0,8428.67
CUST_00111111,2025-06-12 05:22:38,UPI-Zomato-zomato.pay@paytm-HDFC0000060-408762828114,408762828114,2025-06-12,2714.81,0.0,5713.86
CUST_00111111,2025-06-12 14:39:09,UPI-Swiggy-swiggy.orders@okhdfcbank-ICIC0000011-543768636410,543768636410,2025-06-12,703.65,0.0,5010.21
CUST_00111111,2025-06-12 23:02:25,UPI-Zomato-zomato.pay@okaxis-HDFC0000060-571503922802,571503922802,2025-06-12,801.21,0.0,4209.0
CUST_00111111,2025-06-13 08:17:53,UPI-TataPower-tatapower.bill@okaxis-UTIB0001001-560198991652,560198991652,2025-06-13,674.72,0.0,3534.28
CUST_00111111,2025-06-13 17:07:54,UPI-Refund-amazon.refunds@okicici-PAYTM0123456-595377403678,595377403678,2025-06-13,0.0,585.14,4119.42
CUST_00111111,2025-06-14 01:59:45,UPI-BigBasket-bigbasket@okaxis-SBIN0001234-407798581863,407798581863,2025-06-14,612.72,0.0,3506.7
CUST_00111111,2025-06-14 10:30:34,UPI-BigBasket-bigbasket@okicici-SBIN0001234-515877779701,515877779701,2025-06-14,454.35,0.0,3052.35
CUST_00111111,2025-06-14 20:18:24,UPI-BESCOM-bescom.utility@paytm-CNRB0001122-574753816810,574753816810,2025-06-14,680.98,0.0,2371.37
CUST_00111111,2025-06-15 04:32:45,UPI-DividendCredit-zerodha.payout@okicici-HDFC0000060-580247196133,580247196133,2025-06-15,0.0,2823.17,5194.54
CUST_00111111,2025-06-15 13:59:38,UPI-DividendCredit-zerodha.payout@okhdfcbank-HDFC0000060-559134358698,559134358698,2025-06-15,0.0,8215.0,13409.54
CUST_00111111,2025-06-15 22:41:57,UPI-DividendCredit-zerodha.payout@ybl-HDFC0000060-506692000412,506692000412,2025-06-15,0.0,1438.75,14848.29
CUST_00111111,2025-06-16 07:04:05,UPI-DividendCredit-zerodha.payout@ybl-HDFC0000060-433073485477,433073485477,2025-06-16,0.0,14520.2,29368.49
CUST_00111111,2025-06-16 16:27:48,UPI-Myntra-myntra.fashion@ybl-ICIC0000011-513016448647,513016448647,2025-06-16,6126.02,0.0,23242.47
CUST_00111111,2025-06-17 01:07:23,UPI-Refund-amazon.refunds@okicici-PAYTM0123456-539201511010,539201511010,2025-06-17,0.0,3565.34,26807.81
CUST_00111111,2025-06-17 10:48:49,UPI-Swiggy-swiggy.orders@ibl-ICIC0000011-416009070115,416009070115,2025-06-17,8427.73,0.0,18380.08
CUST_00111111,2025-06-17 19:23:17,ACH-DR-okhdfcbank-PERSONALEMI-LN_PERSONAL_8821-584675531503,584675531503,2025-06-17,14500.0,0.0,3880.08
CUST_00111111,2025-06-18 04:06:29,UPI-BigBasket-bigbasket@okicici-SBIN0001234-525297864439,525297864439,2025-06-18,271.1,0.0,3608.98
CUST_00111111,2025-06-18 13:00:43,UPI-Refund-amazon.refunds@ibl-PAYTM0123456-579017440454,579017440454,2025-06-18,0.0,1696.96,5305.94
CUST_00111111,2025-06-18 22:13:56,UPI-BigBasket-bigbasket@ybl-SBIN0001234-453619145268,453619145268,2025-06-18,136.04,0.0,5169.9
CUST_00111111,2025-06-19 06:48:26,POS-NETC FASTag Recharge-594514791640,594514791640,2025-06-19,828.41,0.0,4341.49
CUST_00111111,2025-06-19 15:45:28,ATM-WDL-S1AC496550020513-SBI ATM TOWN CENTER,496550020513,2025-06-19,678.14,0.0,3663.35
CUST_00111111,2025-06-20 00:39:14,UPI-BESCOM-bescom.utility@ibl-CNRB0001122-555142267949,555142267949,2025-06-20,724.16,0.0,2939.19
CUST_00111111,2025-06-20 09:42:18,UPI-Refund-amazon.refunds@ybl-PAYTM0123456-498004184951,498004184951,2025-06-20,0.0,602.01,3541.2
CUST_00111111,2025-06-20 18:14:00,UPI-Myntra-myntra.fashion@okaxis-ICIC0000011-424542049979,424542049979,2025-06-20,1173.44,0.0,2367.76
CUST_00111111,2025-06-21 03:24:24,UPI-Zomato-zomato.pay@ybl-HDFC0000060-532058813282,532058813282,2025-06-21,235.31,0.0,2132.45
CUST_00111111,2025-06-21 12:41:02,UPI-GrowwNextbill-groww.mf@ybl-ICIC0000011-476004477001,476004477001,2025-06-21,313.93,0.0,1818.52
CUST_00111111,2025-06-21 21:49:00,UPI-DividendCredit-zerodha.payout@ybl-HDFC0000060-466944927255,466944927255,2025-06-21,0.0,524.46,2342.98
CUST_00111111,2025-06-22 06:39:55,UPI-OlaCabs-olacabs@ybl-ICIC0000011-545621657260,545621657260,2025-06-22,545.46,0.0,1797.52
CUST_00111111,2025-06-22 14:53:33,UPI-Refund-amazon.refunds@okaxis-PAYTM0123456-512099496649,512099496649,2025-06-22,0.0,727.48,2525.0
CUST_00111111,2025-06-22 23:52:35,UPI-Zomato-zomato.pay@okicici-HDFC0000060-400590416424,400590416424,2025-06-22,598.71,0.0,1926.29
CUST_00111111,2025-06-23 09:26:04,UPI-DividendCredit-zerodha.payout@okhdfcbank-HDFC0000060-532621716541,532621716541,2025-06-23,0.0,374.84,2301.13
CUST_00111111,2025-06-23 18:28:52,UPI-BigBasket-bigbasket@okaxis-SBIN0001234-481449390616,481449390616,2025-06-23,156.12,0.0,2145.01
CUST_00111111,2025-06-24 02:37:04,UPI-Swiggy-swiggy.orders@okicici-ICIC0000011-576477889984,576477889984,2025-06-24,190.24,0.0,1954.77
CUST_00111111,2025-06-24 11:40:45,UPI-Refund-amazon.refunds@paytm-PAYTM0123456-450842125863,450842125863,2025-06-24,0.0,796.55,2751.32
CUST_00111111,2025-06-24 21:18:21,ATM-WDL-S1AC449372297899-SBI ATM TOWN CENTER,449372297899,2025-06-24,826.17,0.0,1925.15
CUST_00111111,2025-06-25 06:20:11,UPI-TataPower-tatapower.bill@okaxis-UTIB0001001-400160916026,400160916026,2025-06-25,276.67,0.0,1648.48
CUST_00111111,2025-06-25 14:23:25,POS-NETC FASTag Recharge-478748406268,478748406268,2025-06-25,130.19,0.0,1518.29
CUST_00111111,2025-06-25 23:21:01,UPI-Blinkit-blinkit.commerce@okhdfcbank-UTIB0001001-541094227214,541094227214,2025-06-25,477.87,0.0,1040.42
CUST_00111111,2025-06-26 09:02:50,UPI-Refund-amazon.refunds@ybl-PAYTM0123456-490678127369,490678127369,2025-06-26,0.0,323.47,1363.89
CUST_00111111,2025-06-26 17:47:39,UPI-GrowwNextbill-groww.mf@ybl-ICIC0000011-594378472544,594378472544,2025-06-26,27.27,0.0,1336.62
CUST_00111111,2025-06-27 02:22:10,ACH-DR-okhdfcbank-HOMEEMI-LN_PERSONAL_8821-587122195504,587122195504,2025-06-27,1069.29725014017,0.0,267.32
CUST_00111111,2025-06-27 11:36:38,ATM-WDL-S1AC575475813064-SBI ATM TOWN CENTER,575475813064,2025-06-27,60.81,0.0,206.51
CUST_00111111,2025-06-27 20:25:52,UPI-UberIndia-uber.pay@okhdfcbank-HDFC0000060-422883270771,422883270771,2025-06-27,66.13,0.0,140.38
CUST_00111111,2025-06-28 04:59:04,UPI-Blinkit-blinkit.commerce@okhdfcbank-UTIB0001001-438576044170,438576044170,2025-06-28,26.96,0.0,113.42
CUST_00111111,2025-06-28 13:42:41,UPI-Flipkart-flipkart.pay@ybl-HDFC0000060-504199279339,504199279339,2025-06-28,28.29,0.0,85.13
CUST_00111111,2025-06-28 23:00:30,ACH-CR-SALARY-TATAMOTORS-NETSALARY-560210637440,560210637440,2025-06-28,0.0,74514.75,74599.88
CUST_00111111,2025-06-29 07:51:37,UPI-Swiggy-swiggy.orders@ibl-ICIC0000011-501591796496,501591796496,2025-06-29,16302.14,0.0,58297.74
CUST_00111111,2025-06-29 17:15:07,UPI-Zomato-zomato.pay@okaxis-HDFC0000060-525061823442,525061823442,2025-06-29,11270.81,0.0,47026.93
CUST_00111111,2025-06-30 02:12:08,UPI-IRCTC-irctc.e-ticketing@paytm-SBIN0001234-590314201127,590314201127,2025-06-30,4857.32,0.0,42169.61
CUST_00111111,2025-06-30 10:46:09,UPI-Zomato-zomato.pay@ybl-HDFC0000060-462769338344,462769338344,2025-06-30,11273.88,0.0,30895.73
CUST_00111111,2025-06-30 19:27:17,UPI-Refund-amazon.refunds@okaxis-PAYTM0123456-567455783953,567455783953,2025-06-30,0.0,5171.26,36066.99
CUST_00111111,2025-07-01 05:00:31,ATM-WDL-NFS-585746449650-MAIN BRANCH,585746449650,2025-07-01,11293.92,0.0,24773.07
CUST_00111111,2025-07-01 13:44:14,UPI-Blinkit-blinkit.commerce@ibl-UTIB0001001-543652688717,543652688717,2025-07-01,3695.47,0.0,21077.6
CUST_00111111,2025-07-01 22:42:38,UPI-DividendCredit-zerodha.payout@okicici-HDFC0000060-413366835002,413366835002,2025-07-01,0.0,882.25,21959.85
CUST_00111111,2025-07-02 07:38:59,UPI-BigBasket-bigbasket@ybl-SBIN0001234-440959643502,440959643502,2025-07-02,4874.38,0.0,17085.47
CUST_00111111,2025-07-02 16:25:49,POS-NETC FASTag Recharge-585182840811,585182840811,2025-07-02,846.25,0.0,16239.22
CUST_00111111,2025-07-03 00:57:38,ATM-WDL-NFS-541299653854-MAIN BRANCH,541299653854,2025-07-03,5595.31,0.0,10643.91
CUST_00111111,2025-07-03 10:18:09,UPI-Myntra-myntra.fashion@okhdfcbank-ICIC0000011-538005650083,538005650083,2025-07-03,651.99,0.0,9991.92
CUST_00111111,2025-07-03 18:46:54,ATM-WDL-S1AC526954067264-SBI ATM TOWN CENTER,526954067264,2025-07-03,79.04,0.0,9912.88
CUST_00111111,2025-07-04 04:28:06,ATM-WDL-NFS-507467685797-MAIN BRANCH,507467685797,2025-07-04,421.77,0.0,9491.11
CUST_00111111,2025-07-04 13:25:24,UPI-ZerodhaBroking-zerodha.sip@paytm-HDFC0000060-559849668946,559849668946,2025-07-04,921.27,0.0,8569.84
CUST_00111111,2025-07-04 21:53:47,UPI-PaytmMoneyLtd-PaytmMoney.MFAUTOPAY.BRK@okicici-UTIB0001001-420187999347,420187999347,2025-07-04,1959.13,0.0,6610.71
CUST_00111111,2025-07-05 06:58:15,UPI-Swiggy-swiggy.orders@okhdfcbank-ICIC0000011-477445711580,477445711580,2025-07-05,489.51,0.0,6121.2
CUST_00111111,2025-07-05 16:14:04,UPI-Refund-amazon.refunds@okhdfcbank-PAYTM0123456-579225933693,579225933693,2025-07-05,0.0,468.02,6589.22
CUST_00111111,2025-07-06 00:43:40,UPI-OlaCabs-olacabs@paytm-ICIC0000011-504700549588,504700549588,2025-07-06,2017.28,0.0,4571.94
CUST_00111111,2025-07-06 09:57:56,UPI-SBI-Loans-sbiloan.emi@okicici-SBIN0001234-447754165844,447754165844,2025-07-06,3657.555450028035,0.0,914.39
CUST_00111111,2025-07-06 18:45:12,ATM-WDL-NFS-598115447168-MAIN BRANCH,598115447168,2025-07-06,198.18,0.0,716.21
CUST_00111111,2025-07-07 03:56:29,POS-NETC FASTag Recharge-525835510878,525835510878,2025-07-07,56.33,0.0,659.88
CUST_00111111,2025-07-07 12:36:56,UPI-Blinkit-blinkit.commerce@okhdfcbank-UTIB0001001-465410909091,465410909091,2025-07-07,105.44,0.0,554.44
CUST_00111111,2025-07-07 21:15:13,ATM-WDL-S1AC433352525310-SBI ATM TOWN CENTER,433352525310,2025-07-07,107.91,0.0,446.53
CUST_00111111,2025-07-08 06:34:08,UPI-DividendCredit-zerodha.payout@ybl-HDFC0000060-464491707629,464491707629,2025-07-08,0.0,554.65,1001.18
CUST_00111111,2025-07-08 14:54:49,UPI-TataPower-tatapower.bill@okhdfcbank-UTIB0001001-411140905308,411140905308,2025-07-08,42.77,0.0,958.41
CUST_00111111,2025-07-09 00:31:42,UPI-UberIndia-uber.pay@ybl-HDFC0000060-416631025719,416631025719,2025-07-09,93.62,0.0,864.79
CUST_00111111,2025-07-09 09:06:55,UPI-Swiggy-swiggy.orders@okicici-ICIC0000011-462014873077,462014873077,2025-07-09,98.05,0.0,766.74
CUST_00111111,2025-07-09 17:44:47,UPI-BESCOM-bescom.utility@ibl-CNRB0001122-461371919219,461371919219,2025-07-09,197.18,0.0,569.56
CUST_00111111,2025-07-10 03:10:25,ACH-CR-SALARY-TATAMOTORS-NETSALARY-465801755635,465801755635,2025-07-10,0.0,59856.09,60425.65
CUST_00111111,2025-07-10 12:11:50,UPI-Zepto-zepto.pay@okhdfcbank-KKBK0000456-462368298399,462368298399,2025-07-10,10075.84,0.0,50349.81
CUST_00111111,2025-07-10 20:26:41,UPI-Myntra-myntra.fashion@ibl-ICIC0000011-572550883161,572550883161,2025-07-10,16510.17,0.0,33839.64
CUST_00111111,2025-07-11 05:52:08,ATM-WDL-S1AC583151647881-SBI ATM TOWN CENTER,583151647881,2025-07-11,2557.5,0.0,31282.14
CUST_00111111,2025-07-11 15:01:36,UPI-Refund-amazon.refunds@ybl-PAYTM0123456-513457250388,513457250388,2025-07-11,0.0,860.42,32142.56
CUST_00111111,2025-07-11 23:35:31,ATM-WDL-NFS-531159403184-MAIN BRANCH,531159403184,2025-07-11,592.76,0.0,31549.8
CUST_00111111,2025-07-12 08:26:07,ATM-WDL-S1AC596956639900-SBI ATM TOWN CENTER,596956639900,2025-07-12,6596.64,0.0,24953.16
CUST_00111111,2025-07-12 17:05:18,UPI-TataPower-tatapower.bill@okhdfcbank-UTIB0001001-514084578973,514084578973,2025-07-12,6736.28,0.0,18216.88
CUST_00111111,2025-07-13 02:06:17,UPI-DividendCredit-zerodha.payout@okaxis-HDFC0000060-466092756572,466092756572,2025-07-13,0.0,295.28,18512.16
CUST_00111111,2025-07-13 11:15:26,ATM-WDL-S1AC424252416989-SBI ATM TOWN CENTER,424252416989,2025-07-13,3217.98,0.0,15294.18
CUST_00111111,2025-07-13 19:54:58,UPI-ZerodhaBroking-zerodha.sip@ybl-HDFC0000060-599869032722,599869032722,2025-07-13,2336.09,0.0,12958.09
CUST_00111111,2025-07-14 05:10:10,UPI-PaytmMoneyLtd-PaytmMoney.MFAUTOPAY.BRK@okicici-UTIB0001001-566102156100,566102156100,2025-07-14,3717.61,0.0,9240.48
CUST_00111111,2025-07-14 13:53:02,UPI-AmazonPay-amazonpay@ybl-PAYTM0123456-553207713405,553207713405,2025-07-14,2251.34,0.0,6989.14
CUST_00111111,2025-07-14 23:35:19,UPI-PaytmMoneyLtd-PaytmMoney.MFAUTOPAY.BRK@okaxis-UTIB0001001-494089989541,494089989541,2025-07-14,1449.97,0.0,5539.17
CUST_00111111,2025-07-15 07:44:42,UPI-OlaCabs-olacabs@okicici-ICIC0000011-590020490814,590020490814,2025-07-15,191.18,0.0,5347.99
CUST_00111111,2025-07-15 16:54:34,UPI-SBI-Loans-sbiloan.emi@okaxis-SBIN0001234-488270508446,488270508446,2025-07-15,4278.391090005608,0.0,1069.6
CUST_00111111,2025-07-16 01:55:05,UPI-Zepto-zepto.pay@okaxis-KKBK0000456-578385668982,578385668982,2025-07-16,64.17,0.0,1005.43
CUST_00111111,2025-07-16 10:43:35,ATM-WDL-S1AC526689841292-SBI ATM TOWN CENTER,526689841292,2025-07-16,165.26,0.0,840.17
CUST_00111111,2025-07-16 20:06:47,UPI-Zepto-zepto.pay@ybl-KKBK0000456-489505963898,489505963898,2025-07-16,166.22,0.0,673.95
CUST_00111111,2025-07-17 04:38:49,UPI-OlaCabs-olacabs@ybl-ICIC0000011-554815168999,554815168999,2025-07-17,176.74,0.0,497.21
CUST_00111111,2025-07-17 13:07:26,UPI-TataPower-tatapower.bill@okicici-UTIB0001001-551443871639,551443871639,2025-07-17,119.76,0.0,377.45
CUST_00111111,2025-07-17 22:30:36,UPI-Blinkit-blinkit.commerce@ybl-UTIB0001001-439922546891,439922546891,2025-07-17,114.45,0.0,263.0
CUST_00111111,2025-07-18 07:23:47,UPI-IRCTC-irctc.e-ticketing@okicici-SBIN0001234-534199388547,534199388547,2025-07-18,52.71,0.0,210.29
CUST_00111111,2025-07-18 16:11:12,UPI-Flipkart-flipkart.pay@ibl-HDFC0000060-579201316859,579201316859,2025-07-18,72.88,0.0,137.41
CUST_00111111,2025-07-19 01:00:53,POS-NETC FASTag Recharge-444462258098,444462258098,2025-07-19,16.38,0.0,121.03
CUST_00111111,2025-07-19 09:57:43,ATM-WDL-NFS-541986173020-MAIN BRANCH,541986173020,2025-07-19,47.38,0.0,73.65
CUST_00111111,2025-07-19 19:36:46,UPI-AmazonPay-amazonpay@paytm-PAYTM0123456-415754865819,415754865819,2025-07-19,34.88,0.0,38.77
CUST_00111111,2025-07-20 04:34:13,UPI-OlaCabs-olacabs@paytm-ICIC0000011-462838385091,462838385091,2025-07-20,16.19,0.0,22.58
CUST_00111111,2025-07-20 12:33:05,UPI-Blinkit-blinkit.commerce@okhdfcbank-UTIB0001001-538378347308,538378347308,2025-07-20,25.41,0.0,0.0
CUST_00111111,2025-07-20 22:10:24,UPI-Myntra-myntra.fashion@okicici-ICIC0000011-583127649872,583127649872,2025-07-20,48.99,0.0,0.0
CUST_00111111,2025-07-21 06:57:18,NEFT-CR-TATAMOTORS-MONTHLY SALARY-400067567428,400067567428,2025-07-21,0.0,92213.32,92213.32
CUST_00111111,2025-07-21 15:20:34,UPI-BigBasket-bigbasket@ibl-SBIN0001234-541805759010,541805759010,2025-07-21,27824.2,0.0,64389.12
CUST_00111111,2025-07-22 00:35:06,POS-NETC FASTag Recharge-537512580366,537512580366,2025-07-22,7201.52,0.0,57187.6
CUST_00111111,2025-07-22 10:06:20,UPI-AirtelRecharge-airtel.bill@paytm-SBIN0001234-426539749009,426539749009,2025-07-22,755.18,0.0,56432.42
CUST_00111111,2025-07-22 18:23:31,UPI-Zepto-zepto.pay@okicici-KKBK0000456-568328066450,568328066450,2025-07-22,4554.53,0.0,51877.89
CUST_00111111,2025-07-23 03:21:04,UPI-Refund-amazon.refunds@paytm-PAYTM0123456-510788407944,510788407944,2025-07-23,0.0,300.19,52178.08
CUST_00111111,2025-07-23 12:26:19,UPI-OlaCabs-olacabs@ybl-ICIC0000011-556590202960,556590202960,2025-07-23,6216.81,0.0,45961.27
CUST_00111111,2025-07-23 21:14:50,ATM-WDL-NFS-425116397979-MAIN BRANCH,425116397979,2025-07-23,1065.37,0.0,44895.9
CUST_00111111,2025-07-24 05:56:30,UPI-BESCOM-bescom.utility@okhdfcbank-CNRB0001122-504819872139,504819872139,2025-07-24,8484.24,0.0,36411.66
CUST_00111111,2025-07-24 14:49:43,UPI-Swiggy-swiggy.orders@ibl-ICIC0000011-402734812163,402734812163,2025-07-24,4072.43,0.0,32339.23
CUST_00111111,2025-07-25 00:15:47,ACH-DR-okhdfcbank-PERSONALEMI-LN_PERSONAL_8821-556041619134,556041619134,2025-07-25,14500.0,0.0,17839.23
CUST_00111111,2025-07-25 08:40:20,UPI-BESCOM-bescom.utility@ibl-CNRB0001122-456821414451,456821414451,2025-07-25,5533.52,0.0,12305.71
CUST_00111111,2025-07-25 17:51:42,UPI-TataPower-tatapower.bill@okaxis-UTIB0001001-585002916212,585002916212,2025-07-25,1014.86,0.0,11290.85
CUST_00111111,2025-07-26 03:13:53,UPI-DividendCredit-zerodha.payout@okaxis-HDFC0000060-447385952351,447385952351,2025-07-26,0.0,5202.45,16493.3
CUST_00111111,2025-07-26 11:38:52,UPI-Refund-amazon.refunds@ibl-PAYTM0123456-441176006559,441176006559,2025-07-26,0.0,5292.64,21785.94
CUST_00111111,2025-07-26 20:25:45,UPI-Zomato-zomato.pay@okicici-HDFC0000060-444235057415,444235057415,2025-07-26,7161.38,0.0,14624.56
CUST_00111111,2025-07-27 06:02:29,UPI-Myntra-myntra.fashion@okaxis-ICIC0000011-549879436920,549879436920,2025-07-27,5108.05,0.0,9516.51
CUST_00111111,2025-07-27 14:21:35,UPI-Blinkit-blinkit.commerce@ibl-UTIB0001001-537775797837,537775797837,2025-07-27,2558.83,0.0,6957.68
CUST_00111111,2025-07-27 23:14:28,UPI-BigBasket-bigbasket@paytm-SBIN0001234-462006821899,462006821899,2025-07-27,1176.39,0.0,5781.29
CUST_00111111,2025-07-28 08:56:03,UPI-GrowwNextbill-groww.mf@okaxis-ICIC0000011-509932302133,509932302133,2025-07-28,1769.74,0.0,4011.55
CUST_00111111,2025-07-28 17:17:59,UPI-BigBasket-bigbasket@ybl-SBIN0001234-535079084517,535079084517,2025-07-28,1082.16,0.0,2929.39
CUST_00111111,2025-07-29 02:20:43,UPI-TataPower-tatapower.bill@ibl-UTIB0001001-449099413060,449099413060,2025-07-29,440.69,0.0,2488.7
CUST_00111111,2025-07-29 11:16:48,UPI-UberIndia-uber.pay@ybl-HDFC0000060-479966346362,479966346362,2025-07-29,219.4,0.0,2269.3
CUST_00111111,2025-07-29 19:52:14,UPI-DividendCredit-zerodha.payout@okhdfcbank-HDFC0000060-439805636774,439805636774,2025-07-29,0.0,1194.8,3464.1
CUST_00111111,2025-07-30 05:32:53,UPI-PaytmMoneyLtd-PaytmMoney.MFAUTOPAY.BRK@okaxis-UTIB0001001-487572759581,487572759581,2025-07-30,369.81,0.0,3094.29
CUST_00111111,2025-07-30 13:38:31,UPI-Zepto-zepto.pay@okhdfcbank-KKBK0000456-485654361977,485654361977,2025-07-30,59.96,0.0,3034.33
CUST_00111111,2025-07-30 22:40:54,UPI-Refund-amazon.refunds@ybl-PAYTM0123456-422043949737,422043949737,2025-07-30,0.0,11099.94,14134.27
CUST_00111111,2025-07-31 08:00:20,UPI-AmazonPay-amazonpay@okicici-PAYTM0123456-552716087847,552716087847,2025-07-31,1910.5,0.0,12223.77
CUST_00111111,2025-07-31 16:27:15,UPI-GrowwNextbill-groww.mf@okicici-ICIC0000011-494874190498,494874190498,2025-07-31,945.49,0.0,11278.28
CUST_00111111,2025-08-01 02:02:03,UPI-ZerodhaBroking-zerodha.sip@okhdfcbank-HDFC0000060-489268484581,489268484581,2025-08-01,3107.22,0.0,8171.06
CUST_00111111,2025-08-01 10:45:14,ACH-CR-SALARY-TATAMOTORS-NETSALARY-597932277263,597932277263,2025-08-01,0.0,49470.55,57641.61
CUST_00111111,2025-08-01 19:51:48,UPI-AmazonPay-amazonpay@ibl-PAYTM0123456-445187799896,445187799896,2025-08-01,17737.64,0.0,39903.97
CUST_00111111,2025-08-02 04:18:00,UPI-AmazonPay-amazonpay@okaxis-PAYTM0123456-482759376794,482759376794,2025-08-02,6535.9,0.0,33368.07
CUST_00111111,2025-08-02 13:08:37,UPI-Flipkart-flipkart.pay@okaxis-HDFC0000060-516682267305,516682267305,2025-08-02,1963.25,0.0,31404.82
CUST_00111111,2025-08-02 22:33:07,UPI-Blinkit-blinkit.commerce@okaxis-UTIB0001001-420541396756,420541396756,2025-08-02,2557.99,0.0,28846.83
CUST_00111111,2025-08-03 07:45:02,UPI-SBI-Loans-sbiloan.emi@ybl-SBIN0001234-570054103598,570054103598,2025-08-03,14500.0,0.0,14346.83
CUST_00111111,2025-08-03 15:58:54,UPI-Flipkart-flipkart.pay@paytm-HDFC0000060-482186301727,482186301727,2025-08-03,3267.38,0.0,11079.45
CUST_00111111,2025-08-04 01:44:49,UPI-Flipkart-flipkart.pay@okaxis-HDFC0000060-505742920264,505742920264,2025-08-04,1995.42,0.0,9084.03
CUST_00111111,2025-08-04 10:12:31,UPI-Zomato-zomato.pay@okicici-HDFC0000060-579785219881,579785219881,2025-08-04,573.61,0.0,8510.42
CUST_00111111,2025-08-04 19:00:47,UPI-Blinkit-blinkit.commerce@okhdfcbank-UTIB0001001-454525865235,454525865235,2025-08-04,567.54,0.0,7942.88
CUST_00111111,2025-08-05 04:01:51,POS-NETC FASTag Recharge-490059989071,490059989071,2025-08-05,983.1,0.0,6959.78
CUST_00111111,2025-08-05 13:09:44,UPI-Refund-amazon.refunds@okaxis-PAYTM0123456-467783063805,467783063805,2025-08-05,0.0,8792.71,15752.49
CUST_00111111,2025-08-05 21:45:20,UPI-AirtelRecharge-airtel.bill@paytm-SBIN0001234-500471891347,500471891347,2025-08-05,5116.13,0.0,10636.36
CUST_00111111,2025-08-06 07:02:23,UPI-UberIndia-uber.pay@ybl-HDFC0000060-550312108303,550312108303,2025-08-06,659.76,0.0,9976.6
CUST_00111111,2025-08-06 16:07:22,ATM-WDL-S1AC458876988160-SBI ATM TOWN CENTER,458876988160,2025-08-06,2651.25,0.0,7325.35
CUST_00111111,2025-08-07 01:10:14,POS-NETC FASTag Recharge-420155574061,420155574061,2025-08-07,407.26,0.0,6918.09
CUST_00111111,2025-08-07 09:18:46,UPI-BigBasket-bigbasket@ybl-SBIN0001234-484324536214,484324536214,2025-08-07,555.08,0.0,6363.01
CUST_00111111,2025-08-07 18:15:33,UPI-ZerodhaBroking-zerodha.sip@okhdfcbank-HDFC0000060-519036033896,519036033896,2025-08-07,1202.82,0.0,5160.19
CUST_00111111,2025-08-08 03:41:37,UPI-TataPower-tatapower.bill@okhdfcbank-UTIB0001001-560972087297,560972087297,2025-08-08,1053.97,0.0,4106.22
CUST_00111111,2025-08-08 12:55:56,UPI-DividendCredit-zerodha.payout@okicici-HDFC0000060-514640016651,514640016651,2025-08-08,0.0,5348.31,9454.53
CUST_00111111,2025-08-08 21:46:18,ATM-WDL-NFS-502943614574-MAIN BRANCH,502943614574,2025-08-08,441.63,0.0,9012.9
CUST_00111111,2025-08-09 05:55:33,UPI-IRCTC-irctc.e-ticketing@ibl-SBIN0001234-467727141934,467727141934,2025-08-09,3015.28,0.0,5997.62
CUST_00111111,2025-08-09 14:55:13,UPI-TataPower-tatapower.bill@paytm-UTIB0001001-570282567717,570282567717,2025-08-09,1702.17,0.0,4295.45
CUST_00111111,2025-08-10 00:25:52,ATM-WDL-S1AC510151925052-SBI ATM TOWN CENTER,510151925052,2025-08-10,834.9,0.0,3460.55
CUST_00111111,2025-08-10 08:42:37,UPI-DividendCredit-zerodha.payout@okaxis-HDFC0000060-425815106132,425815106132,2025-08-10,0.0,1412.54,4873.09
CUST_00111111,2025-08-10 18:06:01,UPI-TataPower-tatapower.bill@okicici-UTIB0001001-544941630111,544941630111,2025-08-10,454.13,0.0,4418.96
CUST_00111111,2025-08-11 03:06:12,UPI-Flipkart-flipkart.pay@okaxis-HDFC0000060-521208408377,521208408377,2025-08-11,774.5,0.0,3644.46
CUST_00111111,2025-08-11 12:15:25,UPI-DividendCredit-zerodha.payout@ibl-HDFC0000060-561832458532,561832458532,2025-08-11,0.0,721.74,4366.2
CUST_00111111,2025-08-11 20:42:00,UPI-ZerodhaBroking-zerodha.sip@okhdfcbank-HDFC0000060-408580067901,408580067901,2025-08-11,130.2,0.0,4236.0
CUST_00111111,2025-08-12 05:42:37,UPI-Zomato-zomato.pay@ibl-HDFC0000060-430433514627,430433514627,2025-08-12,741.68,0.0,3494.32
CUST_00111111,2025-08-12 14:31:17,ACH-DR-okhdfcbank-AUTOEMI-542622409152,542622409152,2025-08-12,2795.456000000009,0.0,698.86
CUST_00111111,2025-08-12 23:38:16,POS-NETC FASTag Recharge-520678372025,520678372025,2025-08-12,151.02,0.0,547.84
CUST_00111111,2025-08-13 08:23:18,ATM-WDL-NFS-481892890236-MAIN BRANCH,481892890236,2025-08-13,76.47,0.0,471.37
CUST_00111111,2025-08-13 16:58:50,UPI-GrowwNextbill-groww.mf@ibl-ICIC0000011-493841513586,493841513586,2025-08-13,99.85,0.0,371.52
CUST_00111111,2025-08-14 02:47:41,UPI-AirtelRecharge-airtel.bill@ybl-SBIN0001234-542781518899,542781518899,2025-08-14,116.07,0.0,255.45
CUST_00111111,2025-08-14 11:11:25,UPI-Zomato-zomato.pay@okhdfcbank-HDFC0000060-518368649939,518368649939,2025-08-14,63.99,0.0,191.46
CUST_00111111,2025-08-14 20:27:35,POS-NETC FASTag Recharge-448036854595,448036854595,2025-08-14,60.11,0.0,131.35
CUST_00111111,2025-08-15 05:07:22,UPI-Flipkart-flipkart.pay@okicici-HDFC0000060-521106586276,521106586276,2025-08-15,44.3,0.0,87.05
CUST_00111111,2025-08-15 13:36:26,UPI-BigBasket-bigbasket@ybl-SBIN0001234-458861391283,458861391283,2025-08-15,38.8,0.0,48.25
CUST_00111111,2025-08-15 23:27:06,UPI-GrowwNextbill-groww.mf@okicici-ICIC0000011-420598697754,420598697754,2025-08-15,41.35,0.0,6.9
CUST_00111111,2025-08-16 07:40:25,UPI-Refund-amazon.refunds@ybl-PAYTM0123456-487470415033,487470415033,2025-08-16,0.0,5418.87,5425.77
CUST_00111111,2025-08-16 16:31:12,UPI-TataPower-tatapower.bill@okhdfcbank-UTIB0001001-581515425664,581515425664,2025-08-16,70.1,0.0,5355.67
CUST_00111111,2025-08-17 01:40:35,UPI-Myntra-myntra.fashion@okicici-ICIC0000011-505643185291,505643185291,2025-08-17,254.63,0.0,5101.04
CUST_00111111,2025-08-17 10:22:45,UPI-AirtelRecharge-airtel.bill@okhdfcbank-SBIN0001234-495983605468,495983605468,2025-08-17,1331.28,0.0,3769.76
CUST_00111111,2025-08-17 20:06:17,UPI-DividendCredit-zerodha.payout@okaxis-HDFC0000060-596166570449,596166570449,2025-08-17,0.0,4358.92,8128.68
CUST_00111111,2025-08-18 04:52:22,UPI-Zomato-zomato.pay@paytm-HDFC0000060-486474647206,486474647206,2025-08-18,1451.15,0.0,6677.53
CUST_00111111,2025-08-18 13:10:15,UPI-DividendCredit-zerodha.payout@ibl-HDFC0000060-499570418046,499570418046,2025-08-18,0.0,945.82,7623.35
CUST_00111111,2025-08-18 22:32:54,UPI-Zomato-zomato.pay@okicici-HDFC0000060-513337586724,513337586724,2025-08-18,2618.26,0.0,5005.09
CUST_00111111,2025-08-19 07:22:40,UPI-TataPower-tatapower.bill@ibl-UTIB0001001-533941792237,533941792237,2025-08-19,466.22,0.0,4538.87
CUST_00111111,2025-08-19 16:33:36,UPI-Flipkart-flipkart.pay@ybl-HDFC0000060-551067893160,551067893160,2025-08-19,864.72,0.0,3674.15
CUST_00111111,2025-08-20 00:54:54,UPI-AirtelRecharge-airtel.bill@okhdfcbank-SBIN0001234-486702928192,486702928192,2025-08-20,150.97,0.0,3523.18
CUST_00111111,2025-08-20 10:40:11,UPI-Zomato-zomato.pay@ybl-HDFC0000060-533185146739,533185146739,2025-08-20,674.32,0.0,2848.86
CUST_00111111,2025-08-20 19:15:12,UPI-Myntra-myntra.fashion@okhdfcbank-ICIC0000011-578264498891,578264498891,2025-08-20,350.75,0.0,2498.11
CUST_00111111,2025-08-21 04:06:12,UPI-AmazonPay-amazonpay@okhdfcbank-PAYTM0123456-595058647428,595058647428,2025-08-21,815.93,0.0,1682.18
CUST_00111111,2025-08-21 12:34:02,UPI-Refund-amazon.refunds@ybl-PAYTM0123456-406723332352,406723332352,2025-08-21,0.0,7020.63,8702.81
CUST_00111111,2025-08-21 21:26:23,ACH-DR-okhdfcbank-HOMEEMI-LN_PERSONAL_8821-546994583195,546994583195,2025-08-21,6962.251200000001,0.0,1740.56
CUST_00111111,2025-08-22 07:13:13,ATM-WDL-S1AC556583003065-SBI ATM TOWN CENTER,556583003065,2025-08-22,55.31,0.0,1685.25
CUST_00111111,2025-08-22 15:53:13,UPI-ZerodhaBroking-zerodha.sip@okicici-HDFC0000060-432258666056,432258666056,2025-08-22,422.08,0.0,1263.17
CUST_00111111,2025-08-23 01:04:22,UPI-DividendCredit-zerodha.payout@okicici-HDFC0000060-503040103489,503040103489,2025-08-23,0.0,2281.7,3544.87
CUST_00111111,2025-08-23 09:59:06,UPI-Zomato-zomato.pay@okicici-HDFC0000060-523347080901,523347080901,2025-08-23,776.06,0.0,2768.81
CUST_00111111,2025-08-23 18:09:59,NEFT-CR-TATAMOTORS-MONTHLY SALARY-482667518860,482667518860,2025-08-23,0.0,47287.1,50055.91
CUST_00111111,2025-08-24 03:16:42,ATM-WDL-NFS-424982659071-MAIN BRANCH,424982659071,2025-08-24,17055.51,0.0,33000.4
CUST_00111111,2025-08-24 12:47:28,ATM-WDL-S1AC467911545785-SBI ATM TOWN CENTER,467911545785,2025-08-24,8662.34,0.0,24338.06
CUST_00111111,2025-08-24 21:49:04,UPI-Refund-amazon.refunds@ibl-PAYTM0123456-570556389546,570556389546,2025-08-24,0.0,3649.76,27987.82
CUST_00111111,2025-08-25 05:57:23,UPI-DividendCredit-zerodha.payout@ybl-HDFC0000060-437006087616,437006087616,2025-08-25,0.0,155.93,28143.75
CUST_00111111,2025-08-25 15:36:49,UPI-BESCOM-bescom.utility@okaxis-CNRB0001122-554873762611,554873762611,2025-08-25,4820.96,0.0,23322.79
CUST_00111111,2025-08-26 00:18:20,UPI-IRCTC-irctc.e-ticketing@okaxis-SBIN0001234-445263666257,445263666257,2025-08-26,5582.48,0.0,17740.31
CUST_00111111,2025-08-26 08:53:07,UPI-UberIndia-uber.pay@okicici-HDFC0000060-475474324626,475474324626,2025-08-26,1709.87,0.0,16030.44
CUST_00111111,2025-08-26 17:38:23,UPI-BigBasket-bigbasket@paytm-SBIN0001234-515043667044,515043667044,2025-08-26,2399.76,0.0,13630.68
CUST_00111111,2025-08-27 02:33:33,UPI-IRCTC-irctc.e-ticketing@ybl-SBIN0001234-464994412333,464994412333,2025-08-27,793.15,0.0,12837.53
CUST_00111111,2025-08-27 12:17:13,UPI-AmazonPay-amazonpay@okhdfcbank-PAYTM0123456-588306637672,588306637672,2025-08-27,3121.4,0.0,9716.13
CUST_00111111,2025-08-27 20:55:51,UPI-Flipkart-flipkart.pay@ibl-HDFC0000060-475730589858,475730589858,2025-08-27,293.91,0.0,9422.22
CUST_00111111,2025-08-28 05:43:03,UPI-Myntra-myntra.fashion@paytm-ICIC0000011-572123031760,572123031760,2025-08-28,2163.62,0.0,7258.6
CUST_00111111,2025-08-28 14:59:09,UPI-Flipkart-flipkart.pay@okaxis-HDFC0000060-590173531259,590173531259,2025-08-28,2416.42,0.0,4842.18
CUST_00111111,2025-08-28 23:26:04,UPI-DividendCredit-zerodha.payout@ibl-HDFC0000060-402499480048,402499480048,2025-08-28,0.0,1515.56,6357.74
CUST_00111111,2025-08-29 08:49:23,UPI-IRCTC-irctc.e-ticketing@ibl-SBIN0001234-528729405303,528729405303,2025-08-29,942.69,0.0,5415.05
CUST_00111111,2025-08-29 17:53:18,UPI-AmazonPay-amazonpay@ybl-PAYTM0123456-509669518013,509669518013,2025-08-29,762.58,0.0,4652.47
CUST_00111111,2025-08-30 02:24:48,UPI-BigBasket-bigbasket@okaxis-SBIN0001234-487052702854,487052702854,2025-08-30,1602.52,0.0,3049.95
CUST_00111111,2025-08-30 11:26:15,ATM-WDL-S1AC555179720677-SBI ATM TOWN CENTER,555179720677,2025-08-30,956.02,0.0,2093.93
CUST_00111111,2025-08-30 20:29:09,UPI-GrowwNextbill-groww.mf@paytm-ICIC0000011-416158757990,416158757990,2025-08-30,167.98,0.0,1925.95
CUST_00111111,2025-08-31 05:31:50,UPI-SBI-Loans-sbiloan.emi@ybl-SBIN0001234-430134698954,430134698954,2025-08-31,1540.7622399999982,0.0,385.19
CUST_00111111,2025-08-31 14:05:15,UPI-DividendCredit-zerodha.payout@ybl-HDFC0000060-520078832106,520078832106,2025-08-31,0.0,2736.49,3121.68
CUST_00111111,2025-08-31 23:14:14,UPI-GrowwNextbill-groww.mf@okaxis-ICIC0000011-444246175446,444246175446,2025-08-31,946.42,0.0,2175.26
CUST_00111111,2025-09-01 07:50:14,UPI-OlaCabs-olacabs@okaxis-ICIC0000011-422550250243,422550250243,2025-09-01,737.6,0.0,1437.66
CUST_00111111,2025-09-01 16:24:56,UPI-OlaCabs-olacabs@okaxis-ICIC0000011-573500965904,573500965904,2025-09-01,439.05,0.0,998.61
CUST_00111111,2025-09-02 01:46:28,UPI-PaytmMoneyLtd-PaytmMoney.MFAUTOPAY.BRK@ibl-UTIB0001001-424290124099,424290124099,2025-09-02,272.88,0.0,725.73
CUST_00111111,2025-09-02 10:27:30,UPI-AirtelRecharge-airtel.bill@ybl-SBIN0001234-419227738431,419227738431,2025-09-02,196.89,0.0,528.84
CUST_00111111,2025-09-02 19:44:09,UPI-GrowwNextbill-groww.mf@paytm-ICIC0000011-523179587870,523179587870,2025-09-02,37.32,0.0,491.52
CUST_00111111,2025-09-03 04:27:55,UPI-DividendCredit-zerodha.payout@okhdfcbank-HDFC0000060-433574227637,433574227637,2025-09-03,0.0,6440.96,6932.48
CUST_00111111,2025-09-03 13:32:50,UPI-GrowwNextbill-groww.mf@okhdfcbank-ICIC0000011-460433747423,460433747423,2025-09-03,1935.74,0.0,4996.74
CUST_00111111,2025-09-03 22:51:01,NEFT-CR-TATAMOTORS-MONTHLY SALARY-426209725142,426209725142,2025-09-03,0.0,69076.12,74072.86
CUST_00111111,2025-09-04 07:12:11,UPI-DividendCredit-zerodha.payout@ybl-HDFC0000060-503668180935,503668180935,2025-09-04,0.0,434.36,74507.22
CUST_00111111,2025-09-04 15:52:12,UPI-TataPower-tatapower.bill@paytm-UTIB0001001-556897338365,556897338365,2025-09-04,11229.86,0.0,63277.36
CUST_00111111,2025-09-05 00:54:30,UPI-Swiggy-swiggy.orders@ibl-ICIC0000011-496379493133,496379493133,2025-09-05,10895.01,0.0,52382.35
CUST_00111111,2025-09-05 10:07:10,UPI-DividendCredit-zerodha.payout@okhdfcbank-HDFC0000060-587329620043,587329620043,2025-09-05,0.0,2280.51,54662.86
CUST_00111111,2025-09-05 18:40:45,ATM-WDL-NFS-429620641161-MAIN BRANCH,429620641161,2025-09-05,15261.94,0.0,39400.92
CUST_00111111,2025-09-06 04:10:50,UPI-Flipkart-flipkart.pay@okaxis-HDFC0000060-506214580535,506214580535,2025-09-06,6285.8,0.0,33115.12
CUST_00111111,2025-09-06 13:20:22,UPI-DividendCredit-zerodha.payout@okaxis-HDFC0000060-465025075523,465025075523,2025-09-06,0.0,288.01,33403.13
CUST_00111111,2025-09-06 21:39:04,UPI-IRCTC-irctc.e-ticketing@okicici-SBIN0001234-565585577683,565585577683,2025-09-06,5618.81,0.0,27784.32
CUST_00111111,2025-09-07 07:11:04,ATM-WDL-S1AC593021324578-SBI ATM TOWN CENTER,593021324578,2025-09-07,2846.9,0.0,24937.42
CUST_00111111,2025-09-07 15:27:41,UPI-Zomato-zomato.pay@okicici-HDFC0000060-565432472816,565432472816,2025-09-07,7509.33,0.0,17428.09
CUST_00111111,2025-09-08 00:29:36,UPI-Flipkart-flipkart.pay@ybl-HDFC0000060-415660179936,415660179936,2025-09-08,256.07,0.0,17172.02
CUST_00111111,2025-09-08 09:12:53,UPI-AirtelRecharge-airtel.bill@ibl-SBIN0001234-534179424422,534179424422,2025-09-08,644.08,0.0,16527.94
CUST_00111111,2025-09-08 18:37:01,ATM-WDL-S1AC435718978070-SBI ATM TOWN CENTER,435718978070,2025-09-08,5707.83,0.0,10820.11
CUST_00111111,2025-09-09 03:21:40,UPI-Refund-amazon.refunds@ybl-PAYTM0123456-587030175835,587030175835,2025-09-09,0.0,1827.31,12647.42
CUST_00111111,2025-09-09 12:45:05,ACH-DR-HDFCLOANS-LN_PERSONAL_8821-EMI-558985470376,558985470376,2025-09-09,10117.936447999997,0.0,2529.48
CUST_00111111,2025-09-09 21:06:09,ATM-WDL-S1AC409516543480-SBI ATM TOWN CENTER,409516543480,2025-09-09,626.37,0.0,1903.11
CUST_00111111,2025-09-10 06:18:37,UPI-BESCOM-bescom.utility@ibl-CNRB0001122-573029147554,573029147554,2025-09-10,21.36,0.0,1881.75
CUST_00111111,2025-09-10 15:08:42,UPI-OlaCabs-olacabs@paytm-ICIC0000011-510388436138,510388436138,2025-09-10,348.21,0.0,1533.54
CUST_00111111,2025-09-10 23:54:30,UPI-DividendCredit-zerodha.payout@paytm-HDFC0000060-481963425334,481963425334,2025-09-10,0.0,1179.37,2712.91
CUST_00111111,2025-09-11 09:26:29,UPI-Refund-amazon.refunds@okaxis-PAYTM0123456-546696227761,546696227761,2025-09-11,0.0,304.59,3017.5
CUST_00111111,2025-09-11 18:07:08,UPI-UberIndia-uber.pay@ibl-HDFC0000060-579677923033,579677923033,2025-09-11,153.17,0.0,2864.33
CUST_00111111,2025-09-12 02:44:02,ATM-WDL-NFS-518964907060-MAIN BRANCH,518964907060,2025-09-12,695.86,0.0,2168.47
CUST_00111111,2025-09-12 11:22:35,UPI-ZerodhaBroking-zerodha.sip@okhdfcbank-HDFC0000060-422524869050,422524869050,2025-09-12,163.9,0.0,2004.57
CUST_00111111,2025-09-12 20:56:11,UPI-DividendCredit-zerodha.payout@okaxis-HDFC0000060-415499817169,415499817169,2025-09-12,0.0,376.12,2380.69
CUST_00111111,2025-09-13 05:18:19,UPI-UberIndia-uber.pay@ybl-HDFC0000060-593327923959,593327923959,2025-09-13,593.07,0.0,1787.62
CUST_00111111,2025-09-13 14:17:07,UPI-Refund-amazon.refunds@okicici-PAYTM0123456-543223007958,543223007958,2025-09-13,0.0,6980.49,8768.11
CUST_00111111,2025-09-13 23:13:05,UPI-Refund-amazon.refunds@ibl-PAYTM0123456-435956905432,435956905432,2025-09-13,0.0,2048.38,10816.49
CUST_00111111,2025-09-14 08:47:30,UPI-Zepto-zepto.pay@paytm-KKBK0000456-433871893492,433871893492,2025-09-14,3299.23,0.0,7517.26
CUST_00111111,2025-09-14 17:11:48,UPI-UberIndia-uber.pay@okaxis-HDFC0000060-419429805915,419429805915,2025-09-14,2112.35,0.0,5404.91
CUST_00111111,2025-09-15 02:22:52,ACH-CR-SALARY-TATAMOTORS-NETSALARY-539394013042,539394013042,2025-09-15,0.0,61972.51,67377.42
CUST_00111111,2025-09-15 11:18:52,UPI-Blinkit-blinkit.commerce@ybl-UTIB0001001-558309744816,558309744816,2025-09-15,1903.07,0.0,65474.35
CUST_00111111,2025-09-15 19:57:56,UPI-UberIndia-uber.pay@okicici-HDFC0000060-429091226360,429091226360,2025-09-15,12555.43,0.0,52918.92
CUST_00111111,2025-09-16 04:51:53,UPI-PaytmMoneyLtd-PaytmMoney.MFAUTOPAY.BRK@paytm-UTIB0001001-540620579170,540620579170,2025-09-16,8385.88,0.0,44533.04
CUST_00111111,2025-09-16 13:48:45,UPI-AmazonPay-amazonpay@okaxis-PAYTM0123456-529046508039,529046508039,2025-09-16,8211.91,0.0,36321.13
CUST_00111111,2025-09-16 22:40:03,ATM-WDL-S1AC412272805472-SBI ATM TOWN CENTER,412272805472,2025-09-16,1051.49,0.0,35269.64
CUST_00111111,2025-09-17 07:38:55,UPI-Refund-amazon.refunds@okhdfcbank-PAYTM0123456-465806638572,465806638572,2025-09-17,0.0,809.57,36079.21
CUST_00111111,2025-09-17 16:37:53,UPI-Refund-amazon.refunds@okicici-PAYTM0123456-420727499281,420727499281,2025-09-17,0.0,5235.09,41314.3
CUST_00111111,2025-09-18 01:23:17,UPI-Swiggy-swiggy.orders@paytm-ICIC0000011-586839843143,586839843143,2025-09-18,14111.38,0.0,27202.92
CUST_00111111,2025-09-18 11:05:48,ATM-WDL-S1AC418901828310-SBI ATM TOWN CENTER,418901828310,2025-09-18,1746.22,0.0,25456.7
CUST_00111111,2025-09-18 19:59:28,UPI-SBI-Loans-sbiloan.emi@okicici-SBIN0001234-422880583257,422880583257,2025-09-18,14500.0,0.0,10956.7
CUST_00111111,2025-09-19 04:02:58,UPI-BESCOM-bescom.utility@okaxis-CNRB0001122-453124104138,453124104138,2025-09-19,2531.16,0.0,8425.54
CUST_00111111,2025-09-19 13:48:41,UPI-BigBasket-bigbasket@okhdfcbank-SBIN0001234-467099060837,467099060837,2025-09-19,1644.4,0.0,6781.14
CUST_00111111,2025-09-19 22:27:38,UPI-AirtelRecharge-airtel.bill@ibl-SBIN0001234-454872012374,454872012374,2025-09-19,553.79,0.0,6227.35
CUST_00111111,2025-09-20 07:00:00,UPI-BESCOM-bescom.utility@ybl-CNRB0001122-406056058979,406056058979,2025-09-20,2125.01,0.0,4102.34
CUST_00111111,2025-09-20 16:28:54,UPI-Blinkit-blinkit.commerce@paytm-UTIB0001001-592584503915,592584503915,2025-09-20,298.51,0.0,3803.83
CUST_00111111,2025-09-21 01:33:04,UPI-IRCTC-irctc.e-ticketing@ibl-SBIN0001234-505902313633,505902313633,2025-09-21,110.04,0.0,3693.79
CUST_00111111,2025-09-21 09:44:07,UPI-Refund-amazon.refunds@ybl-PAYTM0123456-542615223873,542615223873,2025-09-21,0.0,844.95,4538.74
CUST_00111111,2025-09-21 19:06:23,UPI-IRCTC-irctc.e-ticketing@ybl-SBIN0001234-417013160299,417013160299,2025-09-21,1381.28,0.0,3157.46
CUST_00111111,2025-09-22 03:34:55,UPI-IRCTC-irctc.e-ticketing@okhdfcbank-SBIN0001234-545365333806,545365333806,2025-09-22,824.63,0.0,2332.83
CUST_00111111,2025-09-22 12:55:37,UPI-AirtelRecharge-airtel.bill@paytm-SBIN0001234-559278443070,559278443070,2025-09-22,292.26,0.0,2040.57
CUST_00111111,2025-09-22 22:03:36,UPI-TataPower-tatapower.bill@paytm-UTIB0001001-510895896209,510895896209,2025-09-22,705.57,0.0,1335.0
CUST_00111111,2025-09-23 06:20:07,UPI-DividendCredit-zerodha.payout@ybl-HDFC0000060-582256863654,582256863654,2025-09-23,0.0,5144.11,6479.11
CUST_00111111,2025-09-23 15:31:32,ATM-WDL-S1AC510813664475-SBI ATM TOWN CENTER,510813664475,2025-09-23,1003.06,0.0,5476.05
CUST_00111111,2025-09-24 00:29:06,UPI-PaytmMoneyLtd-PaytmMoney.MFAUTOPAY.BRK@ybl-UTIB0001001-474959024194,474959024194,2025-09-24,940.46,0.0,4535.59
CUST_00111111,2025-09-24 09:12:27,UPI-PaytmMoneyLtd-PaytmMoney.MFAUTOPAY.BRK@ybl-UTIB0001001-428281105676,428281105676,2025-09-24,1431.32,0.0,3104.27
CUST_00111111,2025-09-24 18:29:37,UPI-GrowwNextbill-groww.mf@okhdfcbank-ICIC0000011-487901037396,487901037396,2025-09-24,311.62,0.0,2792.65
CUST_00111111,2025-09-25 03:19:09,UPI-Flipkart-flipkart.pay@okaxis-HDFC0000060-521150875080,521150875080,2025-09-25,893.08,0.0,1899.57
CUST_00111111,2025-09-25 12:48:39,ATM-WDL-S1AC421989861304-SBI ATM TOWN CENTER,421989861304,2025-09-25,419.84,0.0,1479.73
CUST_00111111,2025-09-25 21:42:38,UPI-PaytmMoneyLtd-PaytmMoney.MFAUTOPAY.BRK@okicici-UTIB0001001-592005245117,592005245117,2025-09-25,383.69,0.0,1096.04
CUST_00111111,2025-09-26 06:39:03,ACH-CR-SALARY-TATAMOTORS-NETSALARY-489578300098,489578300098,2025-09-26,0.0,51578.38,52674.42
CUST_00111111,2025-09-26 15:26:18,UPI-GrowwNextbill-groww.mf@okicici-ICIC0000011-508902085919,508902085919,2025-09-26,16760.33,0.0,35914.09
CUST_00111111,2025-09-26 23:53:56,UPI-Refund-amazon.refunds@paytm-PAYTM0123456-451499563952,451499563952,2025-09-26,0.0,778.02,36692.11
CUST_00111111,2025-09-27 09:27:38,UPI-AirtelRecharge-airtel.bill@ibl-SBIN0001234-552266044582,552266044582,2025-09-27,2336.43,0.0,34355.68
CUST_00111111,2025-09-27 17:31:31,UPI-PaytmMoneyLtd-PaytmMoney.MFAUTOPAY.BRK@ybl-UTIB0001001-427754264430,427754264430,2025-09-27,5927.01,0.0,28428.67
CUST_00111111,2025-09-28 02:25:02,ACH-DR-okhdfcbank-AUTOEMI-452101025239,452101025239,2025-09-28,14500.0,0.0,13928.67
CUST_00111111,2025-09-28 12:03:27,UPI-BESCOM-bescom.utility@okicici-CNRB0001122-424243737564,424243737564,2025-09-28,4246.88,0.0,9681.79
CUST_00111111,2025-09-28 21:07:51,UPI-Zomato-zomato.pay@paytm-HDFC0000060-404617034801,404617034801,2025-09-28,1751.8,0.0,7929.99
CUST_00111111,2025-09-29 06:03:22,UPI-PaytmMoneyLtd-PaytmMoney.MFAUTOPAY.BRK@okaxis-UTIB0001001-422027991970,422027991970,2025-09-29,1651.84,0.0,6278.15
CUST_00111111,2025-09-29 14:35:22,UPI-Refund-amazon.refunds@okicici-PAYTM0123456-443167160229,443167160229,2025-09-29,0.0,1340.18,7618.33
CUST_00111111,2025-09-29 23:55:45,UPI-ZerodhaBroking-zerodha.sip@okhdfcbank-HDFC0000060-510485589214,510485589214,2025-09-29,699.42,0.0,6918.91
CUST_00111111,2025-09-30 08:42:04,UPI-Swiggy-swiggy.orders@okaxis-ICIC0000011-449077148277,449077148277,2025-09-30,797.61,0.0,6121.3
CUST_00111111,2025-09-30 17:09:58,UPI-GrowwNextbill-groww.mf@ybl-ICIC0000011-521461050434,521461050434,2025-09-30,293.43,0.0,5827.87
CUST_00111111,2025-10-01 02:29:14,UPI-Zepto-zepto.pay@ibl-KKBK0000456-467074406190,467074406190,2025-10-01,933.81,0.0,4894.06
CUST_00111111,2025-10-01 11:10:51,UPI-PaytmMoneyLtd-PaytmMoney.MFAUTOPAY.BRK@okhdfcbank-UTIB0001001-554115360465,554115360465,2025-10-01,139.79,0.0,4754.27
CUST_00111111,2025-10-01 19:57:35,UPI-DividendCredit-zerodha.payout@okhdfcbank-HDFC0000060-436004776479,436004776479,2025-10-01,0.0,1933.75,6688.02
CUST_00111111,2025-10-02 05:18:08,ATM-WDL-NFS-466682863631-MAIN BRANCH,466682863631,2025-10-02,1942.82,0.0,4745.2
CUST_00111111,2025-10-02 13:56:08,UPI-Myntra-myntra.fashion@okaxis-ICIC0000011-596631830974,596631830974,2025-10-02,424.34,0.0,4320.86
CUST_00111111,2025-10-02 23:19:08,UPI-BESCOM-bescom.utility@okicici-CNRB0001122-496570963066,496570963066,2025-10-02,1073.26,0.0,3247.6
CUST_00111111,2025-10-03 07:48:04,UPI-Refund-amazon.refunds@paytm-PAYTM0123456-448406152702,448406152702,2025-10-03,0.0,558.66,3806.26
CUST_00111111,2025-10-03 16:58:05,UPI-DividendCredit-zerodha.payout@okaxis-HDFC0000060-405235651865,405235651865,2025-10-03,0.0,3433.33,7239.59
CUST_00111111,2025-10-04 02:08:18,UPI-BigBasket-bigbasket@okicici-SBIN0001234-533107613473,533107613473,2025-10-04,1210.53,0.0,6029.06
CUST_00111111,2025-10-04 10:24:45,UPI-Swiggy-swiggy.orders@paytm-ICIC0000011-447132884629,447132884629,2025-10-04,1703.02,0.0,4326.04
CUST_00111111,2025-10-04 19:22:49,UPI-BESCOM-bescom.utility@ybl-CNRB0001122-416050551089,416050551089,2025-10-04,1316.64,0.0,3009.4
CUST_00111111,2025-10-05 04:24:37,UPI-BESCOM-bescom.utility@ybl-CNRB0001122-447990727759,447990727759,2025-10-05,131.21,0.0,2878.19
CUST_00111111,2025-10-05 13:51:12,UPI-AirtelRecharge-airtel.bill@okaxis-SBIN0001234-592148698282,592148698282,2025-10-05,71.65,0.0,2806.54
CUST_00111111,2025-10-05 22:39:57,UPI-AirtelRecharge-airtel.bill@okicici-SBIN0001234-497498166265,497498166265,2025-10-05,920.97,0.0,1885.57
CUST_00111111,2025-10-06 07:26:08,UPI-Refund-amazon.refunds@okhdfcbank-PAYTM0123456-455612819267,455612819267,2025-10-06,0.0,425.58,2311.15
CUST_00111111,2025-10-06 15:55:27,UPI-PaytmMoneyLtd-PaytmMoney.MFAUTOPAY.BRK@paytm-UTIB0001001-410696343005,410696343005,2025-10-06,756.41,0.0,1554.74
CUST_00111111,2025-10-07 01:20:18,UPI-AmazonPay-amazonpay@okicici-PAYTM0123456-405234744558,405234744558,2025-10-07,283.41,0.0,1271.33
CUST_00111111,2025-10-07 09:57:38,ACH-DR-okhdfcbank-HOMEEMI-LN_PERSONAL_8821-437823395058,437823395058,2025-10-07,1017.0672895999937,0.0,254.27
CUST_00111111,2025-10-07 19:25:32,UPI-DividendCredit-zerodha.payout@paytm-HDFC0000060-414274705273,414274705273,2025-10-07,0.0,501.43,755.7
CUST_00111111,2025-10-08 04:06:34,POS-NETC FASTag Recharge-499095768672,499095768672,2025-10-08,255.79,0.0,499.91
CUST_00111111,2025-10-08 13:02:18,UPI-Refund-amazon.refunds@okaxis-PAYTM0123456-490628243084,490628243084,2025-10-08,0.0,7681.6,8181.51
CUST_00111111,2025-10-08 21:27:22,UPI-Myntra-myntra.fashion@ibl-ICIC0000011-447140962634,447140962634,2025-10-08,2487.29,0.0,5694.22
CUST_00111111,2025-10-09 06:47:05,UPI-IRCTC-irctc.e-ticketing@ybl-SBIN0001234-488687553949,488687553949,2025-10-09,1034.84,0.0,4659.38
CUST_00111111,2025-10-09 15:24:50,UPI-Flipkart-flipkart.pay@ybl-HDFC0000060-561772226706,561772226706,2025-10-09,1092.51,0.0,3566.87
CUST_00111111,2025-10-10 00:55:28,UPI-DividendCredit-zerodha.payout@ybl-HDFC0000060-480266489625,480266489625,2025-10-10,0.0,176.08,3742.95
CUST_00111111,2025-10-10 09:50:53,UPI-PaytmMoneyLtd-PaytmMoney.MFAUTOPAY.BRK@okicici-UTIB0001001-509834489092,509834489092,2025-10-10,927.58,0.0,2815.37
CUST_00111111,2025-10-10 18:38:01,UPI-AirtelRecharge-airtel.bill@ibl-SBIN0001234-462755404206,462755404206,2025-10-10,668.48,0.0,2146.89
CUST_00111111,2025-10-11 03:26:32,UPI-PaytmMoneyLtd-PaytmMoney.MFAUTOPAY.BRK@ibl-UTIB0001001-490798371882,490798371882,2025-10-11,84.15,0.0,2062.74
CUST_00111111,2025-10-11 12:12:06,UPI-UberIndia-uber.pay@ybl-HDFC0000060-490118634401,490118634401,2025-10-11,328.71,0.0,1734.03
CUST_00111111,2025-10-11 21:40:17,UPI-IRCTC-irctc.e-ticketing@ibl-SBIN0001234-583433611395,583433611395,2025-10-11,119.86,0.0,1614.17
CUST_00111111,2025-10-12 06:10:27,UPI-Swiggy-swiggy.orders@ybl-ICIC0000011-468768420575,468768420575,2025-10-12,475.93,0.0,1138.24
CUST_00111111,2025-10-12 14:59:39,UPI-ZerodhaBroking-zerodha.sip@paytm-HDFC0000060-598032500678,598032500678,2025-10-12,276.95,0.0,861.29
CUST_00111111,2025-10-13 00:01:24,UPI-Flipkart-flipkart.pay@ybl-HDFC0000060-514815576131,514815576131,2025-10-13,191.98,0.0,669.31
CUST_00111111,2025-10-13 08:53:07,UPI-ZerodhaBroking-zerodha.sip@okhdfcbank-HDFC0000060-547537414454,547537414454,2025-10-13,140.11,0.0,529.2
CUST_00111111,2025-10-13 18:16:52,UPI-DividendCredit-zerodha.payout@ibl-HDFC0000060-558329892252,558329892252,2025-10-13,0.0,6782.26,7311.46
CUST_00111111,2025-10-14 02:29:54,UPI-Blinkit-blinkit.commerce@paytm-UTIB0001001-419118133898,419118133898,2025-10-14,1736.06,0.0,5575.4
CUST_00111111,2025-10-14 11:36:19,UPI-Zomato-zomato.pay@okaxis-HDFC0000060-417629659845,417629659845,2025-10-14,1290.86,0.0,4284.54
CUST_00111111,2025-10-14 20:21:19,UPI-ZerodhaBroking-zerodha.sip@okicici-HDFC0000060-420323721205,420323721205,2025-10-14,981.81,0.0,3302.73
CUST_00111111,2025-10-15 05:46:39,UPI-DividendCredit-zerodha.payout@okhdfcbank-HDFC0000060-571735453157,571735453157,2025-10-15,0.0,2781.23,6083.96
CUST_00111111,2025-10-15 14:31:18,UPI-BESCOM-bescom.utility@ybl-CNRB0001122-580141417797,580141417797,2025-10-15,116.94,0.0,5967.02
CUST_00111111,2025-10-15 23:08:21,UPI-Swiggy-swiggy.orders@okaxis-ICIC0000011-425999823937,425999823937,2025-10-15,858.71,0.0,5108.31
CUST_00111111,2025-10-16 08:21:20,UPI-IRCTC-irctc.e-ticketing@ibl-SBIN0001234-553318292404,553318292404,2025-10-16,1402.1,0.0,3706.21
CUST_00111111,2025-10-16 17:34:15,ACH-DR-HDFCLOANS-LN_PERSONAL_8821-EMI-465701835507,465701835507,2025-10-16,2964.9654579199996,0.0,741.24
CUST_00111111,2025-10-17 02:11:45,UPI-Swiggy-swiggy.orders@okhdfcbank-ICIC0000011-552779587993,552779587993,2025-10-17,195.5,0.0,545.74
CUST_00111111,2025-10-17 11:05:19,UPI-BigBasket-bigbasket@paytm-SBIN0001234-515980504756,515980504756,2025-10-17,86.13,0.0,459.61
CUST_00111111,2025-10-17 20:19:08,UPI-PaytmMoneyLtd-PaytmMoney.MFAUTOPAY.BRK@ybl-UTIB0001001-531426924955,531426924955,2025-10-17,112.38,0.0,347.23
CUST_00111111,2025-10-18 04:46:21,UPI-ZerodhaBroking-zerodha.sip@okaxis-HDFC0000060-572532410525,572532410525,2025-10-18,96.21,0.0,251.02
CUST_00111111,2025-10-18 14:25:36,NEFT-CR-TATAMOTORS-MONTHLY SALARY-482100485689,482100485689,2025-10-18,0.0,84890.68,85141.7
CUST_00111111,2025-10-18 22:57:09,UPI-GrowwNextbill-groww.mf@okaxis-ICIC0000011-584232095956,584232095956,2025-10-18,24373.86,0.0,60767.84
CUST_00111111,2025-10-19 07:56:40,UPI-Refund-amazon.refunds@okaxis-PAYTM0123456-448909056554,448909056554,2025-10-19,0.0,2065.84,62833.68
CUST_00111111,2025-10-19 16:40:31,UPI-Refund-amazon.refunds@paytm-PAYTM0123456-521060451913,521060451913,2025-10-19,0.0,1081.07,63914.75
CUST_00111111,2025-10-20 01:41:05,ATM-WDL-S1AC470716885467-SBI ATM TOWN CENTER,470716885467,2025-10-20,8871.51,0.0,55043.24
CUST_00111111,2025-10-20 10:45:21,UPI-UberIndia-uber.pay@ibl-HDFC0000060-438919444755,438919444755,2025-10-20,7494.8,0.0,47548.44
CUST_00111111,2025-10-20 19:08:27,UPI-Myntra-myntra.fashion@okicici-ICIC0000011-497358924997,497358924997,2025-10-20,3964.64,0.0,43583.8
CUST_00111111,2025-10-21 04:13:53,ATM-WDL-S1AC415262603999-SBI ATM TOWN CENTER,415262603999,2025-10-21,3478.44,0.0,40105.36
CUST_00111111,2025-10-21 13:30:41,UPI-DividendCredit-zerodha.payout@okicici-HDFC0000060-532870660615,532870660615,2025-10-21,0.0,2412.37,42517.73
CUST_00111111,2025-10-21 22:22:24,ATM-WDL-NFS-422758396512-MAIN BRANCH,422758396512,2025-10-21,9224.47,0.0,33293.26
CUST_00111111,2025-10-22 07:19:56,UPI-Swiggy-swiggy.orders@okicici-ICIC0000011-587138104841,587138104841,2025-10-22,4434.81,0.0,28858.45
CUST_00111111,2025-10-22 16:33:07,UPI-Swiggy-swiggy.orders@ybl-ICIC0000011-449173251243,449173251243,2025-10-22,5250.18,0.0,23608.27
CUST_00111111,2025-10-23 00:45:48,POS-NETC FASTag Recharge-516147408583,516147408583,2025-10-23,226.49,0.0,23381.78
CUST_00111111,2025-10-23 09:46:45,UPI-Zepto-zepto.pay@okicici-KKBK0000456-441348621748,441348621748,2025-10-23,3120.67,0.0,20261.11
CUST_00111111,2025-10-23 19:18:22,UPI-BESCOM-bescom.utility@okhdfcbank-CNRB0001122-421762650631,421762650631,2025-10-23,4120.53,0.0,16140.58
CUST_00111111,2025-10-24 04:02:11,ATM-WDL-NFS-542920194270-MAIN BRANCH,542920194270,2025-10-24,3440.06,0.0,12700.52
CUST_00111111,2025-10-24 13:13:57,UPI-BESCOM-bescom.utility@okicici-CNRB0001122-570511971690,570511971690,2025-10-24,3616.68,0.0,9083.84
CUST_00111111,2025-10-24 21:23:42,UPI-TataPower-tatapower.bill@ybl-UTIB0001001-440434722223,440434722223,2025-10-24,3038.61,0.0,6045.23
CUST_00111111,2025-10-25 06:51:34,UPI-DividendCredit-zerodha.payout@paytm-HDFC0000060-429805569730,429805569730,2025-10-25,0.0,644.7,6689.93
CUST_00111111,2025-10-25 16:01:12,UPI-Refund-amazon.refunds@okhdfcbank-PAYTM0123456-470484236010,470484236010,2025-10-25,0.0,2706.58,9396.51
CUST_00111111,2025-10-26 00:42:23,UPI-SBI-Loans-sbiloan.emi@okaxis-SBIN0001234-447405554083,447405554083,2025-10-26,7517.2090915839835,0.0,1879.3
CUST_00111111,2025-10-26 09:08:55,POS-NETC FASTag Recharge-565864097118,565864097118,2025-10-26,171.5,0.0,1707.8
CUST_00111111,2025-10-26 17:57:30,UPI-Swiggy-swiggy.orders@ibl-ICIC0000011-493969407516,493969407516,2025-10-26,50.12,0.0,1657.68
CUST_00111111,2025-10-27 03:41:32,ATM-WDL-S1AC405894587907-SBI ATM TOWN CENTER,405894587907,2025-10-27,213.73,0.0,1443.95
CUST_00111111,2025-10-27 12:07:37,UPI-DividendCredit-zerodha.payout@paytm-HDFC0000060-587673676276,587673676276,2025-10-27,0.0,1763.21,3207.16
CUST_00111111,2025-10-27 20:51:20,UPI-BigBasket-bigbasket@okaxis-SBIN0001234-523453353002,523453353002,2025-10-27,330.5,0.0,2876.66
CUST_00111111,2025-10-28 06:06:23,UPI-Zomato-zomato.pay@paytm-HDFC0000060-578692024705,578692024705,2025-10-28,811.47,0.0,2065.19
CUST_00111111,2025-10-28 14:48:07,UPI-ZerodhaBroking-zerodha.sip@ybl-HDFC0000060-537680355646,537680355646,2025-10-28,235.35,0.0,1829.84
CUST_00111111,2025-10-29 00:17:54,ATM-WDL-NFS-509550851541-MAIN BRANCH,509550851541,2025-10-29,462.91,0.0,1366.93
CUST_00111111,2025-10-29 08:37:05,UPI-Swiggy-swiggy.orders@paytm-ICIC0000011-455117014399,455117014399,2025-10-29,206.65,0.0,1160.28
CUST_00111111,2025-10-29 17:52:09,NEFT-CR-TATAMOTORS-MONTHLY SALARY-594821327491,594821327491,2025-10-29,0.0,51094.3,52254.58
CUST_00111111,2025-10-30 02:41:54,UPI-Myntra-myntra.fashion@okicici-ICIC0000011-528090984181,528090984181,2025-10-30,12461.82,0.0,39792.76
CUST_00111111,2025-10-30 11:20:59,UPI-Zepto-zepto.pay@ybl-KKBK0000456-407220588906,407220588906,2025-10-30,7321.32,0.0,32471.44
CUST_00111111,2025-10-30 20:48:51,UPI-TataPower-tatapower.bill@okhdfcbank-UTIB0001001-449160639919,449160639919,2025-10-30,1228.05,0.0,31243.39
CUST_00111111,2025-10-31 05:27:56,UPI-UberIndia-uber.pay@okaxis-HDFC0000060-444428211186,444428211186,2025-10-31,2816.71,0.0,28426.68
CUST_00111111,2025-10-31 14:19:17,UPI-Swiggy-swiggy.orders@paytm-ICIC0000011-503197114050,503197114050,2025-10-31,4818.71,0.0,23607.97
CUST_00111111,2025-10-31 23:54:06,UPI-OlaCabs-olacabs@ybl-ICIC0000011-577044354783,577044354783,2025-10-31,4553.15,0.0,19054.82
CUST_00111111,2025-11-01 08:09:44,UPI-DividendCredit-zerodha.payout@okicici-HDFC0000060-514467695994,514467695994,2025-11-01,0.0,2607.01,21661.83
CUST_00111111,2025-11-01 17:46:09,UPI-AmazonPay-amazonpay@paytm-PAYTM0123456-587980293502,587980293502,2025-11-01,4567.18,0.0,17094.65
CUST_00111111,2025-11-02 02:27:05,UPI-Zomato-zomato.pay@paytm-HDFC0000060-563952648397,563952648397,2025-11-02,5292.06,0.0,11802.59
CUST_00111111,2025-11-02 11:20:11,UPI-IRCTC-irctc.e-ticketing@ibl-SBIN0001234-594585467723,594585467723,2025-11-02,887.76,0.0,10914.83
CUST_00111111,2025-11-02 20:03:21,UPI-Flipkart-flipkart.pay@okaxis-HDFC0000060-506925285196,506925285196,2025-11-02,1579.04,0.0,9335.79
CUST_00111111,2025-11-03 04:45:05,UPI-TataPower-tatapower.bill@ibl-UTIB0001001-483608831359,483608831359,2025-11-03,2942.35,0.0,6393.44
CUST_00111111,2025-11-03 13:53:04,UPI-TataPower-tatapower.bill@paytm-UTIB0001001-428280157014,428280157014,2025-11-03,541.49,0.0,5851.95
CUST_00111111,2025-11-03 23:19:18,UPI-IRCTC-irctc.e-ticketing@okicici-SBIN0001234-502389350665,502389350665,2025-11-03,573.73,0.0,5278.22
CUST_00111111,2025-11-04 07:37:52,ACH-DR-okhdfcbank-AUTOEMI-419248919966,419248919966,2025-11-04,4222.577818316803,0.0,1055.64
CUST_00111111,2025-11-04 16:56:59,UPI-IRCTC-irctc.e-ticketing@ibl-SBIN0001234-469908688448,469908688448,2025-11-04,165.2,0.0,890.44
CUST_00111111,2025-11-05 01:21:53,UPI-GrowwNextbill-groww.mf@ybl-ICIC0000011-542377862182,542377862182,2025-11-05,43.34,0.0,847.1
CUST_00111111,2025-11-05 10:32:23,UPI-Swiggy-swiggy.orders@ibl-ICIC0000011-488736302076,488736302076,2025-11-05,142.17,0.0,704.93
CUST_00111111,2025-11-05 19:45:18,UPI-Flipkart-flipkart.pay@okhdfcbank-HDFC0000060-469989088991,469989088991,2025-11-05,53.93,0.0,651.0
CUST_00111111,2025-11-06 04:46:37,UPI-AirtelRecharge-airtel.bill@ibl-SBIN0001234-559065483923,559065483923,2025-11-06,198.65,0.0,452.35
CUST_00111111,2025-11-06 13:15:31,POS-NETC FASTag Recharge-596394036265,596394036265,2025-11-06,28.72,0.0,423.63
CUST_00111111,2025-11-06 22:33:43,UPI-DividendCredit-zerodha.payout@okaxis-HDFC0000060-538978686922,538978686922,2025-11-06,0.0,2667.86,3091.49
CUST_00111111,2025-11-07 07:41:01,UPI-ZerodhaBroking-zerodha.sip@okaxis-HDFC0000060-449642297370,449642297370,2025-11-07,598.34,0.0,2493.15
CUST_00111111,2025-11-07 15:48:08,ATM-WDL-NFS-471901699166-MAIN BRANCH,471901699166,2025-11-07,350.24,0.0,2142.91
CUST_00111111,2025-11-08 01:21:34,UPI-PaytmMoneyLtd-PaytmMoney.MFAUTOPAY.BRK@ibl-UTIB0001001-494058027831,494058027831,2025-11-08,380.13,0.0,1762.78
CUST_00111111,2025-11-08 09:55:11,ATM-WDL-S1AC485347151555-SBI ATM TOWN CENTER,485347151555,2025-11-08,97.13,0.0,1665.65
CUST_00111111,2025-11-08 18:52:04,UPI-AmazonPay-amazonpay@okaxis-PAYTM0123456-560032883329,560032883329,2025-11-08,244.64,0.0,1421.01
CUST_00111111,2025-11-09 03:54:35,UPI-AirtelRecharge-airtel.bill@okicici-SBIN0001234-561638503215,561638503215,2025-11-09,361.14,0.0,1059.87
CUST_00111111,2025-11-09 12:50:28,UPI-GrowwNextbill-groww.mf@okicici-ICIC0000011-455359663414,455359663414,2025-11-09,367.84,0.0,692.03
CUST_00111111,2025-11-09 21:40:03,ACH-CR-SALARY-TATAMOTORS-NETSALARY-483880017680,483880017680,2025-11-09,0.0,51419.71,52111.74
CUST_00111111,2025-11-10 07:09:12,UPI-DividendCredit-zerodha.payout@ybl-HDFC0000060-442323637545,442323637545,2025-11-10,0.0,3321.46,55433.2
CUST_00111111,2025-11-10 15:28:55,ATM-WDL-NFS-440619960014-MAIN BRANCH,440619960014,2025-11-10,5330.05,0.0,50103.15
CUST_00111111,2025-11-11 00:54:28,UPI-DividendCredit-zerodha.payout@okaxis-HDFC0000060-533491068770,533491068770,2025-11-11,0.0,323.88,50427.03
CUST_00111111,2025-11-11 09:18:27,UPI-Flipkart-flipkart.pay@paytm-HDFC0000060-415610054235,415610054235,2025-11-11,3398.48,0.0,47028.55
CUST_00111111,2025-11-11 18:07:07,UPI-AmazonPay-amazonpay@ybl-PAYTM0123456-555342978870,555342978870,2025-11-11,3742.36,0.0,43286.19
CUST_00111111,2025-11-12 02:57:26,UPI-Flipkart-flipkart.pay@ibl-HDFC0000060-518603287389,518603287389,2025-11-12,1065.74,0.0,42220.45
CUST_00111111,2025-11-12 12:13:39,UPI-PaytmMoneyLtd-PaytmMoney.MFAUTOPAY.BRK@okhdfcbank-UTIB0001001-532995070374,532995070374,2025-11-12,1013.11,0.0,41207.34
CUST_00111111,2025-11-12 21:16:34,UPI-ZerodhaBroking-zerodha.sip@okaxis-HDFC0000060-598424973301,598424973301,2025-11-12,3382.22,0.0,37825.12
CUST_00111111,2025-11-13 06:27:34,UPI-GrowwNextbill-groww.mf@ybl-ICIC0000011-545312610632,545312610632,2025-11-13,11652.98,0.0,26172.14
CUST_00111111,2025-11-13 14:31:56,ACH-DR-okhdfcbank-AUTOEMI-589950364833,589950364833,2025-11-13,14500.0,0.0,11672.14
CUST_00111111,2025-11-13 23:36:14,UPI-BESCOM-bescom.utility@okicici-CNRB0001122-503520343558,503520343558,2025-11-13,2184.27,0.0,9487.87
CUST_00111111,2025-11-14 08:34:36,UPI-Myntra-myntra.fashion@okaxis-ICIC0000011-481800737459,481800737459,2025-11-14,1115.82,0.0,8372.05
CUST_00111111,2025-11-14 17:54:29,UPI-Myntra-myntra.fashion@okaxis-ICIC0000011-544295310055,544295310055,2025-11-14,2913.13,0.0,5458.92
CUST_00111111,2025-11-15 02:23:52,ATM-WDL-NFS-537015400016-MAIN BRANCH,537015400016,2025-11-15,1072.35,0.0,4386.57
CUST_00111111,2025-11-15 11:21:45,UPI-Swiggy-swiggy.orders@ybl-ICIC0000011-406027521236,406027521236,2025-11-15,722.25,0.0,3664.32
CUST_00111111,2025-11-15 20:20:41,UPI-DividendCredit-zerodha.payout@okicici-HDFC0000060-407447802397,407447802397,2025-11-15,0.0,2165.54,5829.86
CUST_00111111,2025-11-16 05:10:26,ATM-WDL-NFS-594848026620-MAIN BRANCH,594848026620,2025-11-16,370.07,0.0,5459.79
CUST_00111111,2025-11-16 14:23:24,ATM-WDL-NFS-575563420229-MAIN BRANCH,575563420229,2025-11-16,395.96,0.0,5063.83
CUST_00111111,2025-11-16 23:34:06,UPI-GrowwNextbill-groww.mf@ibl-ICIC0000011-417157020983,417157020983,2025-11-16,184.89,0.0,4878.94
CUST_00111111,2025-11-17 08:46:24,UPI-ZerodhaBroking-zerodha.sip@ibl-HDFC0000060-412969692158,412969692158,2025-11-17,1294.91,0.0,3584.03
CUST_00111111,2025-11-17 17:15:25,UPI-Zepto-zepto.pay@okicici-KKBK0000456-431697948552,431697948552,2025-11-17,839.1,0.0,2744.93
CUST_00111111,2025-11-18 02:28:46,UPI-UberIndia-uber.pay@ibl-HDFC0000060-456492250736,456492250736,2025-11-18,891.86,0.0,1853.07
CUST_00111111,2025-11-18 10:57:11,UPI-IRCTC-irctc.e-ticketing@paytm-SBIN0001234-582196255578,582196255578,2025-11-18,268.0,0.0,1585.07
CUST_00111111,2025-11-18 20:14:54,UPI-Refund-amazon.refunds@ybl-PAYTM0123456-591579740683,591579740683,2025-11-18,0.0,12326.64,13911.71
CUST_00111111,2025-11-19 05:24:52,UPI-UberIndia-uber.pay@okicici-HDFC0000060-429629355576,429629355576,2025-11-19,2636.01,0.0,11275.7
CUST_00111111,2025-11-19 13:43:13,UPI-AirtelRecharge-airtel.bill@ybl-SBIN0001234-533600385335,533600385335,2025-11-19,2063.14,0.0,9212.56
CUST_00111111,2025-11-19 23:12:48,UPI-Flipkart-flipkart.pay@ibl-HDFC0000060-495355460263,495355460263,2025-11-19,301.04,0.0,8911.52
CUST_00111111,2025-11-20 07:26:24,UPI-Zomato-zomato.pay@okhdfcbank-HDFC0000060-550493101592,550493101592,2025-11-20,411.43,0.0,8500.09
CUST_00111111,2025-11-20 16:33:48,UPI-UberIndia-uber.pay@paytm-HDFC0000060-401007192464,401007192464,2025-11-20,2329.83,0.0,6170.26
CUST_00111111,2025-11-21 01:14:32,NEFT-CR-TATAMOTORS-MONTHLY SALARY-558206117481,558206117481,2025-11-21,0.0,80437.23,86607.49
CUST_00111111,2025-11-21 10:12:56,UPI-DividendCredit-zerodha.payout@okicici-HDFC0000060-425552676094,425552676094,2025-11-21,0.0,1002.89,87610.38
CUST_00111111,2025-11-21 19:47:55,UPI-OlaCabs-olacabs@okaxis-ICIC0000011-428877540107,428877540107,2025-11-21,11052.69,0.0,76557.69
CUST_00111111,2025-11-22 04:25:28,UPI-DividendCredit-zerodha.payout@okhdfcbank-HDFC0000060-469990882326,469990882326,2025-11-22,0.0,7009.88,83567.57
CUST_00111111,2025-11-22 12:56:52,ATM-WDL-S1AC450737214969-SBI ATM TOWN CENTER,450737214969,2025-11-22,8946.59,0.0,74620.98
CUST_00111111,2025-11-22 22:10:25,ACH-DR-HDFCLOANS-LN_PERSONAL_8821-EMI-426267595018,426267595018,2025-11-22,14500.0,0.0,60120.98
CUST_00111111,2025-11-23 07:39:45,UPI-Zomato-zomato.pay@ibl-HDFC0000060-580983026038,580983026038,2025-11-23,9418.48,0.0,50702.5
CUST_00111111,2025-11-23 16:01:46,UPI-BigBasket-bigbasket@okicici-SBIN0001234-524101051162,524101051162,2025-11-23,9158.45,0.0,41544.05
CUST_00111111,2025-11-24 00:39:28,UPI-Flipkart-flipkart.pay@paytm-HDFC0000060-448716623162,448716623162,2025-11-24,7233.6,0.0,34310.45
CUST_00111111,2025-11-24 10:00:03,ATM-WDL-S1AC590635196425-SBI ATM TOWN CENTER,590635196425,2025-11-24,10226.7,0.0,24083.75
CUST_00111111,2025-11-24 19:08:57,UPI-UberIndia-uber.pay@ybl-HDFC0000060-430781080258,430781080258,2025-11-24,7845.32,0.0,16238.43
CUST_00111111,2025-11-25 04:18:04,UPI-Refund-amazon.refunds@okhdfcbank-PAYTM0123456-426454401822,426454401822,2025-11-25,0.0,4351.82,20590.25
CUST_00111111,2025-11-25 13:10:58,UPI-Zomato-zomato.pay@okhdfcbank-HDFC0000060-587127187162,587127187162,2025-11-25,6329.03,0.0,14261.22
CUST_00111111,2025-11-25 22:05:09,ATM-WDL-NFS-569043895148-MAIN BRANCH,569043895148,2025-11-25,4025.63,0.0,10235.59
CUST_00111111,2025-11-26 06:40:42,UPI-Flipkart-flipkart.pay@paytm-HDFC0000060-537097065419,537097065419,2025-11-26,1101.93,0.0,9133.66
CUST_00111111,2025-11-26 15:06:38,UPI-Refund-amazon.refunds@ibl-PAYTM0123456-468991502977,468991502977,2025-11-26,0.0,1389.51,10523.17
CUST_00111111,2025-11-27 00:00:06,UPI-DividendCredit-zerodha.payout@ibl-HDFC0000060-544645603306,544645603306,2025-11-27,0.0,3068.21,13591.38
CUST_00111111,2025-11-27 09:40:45,UPI-TataPower-tatapower.bill@okicici-UTIB0001001-493944436275,493944436275,2025-11-27,4641.33,0.0,8950.05
CUST_00111111,2025-11-27 18:38:37,UPI-OlaCabs-olacabs@okhdfcbank-ICIC0000011-428425120140,428425120140,2025-11-27,2579.1,0.0,6370.95
CUST_00111111,2025-11-28 03:19:27,UPI-Refund-amazon.refunds@ibl-PAYTM0123456-581873609182,581873609182,2025-11-28,0.0,5051.52,11422.47
CUST_00111111,2025-11-28 11:52:28,UPI-GrowwNextbill-groww.mf@paytm-ICIC0000011-571746257249,571746257249,2025-11-28,1954.9,0.0,9467.57
CUST_00111111,2025-11-28 20:48:48,UPI-Blinkit-blinkit.commerce@okhdfcbank-UTIB0001001-417890273408,417890273408,2025-11-28,2537.84,0.0,6929.73
CUST_00111111,2025-11-29 05:56:27,UPI-DividendCredit-zerodha.payout@paytm-HDFC0000060-477181185290,477181185290,2025-11-29,0.0,1845.73,8775.46
CUST_00111111,2025-11-29 15:07:12,ATM-WDL-NFS-505842241934-MAIN BRANCH,505842241934,2025-11-29,462.38,0.0,8313.08
CUST_00111111,2025-11-29 23:30:46,UPI-AmazonPay-amazonpay@okicici-PAYTM0123456-522230880544,522230880544,2025-11-29,212.33,0.0,8100.75
CUST_00111111,2025-11-30 09:19:38,UPI-DividendCredit-zerodha.payout@okaxis-HDFC0000060-522399937143,522399937143,2025-11-30,0.0,463.05,8563.8
CUST_00111111,2025-11-30 17:50:53,UPI-ZerodhaBroking-zerodha.sip@paytm-HDFC0000060-579294436113,579294436113,2025-11-30,1653.88,0.0,6909.92
CUST_00111111,2025-12-01 02:40:50,UPI-PaytmMoneyLtd-PaytmMoney.MFAUTOPAY.BRK@okicici-UTIB0001001-550477752321,550477752321,2025-12-01,1054.5,0.0,5855.42
CUST_00111111,2025-12-01 12:02:31,UPI-TataPower-tatapower.bill@okaxis-UTIB0001001-574457560725,574457560725,2025-12-01,1044.69,0.0,4810.73
CUST_00111111,2025-12-01 20:18:21,UPI-Zepto-zepto.pay@okhdfcbank-KKBK0000456-583200094766,583200094766,2025-12-01,191.33,0.0,4619.4
CUST_00111111,2025-12-02 05:56:20,ACH-DR-okhdfcbank-AUTOEMI-463636763868,463636763868,2025-12-02,3695.523563663368,0.0,923.88
CUST_00111111,2025-12-02 14:34:00,UPI-Myntra-myntra.fashion@okicici-ICIC0000011-570799752895,570799752895,2025-12-02,81.62,0.0,842.26
CUST_00111111,2025-12-02 23:36:23,UPI-PaytmMoneyLtd-PaytmMoney.MFAUTOPAY.BRK@okhdfcbank-UTIB0001001-594833866523,594833866523,2025-12-02,196.92,0.0,645.34
CUST_00111111,2025-12-03 08:39:08,UPI-Refund-amazon.refunds@paytm-PAYTM0123456-462959540153,462959540153,2025-12-03,0.0,258.28,903.62
CUST_00111111,2025-12-03 17:07:18,UPI-TataPower-tatapower.bill@okaxis-UTIB0001001-575363015988,575363015988,2025-12-03,153.52,0.0,750.1
CUST_00111111,2025-12-04 02:04:21,UPI-DividendCredit-zerodha.payout@paytm-HDFC0000060-428785283375,428785283375,2025-12-04,0.0,13279.83,14029.93
CUST_00111111,2025-12-04 11:08:12,UPI-Refund-amazon.refunds@paytm-PAYTM0123456-514768222415,514768222415,2025-12-04,0.0,3068.9,17098.83
CUST_00111111,2025-12-04 20:12:04,ATM-WDL-S1AC452381083864-SBI ATM TOWN CENTER,452381083864,2025-12-04,1442.81,0.0,15656.02
CUST_00111111,2025-12-05 04:40:51,UPI-Refund-amazon.refunds@ibl-PAYTM0123456-454895782647,454895782647,2025-12-05,0.0,423.52,16079.54
CUST_00111111,2025-12-05 13:29:15,UPI-UberIndia-uber.pay@paytm-HDFC0000060-514921081360,514921081360,2025-12-05,582.15,0.0,15497.39
CUST_00111111,2025-12-05 23:10:22,UPI-OlaCabs-olacabs@okhdfcbank-ICIC0000011-524089140081,524089140081,2025-12-05,351.94,0.0,15145.45
CUST_00111111,2025-12-06 07:47:29,UPI-GrowwNextbill-groww.mf@ibl-ICIC0000011-541752550724,541752550724,2025-12-06,5283.45,0.0,9862.0
CUST_00111111,2025-12-06 16:38:44,UPI-AirtelRecharge-airtel.bill@okhdfcbank-SBIN0001234-562516477714,562516477714,2025-12-06,2129.32,0.0,7732.68
CUST_00111111,2025-12-07 01:52:11,ATM-WDL-NFS-449729512442-MAIN BRANCH,449729512442,2025-12-07,1694.18,0.0,6038.5
CUST_00111111,2025-12-07 10:07:48,UPI-BESCOM-bescom.utility@okicici-CNRB0001122-582052520706,582052520706,2025-12-07,909.13,0.0,5129.37
CUST_00111111,2025-12-07 19:30:54,UPI-DividendCredit-zerodha.payout@okhdfcbank-HDFC0000060-506864758759,506864758759,2025-12-07,0.0,5542.18,10671.55
CUST_00111111,2025-12-08 04:10:56,UPI-Zomato-zomato.pay@ybl-HDFC0000060-521522550019,521522550019,2025-12-08,739.0,0.0,9932.55
CUST_00111111,2025-12-08 13:29:09,ATM-WDL-S1AC540653422388-SBI ATM TOWN CENTER,540653422388,2025-12-08,1448.47,0.0,8484.08
CUST_00111111,2025-12-08 22:32:23,UPI-Swiggy-swiggy.orders@ybl-ICIC0000011-574176306546,574176306546,2025-12-08,2182.41,0.0,6301.67
CUST_00111111,2025-12-09 07:22:10,UPI-BigBasket-bigbasket@ibl-SBIN0001234-480377669548,480377669548,2025-12-09,39.16,0.0,6262.51
CUST_00111111,2025-12-09 15:44:23,UPI-Zomato-zomato.pay@ibl-HDFC0000060-597488332177,597488332177,2025-12-09,1062.83,0.0,5199.68
CUST_00111111,2025-12-10 01:19:35,UPI-Refund-amazon.refunds@okhdfcbank-PAYTM0123456-551836705212,551836705212,2025-12-10,0.0,852.13,6051.81
CUST_00111111,2025-12-10 10:12:53,ATM-WDL-S1AC549642627608-SBI ATM TOWN CENTER,549642627608,2025-12-10,303.36,0.0,5748.45
CUST_00111111,2025-12-10 19:17:48,UPI-ZerodhaBroking-zerodha.sip@paytm-HDFC0000060-541788769715,541788769715,2025-12-10,444.75,0.0,5303.7
CUST_00111111,2025-12-11 03:28:19,UPI-DividendCredit-zerodha.payout@paytm-HDFC0000060-580616538869,580616538869,2025-12-11,0.0,790.05,6093.75
CUST_00111111,2025-12-11 12:32:23,ACH-DR-okhdfcbank-AUTOEMI-481533650814,481533650814,2025-12-11,4875.000712732674,0.0,1218.75
CUST_00111111,2025-12-11 21:19:55,ATM-WDL-S1AC416490019328-SBI ATM TOWN CENTER,416490019328,2025-12-11,344.88,0.0,873.87
CUST_00111111,2025-12-12 06:19:37,UPI-Zepto-zepto.pay@paytm-KKBK0000456-549265549429,549265549429,2025-12-12,156.89,0.0,716.98
CUST_00111111,2025-12-12 15:08:27,UPI-DividendCredit-zerodha.payout@okhdfcbank-HDFC0000060-553103212220,553103212220,2025-12-12,0.0,2084.96,2801.94
CUST_00111111,2025-12-13 00:32:06,UPI-UberIndia-uber.pay@okaxis-HDFC0000060-592409474327,592409474327,2025-12-13,830.38,0.0,1971.56
CUST_00111111,2025-12-13 09:19:02,NEFT-CR-TATAMOTORS-MONTHLY SALARY-513333684245,513333684245,2025-12-13,0.0,49904.13,51875.69
CUST_00111111,2025-12-13 18:26:27,UPI-Blinkit-blinkit.commerce@ibl-UTIB0001001-400231078662,400231078662,2025-12-13,2737.11,0.0,49138.58
CUST_00111111,2025-12-14 03:26:53,UPI-IRCTC-irctc.e-ticketing@ibl-SBIN0001234-595995629181,595995629181,2025-12-14,12685.38,0.0,36453.2
CUST_00111111,2025-12-14 12:31:50,UPI-AirtelRecharge-airtel.bill@ibl-SBIN0001234-548555983858,548555983858,2025-12-14,4805.18,0.0,31648.02
CUST_00111111,2025-12-14 21:29:03,UPI-Swiggy-swiggy.orders@okhdfcbank-ICIC0000011-478140477676,478140477676,2025-12-14,5097.31,0.0,26550.71
CUST_00111111,2025-12-15 05:44:35,UPI-AirtelRecharge-airtel.bill@ibl-SBIN0001234-451378439968,451378439968,2025-12-15,8291.54,0.0,18259.17
CUST_00111111,2025-12-15 14:53:21,UPI-BESCOM-bescom.utility@okaxis-CNRB0001122-516138639683,516138639683,2025-12-15,5032.07,0.0,13227.1
CUST_00111111,2025-12-15 23:32:14,UPI-ZerodhaBroking-zerodha.sip@okaxis-HDFC0000060-559604974097,559604974097,2025-12-15,3190.39,0.0,10036.71
CUST_00111111,2025-12-16 08:50:58,UPI-BigBasket-bigbasket@ybl-SBIN0001234-409254820000,409254820000,2025-12-16,905.8,0.0,9130.91
CUST_00111111,2025-12-16 17:18:22,UPI-Zepto-zepto.pay@ibl-KKBK0000456-570189653905,570189653905,2025-12-16,137.23,0.0,8993.68
CUST_00111111,2025-12-17 03:04:35,UPI-GrowwNextbill-groww.mf@okaxis-ICIC0000011-552783484294,552783484294,2025-12-17,1460.71,0.0,7532.97
CUST_00111111,2025-12-17 11:28:07,UPI-AirtelRecharge-airtel.bill@ybl-SBIN0001234-462386096778,462386096778,2025-12-17,1743.52,0.0,5789.45
CUST_00111111,2025-12-17 20:55:52,UPI-TataPower-tatapower.bill@okhdfcbank-UTIB0001001-445119234249,445119234249,2025-12-17,1295.54,0.0,4493.91
CUST_00111111,2025-12-18 05:25:30,UPI-Zomato-zomato.pay@ybl-HDFC0000060-494884183651,494884183651,2025-12-18,118.84,0.0,4375.07
CUST_00111111,2025-12-18 14:16:20,ATM-WDL-S1AC478859026203-SBI ATM TOWN CENTER,478859026203,2025-12-18,242.7,0.0,4132.37
CUST_00111111,2025-12-18 23:27:49,UPI-GrowwNextbill-groww.mf@paytm-ICIC0000011-580307594112,580307594112,2025-12-18,748.16,0.0,3384.21
CUST_00111111,2025-12-19 08:08:53,UPI-TataPower-tatapower.bill@ibl-UTIB0001001-466338635683,466338635683,2025-12-19,63.74,0.0,3320.47
CUST_00111111,2025-12-19 16:57:40,UPI-Refund-amazon.refunds@ibl-PAYTM0123456-412708365086,412708365086,2025-12-19,0.0,3249.8,6570.27
CUST_00111111,2025-12-20 02:02:50,UPI-Refund-amazon.refunds@okhdfcbank-PAYTM0123456-434123462218,434123462218,2025-12-20,0.0,284.81,6855.08
CUST_00111111,2025-12-20 11:09:26,UPI-Refund-amazon.refunds@paytm-PAYTM0123456-480418862897,480418862897,2025-12-20,0.0,7937.57,14792.65
CUST_00111111,2025-12-20 20:03:26,ACH-DR-okhdfcbank-HOMEEMI-LN_PERSONAL_8821-410680744899,410680744899,2025-12-20,11834.120142546539,0.0,2958.53
CUST_00111111,2025-12-21 04:45:58,UPI-Swiggy-swiggy.orders@paytm-ICIC0000011-423681997409,423681997409,2025-12-21,375.49,0.0,2583.04
CUST_00111111,2025-12-21 14:02:39,UPI-OlaCabs-olacabs@ibl-ICIC0000011-456115774181,456115774181,2025-12-21,325.91,0.0,2257.13
CUST_00111111,2025-12-21 23:14:40,UPI-Zomato-zomato.pay@paytm-HDFC0000060-518907909826,518907909826,2025-12-21,527.56,0.0,1729.57
CUST_00111111,2025-12-22 07:55:32,UPI-Myntra-myntra.fashion@paytm-ICIC0000011-441601240254,441601240254,2025-12-22,117.79,0.0,1611.78
CUST_00111111,2025-12-22 16:29:48,UPI-DividendCredit-zerodha.payout@paytm-HDFC0000060-421637556966,421637556966,2025-12-22,0.0,2799.25,4411.03
CUST_00111111,2025-12-23 01:15:05,UPI-GrowwNextbill-groww.mf@okicici-ICIC0000011-472130603281,472130603281,2025-12-23,420.22,0.0,3990.81
CUST_00111111,2025-12-23 10:54:47,UPI-Refund-amazon.refunds@okhdfcbank-PAYTM0123456-512780034239,512780034239,2025-12-23,0.0,314.36,4305.17
CUST_00111111,2025-12-23 19:37:29,UPI-ZerodhaBroking-zerodha.sip@okaxis-HDFC0000060-517701208016,517701208016,2025-12-23,455.75,0.0,3849.42
CUST_00111111,2025-12-24 04:36:11,UPI-UberIndia-uber.pay@paytm-HDFC0000060-546537007442,546537007442,2025-12-24,847.24,0.0,3002.18
CUST_00111111,2025-12-24 13:37:36,ACH-CR-SALARY-TATAMOTORS-NETSALARY-562117625242,562117625242,2025-12-24,0.0,64096.98,67099.16
CUST_00111111,2025-12-24 22:06:11,UPI-BigBasket-bigbasket@paytm-SBIN0001234-541424888203,541424888203,2025-12-24,2863.9,0.0,64235.26
CUST_00111111,2025-12-25 06:58:06,ATM-WDL-S1AC424080016953-SBI ATM TOWN CENTER,424080016953,2025-12-25,17418.96,0.0,46816.3
CUST_00111111,2025-12-25 15:59:20,UPI-Swiggy-swiggy.orders@okhdfcbank-ICIC0000011-407132751685,407132751685,2025-12-25,8696.42,0.0,38119.88
CUST_00111111,2025-12-26 00:38:22,UPI-Refund-amazon.refunds@okicici-PAYTM0123456-510581466036,510581466036,2025-12-26,0.0,8743.53,46863.41
CUST_00111111,2025-12-26 10:08:07,ATM-WDL-S1AC482223178348-SBI ATM TOWN CENTER,482223178348,2025-12-26,4813.53,0.0,42049.88
CUST_00111111,2025-12-26 18:21:21,UPI-PaytmMoneyLtd-PaytmMoney.MFAUTOPAY.BRK@paytm-UTIB0001001-441038712071,441038712071,2025-12-26,8864.14,0.0,33185.74
CUST_00111111,2025-12-27 03:55:27,UPI-AirtelRecharge-airtel.bill@okicici-SBIN0001234-509936795632,509936795632,2025-12-27,8692.66,0.0,24493.08
CUST_00111111,2025-12-27 12:32:56,UPI-Myntra-myntra.fashion@ybl-ICIC0000011-497607157673,497607157673,2025-12-27,5632.87,0.0,18860.21
CUST_00111111,2025-12-27 22:06:01,UPI-DividendCredit-zerodha.payout@ybl-HDFC0000060-440856102744,440856102744,2025-12-27,0.0,1132.23,19992.44
CUST_00111111,2025-12-28 06:18:44,UPI-Swiggy-swiggy.orders@paytm-ICIC0000011-452625125244,452625125244,2025-12-28,1583.35,0.0,18409.09
CUST_00111111,2025-12-28 15:57:33,UPI-AirtelRecharge-airtel.bill@ibl-SBIN0001234-526911349172,526911349172,2025-12-28,2792.47,0.0,15616.62
CUST_00111111,2025-12-29 00:15:02,UPI-PaytmMoneyLtd-PaytmMoney.MFAUTOPAY.BRK@okaxis-UTIB0001001-420064735382,420064735382,2025-12-29,3356.02,0.0,12260.6
CUST_00111111,2025-12-29 09:40:30,UPI-Blinkit-blinkit.commerce@okaxis-UTIB0001001-535637625520,535637625520,2025-12-29,1044.25,0.0,11216.35
CUST_00111111,2025-12-29 18:32:33,UPI-Refund-amazon.refunds@paytm-PAYTM0123456-467239744459,467239744459,2025-12-29,0.0,649.97,11866.32
CUST_00111111,2025-12-30 03:24:47,UPI-SBI-Loans-sbiloan.emi@okaxis-SBIN0001234-455405587473,455405587473,2025-12-30,9493.056028509314,0.0,2373.26
CUST_00111111,2025-12-30 12:09:01,UPI-BigBasket-bigbasket@ibl-SBIN0001234-568913960193,568913960193,2025-12-30,541.75,0.0,1831.51
CUST_00111111,2025-12-30 21:13:54,UPI-Zepto-zepto.pay@okicici-KKBK0000456-555273354023,555273354023,2025-12-30,525.81,0.0,1305.7
CUST_00111111,2025-12-31 05:59:02,UPI-Swiggy-swiggy.orders@okaxis-ICIC0000011-400724301196,400724301196,2025-12-31,389.16,0.0,916.54
CUST_00111111,2025-12-31 15:14:11,UPI-Zepto-zepto.pay@okhdfcbank-KKBK0000456-579271145598,579271145598,2025-12-31,92.13,0.0,824.41
CUST_00111111,2025-12-31 23:30:30,UPI-Zepto-zepto.pay@okhdfcbank-KKBK0000456-526615438183,526615438183,2025-12-31,140.98,0.0,683.43
