Date,Particulars,Debit,Credit,Closing Balance
01-Feb-2026,UPI/CR/TXN900185/M_MITRA/YESB/Payment_fr_M_MITRA,,37.95,"45,037.95"
01-Feb-2026,UPI/CR/TXN549660/P_MANDAL/YESB/Payment_fr_P_MANDAL,,3.21,"45,041.16"
01-Feb-2026,UPI/CR/TXN397005/B_NATH/YESB/Payment_fr_B_NATH,,90.76,"45,131.92"
01-Feb-2026,UPI/CR/TXN716113/R_DHAR/YESB/Payment_fr_R_DHAR,,31.88,"45,163.80"
01-Feb-2026,UPI/CR/TXN437758/M_MITRA/YESB/Payment_fr_M_MITRA,,13.22,"45,177.02"
01-Feb-2026,UPI/CR/TXN466566/A_BAKSHI/YESB/Payment_fr_A_BAKSHI,,37.00,"45,214.02"
01-Feb-2026,UPI/CR/TXN437145/A_KUNDU/YESB/Payment_fr_A_KUNDU,,58.59,"45,272.61"
01-Feb-2026,UPI/CR/TXN582446/S_BAG/YESB/Payment_fr_S_BAG,,29.67,"45,302.28"
01-Feb-2026,UPI/CR/TXN555052/M_MITRA/YESB/Payment_fr_M_MITRA,,81.32,"45,383.60"
01-Feb-2026,UPI/CR/TXN563187/J_BOSE/YESB/Payment_fr_J_BOSE,,21.50,"45,405.10"
01-Feb-2026,UPI/CR/TXN649414/S_MALAKAR/YESB/Payment_fr_S_MALAKAR,,38.32,"45,443.42"
01-Feb-2026,UPI/CR/TXN832168/A_BAKSHI/YESB/Payment_fr_A_BAKSHI,,81.17,"45,524.59"
01-Feb-2026,UPI/CR/TXN701987/S_BASU/YESB/Payment_fr_S_BASU,,38.13,"45,562.72"
01-Feb-2026,UPI/CR/TXN514991/M_MITRA/YESB/Payment_fr_M_MITRA,,37.77,"45,600.49"
01-Feb-2026,UPI/CR/TXN114594/S_MALAKAR/YESB/Payment_fr_S_MALAKAR,,92.42,"45,692.91"
01-Feb-2026,UPI/CR/TXN769989/C_ROY/YESB/Payment_fr_C_ROY,,69.98,"45,762.89"
01-Feb-2026,UPI/CR/TXN178711/T_SAMANTA/YESB/Payment_fr_T_SAMANTA,,20.94,"45,783.83"
01-Feb-2026,UPI/CR/TXN765620/J_HALDER/YESB/Payment_fr_J_HALDER,,26.38,"45,810.21"
01-Feb-2026,UPI/CR/TXN498676/D_PAL/YESB/Payment_fr_D_PAL,,47.75,"45,857.96"
01-Feb-2026,UPI/CR/TXN265056/G_MODAK/YESB/Payment_fr_G_MODAK,,73.75,"45,931.71"
01-Feb-2026,UPI/CR/TXN733039/A_CHANDA/YESB/Payment_fr_A_CHANDA,,76.87,"46,008.58"
01-Feb-2026,UPI/CR/TXN749641/A_K_ROY/YESB/Payment_fr_A_K_ROY,,37.65,"46,046.23"
01-Feb-2026,UPI/CR/TXN173201/D_PAL/YESB/Payment_fr_D_PAL,,58.38,"46,104.61"
01-Feb-2026,UPI/CR/TXN837852/A_CHAKRABORTY/YESB/Payment_fr_A_CHAKRABORTY,,36.19,"46,140.80"
02-Feb-2026,UPI/CR/TXN175576/R_DHAR/YESB/Payment_fr_R_DHAR,,65.82,"46,206.62"
02-Feb-2026,UPI/CR/TXN449499/C_ROY/YESB/Payment_fr_C_ROY,,34.82,"46,241.44"
02-Feb-2026,UPI/CR/TXN947903/T_ROY/YESB/Payment_fr_T_ROY,,35.75,"46,277.19"
02-Feb-2026,UPI/CR/TXN772875/S_SARKAR/YESB/Payment_fr_S_SARKAR,,82.44,"46,359.63"
02-Feb-2026,UPI/CR/TXN196214/A_K_ROY/YESB/Payment_fr_A_K_ROY,,25.35,"46,384.98"
02-Feb-2026,UPI/CR/TXN535673/S_BASU/YESB/Payment_fr_S_BASU,,21.01,"46,405.99"
02-Feb-2026,UPI/CR/TXN469038/P_NASKAR/YESB/Payment_fr_P_NASKAR,,31.62,"46,437.61"
02-Feb-2026,UPI/CR/TXN199096/M_GUHA/YESB/Payment_fr_M_GUHA,,74.31,"46,511.92"
02-Feb-2026,UPI/CR/TXN802667/D_PAL/YESB/Payment_fr_D_PAL,,24.66,"46,536.58"
02-Feb-2026,UPI/CR/TXN985447/D_SEN/YESB/Payment_fr_D_SEN,,30.20,"46,566.78"
02-Feb-2026,UPI/CR/TXN916964/M_GUHA/YESB/Payment_fr_M_GUHA,,39.42,"46,606.20"
02-Feb-2026,UPI/DR/TXN295085/NESTLE_INDIA/HDFC/Payment_to_NESTLE_INDIA,223.55,,"46,382.65"
02-Feb-2026,UPI/CR/TXN906814/S_MUKHERJEE/YESB/Payment_fr_S_MUKHERJEE,,79.07,"46,461.72"
02-Feb-2026,UPI/DR/TXN529322/PARLE_PRODUCTS/HDFC/Payment_to_PARLE_PRODUCTS,430.29,,"46,031.43"
02-Feb-2026,UPI/CR/TXN215266/P_DEY/YESB/Payment_fr_P_DEY,,69.77,"46,101.20"
02-Feb-2026,UPI/CR/TXN973835/T_SAMANTA/YESB/Payment_fr_T_SAMANTA,,24.25,"46,125.45"
02-Feb-2026,UPI/CR/TXN787584/P_NASKAR/YESB/Payment_fr_P_NASKAR,,76.80,"46,202.25"
02-Feb-2026,UPI/CR/TXN945664/P_BANERJEE/YESB/Payment_fr_P_BANERJEE,,42.00,"46,244.25"
02-Feb-2026,UPI/CR/TXN157443/R_HALDER/YESB/Payment_fr_R_HALDER,,17.28,"46,261.53"
02-Feb-2026,UPI/CR/TXN823846/J_HALDER/YESB/Payment_fr_J_HALDER,,21.99,"46,283.52"
02-Feb-2026,UPI/CR/TXN781403/S_MALAKAR/YESB/Payment_fr_S_MALAKAR,,49.49,"46,333.01"
02-Feb-2026,UPI/CR/TXN593355/P_DEY/YESB/Payment_fr_P_DEY,,27.42,"46,360.43"
02-Feb-2026,UPI/DR/TXN773540/RELIANCE_RETAIL/HDFC/Payment_to_RELIANCE_RETAIL,329.86,,"46,030.57"
02-Feb-2026,UPI/DR/TXN900152/COCA_COLA_SUPPLY/HDFC/Payment_to_COCA_COLA_SUPPLY,50.25,,"45,980.32"
03-Feb-2026,UPI/CR/TXN171603/A_BAKSHI/YESB/Payment_fr_A_BAKSHI,,16.46,"45,996.78"
03-Feb-2026,UPI/CR/TXN734836/K_GANGULY/YESB/Payment_fr_K_GANGULY,,59.00,"46,055.78"
03-Feb-2026,UPI/CR/TXN912085/C_ROY/YESB/Payment_fr_C_ROY,,5.52,"46,061.30"
03-Feb-2026,UPI/CR/TXN183958/S_GHOSH/YESB/Payment_fr_S_GHOSH,,81.65,"46,142.95"
03-Feb-2026,UPI/CR/TXN610271/P_MANDAL/YESB/Payment_fr_P_MANDAL,,50.02,"46,192.97"
03-Feb-2026,UPI/DR/TXN228594/DELHI_SPICES/HDFC/Payment_to_DELHI_SPICES,281.08,,"45,911.89"
03-Feb-2026,UPI/CR/TXN576877/B_NATH/YESB/Payment_fr_B_NATH,,89.65,"46,001.54"
03-Feb-2026,UPI/CR/TXN656968/P_PAUL/YESB/Payment_fr_P_PAUL,,51.27,"46,052.81"
03-Feb-2026,UPI/CR/TXN401603/S_MUKHERJEE/YESB/Payment_fr_S_MUKHERJEE,,48.32,"46,101.13"
03-Feb-2026,UPI/CR/TXN699573/P_PAUL/YESB/Payment_fr_P_PAUL,,59.61,"46,160.74"
03-Feb-2026,UPI/CR/TXN468154/R_DHAR/YESB/Payment_fr_R_DHAR,,28.48,"46,189.22"
03-Feb-2026,UPI/CR/TXN638289/A_BAKSHI/YESB/Payment_fr_A_BAKSHI,,43.72,"46,232.94"
03-Feb-2026,UPI/DR/TXN265156/AMUL_MILK_AGENCY/HDFC/Payment_to_AMUL_MILK_AGENCY,120.32,,"46,112.62"
03-Feb-2026,UPI/CR/TXN490963/S_SOM/YESB/Payment_fr_S_SOM,,88.64,"46,201.26"
03-Feb-2026,UPI/CR/TXN174878/G_MODAK/YESB/Payment_fr_G_MODAK,,88.57,"46,289.83"
03-Feb-2026,UPI/CR/TXN423869/S_SOM/YESB/Payment_fr_S_SOM,,48.66,"46,338.49"
03-Feb-2026,UPI/CR/TXN527809/T_SAMANTA/YESB/Payment_fr_T_SAMANTA,,23.51,"46,362.00"
03-Feb-2026,UPI/CR/TXN929090/M_MITRA/YESB/Payment_fr_M_MITRA,,5.56,"46,367.56"
03-Feb-2026,UPI/CR/TXN427730/S_GHOSH/YESB/Payment_fr_S_GHOSH,,71.53,"46,439.09"
03-Feb-2026,UPI/CR/TXN364659/A_CHANDA/YESB/Payment_fr_A_CHANDA,,35.67,"46,474.76"
03-Feb-2026,UPI/CR/TXN489244/P_BANERJEE/YESB/Payment_fr_P_BANERJEE,,40.83,"46,515.59"
03-Feb-2026,UPI/DR/TXN827691/METRO_CASH_CARRY/HDFC/Payment_to_METRO_CASH_CARRY,102.13,,"46,413.46"
03-Feb-2026,UPI/CR/TXN416282/S_BHATTACHARYA/YESB/Payment_fr_S_BHATTACHARYA,,91.32,"46,504.78"
03-Feb-2026,UPI/CR/TXN355135/S_GHOSH/YESB/Payment_fr_S_GHOSH,,28.42,"46,533.20"
04-Feb-2026,UPI/CR/TXN862569/S_DUTA/YESB/Payment_fr_S_DUTA,,56.93,"46,590.13"
04-Feb-2026,UPI/CR/TXN915809/A_BAKSHI/YESB/Payment_fr_A_BAKSHI,,81.43,"46,671.56"
04-Feb-2026,UPI/DR/TXN230192/AMUL_MILK_AGENCY/HDFC/Payment_to_AMUL_MILK_AGENCY,119.39,,"46,552.17"
04-Feb-2026,UPI/CR/TXN535037/G_MODAK/YESB/Payment_fr_G_MODAK,,50.57,"46,602.74"
04-Feb-2026,UPI/CR/TXN145649/P_BANERJEE/YESB/Payment_fr_P_BANERJEE,,3.28,"46,606.02"
04-Feb-2026,UPI/CR/TXN154909/R_HALDER/YESB/Payment_fr_R_HALDER,,78.60,"46,684.62"
04-Feb-2026,UPI/CR/TXN586490/D_CHATTERJEE/YESB/Payment_fr_D_CHATTERJEE,,43.50,"46,728.12"
04-Feb-2026,UPI/CR/TXN445824/R_SHAW/YESB/Payment_fr_R_SHAW,,86.69,"46,814.81"
04-Feb-2026,UPI/CR/TXN232321/J_BOSE/YESB/Payment_fr_J_BOSE,,10.73,"46,825.54"
04-Feb-2026,UPI/CR/TXN755788/D_CHATTERJEE/YESB/Payment_fr_D_CHATTERJEE,,3.86,"46,829.40"
04-Feb-2026,UPI/CR/TXN997004/P_PAUL/YESB/Payment_fr_P_PAUL,,88.90,"46,918.30"
04-Feb-2026,UPI/CR/TXN779172/B_NATH/YESB/Payment_fr_B_NATH,,54.45,"46,972.75"
04-Feb-2026,UPI/CR/TXN820184/G_MODAK/YESB/Payment_fr_G_MODAK,,68.79,"47,041.54"
04-Feb-2026,UPI/CR/TXN755900/S_SARKAR/YESB/Payment_fr_S_SARKAR,,82.62,"47,124.16"
04-Feb-2026,UPI/CR/TXN421384/D_SEN/YESB/Payment_fr_D_SEN,,43.48,"47,167.64"
04-Feb-2026,UPI/CR/TXN638169/S_SOM/YESB/Payment_fr_S_SOM,,34.76,"47,202.40"
04-Feb-2026,UPI/CR/TXN485709/A_KUNDU/YESB/Payment_fr_A_KUNDU,,33.13,"47,235.53"
04-Feb-2026,UPI/CR/TXN213609/S_SOM/YESB/Payment_fr_S_SOM,,45.39,"47,280.92"
04-Feb-2026,UPI/CR/TXN629057/M_MITRA/YESB/Payment_fr_M_MITRA,,1.43,"47,282.35"
04-Feb-2026,UPI/CR/TXN779094/N_DAS/YESB/Payment_fr_N_DAS,,32.08,"47,314.43"
04-Feb-2026,UPI/CR/TXN565776/P_PAUL/YESB/Payment_fr_P_PAUL,,54.41,"47,368.84"
04-Feb-2026,UPI/CR/TXN714953/P_NASKAR/YESB/Payment_fr_P_NASKAR,,50.88,"47,419.72"
04-Feb-2026,UPI/CR/TXN787923/T_ROY/YESB/Payment_fr_T_ROY,,47.14,"47,466.86"
04-Feb-2026,UPI/CR/TXN553014/S_DUTA/YESB/Payment_fr_S_DUTA,,51.47,"47,518.33"
05-Feb-2026,UPI/CR/TXN170966/S_SOM/YESB/Payment_fr_S_SOM,,69.41,"47,587.74"
05-Feb-2026,UPI/CR/TXN925206/D_PAL/YESB/Payment_fr_D_PAL,,39.31,"47,627.05"
05-Feb-2026,UPI/CR/TXN581894/K_MALLICK/YESB/Payment_fr_K_MALLICK,,92.04,"47,719.09"
05-Feb-2026,UPI/CR/TXN752878/S_SOM/YESB/Payment_fr_S_SOM,,21.90,"47,740.99"
05-Feb-2026,UPI/CR/TXN633590/D_SEN/YESB/Payment_fr_D_SEN,,37.50,"47,778.49"
05-Feb-2026,UPI/CR/TXN628313/A_BAKSHI/YESB/Payment_fr_A_BAKSHI,,77.27,"47,855.76"
05-Feb-2026,UPI/CR/TXN745558/D_CHATTERJEE/YESB/Payment_fr_D_CHATTERJEE,,6.16,"47,861.92"
05-Feb-2026,UPI/DR/TXN127560/COCA_COLA_SUPPLY/HDFC/Payment_to_COCA_COLA_SUPPLY,454.45,,"47,407.47"
05-Feb-2026,UPI/DR/TXN553633/KOLKATA_GRAINS/HDFC/Payment_to_KOLKATA_GRAINS,317.80,,"47,089.67"
05-Feb-2026,UPI/CR/TXN803055/S_SOM/YESB/Payment_fr_S_SOM,,28.09,"47,117.76"
05-Feb-2026,UPI/CR/TXN595158/P_BANERJEE/YESB/Payment_fr_P_BANERJEE,,92.26,"47,210.02"
05-Feb-2026,UPI/CR/TXN494976/T_SAMANTA/YESB/Payment_fr_T_SAMANTA,,69.02,"47,279.04"
05-Feb-2026,UPI/CR/TXN599380/J_BOSE/YESB/Payment_fr_J_BOSE,,81.58,"47,360.62"
05-Feb-2026,UPI/CR/TXN619389/G_MODAK/YESB/Payment_fr_G_MODAK,,25.04,"47,385.66"
05-Feb-2026,UPI/CR/TXN763984/K_GANGULY/YESB/Payment_fr_K_GANGULY,,62.94,"47,448.60"
05-Feb-2026,UPI/CR/TXN180089/R_SHAW/YESB/Payment_fr_R_SHAW,,87.03,"47,535.63"
05-Feb-2026,UPI/CR/TXN456385/C_ROY/YESB/Payment_fr_C_ROY,,39.58,"47,575.21"
05-Feb-2026,UPI/CR/TXN648141/S_BHATTACHARYA/YESB/Payment_fr_S_BHATTACHARYA,,39.85,"47,615.06"
05-Feb-2026,UPI/CR/TXN582087/A_K_ROY/YESB/Payment_fr_A_K_ROY,,50.23,"47,665.29"
05-Feb-2026,UPI/CR/TXN127121/K_MALLICK/YESB/Payment_fr_K_MALLICK,,57.56,"47,722.85"
05-Feb-2026,UPI/CR/TXN156837/C_ROY/YESB/Payment_fr_C_ROY,,78.10,"47,800.95"
05-Feb-2026,UPI/CR/TXN938171/B_NATH/YESB/Payment_fr_B_NATH,,40.80,"47,841.75"
05-Feb-2026,UPI/DR/TXN615060/MOTHER_DAIRY_CO/HDFC/Payment_to_MOTHER_DAIRY_CO,64.06,,"47,777.69"
05-Feb-2026,UPI/CR/TXN681070/K_GANGULY/YESB/Payment_fr_K_GANGULY,,89.26,"47,866.95"
06-Feb-2026,UPI/CR/TXN929538/S_DUTA/YESB/Payment_fr_S_DUTA,,34.86,"47,901.81"
06-Feb-2026,UPI/CR/TXN185461/M_GUHA/YESB/Payment_fr_M_GUHA,,82.55,"47,984.36"
06-Feb-2026,UPI/CR/TXN402630/B_PRAMANIK/YESB/Payment_fr_B_PRAMANIK,,9.78,"47,994.14"
06-Feb-2026,UPI/CR/TXN313446/P_NASKAR/YESB/Payment_fr_P_NASKAR,,25.44,"48,019.58"
06-Feb-2026,UPI/CR/TXN878325/P_MANDAL/YESB/Payment_fr_P_MANDAL,,53.96,"48,073.54"
06-Feb-2026,UPI/CR/TXN495019/R_HALDER/YESB/Payment_fr_R_HALDER,,6.81,"48,080.35"
06-Feb-2026,UPI/CR/TXN327823/S_SOM/YESB/Payment_fr_S_SOM,,79.00,"48,159.35"
06-Feb-2026,UPI/CR/TXN970813/S_BASU/YESB/Payment_fr_S_BASU,,23.69,"48,183.04"
06-Feb-2026,UPI/CR/TXN570711/P_MANDAL/YESB/Payment_fr_P_MANDAL,,20.49,"48,203.53"
06-Feb-2026,UPI/CR/TXN572387/C_ROY/YESB/Payment_fr_C_ROY,,3.35,"48,206.88"
06-Feb-2026,UPI/CR/TXN656329/R_HALDER/YESB/Payment_fr_R_HALDER,,66.63,"48,273.51"
06-Feb-2026,UPI/CR/TXN329642/R_DHAR/YESB/Payment_fr_R_DHAR,,72.77,"48,346.28"
06-Feb-2026,UPI/CR/TXN258290/A_CHANDA/YESB/Payment_fr_A_CHANDA,,73.81,"48,420.09"
06-Feb-2026,UPI/CR/TXN122394/R_HALDER/YESB/Payment_fr_R_HALDER,,23.47,"48,443.56"
06-Feb-2026,UPI/CR/TXN346205/S_GHOSH/YESB/Payment_fr_S_GHOSH,,51.81,"48,495.37"
06-Feb-2026,UPI/DR/TXN567951/NESTLE_INDIA/HDFC/Payment_to_NESTLE_INDIA,132.79,,"48,362.58"
06-Feb-2026,UPI/CR/TXN656379/B_NATH/YESB/Payment_fr_B_NATH,,83.59,"48,446.17"
06-Feb-2026,UPI/CR/TXN127529/T_SAMANTA/YESB/Payment_fr_T_SAMANTA,,90.31,"48,536.48"
06-Feb-2026,UPI/CR/TXN563688/P_BANERJEE/YESB/Payment_fr_P_BANERJEE,,8.69,"48,545.17"
06-Feb-2026,UPI/CR/TXN485415/T_SAMANTA/YESB/Payment_fr_T_SAMANTA,,72.35,"48,617.52"
06-Feb-2026,UPI/DR/TXN813145/COCA_COLA_SUPPLY/HDFC/Payment_to_COCA_COLA_SUPPLY,79.52,,"48,538.00"
06-Feb-2026,UPI/CR/TXN405420/G_MODAK/YESB/Payment_fr_G_MODAK,,52.56,"48,590.56"
06-Feb-2026,UPI/CR/TXN117233/A_CHAKRABORTY/YESB/Payment_fr_A_CHAKRABORTY,,14.88,"48,605.44"
06-Feb-2026,UPI/CR/TXN994217/B_NATH/YESB/Payment_fr_B_NATH,,45.66,"48,651.10"
07-Feb-2026,UPI/CR/TXN857537/RAM_SEN/YESB/Payment_fr_RAM_SEN,,59.43,"48,710.53"
07-Feb-2026,UPI/CR/TXN258189/K_GANGULY/YESB/Payment_fr_K_GANGULY,,64.69,"48,775.22"
07-Feb-2026,UPI/CR/TXN192337/S_MUKHERJEE/YESB/Payment_fr_S_MUKHERJEE,,15.89,"48,791.11"
07-Feb-2026,UPI/DR/TXN848022/KOLKATA_GRAINS/HDFC/Payment_to_KOLKATA_GRAINS,114.54,,"48,676.57"
07-Feb-2026,UPI/DR/TXN668507/HUL_DISTRIBUTORS/HDFC/Payment_to_HUL_DISTRIBUTORS,54.15,,"48,622.42"
07-Feb-2026,UPI/CR/TXN626169/S_BHATTACHARYA/YESB/Payment_fr_S_BHATTACHARYA,,79.82,"48,702.24"
07-Feb-2026,UPI/CR/TXN572407/P_NASKAR/YESB/Payment_fr_P_NASKAR,,46.19,"48,748.43"
07-Feb-2026,UPI/CR/TXN239890/M_GUHA/YESB/Payment_fr_M_GUHA,,58.36,"48,806.79"
07-Feb-2026,UPI/CR/TXN844261/P_PAUL/YESB/Payment_fr_P_PAUL,,84.66,"48,891.45"
07-Feb-2026,UPI/CR/TXN251716/S_BASU/YESB/Payment_fr_S_BASU,,62.43,"48,953.88"
07-Feb-2026,UPI/CR/TXN811332/T_SAMANTA/YESB/Payment_fr_T_SAMANTA,,62.05,"49,015.93"
07-Feb-2026,UPI/DR/TXN702826/AMUL_MILK_AGENCY/HDFC/Payment_to_AMUL_MILK_AGENCY,210.62,,"48,805.31"
07-Feb-2026,UPI/CR/TXN666211/K_GANGULY/YESB/Payment_fr_K_GANGULY,,50.02,"48,855.33"
07-Feb-2026,UPI/CR/TXN811875/M_GUHA/YESB/Payment_fr_M_GUHA,,23.74,"48,879.07"
07-Feb-2026,UPI/CR/TXN461888/P_BANERJEE/YESB/Payment_fr_P_BANERJEE,,1.98,"48,881.05"
07-Feb-2026,UPI/CR/TXN139581/S_BHATTACHARYA/YESB/Payment_fr_S_BHATTACHARYA,,22.10,"48,903.15"
07-Feb-2026,UPI/CR/TXN671971/P_DEY/YESB/Payment_fr_P_DEY,,76.99,"48,980.14"
07-Feb-2026,UPI/CR/TXN878086/S_MALAKAR/YESB/Payment_fr_S_MALAKAR,,1.08,"48,981.22"
07-Feb-2026,UPI/CR/TXN951201/S_SOM/YESB/Payment_fr_S_SOM,,81.78,"49,063.00"
07-Feb-2026,UPI/CR/TXN242254/A_CHAKRABORTY/YESB/Payment_fr_A_CHAKRABORTY,,66.70,"49,129.70"
07-Feb-2026,UPI/CR/TXN442589/D_SEN/YESB/Payment_fr_D_SEN,,91.04,"49,220.74"
07-Feb-2026,UPI/CR/TXN116547/A_CHANDA/YESB/Payment_fr_A_CHANDA,,92.13,"49,312.87"
07-Feb-2026,UPI/CR/TXN245121/R_HALDER/YESB/Payment_fr_R_HALDER,,21.12,"49,333.99"
07-Feb-2026,UPI/CR/TXN978157/T_ROY/YESB/Payment_fr_T_ROY,,92.13,"49,426.12"
08-Feb-2026,UPI/CR/TXN903373/M_GUHA/YESB/Payment_fr_M_GUHA,,26.07,"49,452.19"
08-Feb-2026,UPI/CR/TXN879414/S_MALAKAR/YESB/Payment_fr_S_MALAKAR,,89.33,"49,541.52"
08-Feb-2026,UPI/CR/TXN386042/R_SHAW/YESB/Payment_fr_R_SHAW,,16.04,"49,557.56"
08-Feb-2026,UPI/CR/TXN145767/C_ROY/YESB/Payment_fr_C_ROY,,40.73,"49,598.29"
08-Feb-2026,UPI/CR/TXN400009/A_KUNDU/YESB/Payment_fr_A_KUNDU,,88.90,"49,687.19"
08-Feb-2026,UPI/DR/TXN928766/DELHI_SPICES/HDFC/Payment_to_DELHI_SPICES,67.57,,"49,619.62"
08-Feb-2026,UPI/CR/TXN727086/M_MITRA/YESB/Payment_fr_M_MITRA,,35.58,"49,655.20"
08-Feb-2026,UPI/CR/TXN702980/K_GANGULY/YESB/Payment_fr_K_GANGULY,,12.48,"49,667.68"
08-Feb-2026,UPI/CR/TXN535050/A_K_ROY/YESB/Payment_fr_A_K_ROY,,52.60,"49,720.28"
08-Feb-2026,UPI/CR/TXN227324/D_CHATTERJEE/YESB/Payment_fr_D_CHATTERJEE,,29.74,"49,750.02"
08-Feb-2026,UPI/CR/TXN143941/A_KUNDU/YESB/Payment_fr_A_KUNDU,,47.25,"49,797.27"
08-Feb-2026,UPI/CR/TXN985506/J_HALDER/YESB/Payment_fr_J_HALDER,,66.83,"49,864.10"
08-Feb-2026,UPI/CR/TXN829884/P_BANERJEE/YESB/Payment_fr_P_BANERJEE,,35.64,"49,899.74"
08-Feb-2026,UPI/CR/TXN670913/S_SOM/YESB/Payment_fr_S_SOM,,17.94,"49,917.68"
08-Feb-2026,UPI/DR/TXN190403/ITC_FOODS/HDFC/Payment_to_ITC_FOODS,231.35,,"49,686.33"
08-Feb-2026,UPI/CR/TXN948343/S_BAG/YESB/Payment_fr_S_BAG,,38.99,"49,725.32"
08-Feb-2026,UPI/CR/TXN134985/A_BAKSHI/YESB/Payment_fr_A_BAKSHI,,43.69,"49,769.01"
08-Feb-2026,UPI/CR/TXN169113/M_GUHA/YESB/Payment_fr_M_GUHA,,42.72,"49,811.73"
08-Feb-2026,UPI/DR/TXN501451/RELIANCE_RETAIL/HDFC/Payment_to_RELIANCE_RETAIL,396.96,,"49,414.77"
08-Feb-2026,UPI/CR/TXN102805/R_SHAW/YESB/Payment_fr_R_SHAW,,47.20,"49,461.97"
08-Feb-2026,UPI/CR/TXN325583/S_BHATTACHARYA/YESB/Payment_fr_S_BHATTACHARYA,,73.02,"49,534.99"
08-Feb-2026,UPI/CR/TXN789275/B_PRAMANIK/YESB/Payment_fr_B_PRAMANIK,,74.38,"49,609.37"
08-Feb-2026,UPI/CR/TXN666456/D_PAL/YESB/Payment_fr_D_PAL,,28.39,"49,637.76"
08-Feb-2026,UPI/CR/TXN882824/D_SEN/YESB/Payment_fr_D_SEN,,39.55,"49,677.31"
09-Feb-2026,UPI/CR/TXN411797/A_BAKSHI/YESB/Payment_fr_A_BAKSHI,,59.47,"49,736.78"
09-Feb-2026,UPI/CR/TXN643623/A_KUNDU/YESB/Payment_fr_A_KUNDU,,71.98,"49,808.76"
09-Feb-2026,UPI/CR/TXN678727/M_GUHA/YESB/Payment_fr_M_GUHA,,66.92,"49,875.68"
09-Feb-2026,UPI/CR/TXN986209/J_HALDER/YESB/Payment_fr_J_HALDER,,15.08,"49,890.76"
09-Feb-2026,UPI/CR/TXN483629/A_CHAKRABORTY/YESB/Payment_fr_A_CHAKRABORTY,,31.99,"49,922.75"
09-Feb-2026,UPI/CR/TXN881886/B_NATH/YESB/Payment_fr_B_NATH,,86.38,"50,009.13"
09-Feb-2026,UPI/CR/TXN802559/M_GUHA/YESB/Payment_fr_M_GUHA,,54.26,"50,063.39"
09-Feb-2026,UPI/CR/TXN725185/B_PRAMANIK/YESB/Payment_fr_B_PRAMANIK,,43.07,"50,106.46"
09-Feb-2026,UPI/CR/TXN227767/T_ROY/YESB/Payment_fr_T_ROY,,72.46,"50,178.92"
09-Feb-2026,UPI/CR/TXN196168/J_HALDER/YESB/Payment_fr_J_HALDER,,57.90,"50,236.82"
09-Feb-2026,UPI/CR/TXN389282/S_MALAKAR/YESB/Payment_fr_S_MALAKAR,,62.75,"50,299.57"
09-Feb-2026,UPI/CR/TXN766269/J_BOSE/YESB/Payment_fr_J_BOSE,,91.14,"50,390.71"
09-Feb-2026,UPI/CR/TXN762423/P_BANERJEE/YESB/Payment_fr_P_BANERJEE,,12.01,"50,402.72"
09-Feb-2026,UPI/CR/TXN570392/P_BANERJEE/YESB/Payment_fr_P_BANERJEE,,77.10,"50,479.82"
09-Feb-2026,UPI/CR/TXN559023/D_CHATTERJEE/YESB/Payment_fr_D_CHATTERJEE,,90.03,"50,569.85"
09-Feb-2026,UPI/CR/TXN940181/A_KUNDU/YESB/Payment_fr_A_KUNDU,,56.16,"50,626.01"
09-Feb-2026,UPI/CR/TXN134225/D_SEN/YESB/Payment_fr_D_SEN,,60.43,"50,686.44"
09-Feb-2026,UPI/CR/TXN311383/D_SEN/YESB/Payment_fr_D_SEN,,40.15,"50,726.59"
09-Feb-2026,UPI/CR/TXN119116/S_SOM/YESB/Payment_fr_S_SOM,,71.05,"50,797.64"
09-Feb-2026,UPI/CR/TXN346174/J_BOSE/YESB/Payment_fr_J_BOSE,,29.08,"50,826.72"
09-Feb-2026,UPI/DR/TXN245622/PARLE_PRODUCTS/HDFC/Payment_to_PARLE_PRODUCTS,365.29,,"50,461.43"
09-Feb-2026,UPI/CR/TXN136489/A_BAKSHI/YESB/Payment_fr_A_BAKSHI,,87.73,"50,549.16"
09-Feb-2026,UPI/CR/TXN583550/N_DAS/YESB/Payment_fr_N_DAS,,29.47,"50,578.63"
09-Feb-2026,UPI/CR/TXN284171/C_ROY/YESB/Payment_fr_C_ROY,,9.94,"50,588.57"
10-Feb-2026,UPI/CR/TXN469412/S_DUTA/YESB/Payment_fr_S_DUTA,,10.26,"50,598.83"
10-Feb-2026,UPI/CR/TXN558176/S_SOM/YESB/Payment_fr_S_SOM,,68.11,"50,666.94"
10-Feb-2026,UPI/DR/TXN231414/SUDIP_DISTRIBUTORS/HDFC/Payment_to_SUDIP_DISTRIBUTORS,40.36,,"50,626.58"
10-Feb-2026,UPI/CR/TXN154714/K_MALLICK/YESB/Payment_fr_K_MALLICK,,21.02,"50,647.60"
10-Feb-2026,UPI/CR/TXN754644/S_BASU/YESB/Payment_fr_S_BASU,,51.58,"50,699.18"
10-Feb-2026,UPI/CR/TXN387892/J_HALDER/YESB/Payment_fr_J_HALDER,,20.35,"50,719.53"
10-Feb-2026,UPI/CR/TXN130359/S_BASU/YESB/Payment_fr_S_BASU,,81.63,"50,801.16"
10-Feb-2026,UPI/DR/TXN310743/SUDIP_DISTRIBUTORS/HDFC/Payment_to_SUDIP_DISTRIBUTORS,290.20,,"50,510.96"
10-Feb-2026,UPI/CR/TXN340044/M_MITRA/YESB/Payment_fr_M_MITRA,,79.83,"50,590.79"
10-Feb-2026,UPI/CR/TXN794093/A_BAKSHI/YESB/Payment_fr_A_BAKSHI,,18.61,"50,609.40"
10-Feb-2026,UPI/CR/TXN182760/J_HALDER/YESB/Payment_fr_J_HALDER,,25.50,"50,634.90"
10-Feb-2026,UPI/CR/TXN270128/G_MODAK/YESB/Payment_fr_G_MODAK,,38.25,"50,673.15"
10-Feb-2026,UPI/CR/TXN747453/S_DUTA/YESB/Payment_fr_S_DUTA,,77.07,"50,750.22"
10-Feb-2026,UPI/CR/TXN924613/K_GANGULY/YESB/Payment_fr_K_GANGULY,,75.94,"50,826.16"
10-Feb-2026,UPI/CR/TXN324597/P_DEY/YESB/Payment_fr_P_DEY,,58.31,"50,884.47"
10-Feb-2026,UPI/CR/TXN402099/N_DAS/YESB/Payment_fr_N_DAS,,50.82,"50,935.29"
10-Feb-2026,UPI/CR/TXN230394/A_BAKSHI/YESB/Payment_fr_A_BAKSHI,,78.52,"51,013.81"
10-Feb-2026,UPI/CR/TXN940010/K_GANGULY/YESB/Payment_fr_K_GANGULY,,81.53,"51,095.34"
10-Feb-2026,UPI/CR/TXN401601/P_NASKAR/YESB/Payment_fr_P_NASKAR,,83.24,"51,178.58"
10-Feb-2026,UPI/CR/TXN250210/P_DEY/YESB/Payment_fr_P_DEY,,86.15,"51,264.73"
10-Feb-2026,UPI/CR/TXN825686/D_CHATTERJEE/YESB/Payment_fr_D_CHATTERJEE,,50.20,"51,314.93"
10-Feb-2026,UPI/CR/TXN482584/P_MANDAL/YESB/Payment_fr_P_MANDAL,,67.68,"51,382.61"
10-Feb-2026,UPI/DR/TXN688956/PEPSI_DIST/HDFC/Payment_to_PEPSI_DIST,174.18,,"51,208.43"
10-Feb-2026,UPI/CR/TXN205239/M_GUHA/YESB/Payment_fr_M_GUHA,,84.49,"51,292.92"
11-Feb-2026,UPI/CR/TXN565230/S_GHOSH/YESB/Payment_fr_S_GHOSH,,8.77,"51,301.69"
11-Feb-2026,UPI/CR/TXN545790/A_KUNDU/YESB/Payment_fr_A_KUNDU,,74.71,"51,376.40"
11-Feb-2026,UPI/DR/TXN969325/KOLKATA_GRAINS/HDFC/Payment_to_KOLKATA_GRAINS,160.13,,"51,216.27"
11-Feb-2026,UPI/CR/TXN974190/S_GHOSH/YESB/Payment_fr_S_GHOSH,,69.41,"51,285.68"
11-Feb-2026,UPI/CR/TXN456331/T_ROY/YESB/Payment_fr_T_ROY,,68.37,"51,354.05"
11-Feb-2026,UPI/CR/TXN468623/A_BAKSHI/YESB/Payment_fr_A_BAKSHI,,3.55,"51,357.60"
11-Feb-2026,UPI/CR/TXN751051/A_KUNDU/YESB/Payment_fr_A_KUNDU,,74.86,"51,432.46"
11-Feb-2026,UPI/CR/TXN584417/A_CHAKRABORTY/YESB/Payment_fr_A_CHAKRABORTY,,63.61,"51,496.07"
11-Feb-2026,UPI/CR/TXN986827/S_MALAKAR/YESB/Payment_fr_S_MALAKAR,,79.79,"51,575.86"
11-Feb-2026,UPI/CR/TXN648913/M_MITRA/YESB/Payment_fr_M_MITRA,,56.53,"51,632.39"
11-Feb-2026,UPI/CR/TXN843266/R_HALDER/YESB/Payment_fr_R_HALDER,,51.09,"51,683.48"
11-Feb-2026,UPI/CR/TXN973294/D_CHATTERJEE/YESB/Payment_fr_D_CHATTERJEE,,86.58,"51,770.06"
11-Feb-2026,UPI/CR/TXN257677/R_HALDER/YESB/Payment_fr_R_HALDER,,87.91,"51,857.97"
11-Feb-2026,UPI/CR/TXN138780/S_MUKHERJEE/YESB/Payment_fr_S_MUKHERJEE,,32.72,"51,890.69"
11-Feb-2026,UPI/CR/TXN247594/J_BOSE/YESB/Payment_fr_J_BOSE,,85.46,"51,976.15"
11-Feb-2026,UPI/CR/TXN403507/K_MALLICK/YESB/Payment_fr_K_MALLICK,,40.71,"52,016.86"
11-Feb-2026,UPI/CR/TXN222343/C_ROY/YESB/Payment_fr_C_ROY,,42.59,"52,059.45"
11-Feb-2026,UPI/CR/TXN943298/M_GUHA/YESB/Payment_fr_M_GUHA,,26.43,"52,085.88"
11-Feb-2026,UPI/CR/TXN904711/T_SAMANTA/YESB/Payment_fr_T_SAMANTA,,86.07,"52,171.95"
11-Feb-2026,UPI/CR/TXN114338/T_SAMANTA/YESB/Payment_fr_T_SAMANTA,,25.18,"52,197.13"
11-Feb-2026,UPI/CR/TXN518098/S_MUKHERJEE/YESB/Payment_fr_S_MUKHERJEE,,26.26,"52,223.39"
11-Feb-2026,UPI/CR/TXN524068/B_PRAMANIK/YESB/Payment_fr_B_PRAMANIK,,62.33,"52,285.72"
11-Feb-2026,UPI/CR/TXN232378/S_DUTA/YESB/Payment_fr_S_DUTA,,46.76,"52,332.48"
11-Feb-2026,UPI/CR/TXN718849/K_GANGULY/YESB/Payment_fr_K_GANGULY,,17.28,"52,349.76"
12-Feb-2026,UPI/CR/TXN369452/R_SHAW/YESB/Payment_fr_R_SHAW,,18.34,"52,368.10"
12-Feb-2026,UPI/CR/TXN688967/T_SAMANTA/YESB/Payment_fr_T_SAMANTA,,77.34,"52,445.44"
12-Feb-2026,UPI/CR/TXN914571/A_CHANDA/YESB/Payment_fr_A_CHANDA,,75.69,"52,521.13"
12-Feb-2026,UPI/CR/TXN579027/K_MALLICK/YESB/Payment_fr_K_MALLICK,,21.09,"52,542.22"
12-Feb-2026,UPI/CR/TXN232915/P_NASKAR/YESB/Payment_fr_P_NASKAR,,20.44,"52,562.66"
12-Feb-2026,UPI/DR/TXN851759/PEPSI_DIST/HDFC/Payment_to_PEPSI_DIST,28.52,,"52,534.14"
12-Feb-2026,UPI/CR/TXN583863/B_NATH/YESB/Payment_fr_B_NATH,,24.98,"52,559.12"
12-Feb-2026,UPI/CR/TXN492127/K_GANGULY/YESB/Payment_fr_K_GANGULY,,59.78,"52,618.90"
12-Feb-2026,UPI/CR/TXN925013/P_NASKAR/YESB/Payment_fr_P_NASKAR,,55.36,"52,674.26"
12-Feb-2026,UPI/CR/TXN221552/A_CHANDA/YESB/Payment_fr_A_CHANDA,,91.53,"52,765.79"
12-Feb-2026,UPI/DR/TXN374492/SUDIP_DISTRIBUTORS/HDFC/Payment_to_SUDIP_DISTRIBUTORS,368.12,,"52,397.67"
12-Feb-2026,UPI/CR/TXN203996/J_HALDER/YESB/Payment_fr_J_HALDER,,25.10,"52,422.77"
12-Feb-2026,UPI/CR/TXN238579/A_KUNDU/YESB/Payment_fr_A_KUNDU,,37.79,"52,460.56"
12-Feb-2026,UPI/CR/TXN571579/S_DUTA/YESB/Payment_fr_S_DUTA,,7.59,"52,468.15"
12-Feb-2026,UPI/CR/TXN899787/S_GHOSH/YESB/Payment_fr_S_GHOSH,,62.89,"52,531.04"
12-Feb-2026,UPI/CR/TXN265649/A_CHAKRABORTY/YESB/Payment_fr_A_CHAKRABORTY,,12.00,"52,543.04"
12-Feb-2026,UPI/CR/TXN693419/RAM_SEN/YESB/Payment_fr_RAM_SEN,,20.54,"52,563.58"
12-Feb-2026,UPI/CR/TXN130353/T_ROY/YESB/Payment_fr_T_ROY,,7.26,"52,570.84"
12-Feb-2026,UPI/CR/TXN566297/A_BAKSHI/YESB/Payment_fr_A_BAKSHI,,15.34,"52,586.18"
12-Feb-2026,UPI/CR/TXN919488/P_BANERJEE/YESB/Payment_fr_P_BANERJEE,,70.74,"52,656.92"
12-Feb-2026,UPI/CR/TXN483542/T_SAMANTA/YESB/Payment_fr_T_SAMANTA,,51.31,"52,708.23"
12-Feb-2026,UPI/DR/TXN490084/RELIANCE_RETAIL/HDFC/Payment_to_RELIANCE_RETAIL,415.08,,"52,293.15"
12-Feb-2026,UPI/CR/TXN163156/S_BAG/YESB/Payment_fr_S_BAG,,21.36,"52,314.51"
12-Feb-2026,UPI/CR/TXN757246/A_CHANDA/YESB/Payment_fr_A_CHANDA,,86.00,"52,400.51"
13-Feb-2026,UPI/DR/TXN272655/METRO_CASH_CARRY/HDFC/Payment_to_METRO_CASH_CARRY,236.59,,"52,163.92"
13-Feb-2026,UPI/CR/TXN550797/R_DHAR/YESB/Payment_fr_R_DHAR,,37.52,"52,201.44"
13-Feb-2026,UPI/CR/TXN402020/D_PAL/YESB/Payment_fr_D_PAL,,87.26,"52,288.70"
13-Feb-2026,UPI/CR/TXN380150/K_GANGULY/YESB/Payment_fr_K_GANGULY,,6.74,"52,295.44"
13-Feb-2026,UPI/CR/TXN195674/D_CHATTERJEE/YESB/Payment_fr_D_CHATTERJEE,,59.13,"52,354.57"
13-Feb-2026,UPI/CR/TXN594379/N_DAS/YESB/Payment_fr_N_DAS,,20.50,"52,375.07"
13-Feb-2026,UPI/CR/TXN783157/S_BHATTACHARYA/YESB/Payment_fr_S_BHATTACHARYA,,8.23,"52,383.30"
13-Feb-2026,UPI/CR/TXN387813/S_MALAKAR/YESB/Payment_fr_S_MALAKAR,,62.18,"52,445.48"
13-Feb-2026,UPI/CR/TXN214351/P_MANDAL/YESB/Payment_fr_P_MANDAL,,15.37,"52,460.85"
13-Feb-2026,UPI/CR/TXN575679/B_BARUA/YESB/Payment_fr_B_BARUA,,15.10,"52,475.95"
13-Feb-2026,UPI/CR/TXN443939/T_SAMANTA/YESB/Payment_fr_T_SAMANTA,,6.29,"52,482.24"
13-Feb-2026,UPI/CR/TXN332335/M_GUHA/YESB/Payment_fr_M_GUHA,,12.58,"52,494.82"
13-Feb-2026,UPI/CR/TXN262246/S_SARKAR/YESB/Payment_fr_S_SARKAR,,20.16,"52,514.98"
13-Feb-2026,UPI/CR/TXN386544/P_DEY/YESB/Payment_fr_P_DEY,,3.19,"52,518.17"
13-Feb-2026,UPI/CR/TXN799233/K_MALLICK/YESB/Payment_fr_K_MALLICK,,60.43,"52,578.60"
13-Feb-2026,UPI/DR/TXN461249/HUL_DISTRIBUTORS/HDFC/Payment_to_HUL_DISTRIBUTORS,295.14,,"52,283.46"
13-Feb-2026,UPI/CR/TXN377501/S_SARKAR/YESB/Payment_fr_S_SARKAR,,8.89,"52,292.35"
13-Feb-2026,UPI/DR/TXN834233/MOTHER_DAIRY_CO/HDFC/Payment_to_MOTHER_DAIRY_CO,9.12,,"52,283.23"
13-Feb-2026,UPI/CR/TXN882033/T_ROY/YESB/Payment_fr_T_ROY,,28.00,"52,311.23"
13-Feb-2026,UPI/CR/TXN228093/A_KUNDU/YESB/Payment_fr_A_KUNDU,,22.46,"52,333.69"
13-Feb-2026,UPI/DR/TXN680933/RELIANCE_RETAIL/HDFC/Payment_to_RELIANCE_RETAIL,257.63,,"52,076.06"
13-Feb-2026,UPI/CR/TXN454992/A_CHAKRABORTY/YESB/Payment_fr_A_CHAKRABORTY,,71.66,"52,147.72"
13-Feb-2026,UPI/CR/TXN138479/T_SAMANTA/YESB/Payment_fr_T_SAMANTA,,67.69,"52,215.41"
13-Feb-2026,UPI/CR/TXN598733/R_HALDER/YESB/Payment_fr_R_HALDER,,18.73,"52,234.14"
14-Feb-2026,UPI/CR/TXN952686/M_GUHA/YESB/Payment_fr_M_GUHA,,44.39,"52,278.53"
14-Feb-2026,UPI/CR/TXN355400/M_GUHA/YESB/Payment_fr_M_GUHA,,57.64,"52,336.17"
14-Feb-2026,UPI/CR/TXN651640/C_ROY/YESB/Payment_fr_C_ROY,,25.21,"52,361.38"
14-Feb-2026,UPI/CR/TXN896907/A_BAKSHI/YESB/Payment_fr_A_BAKSHI,,29.81,"52,391.19"
14-Feb-2026,UPI/CR/TXN238205/A_K_ROY/YESB/Payment_fr_A_K_ROY,,7.57,"52,398.76"
14-Feb-2026,UPI/CR/TXN561999/B_PRAMANIK/YESB/Payment_fr_B_PRAMANIK,,69.92,"52,468.68"
14-Feb-2026,UPI/CR/TXN285751/J_BOSE/YESB/Payment_fr_J_BOSE,,60.87,"52,529.55"
14-Feb-2026,UPI/CR/TXN163491/R_DHAR/YESB/Payment_fr_R_DHAR,,55.41,"52,584.96"
14-Feb-2026,UPI/CR/TXN501126/S_BAG/YESB/Payment_fr_S_BAG,,20.32,"52,605.28"
14-Feb-2026,UPI/CR/TXN913423/D_SEN/YESB/Payment_fr_D_SEN,,53.21,"52,658.49"
14-Feb-2026,UPI/CR/TXN827369/C_ROY/YESB/Payment_fr_C_ROY,,60.26,"52,718.75"
14-Feb-2026,UPI/CR/TXN427626/R_HALDER/YESB/Payment_fr_R_HALDER,,73.82,"52,792.57"
14-Feb-2026,UPI/DR/TXN905077/KOLKATA_GRAINS/HDFC/Payment_to_KOLKATA_GRAINS,400.23,,"52,392.34"
14-Feb-2026,UPI/CR/TXN631699/R_HALDER/YESB/Payment_fr_R_HALDER,,23.34,"52,415.68"
14-Feb-2026,UPI/CR/TXN876039/S_BAG/YESB/Payment_fr_S_BAG,,68.36,"52,484.04"
14-Feb-2026,UPI/CR/TXN856648/T_ROY/YESB/Payment_fr_T_ROY,,21.29,"52,505.33"
14-Feb-2026,UPI/CR/TXN744718/R_DHAR/YESB/Payment_fr_R_DHAR,,17.57,"52,522.90"
14-Feb-2026,UPI/DR/TXN601916/NESTLE_INDIA/HDFC/Payment_to_NESTLE_INDIA,492.30,,"52,030.60"
14-Feb-2026,UPI/CR/TXN132653/R_SHAW/YESB/Payment_fr_R_SHAW,,65.13,"52,095.73"
14-Feb-2026,UPI/CR/TXN698384/P_PAUL/YESB/Payment_fr_P_PAUL,,71.14,"52,166.87"
14-Feb-2026,UPI/CR/TXN377405/N_DAS/YESB/Payment_fr_N_DAS,,75.04,"52,241.91"
14-Feb-2026,UPI/CR/TXN632929/R_HALDER/YESB/Payment_fr_R_HALDER,,10.96,"52,252.87"
14-Feb-2026,UPI/CR/TXN493124/M_MITRA/YESB/Payment_fr_M_MITRA,,43.20,"52,296.07"
14-Feb-2026,UPI/CR/TXN299869/B_BARUA/YESB/Payment_fr_B_BARUA,,5.24,"52,301.31"
15-Feb-2026,UPI/CR/TXN793300/P_MANDAL/YESB/Payment_fr_P_MANDAL,,1.52,"52,302.83"
15-Feb-2026,UPI/CR/TXN811027/R_HALDER/YESB/Payment_fr_R_HALDER,,1.85,"52,304.68"
15-Feb-2026,UPI/CR/TXN529893/G_MODAK/YESB/Payment_fr_G_MODAK,,56.68,"52,361.36"
15-Feb-2026,UPI/CR/TXN207573/T_SAMANTA/YESB/Payment_fr_T_SAMANTA,,3.58,"52,364.94"
15-Feb-2026,UPI/CR/TXN321494/T_ROY/YESB/Payment_fr_T_ROY,,25.23,"52,390.17"
15-Feb-2026,UPI/CR/TXN391668/A_BAKSHI/YESB/Payment_fr_A_BAKSHI,,22.24,"52,412.41"
15-Feb-2026,UPI/CR/TXN833723/T_ROY/YESB/Payment_fr_T_ROY,,74.83,"52,487.24"
15-Feb-2026,UPI/DR/TXN260448/HUL_DISTRIBUTORS/HDFC/Payment_to_HUL_DISTRIBUTORS,274.15,,"52,213.09"
15-Feb-2026,UPI/CR/TXN816318/S_BAG/YESB/Payment_fr_S_BAG,,50.30,"52,263.39"
15-Feb-2026,UPI/CR/TXN476395/B_PRAMANIK/YESB/Payment_fr_B_PRAMANIK,,79.64,"52,343.03"
15-Feb-2026,UPI/CR/TXN303322/K_GANGULY/YESB/Payment_fr_K_GANGULY,,57.28,"52,400.31"
15-Feb-2026,UPI/CR/TXN495533/A_CHAKRABORTY/YESB/Payment_fr_A_CHAKRABORTY,,63.34,"52,463.65"
15-Feb-2026,UPI/CR/TXN540226/B_BARUA/YESB/Payment_fr_B_BARUA,,10.82,"52,474.47"
15-Feb-2026,UPI/CR/TXN858889/K_MALLICK/YESB/Payment_fr_K_MALLICK,,55.45,"52,529.92"
15-Feb-2026,UPI/CR/TXN317220/T_SAMANTA/YESB/Payment_fr_T_SAMANTA,,86.51,"52,616.43"
15-Feb-2026,UPI/CR/TXN457455/S_MUKHERJEE/YESB/Payment_fr_S_MUKHERJEE,,80.78,"52,697.21"
15-Feb-2026,UPI/DR/TXN127172/SUDIP_DISTRIBUTORS/HDFC/Payment_to_SUDIP_DISTRIBUTORS,278.50,,"52,418.71"
15-Feb-2026,UPI/DR/TXN716338/BRITANNIA_SALES/HDFC/Payment_to_BRITANNIA_SALES,63.49,,"52,355.22"
15-Feb-2026,UPI/DR/TXN571832/SUDIP_DISTRIBUTORS/HDFC/Payment_to_SUDIP_DISTRIBUTORS,29.69,,"52,325.53"
15-Feb-2026,UPI/CR/TXN696251/T_ROY/YESB/Payment_fr_T_ROY,,26.11,"52,351.64"
15-Feb-2026,UPI/CR/TXN524707/B_NATH/YESB/Payment_fr_B_NATH,,7.33,"52,358.97"
15-Feb-2026,UPI/CR/TXN841995/P_PAUL/YESB/Payment_fr_P_PAUL,,71.43,"52,430.40"
15-Feb-2026,UPI/CR/TXN284229/J_HALDER/YESB/Payment_fr_J_HALDER,,56.43,"52,486.83"
15-Feb-2026,UPI/CR/TXN633188/J_HALDER/YESB/Payment_fr_J_HALDER,,59.31,"52,546.14"
16-Feb-2026,UPI/CR/TXN735863/P_NASKAR/YESB/Payment_fr_P_NASKAR,,13.04,"52,559.18"
16-Feb-2026,UPI/CR/TXN180913/G_MODAK/YESB/Payment_fr_G_MODAK,,25.80,"52,584.98"
16-Feb-2026,UPI/CR/TXN918771/R_DHAR/YESB/Payment_fr_R_DHAR,,59.12,"52,644.10"
16-Feb-2026,UPI/CR/TXN538997/S_BHATTACHARYA/YESB/Payment_fr_S_BHATTACHARYA,,69.37,"52,713.47"
16-Feb-2026,UPI/CR/TXN178463/G_MODAK/YESB/Payment_fr_G_MODAK,,14.92,"52,728.39"
16-Feb-2026,UPI/CR/TXN469954/S_BAG/YESB/Payment_fr_S_BAG,,64.97,"52,793.36"
16-Feb-2026,UPI/CR/TXN585188/B_BARUA/YESB/Payment_fr_B_BARUA,,44.43,"52,837.79"
16-Feb-2026,UPI/DR/TXN844031/NESTLE_INDIA/HDFC/Payment_to_NESTLE_INDIA,95.28,,"52,742.51"
16-Feb-2026,UPI/CR/TXN385320/M_MITRA/YESB/Payment_fr_M_MITRA,,3.09,"52,745.60"
16-Feb-2026,UPI/CR/TXN273982/P_NASKAR/YESB/Payment_fr_P_NASKAR,,31.74,"52,777.34"
16-Feb-2026,UPI/CR/TXN856215/R_SHAW/YESB/Payment_fr_R_SHAW,,19.86,"52,797.20"
16-Feb-2026,UPI/CR/TXN826353/S_BAG/YESB/Payment_fr_S_BAG,,72.22,"52,869.42"
16-Feb-2026,UPI/CR/TXN683397/D_PAL/YESB/Payment_fr_D_PAL,,83.69,"52,953.11"
16-Feb-2026,UPI/CR/TXN862400/M_MITRA/YESB/Payment_fr_M_MITRA,,67.86,"53,020.97"
16-Feb-2026,UPI/CR/TXN402218/D_CHATTERJEE/YESB/Payment_fr_D_CHATTERJEE,,56.70,"53,077.67"
16-Feb-2026,UPI/CR/TXN235215/S_MALAKAR/YESB/Payment_fr_S_MALAKAR,,76.97,"53,154.64"
16-Feb-2026,UPI/CR/TXN493049/R_DHAR/YESB/Payment_fr_R_DHAR,,12.68,"53,167.32"
16-Feb-2026,UPI/CR/TXN314353/RAM_SEN/YESB/Payment_fr_RAM_SEN,,89.06,"53,256.38"
16-Feb-2026,UPI/CR/TXN795847/P_MANDAL/YESB/Payment_fr_P_MANDAL,,57.02,"53,313.40"
16-Feb-2026,UPI/CR/TXN407618/P_NASKAR/YESB/Payment_fr_P_NASKAR,,71.05,"53,384.45"
16-Feb-2026,UPI/CR/TXN255539/R_HALDER/YESB/Payment_fr_R_HALDER,,11.49,"53,395.94"
16-Feb-2026,UPI/CR/TXN437408/S_MUKHERJEE/YESB/Payment_fr_S_MUKHERJEE,,50.09,"53,446.03"
16-Feb-2026,UPI/CR/TXN839485/P_BANERJEE/YESB/Payment_fr_P_BANERJEE,,88.26,"53,534.29"
16-Feb-2026,UPI/CR/TXN515712/P_NASKAR/YESB/Payment_fr_P_NASKAR,,3.41,"53,537.70"
17-Feb-2026,UPI/CR/TXN670511/S_BHATTACHARYA/YESB/Payment_fr_S_BHATTACHARYA,,11.41,"53,549.11"
17-Feb-2026,UPI/CR/TXN509420/A_K_ROY/YESB/Payment_fr_A_K_ROY,,10.82,"53,559.93"
17-Feb-2026,UPI/DR/TXN574001/SUDIP_DISTRIBUTORS/HDFC/Payment_to_SUDIP_DISTRIBUTORS,98.26,,"53,461.67"
17-Feb-2026,UPI/CR/TXN823811/S_DUTA/YESB/Payment_fr_S_DUTA,,46.97,"53,508.64"
17-Feb-2026,UPI/CR/TXN757937/S_GHOSH/YESB/Payment_fr_S_GHOSH,,40.39,"53,549.03"
17-Feb-2026,UPI/CR/TXN901909/A_K_ROY/YESB/Payment_fr_A_K_ROY,,65.44,"53,614.47"
17-Feb-2026,UPI/CR/TXN624563/N_DAS/YESB/Payment_fr_N_DAS,,53.72,"53,668.19"
17-Feb-2026,UPI/CR/TXN675462/G_MODAK/YESB/Payment_fr_G_MODAK,,50.32,"53,718.51"
17-Feb-2026,UPI/CR/TXN671015/B_NATH/YESB/Payment_fr_B_NATH,,64.85,"53,783.36"
17-Feb-2026,UPI/CR/TXN250069/P_MANDAL/YESB/Payment_fr_P_MANDAL,,19.34,"53,802.70"
17-Feb-2026,UPI/DR/TXN741599/DELHI_SPICES/HDFC/Payment_to_DELHI_SPICES,64.64,,"53,738.06"
17-Feb-2026,UPI/CR/TXN758765/D_PAL/YESB/Payment_fr_D_PAL,,9.80,"53,747.86"
17-Feb-2026,UPI/CR/TXN712955/K_MALLICK/YESB/Payment_fr_K_MALLICK,,78.63,"53,826.49"
17-Feb-2026,UPI/DR/TXN170499/KOLKATA_GRAINS/HDFC/Payment_to_KOLKATA_GRAINS,46.37,,"53,780.12"
17-Feb-2026,UPI/CR/TXN674993/P_MANDAL/YESB/Payment_fr_P_MANDAL,,25.86,"53,805.98"
17-Feb-2026,UPI/CR/TXN266457/S_BAG/YESB/Payment_fr_S_BAG,,17.03,"53,823.01"
17-Feb-2026,UPI/CR/TXN971728/P_DEY/YESB/Payment_fr_P_DEY,,50.61,"53,873.62"
17-Feb-2026,UPI/CR/TXN789606/RAM_SEN/YESB/Payment_fr_RAM_SEN,,51.92,"53,925.54"
17-Feb-2026,UPI/CR/TXN180458/D_SEN/YESB/Payment_fr_D_SEN,,19.16,"53,944.70"
17-Feb-2026,UPI/CR/TXN725726/D_CHATTERJEE/YESB/Payment_fr_D_CHATTERJEE,,2.79,"53,947.49"
17-Feb-2026,UPI/CR/TXN731718/J_HALDER/YESB/Payment_fr_J_HALDER,,78.91,"54,026.40"
17-Feb-2026,UPI/CR/TXN491435/B_BARUA/YESB/Payment_fr_B_BARUA,,29.49,"54,055.89"
17-Feb-2026,UPI/CR/TXN423939/S_DUTA/YESB/Payment_fr_S_DUTA,,39.71,"54,095.60"
17-Feb-2026,UPI/CR/TXN579318/S_BAG/YESB/Payment_fr_S_BAG,,87.87,"54,183.47"
18-Feb-2026,UPI/CR/TXN211834/P_BANERJEE/YESB/Payment_fr_P_BANERJEE,,21.89,"54,205.36"
18-Feb-2026,UPI/DR/TXN994253/KOLKATA_GRAINS/HDFC/Payment_to_KOLKATA_GRAINS,399.05,,"53,806.31"
18-Feb-2026,UPI/CR/TXN486649/P_NASKAR/YESB/Payment_fr_P_NASKAR,,21.49,"53,827.80"
18-Feb-2026,UPI/CR/TXN883618/K_MALLICK/YESB/Payment_fr_K_MALLICK,,62.94,"53,890.74"
18-Feb-2026,UPI/CR/TXN197992/S_BHATTACHARYA/YESB/Payment_fr_S_BHATTACHARYA,,23.56,"53,914.30"
18-Feb-2026,UPI/CR/TXN225812/A_CHANDA/YESB/Payment_fr_A_CHANDA,,67.63,"53,981.93"
18-Feb-2026,UPI/CR/TXN296412/C_ROY/YESB/Payment_fr_C_ROY,,16.29,"53,998.22"
18-Feb-2026,UPI/CR/TXN253557/S_GHOSH/YESB/Payment_fr_S_GHOSH,,0.96,"53,999.18"
18-Feb-2026,UPI/CR/TXN681242/P_MANDAL/YESB/Payment_fr_P_MANDAL,,78.73,"54,077.91"
18-Feb-2026,UPI/CR/TXN204555/A_BAKSHI/YESB/Payment_fr_A_BAKSHI,,80.63,"54,158.54"
18-Feb-2026,UPI/CR/TXN350021/P_NASKAR/YESB/Payment_fr_P_NASKAR,,60.60,"54,219.14"
18-Feb-2026,UPI/CR/TXN855855/T_SAMANTA/YESB/Payment_fr_T_SAMANTA,,83.82,"54,302.96"
18-Feb-2026,UPI/CR/TXN693418/C_ROY/YESB/Payment_fr_C_ROY,,25.19,"54,328.15"
18-Feb-2026,UPI/CR/TXN498468/A_CHAKRABORTY/YESB/Payment_fr_A_CHAKRABORTY,,2.71,"54,330.86"
18-Feb-2026,UPI/CR/TXN255813/D_CHATTERJEE/YESB/Payment_fr_D_CHATTERJEE,,89.84,"54,420.70"
18-Feb-2026,UPI/DR/TXN916332/DELHI_SPICES/HDFC/Payment_to_DELHI_SPICES,377.10,,"54,043.60"
18-Feb-2026,UPI/CR/TXN335137/P_BANERJEE/YESB/Payment_fr_P_BANERJEE,,23.77,"54,067.37"
18-Feb-2026,UPI/DR/TXN642895/COCA_COLA_SUPPLY/HDFC/Payment_to_COCA_COLA_SUPPLY,390.58,,"53,676.79"
18-Feb-2026,UPI/DR/TXN158104/HUL_DISTRIBUTORS/HDFC/Payment_to_HUL_DISTRIBUTORS,413.94,,"53,262.85"
18-Feb-2026,UPI/CR/TXN101640/J_HALDER/YESB/Payment_fr_J_HALDER,,20.88,"53,283.73"
18-Feb-2026,UPI/CR/TXN172965/S_MALAKAR/YESB/Payment_fr_S_MALAKAR,,80.04,"53,363.77"
18-Feb-2026,UPI/CR/TXN145814/A_BAKSHI/YESB/Payment_fr_A_BAKSHI,,39.39,"53,403.16"
18-Feb-2026,UPI/CR/TXN596395/A_CHAKRABORTY/YESB/Payment_fr_A_CHAKRABORTY,,76.22,"53,479.38"
18-Feb-2026,UPI/CR/TXN461551/J_BOSE/YESB/Payment_fr_J_BOSE,,37.24,"53,516.62"
19-Feb-2026,UPI/CR/TXN386436/C_ROY/YESB/Payment_fr_C_ROY,,89.46,"53,606.08"
19-Feb-2026,UPI/CR/TXN194511/D_PAL/YESB/Payment_fr_D_PAL,,62.58,"53,668.66"
19-Feb-2026,UPI/CR/TXN499407/A_CHANDA/YESB/Payment_fr_A_CHANDA,,56.31,"53,724.97"
19-Feb-2026,UPI/DR/TXN486831/ITC_FOODS/HDFC/Payment_to_ITC_FOODS,456.67,,"53,268.30"
19-Feb-2026,UPI/CR/TXN614084/S_GHOSH/YESB/Payment_fr_S_GHOSH,,61.67,"53,329.97"
19-Feb-2026,UPI/CR/TXN196126/S_MUKHERJEE/YESB/Payment_fr_S_MUKHERJEE,,11.90,"53,341.87"
19-Feb-2026,UPI/CR/TXN251668/T_SAMANTA/YESB/Payment_fr_T_SAMANTA,,9.25,"53,351.12"
19-Feb-2026,UPI/CR/TXN975686/A_CHAKRABORTY/YESB/Payment_fr_A_CHAKRABORTY,,13.59,"53,364.71"
19-Feb-2026,UPI/CR/TXN591081/B_NATH/YESB/Payment_fr_B_NATH,,23.80,"53,388.51"
19-Feb-2026,UPI/CR/TXN163780/A_K_ROY/YESB/Payment_fr_A_K_ROY,,1.64,"53,390.15"
19-Feb-2026,UPI/CR/TXN326441/P_MANDAL/YESB/Payment_fr_P_MANDAL,,19.63,"53,409.78"
19-Feb-2026,UPI/CR/TXN244283/G_MODAK/YESB/Payment_fr_G_MODAK,,30.85,"53,440.63"
19-Feb-2026,UPI/CR/TXN653408/R_HALDER/YESB/Payment_fr_R_HALDER,,92.54,"53,533.17"
19-Feb-2026,UPI/CR/TXN339592/A_BAKSHI/YESB/Payment_fr_A_BAKSHI,,9.38,"53,542.55"
19-Feb-2026,UPI/CR/TXN344907/B_BARUA/YESB/Payment_fr_B_BARUA,,11.14,"53,553.69"
19-Feb-2026,UPI/CR/TXN744986/N_DAS/YESB/Payment_fr_N_DAS,,65.34,"53,619.03"
19-Feb-2026,UPI/CR/TXN675898/S_BASU/YESB/Payment_fr_S_BASU,,20.24,"53,639.27"
19-Feb-2026,UPI/CR/TXN386488/M_GUHA/YESB/Payment_fr_M_GUHA,,65.69,"53,704.96"
19-Feb-2026,UPI/DR/TXN464301/BRITANNIA_SALES/HDFC/Payment_to_BRITANNIA_SALES,275.22,,"53,429.74"
19-Feb-2026,UPI/CR/TXN550137/B_PRAMANIK/YESB/Payment_fr_B_PRAMANIK,,68.86,"53,498.60"
19-Feb-2026,UPI/CR/TXN440544/A_K_ROY/YESB/Payment_fr_A_K_ROY,,61.74,"53,560.34"
19-Feb-2026,UPI/CR/TXN506235/D_SEN/YESB/Payment_fr_D_SEN,,48.35,"53,608.69"
19-Feb-2026,UPI/CR/TXN129556/N_DAS/YESB/Payment_fr_N_DAS,,5.53,"53,614.22"
19-Feb-2026,UPI/CR/TXN315173/B_PRAMANIK/YESB/Payment_fr_B_PRAMANIK,,54.37,"53,668.59"
20-Feb-2026,UPI/CR/TXN467121/S_GHOSH/YESB/Payment_fr_S_GHOSH,,10.34,"53,678.93"
20-Feb-2026,UPI/CR/TXN350786/A_CHAKRABORTY/YESB/Payment_fr_A_CHAKRABORTY,,71.03,"53,749.96"
20-Feb-2026,UPI/DR/TXN678083/PARLE_PRODUCTS/HDFC/Payment_to_PARLE_PRODUCTS,519.83,,"53,230.13"
20-Feb-2026,UPI/CR/TXN835132/S_MUKHERJEE/YESB/Payment_fr_S_MUKHERJEE,,25.21,"53,255.34"
20-Feb-2026,UPI/CR/TXN831380/A_KUNDU/YESB/Payment_fr_A_KUNDU,,25.36,"53,280.70"
20-Feb-2026,UPI/DR/TXN701800/SUDIP_DISTRIBUTORS/HDFC/Payment_to_SUDIP_DISTRIBUTORS,117.26,,"53,163.44"
20-Feb-2026,UPI/CR/TXN780776/T_ROY/YESB/Payment_fr_T_ROY,,72.72,"53,236.16"
20-Feb-2026,UPI/CR/TXN425845/R_SHAW/YESB/Payment_fr_R_SHAW,,42.94,"53,279.10"
20-Feb-2026,UPI/CR/TXN419149/S_DUTA/YESB/Payment_fr_S_DUTA,,88.58,"53,367.68"
20-Feb-2026,UPI/CR/TXN308894/T_ROY/YESB/Payment_fr_T_ROY,,7.43,"53,375.11"
20-Feb-2026,UPI/CR/TXN393328/C_ROY/YESB/Payment_fr_C_ROY,,54.41,"53,429.52"
20-Feb-2026,UPI/CR/TXN282256/P_PAUL/YESB/Payment_fr_P_PAUL,,3.65,"53,433.17"
20-Feb-2026,UPI/CR/TXN708093/P_MANDAL/YESB/Payment_fr_P_MANDAL,,49.37,"53,482.54"
20-Feb-2026,UPI/CR/TXN379676/S_BHATTACHARYA/YESB/Payment_fr_S_BHATTACHARYA,,40.81,"53,523.35"
20-Feb-2026,UPI/CR/TXN901280/D_PAL/YESB/Payment_fr_D_PAL,,10.85,"53,534.20"
20-Feb-2026,UPI/CR/TXN492483/K_MALLICK/YESB/Payment_fr_K_MALLICK,,24.91,"53,559.11"
20-Feb-2026,UPI/CR/TXN837135/D_SEN/YESB/Payment_fr_D_SEN,,21.11,"53,580.22"
20-Feb-2026,UPI/CR/TXN993140/M_MITRA/YESB/Payment_fr_M_MITRA,,0.98,"53,581.20"
20-Feb-2026,UPI/DR/TXN361736/METRO_CASH_CARRY/HDFC/Payment_to_METRO_CASH_CARRY,248.44,,"53,332.76"
20-Feb-2026,UPI/CR/TXN783501/B_PRAMANIK/YESB/Payment_fr_B_PRAMANIK,,38.87,"53,371.63"
20-Feb-2026,UPI/CR/TXN868544/P_PAUL/YESB/Payment_fr_P_PAUL,,66.39,"53,438.02"
20-Feb-2026,UPI/DR/TXN414527/METRO_CASH_CARRY/HDFC/Payment_to_METRO_CASH_CARRY,102.93,,"53,335.09"
20-Feb-2026,UPI/CR/TXN560767/A_BAKSHI/YESB/Payment_fr_A_BAKSHI,,10.68,"53,345.77"
20-Feb-2026,UPI/CR/TXN731661/P_DEY/YESB/Payment_fr_P_DEY,,40.29,"53,386.06"
21-Feb-2026,UPI/CR/TXN946432/N_DAS/YESB/Payment_fr_N_DAS,,57.75,"53,443.81"
21-Feb-2026,UPI/CR/TXN956572/R_SHAW/YESB/Payment_fr_R_SHAW,,50.93,"53,494.74"
21-Feb-2026,UPI/CR/TXN971415/G_MODAK/YESB/Payment_fr_G_MODAK,,12.61,"53,507.35"
21-Feb-2026,UPI/CR/TXN774591/S_MUKHERJEE/YESB/Payment_fr_S_MUKHERJEE,,60.81,"53,568.16"
21-Feb-2026,UPI/CR/TXN578975/P_PAUL/YESB/Payment_fr_P_PAUL,,47.58,"53,615.74"
21-Feb-2026,UPI/CR/TXN444519/N_DAS/YESB/Payment_fr_N_DAS,,66.50,"53,682.24"
21-Feb-2026,UPI/CR/TXN138399/K_MALLICK/YESB/Payment_fr_K_MALLICK,,10.59,"53,692.83"
21-Feb-2026,UPI/CR/TXN723948/T_ROY/YESB/Payment_fr_T_ROY,,9.42,"53,702.25"
21-Feb-2026,UPI/CR/TXN557409/S_DUTA/YESB/Payment_fr_S_DUTA,,85.67,"53,787.92"
21-Feb-2026,UPI/CR/TXN579123/S_BHATTACHARYA/YESB/Payment_fr_S_BHATTACHARYA,,28.25,"53,816.17"
21-Feb-2026,UPI/CR/TXN425138/A_CHANDA/YESB/Payment_fr_A_CHANDA,,32.17,"53,848.34"
21-Feb-2026,UPI/DR/TXN192055/COCA_COLA_SUPPLY/HDFC/Payment_to_COCA_COLA_SUPPLY,254.14,,"53,594.20"
21-Feb-2026,UPI/CR/TXN897143/G_MODAK/YESB/Payment_fr_G_MODAK,,54.03,"53,648.23"
21-Feb-2026,UPI/CR/TXN896788/B_PRAMANIK/YESB/Payment_fr_B_PRAMANIK,,41.41,"53,689.64"
21-Feb-2026,UPI/CR/TXN349183/D_SEN/YESB/Payment_fr_D_SEN,,60.45,"53,750.09"
21-Feb-2026,UPI/CR/TXN827712/R_SHAW/YESB/Payment_fr_R_SHAW,,45.42,"53,795.51"
21-Feb-2026,UPI/CR/TXN970127/J_BOSE/YESB/Payment_fr_J_BOSE,,48.79,"53,844.30"
21-Feb-2026,UPI/CR/TXN797660/R_DHAR/YESB/Payment_fr_R_DHAR,,12.59,"53,856.89"
21-Feb-2026,UPI/CR/TXN592738/R_HALDER/YESB/Payment_fr_R_HALDER,,19.13,"53,876.02"
21-Feb-2026,UPI/CR/TXN789786/R_HALDER/YESB/Payment_fr_R_HALDER,,75.16,"53,951.18"
21-Feb-2026,UPI/CR/TXN799539/S_BHATTACHARYA/YESB/Payment_fr_S_BHATTACHARYA,,86.92,"54,038.10"
21-Feb-2026,UPI/CR/TXN466813/G_MODAK/YESB/Payment_fr_G_MODAK,,66.78,"54,104.88"
21-Feb-2026,UPI/CR/TXN870899/P_MANDAL/YESB/Payment_fr_P_MANDAL,,64.16,"54,169.04"
21-Feb-2026,UPI/CR/TXN989894/G_MODAK/YESB/Payment_fr_G_MODAK,,26.22,"54,195.26"
22-Feb-2026,UPI/CR/TXN935012/T_ROY/YESB/Payment_fr_T_ROY,,48.12,"54,243.38"
22-Feb-2026,UPI/DR/TXN942700/COCA_COLA_SUPPLY/HDFC/Payment_to_COCA_COLA_SUPPLY,300.99,,"53,942.39"
22-Feb-2026,UPI/CR/TXN201255/J_HALDER/YESB/Payment_fr_J_HALDER,,7.81,"53,950.20"
22-Feb-2026,UPI/CR/TXN147549/D_PAL/YESB/Payment_fr_D_PAL,,39.66,"53,989.86"
22-Feb-2026,UPI/DR/TXN530749/HUL_DISTRIBUTORS/HDFC/Payment_to_HUL_DISTRIBUTORS,250.77,,"53,739.09"
22-Feb-2026,UPI/CR/TXN953085/S_MALAKAR/YESB/Payment_fr_S_MALAKAR,,16.59,"53,755.68"
22-Feb-2026,UPI/CR/TXN505426/A_BAKSHI/YESB/Payment_fr_A_BAKSHI,,25.65,"53,781.33"
22-Feb-2026,UPI/CR/TXN155164/M_MITRA/YESB/Payment_fr_M_MITRA,,28.87,"53,810.20"
22-Feb-2026,UPI/CR/TXN940247/R_SHAW/YESB/Payment_fr_R_SHAW,,31.16,"53,841.36"
22-Feb-2026,UPI/CR/TXN174637/S_MUKHERJEE/YESB/Payment_fr_S_MUKHERJEE,,54.88,"53,896.24"
22-Feb-2026,UPI/CR/TXN627335/B_BARUA/YESB/Payment_fr_B_BARUA,,39.29,"53,935.53"
22-Feb-2026,UPI/CR/TXN326130/K_MALLICK/YESB/Payment_fr_K_MALLICK,,2.70,"53,938.23"
22-Feb-2026,UPI/CR/TXN956375/N_DAS/YESB/Payment_fr_N_DAS,,3.39,"53,941.62"
22-Feb-2026,UPI/CR/TXN609253/J_HALDER/YESB/Payment_fr_J_HALDER,,30.98,"53,972.60"
22-Feb-2026,UPI/CR/TXN856086/J_HALDER/YESB/Payment_fr_J_HALDER,,29.15,"54,001.75"
22-Feb-2026,UPI/DR/TXN133958/ITC_FOODS/HDFC/Payment_to_ITC_FOODS,361.74,,"53,640.01"
22-Feb-2026,UPI/CR/TXN123005/D_SEN/YESB/Payment_fr_D_SEN,,22.72,"53,662.73"
22-Feb-2026,UPI/DR/TXN484123/BRITANNIA_SALES/HDFC/Payment_to_BRITANNIA_SALES,256.43,,"53,406.30"
22-Feb-2026,UPI/CR/TXN731894/A_BAKSHI/YESB/Payment_fr_A_BAKSHI,,56.81,"53,463.11"
22-Feb-2026,UPI/CR/TXN278240/P_DEY/YESB/Payment_fr_P_DEY,,80.81,"53,543.92"
22-Feb-2026,UPI/CR/TXN943718/RAM_SEN/YESB/Payment_fr_RAM_SEN,,41.04,"53,584.96"
22-Feb-2026,UPI/CR/TXN903531/M_GUHA/YESB/Payment_fr_M_GUHA,,64.47,"53,649.43"
22-Feb-2026,UPI/CR/TXN915922/D_SEN/YESB/Payment_fr_D_SEN,,88.22,"53,737.65"
22-Feb-2026,UPI/CR/TXN152179/S_BAG/YESB/Payment_fr_S_BAG,,21.76,"53,759.41"
23-Feb-2026,UPI/CR/TXN252640/J_HALDER/YESB/Payment_fr_J_HALDER,,44.44,"53,803.85"
23-Feb-2026,UPI/CR/TXN715643/B_PRAMANIK/YESB/Payment_fr_B_PRAMANIK,,53.79,"53,857.64"
23-Feb-2026,UPI/CR/TXN970720/P_DEY/YESB/Payment_fr_P_DEY,,78.78,"53,936.42"
23-Feb-2026,UPI/CR/TXN704238/S_BASU/YESB/Payment_fr_S_BASU,,5.12,"53,941.54"
23-Feb-2026,UPI/CR/TXN400814/S_DUTA/YESB/Payment_fr_S_DUTA,,70.63,"54,012.17"
23-Feb-2026,UPI/CR/TXN584172/T_ROY/YESB/Payment_fr_T_ROY,,69.70,"54,081.87"
23-Feb-2026,UPI/CR/TXN216587/J_HALDER/YESB/Payment_fr_J_HALDER,,32.97,"54,114.84"
23-Feb-2026,UPI/CR/TXN962367/B_BARUA/YESB/Payment_fr_B_BARUA,,16.15,"54,130.99"
23-Feb-2026,UPI/DR/TXN781113/RELIANCE_RETAIL/HDFC/Payment_to_RELIANCE_RETAIL,304.89,,"53,826.10"
23-Feb-2026,UPI/CR/TXN829168/S_MUKHERJEE/YESB/Payment_fr_S_MUKHERJEE,,55.90,"53,882.00"
23-Feb-2026,UPI/CR/TXN891615/S_SARKAR/YESB/Payment_fr_S_SARKAR,,26.48,"53,908.48"
23-Feb-2026,UPI/CR/TXN717476/J_HALDER/YESB/Payment_fr_J_HALDER,,29.24,"53,937.72"
23-Feb-2026,UPI/CR/TXN438908/S_BAG/YESB/Payment_fr_S_BAG,,83.44,"54,021.16"
23-Feb-2026,UPI/DR/TXN236074/HUL_DISTRIBUTORS/HDFC/Payment_to_HUL_DISTRIBUTORS,246.43,,"53,774.73"
23-Feb-2026,UPI/CR/TXN338536/D_SEN/YESB/Payment_fr_D_SEN,,6.23,"53,780.96"
23-Feb-2026,UPI/CR/TXN455007/K_MALLICK/YESB/Payment_fr_K_MALLICK,,50.31,"53,831.27"
23-Feb-2026,UPI/CR/TXN550961/S_SARKAR/YESB/Payment_fr_S_SARKAR,,78.40,"53,909.67"
23-Feb-2026,UPI/CR/TXN244247/N_DAS/YESB/Payment_fr_N_DAS,,27.09,"53,936.76"
23-Feb-2026,UPI/CR/TXN105506/S_BAG/YESB/Payment_fr_S_BAG,,24.02,"53,960.78"
23-Feb-2026,UPI/CR/TXN306854/K_MALLICK/YESB/Payment_fr_K_MALLICK,,27.20,"53,987.98"
23-Feb-2026,UPI/CR/TXN938141/R_HALDER/YESB/Payment_fr_R_HALDER,,37.15,"54,025.13"
23-Feb-2026,UPI/CR/TXN170394/P_BANERJEE/YESB/Payment_fr_P_BANERJEE,,51.44,"54,076.57"
23-Feb-2026,UPI/CR/TXN428267/J_BOSE/YESB/Payment_fr_J_BOSE,,66.80,"54,143.37"
23-Feb-2026,UPI/CR/TXN662636/K_MALLICK/YESB/Payment_fr_K_MALLICK,,77.47,"54,220.84"
24-Feb-2026,UPI/CR/TXN999398/S_GHOSH/YESB/Payment_fr_S_GHOSH,,25.37,"54,246.21"
24-Feb-2026,UPI/CR/TXN177794/K_GANGULY/YESB/Payment_fr_K_GANGULY,,75.86,"54,322.07"
24-Feb-2026,UPI/DR/TXN282547/BRITANNIA_SALES/HDFC/Payment_to_BRITANNIA_SALES,280.17,,"54,041.90"
24-Feb-2026,UPI/CR/TXN950916/P_DEY/YESB/Payment_fr_P_DEY,,91.01,"54,132.91"
24-Feb-2026,UPI/CR/TXN139434/A_BAKSHI/YESB/Payment_fr_A_BAKSHI,,62.53,"54,195.44"
24-Feb-2026,UPI/CR/TXN403578/C_ROY/YESB/Payment_fr_C_ROY,,34.27,"54,229.71"
24-Feb-2026,UPI/CR/TXN988456/P_BANERJEE/YESB/Payment_fr_P_BANERJEE,,75.74,"54,305.45"
24-Feb-2026,UPI/CR/TXN440131/S_DUTA/YESB/Payment_fr_S_DUTA,,70.57,"54,376.02"
24-Feb-2026,UPI/CR/TXN397949/B_BARUA/YESB/Payment_fr_B_BARUA,,91.38,"54,467.40"
24-Feb-2026,UPI/CR/TXN504832/B_BARUA/YESB/Payment_fr_B_BARUA,,81.12,"54,548.52"
24-Feb-2026,UPI/CR/TXN264686/M_MITRA/YESB/Payment_fr_M_MITRA,,39.56,"54,588.08"
24-Feb-2026,UPI/CR/TXN908977/S_GHOSH/YESB/Payment_fr_S_GHOSH,,7.88,"54,595.96"
24-Feb-2026,UPI/CR/TXN427704/J_HALDER/YESB/Payment_fr_J_HALDER,,59.26,"54,655.22"
24-Feb-2026,UPI/CR/TXN975679/P_BANERJEE/YESB/Payment_fr_P_BANERJEE,,1.46,"54,656.68"
24-Feb-2026,UPI/CR/TXN504924/P_PAUL/YESB/Payment_fr_P_PAUL,,13.35,"54,670.03"
24-Feb-2026,UPI/CR/TXN455395/C_ROY/YESB/Payment_fr_C_ROY,,39.71,"54,709.74"
24-Feb-2026,UPI/CR/TXN178686/P_NASKAR/YESB/Payment_fr_P_NASKAR,,73.98,"54,783.72"
24-Feb-2026,UPI/CR/TXN464863/P_BANERJEE/YESB/Payment_fr_P_BANERJEE,,34.33,"54,818.05"
24-Feb-2026,UPI/CR/TXN621546/RAM_SEN/YESB/Payment_fr_RAM_SEN,,29.65,"54,847.70"
24-Feb-2026,UPI/CR/TXN539486/A_CHAKRABORTY/YESB/Payment_fr_A_CHAKRABORTY,,89.62,"54,937.32"
24-Feb-2026,UPI/CR/TXN926952/G_MODAK/YESB/Payment_fr_G_MODAK,,22.78,"54,960.10"
24-Feb-2026,UPI/CR/TXN237414/S_BAG/YESB/Payment_fr_S_BAG,,65.61,"55,025.71"
24-Feb-2026,UPI/CR/TXN119927/M_MITRA/YESB/Payment_fr_M_MITRA,,8.42,"55,034.13"
24-Feb-2026,UPI/CR/TXN774225/B_PRAMANIK/YESB/Payment_fr_B_PRAMANIK,,44.25,"55,078.38"
25-Feb-2026,UPI/CR/TXN910208/S_BASU/YESB/Payment_fr_S_BASU,,73.45,"55,151.83"
25-Feb-2026,UPI/CR/TXN378535/G_MODAK/YESB/Payment_fr_G_MODAK,,15.16,"55,166.99"
25-Feb-2026,UPI/DR/TXN435112/AMUL_MILK_AGENCY/HDFC/Payment_to_AMUL_MILK_AGENCY,510.82,,"54,656.17"
25-Feb-2026,UPI/CR/TXN899649/B_NATH/YESB/Payment_fr_B_NATH,,81.88,"54,738.05"
25-Feb-2026,UPI/CR/TXN436814/D_SEN/YESB/Payment_fr_D_SEN,,8.86,"54,746.91"
25-Feb-2026,UPI/CR/TXN345369/A_BAKSHI/YESB/Payment_fr_A_BAKSHI,,79.37,"54,826.28"
25-Feb-2026,UPI/DR/TXN260891/ITC_FOODS/HDFC/Payment_to_ITC_FOODS,338.44,,"54,487.84"
25-Feb-2026,UPI/CR/TXN929822/M_GUHA/YESB/Payment_fr_M_GUHA,,20.31,"54,508.15"
25-Feb-2026,UPI/CR/TXN274739/J_HALDER/YESB/Payment_fr_J_HALDER,,35.63,"54,543.78"
25-Feb-2026,UPI/CR/TXN809176/N_DAS/YESB/Payment_fr_N_DAS,,41.50,"54,585.28"
25-Feb-2026,UPI/DR/TXN517368/RELIANCE_RETAIL/HDFC/Payment_to_RELIANCE_RETAIL,161.36,,"54,423.92"
25-Feb-2026,UPI/CR/TXN488028/R_SHAW/YESB/Payment_fr_R_SHAW,,79.54,"54,503.46"
25-Feb-2026,UPI/CR/TXN499889/P_PAUL/YESB/Payment_fr_P_PAUL,,83.83,"54,587.29"
25-Feb-2026,UPI/CR/TXN717457/P_PAUL/YESB/Payment_fr_P_PAUL,,92.35,"54,679.64"
25-Feb-2026,UPI/CR/TXN141043/P_DEY/YESB/Payment_fr_P_DEY,,69.69,"54,749.33"
25-Feb-2026,UPI/CR/TXN347745/G_MODAK/YESB/Payment_fr_G_MODAK,,51.10,"54,800.43"
25-Feb-2026,UPI/CR/TXN197758/M_MITRA/YESB/Payment_fr_M_MITRA,,1.81,"54,802.24"
25-Feb-2026,UPI/CR/TXN802685/A_CHANDA/YESB/Payment_fr_A_CHANDA,,20.11,"54,822.35"
25-Feb-2026,UPI/CR/TXN664742/A_BAKSHI/YESB/Payment_fr_A_BAKSHI,,79.74,"54,902.09"
25-Feb-2026,UPI/CR/TXN182804/P_DEY/YESB/Payment_fr_P_DEY,,39.67,"54,941.76"
25-Feb-2026,UPI/CR/TXN475644/RAM_SEN/YESB/Payment_fr_RAM_SEN,,42.89,"54,984.65"
25-Feb-2026,UPI/CR/TXN301332/D_CHATTERJEE/YESB/Payment_fr_D_CHATTERJEE,,8.02,"54,992.67"
25-Feb-2026,UPI/CR/TXN177060/A_BAKSHI/YESB/Payment_fr_A_BAKSHI,,86.90,"55,079.57"
25-Feb-2026,UPI/CR/TXN993744/M_GUHA/YESB/Payment_fr_M_GUHA,,30.61,"55,110.18"
26-Feb-2026,UPI/CR/TXN398768/S_BAG/YESB/Payment_fr_S_BAG,,64.61,"55,174.79"
26-Feb-2026,UPI/CR/TXN102973/R_HALDER/YESB/Payment_fr_R_HALDER,,37.16,"55,211.95"
26-Feb-2026,UPI/DR/TXN655178/KOLKATA_GRAINS/HDFC/Payment_to_KOLKATA_GRAINS,362.36,,"54,849.59"
26-Feb-2026,UPI/CR/TXN880879/A_CHANDA/YESB/Payment_fr_A_CHANDA,,42.47,"54,892.06"
26-Feb-2026,UPI/CR/TXN295892/M_GUHA/YESB/Payment_fr_M_GUHA,,74.93,"54,966.99"
26-Feb-2026,UPI/CR/TXN216242/J_BOSE/YESB/Payment_fr_J_BOSE,,19.18,"54,986.17"
26-Feb-2026,UPI/CR/TXN192410/S_SOM/YESB/Payment_fr_S_SOM,,78.57,"55,064.74"
26-Feb-2026,UPI/CR/TXN897305/S_GHOSH/YESB/Payment_fr_S_GHOSH,,87.63,"55,152.37"
26-Feb-2026,UPI/CR/TXN720148/S_BASU/YESB/Payment_fr_S_BASU,,58.88,"55,211.25"
26-Feb-2026,UPI/CR/TXN147623/T_ROY/YESB/Payment_fr_T_ROY,,11.49,"55,222.74"
26-Feb-2026,UPI/CR/TXN106402/R_DHAR/YESB/Payment_fr_R_DHAR,,31.34,"55,254.08"
26-Feb-2026,UPI/CR/TXN743378/S_BAG/YESB/Payment_fr_S_BAG,,80.09,"55,334.17"
26-Feb-2026,UPI/CR/TXN621841/P_PAUL/YESB/Payment_fr_P_PAUL,,67.76,"55,401.93"
26-Feb-2026,UPI/CR/TXN219346/K_GANGULY/YESB/Payment_fr_K_GANGULY,,59.66,"55,461.59"
26-Feb-2026,UPI/CR/TXN332120/S_BAG/YESB/Payment_fr_S_BAG,,35.62,"55,497.21"
26-Feb-2026,UPI/CR/TXN481995/C_ROY/YESB/Payment_fr_C_ROY,,83.77,"55,580.98"
26-Feb-2026,UPI/CR/TXN398910/B_NATH/YESB/Payment_fr_B_NATH,,63.11,"55,644.09"
26-Feb-2026,UPI/CR/TXN950360/S_GHOSH/YESB/Payment_fr_S_GHOSH,,23.26,"55,667.35"
26-Feb-2026,UPI/CR/TXN424620/M_MITRA/YESB/Payment_fr_M_MITRA,,83.08,"55,750.43"
26-Feb-2026,UPI/CR/TXN994787/B_BARUA/YESB/Payment_fr_B_BARUA,,58.71,"55,809.14"
26-Feb-2026,UPI/CR/TXN639593/S_MALAKAR/YESB/Payment_fr_S_MALAKAR,,59.53,"55,868.67"
26-Feb-2026,UPI/CR/TXN760626/A_K_ROY/YESB/Payment_fr_A_K_ROY,,60.94,"55,929.61"
26-Feb-2026,UPI/CR/TXN632351/S_GHOSH/YESB/Payment_fr_S_GHOSH,,50.38,"55,979.99"
26-Feb-2026,UPI/CR/TXN530764/B_NATH/YESB/Payment_fr_B_NATH,,14.48,"55,994.47"
27-Feb-2026,UPI/CR/TXN744883/M_MITRA/YESB/Payment_fr_M_MITRA,,3.16,"55,997.63"
27-Feb-2026,UPI/CR/TXN937302/K_MALLICK/YESB/Payment_fr_K_MALLICK,,29.88,"56,027.51"
27-Feb-2026,UPI/CR/TXN992512/S_BHATTACHARYA/YESB/Payment_fr_S_BHATTACHARYA,,31.70,"56,059.21"
27-Feb-2026,UPI/CR/TXN208633/R_DHAR/YESB/Payment_fr_R_DHAR,,79.73,"56,138.94"
27-Feb-2026,UPI/CR/TXN972176/M_MITRA/YESB/Payment_fr_M_MITRA,,40.09,"56,179.03"
27-Feb-2026,UPI/CR/TXN166165/D_PAL/YESB/Payment_fr_D_PAL,,72.59,"56,251.62"
27-Feb-2026,UPI/CR/TXN203896/A_CHANDA/YESB/Payment_fr_A_CHANDA,,35.64,"56,287.26"
27-Feb-2026,UPI/CR/TXN385470/S_MALAKAR/YESB/Payment_fr_S_MALAKAR,,67.74,"56,355.00"
27-Feb-2026,UPI/DR/TXN168093/NESTLE_INDIA/HDFC/Payment_to_NESTLE_INDIA,149.26,,"56,205.74"
27-Feb-2026,UPI/CR/TXN849014/M_GUHA/YESB/Payment_fr_M_GUHA,,61.00,"56,266.74"
27-Feb-2026,UPI/CR/TXN793024/A_CHANDA/YESB/Payment_fr_A_CHANDA,,23.25,"56,289.99"
27-Feb-2026,UPI/CR/TXN221761/D_CHATTERJEE/YESB/Payment_fr_D_CHATTERJEE,,92.07,"56,382.06"
27-Feb-2026,UPI/CR/TXN546980/S_MALAKAR/YESB/Payment_fr_S_MALAKAR,,28.34,"56,410.40"
27-Feb-2026,UPI/CR/TXN144412/A_BAKSHI/YESB/Payment_fr_A_BAKSHI,,78.84,"56,489.24"
27-Feb-2026,UPI/CR/TXN713762/P_DEY/YESB/Payment_fr_P_DEY,,10.17,"56,499.41"
27-Feb-2026,UPI/CR/TXN622584/G_MODAK/YESB/Payment_fr_G_MODAK,,83.13,"56,582.54"
27-Feb-2026,UPI/CR/TXN822131/S_MUKHERJEE/YESB/Payment_fr_S_MUKHERJEE,,56.20,"56,638.74"
27-Feb-2026,UPI/CR/TXN900177/S_DUTA/YESB/Payment_fr_S_DUTA,,21.79,"56,660.53"
27-Feb-2026,UPI/CR/TXN485191/D_CHATTERJEE/YESB/Payment_fr_D_CHATTERJEE,,45.20,"56,705.73"
27-Feb-2026,UPI/CR/TXN563516/R_HALDER/YESB/Payment_fr_R_HALDER,,80.07,"56,785.80"
27-Feb-2026,UPI/DR/TXN372933/PARLE_PRODUCTS/HDFC/Payment_to_PARLE_PRODUCTS,142.97,,"56,642.83"
27-Feb-2026,UPI/DR/TXN479052/PARLE_PRODUCTS/HDFC/Payment_to_PARLE_PRODUCTS,144.74,,"56,498.09"
27-Feb-2026,UPI/CR/TXN810687/K_MALLICK/YESB/Payment_fr_K_MALLICK,,18.36,"56,516.45"
28-Feb-2026,UPI/CR/TXN769975/T_ROY/YESB/Payment_fr_T_ROY,,54.79,"56,571.24"
28-Feb-2026,UPI/CR/TXN480959/S_MALAKAR/YESB/Payment_fr_S_MALAKAR,,32.09,"56,603.33"
28-Feb-2026,UPI/DR/TXN571778/BRITANNIA_SALES/HDFC/Payment_to_BRITANNIA_SALES,257.60,,"56,345.73"
28-Feb-2026,UPI/CR/TXN736553/N_DAS/YESB/Payment_fr_N_DAS,,44.20,"56,389.93"
28-Feb-2026,UPI/CR/TXN895702/D_PAL/YESB/Payment_fr_D_PAL,,69.78,"56,459.71"
28-Feb-2026,UPI/CR/TXN396578/RAM_SEN/YESB/Payment_fr_RAM_SEN,,35.87,"56,495.58"
28-Feb-2026,UPI/CR/TXN474440/A_K_ROY/YESB/Payment_fr_A_K_ROY,,88.66,"56,584.24"
28-Feb-2026,UPI/DR/TXN815054/PARLE_PRODUCTS/HDFC/Payment_to_PARLE_PRODUCTS,379.45,,"56,204.79"
28-Feb-2026,UPI/CR/TXN632060/B_PRAMANIK/YESB/Payment_fr_B_PRAMANIK,,83.23,"56,288.02"
28-Feb-2026,UPI/DR/TXN335134/HUL_DISTRIBUTORS/HDFC/Payment_to_HUL_DISTRIBUTORS,509.62,,"55,778.40"
28-Feb-2026,UPI/CR/TXN667296/D_CHATTERJEE/YESB/Payment_fr_D_CHATTERJEE,,81.38,"55,859.78"
28-Feb-2026,UPI/CR/TXN575755/D_SEN/YESB/Payment_fr_D_SEN,,19.57,"55,879.35"
28-Feb-2026,UPI/CR/TXN517568/K_GANGULY/YESB/Payment_fr_K_GANGULY,,78.71,"55,958.06"
28-Feb-2026,UPI/DR/TXN424314/SUDIP_DISTRIBUTORS/HDFC/Payment_to_SUDIP_DISTRIBUTORS,97.85,,"55,860.21"
28-Feb-2026,UPI/CR/TXN805511/S_SOM/YESB/Payment_fr_S_SOM,,85.75,"55,945.96"
28-Feb-2026,UPI/CR/TXN378258/P_DEY/YESB/Payment_fr_P_DEY,,7.63,"55,953.59"
28-Feb-2026,UPI/CR/TXN335615/M_MITRA/YESB/Payment_fr_M_MITRA,,52.33,"56,005.92"
28-Feb-2026,UPI/CR/TXN865054/C_ROY/YESB/Payment_fr_C_ROY,,1.25,"56,007.17"
28-Feb-2026,UPI/CR/TXN853448/P_PAUL/YESB/Payment_fr_P_PAUL,,62.22,"56,069.39"
28-Feb-2026,UPI/CR/TXN514463/N_DAS/YESB/Payment_fr_N_DAS,,89.78,"56,159.17"
28-Feb-2026,UPI/CR/TXN204180/S_SOM/YESB/Payment_fr_S_SOM,,8.26,"56,167.43"
28-Feb-2026,UPI/CR/TXN876962/G_MODAK/YESB/Payment_fr_G_MODAK,,75.16,"56,242.59"
28-Feb-2026,UPI/CR/TXN410244/B_PRAMANIK/YESB/Payment_fr_B_PRAMANIK,,7.41,"56,250.00"
01-Mar-2026,UPI/CR/TXN361989/T_SAMANTA/YESB/Payment_fr_T_SAMANTA,,79.07,"56,329.07"
01-Mar-2026,UPI/CR/TXN725339/S_BHATTACHARYA/YESB/Payment_fr_S_BHATTACHARYA,,44.99,"56,374.06"
01-Mar-2026,UPI/CR/TXN454245/S_BHATTACHARYA/YESB/Payment_fr_S_BHATTACHARYA,,17.01,"56,391.07"
01-Mar-2026,UPI/CR/TXN548377/RAM_SEN/YESB/Payment_fr_RAM_SEN,,109.22,"56,500.29"
01-Mar-2026,UPI/CR/TXN580728/S_SOM/YESB/Payment_fr_S_SOM,,86.39,"56,586.68"
01-Mar-2026,UPI/CR/TXN977633/A_KUNDU/YESB/Payment_fr_A_KUNDU,,99.76,"56,686.44"
01-Mar-2026,UPI/CR/TXN730889/N_DAS/YESB/Payment_fr_N_DAS,,9.62,"56,696.06"
01-Mar-2026,UPI/DR/TXN286450/BRITANNIA_SALES/HDFC/Payment_to_BRITANNIA_SALES,608.43,,"56,087.63"
01-Mar-2026,UPI/DR/TXN829943/PARLE_PRODUCTS/HDFC/Payment_to_PARLE_PRODUCTS,251.40,,"55,836.23"
01-Mar-2026,UPI/CR/TXN612530/S_SOM/YESB/Payment_fr_S_SOM,,61.09,"55,897.32"
01-Mar-2026,UPI/CR/TXN540208/P_PAUL/YESB/Payment_fr_P_PAUL,,26.82,"55,924.14"
01-Mar-2026,UPI/CR/TXN208584/D_PAL/YESB/Payment_fr_D_PAL,,104.40,"56,028.54"
01-Mar-2026,UPI/CR/TXN185916/D_SEN/YESB/Payment_fr_D_SEN,,105.23,"56,133.77"
01-Mar-2026,UPI/CR/TXN655149/P_BANERJEE/YESB/Payment_fr_P_BANERJEE,,96.11,"56,229.88"
01-Mar-2026,UPI/DR/TXN309612/GROCERY_WHOLESALE/HDFC/Payment_to_GROCERY_WHOLESALE,574.33,,"55,655.55"
01-Mar-2026,UPI/CR/TXN821673/S_BHATTACHARYA/YESB/Payment_fr_S_BHATTACHARYA,,25.39,"55,680.94"
01-Mar-2026,UPI/CR/TXN816308/M_MITRA/YESB/Payment_fr_M_MITRA,,75.37,"55,756.31"
01-Mar-2026,UPI/CR/TXN593821/S_MALAKAR/YESB/Payment_fr_S_MALAKAR,,21.22,"55,777.53"
01-Mar-2026,UPI/CR/TXN793856/J_HALDER/YESB/Payment_fr_J_HALDER,,16.77,"55,794.30"
01-Mar-2026,UPI/CR/TXN219562/A_BAKSHI/YESB/Payment_fr_A_BAKSHI,,66.73,"55,861.03"
01-Mar-2026,UPI/CR/TXN964607/S_MUKHERJEE/YESB/Payment_fr_S_MUKHERJEE,,10.47,"55,871.50"
01-Mar-2026,UPI/CR/TXN827250/T_SAMANTA/YESB/Payment_fr_T_SAMANTA,,88.68,"55,960.18"
02-Mar-2026,UPI/DR/TXN360297/PARLE_PRODUCTS/HDFC/Payment_to_PARLE_PRODUCTS,9.96,,"55,950.22"
02-Mar-2026,UPI/CR/TXN974625/G_MODAK/YESB/Payment_fr_G_MODAK,,69.56,"56,019.78"
02-Mar-2026,UPI/CR/TXN235691/M_MITRA/YESB/Payment_fr_M_MITRA,,19.93,"56,039.71"
02-Mar-2026,UPI/CR/TXN917411/B_PRAMANIK/YESB/Payment_fr_B_PRAMANIK,,77.03,"56,116.74"
02-Mar-2026,UPI/CR/TXN703656/N_DAS/YESB/Payment_fr_N_DAS,,64.12,"56,180.86"
02-Mar-2026,UPI/CR/TXN423331/B_NATH/YESB/Payment_fr_B_NATH,,112.51,"56,293.37"
02-Mar-2026,UPI/CR/TXN810446/B_PRAMANIK/YESB/Payment_fr_B_PRAMANIK,,109.29,"56,402.66"
02-Mar-2026,UPI/CR/TXN282176/A_K_ROY/YESB/Payment_fr_A_K_ROY,,45.31,"56,447.97"
02-Mar-2026,UPI/DR/TXN689179/NESTLE_INDIA/HDFC/Payment_to_NESTLE_INDIA,76.33,,"56,371.64"
02-Mar-2026,UPI/CR/TXN738635/R_HALDER/YESB/Payment_fr_R_HALDER,,19.77,"56,391.41"
02-Mar-2026,UPI/CR/TXN372804/T_ROY/YESB/Payment_fr_T_ROY,,81.79,"56,473.20"
02-Mar-2026,UPI/CR/TXN121215/S_SOM/YESB/Payment_fr_S_SOM,,12.03,"56,485.23"
02-Mar-2026,UPI/CR/TXN923914/S_GHOSH/YESB/Payment_fr_S_GHOSH,,78.24,"56,563.47"
02-Mar-2026,UPI/CR/TXN213000/M_GUHA/YESB/Payment_fr_M_GUHA,,103.99,"56,667.46"
02-Mar-2026,UPI/CR/TXN328808/K_MALLICK/YESB/Payment_fr_K_MALLICK,,65.33,"56,732.79"
02-Mar-2026,UPI/CR/TXN348273/D_PAL/YESB/Payment_fr_D_PAL,,16.76,"56,749.55"
02-Mar-2026,UPI/CR/TXN596025/R_HALDER/YESB/Payment_fr_R_HALDER,,103.94,"56,853.49"
02-Mar-2026,UPI/CR/TXN197545/S_BASU/YESB/Payment_fr_S_BASU,,62.63,"56,916.12"
02-Mar-2026,UPI/CR/TXN641922/B_PRAMANIK/YESB/Payment_fr_B_PRAMANIK,,5.23,"56,921.35"
02-Mar-2026,UPI/CR/TXN315477/G_MODAK/YESB/Payment_fr_G_MODAK,,45.55,"56,966.90"
02-Mar-2026,UPI/DR/TXN689593/RELIANCE_RETAIL/HDFC/Payment_to_RELIANCE_RETAIL,536.48,,"56,430.42"
02-Mar-2026,UPI/CR/TXN530849/R_DHAR/YESB/Payment_fr_R_DHAR,,112.58,"56,543.00"
03-Mar-2026,UPI/CR/TXN164664/RAM_SEN/YESB/Payment_fr_RAM_SEN,,103.66,"56,646.66"
03-Mar-2026,UPI/CR/TXN489043/P_DEY/YESB/Payment_fr_P_DEY,,106.45,"56,753.11"
03-Mar-2026,UPI/CR/TXN162804/D_CHATTERJEE/YESB/Payment_fr_D_CHATTERJEE,,64.77,"56,817.88"
03-Mar-2026,UPI/CR/TXN538967/S_BHATTACHARYA/YESB/Payment_fr_S_BHATTACHARYA,,51.28,"56,869.16"
03-Mar-2026,UPI/DR/TXN767814/NESTLE_INDIA/HDFC/Payment_to_NESTLE_INDIA,310.61,,"56,558.55"
03-Mar-2026,UPI/CR/TXN628689/P_MANDAL/YESB/Payment_fr_P_MANDAL,,66.63,"56,625.18"
03-Mar-2026,UPI/CR/TXN237064/N_DAS/YESB/Payment_fr_N_DAS,,59.70,"56,684.88"
03-Mar-2026,UPI/CR/TXN487345/B_BARUA/YESB/Payment_fr_B_BARUA,,24.54,"56,709.42"
03-Mar-2026,UPI/CR/TXN361609/P_NASKAR/YESB/Payment_fr_P_NASKAR,,51.34,"56,760.76"
03-Mar-2026,UPI/CR/TXN719446/C_ROY/YESB/Payment_fr_C_ROY,,42.18,"56,802.94"
03-Mar-2026,UPI/CR/TXN254610/S_BAG/YESB/Payment_fr_S_BAG,,79.49,"56,882.43"
03-Mar-2026,UPI/CR/TXN409963/D_CHATTERJEE/YESB/Payment_fr_D_CHATTERJEE,,80.44,"56,962.87"
03-Mar-2026,UPI/CR/TXN448098/S_MUKHERJEE/YESB/Payment_fr_S_MUKHERJEE,,62.15,"57,025.02"
03-Mar-2026,UPI/CR/TXN412687/S_DUTA/YESB/Payment_fr_S_DUTA,,28.78,"57,053.80"
03-Mar-2026,UPI/CR/TXN644315/M_GUHA/YESB/Payment_fr_M_GUHA,,50.54,"57,104.34"
03-Mar-2026,UPI/CR/TXN559507/B_BARUA/YESB/Payment_fr_B_BARUA,,20.06,"57,124.40"
03-Mar-2026,UPI/CR/TXN578073/D_SEN/YESB/Payment_fr_D_SEN,,95.34,"57,219.74"
03-Mar-2026,UPI/CR/TXN655550/S_SARKAR/YESB/Payment_fr_S_SARKAR,,23.04,"57,242.78"
03-Mar-2026,UPI/CR/TXN837606/R_DHAR/YESB/Payment_fr_R_DHAR,,2.95,"57,245.73"
03-Mar-2026,UPI/CR/TXN811346/B_PRAMANIK/YESB/Payment_fr_B_PRAMANIK,,43.87,"57,289.60"
03-Mar-2026,UPI/CR/TXN621917/S_GHOSH/YESB/Payment_fr_S_GHOSH,,101.00,"57,390.60"
03-Mar-2026,UPI/CR/TXN507135/S_MALAKAR/YESB/Payment_fr_S_MALAKAR,,19.81,"57,410.41"
04-Mar-2026,UPI/DR/TXN805034/RELIANCE_RETAIL/HDFC/Payment_to_RELIANCE_RETAIL,327.84,,"57,082.57"
04-Mar-2026,UPI/CR/TXN917711/B_PRAMANIK/YESB/Payment_fr_B_PRAMANIK,,13.89,"57,096.46"
04-Mar-2026,UPI/CR/TXN850689/S_SOM/YESB/Payment_fr_S_SOM,,9.28,"57,105.74"
04-Mar-2026,UPI/CR/TXN605139/S_GHOSH/YESB/Payment_fr_S_GHOSH,,22.02,"57,127.76"
04-Mar-2026,UPI/CR/TXN941403/P_DEY/YESB/Payment_fr_P_DEY,,71.95,"57,199.71"
04-Mar-2026,UPI/CR/TXN810614/N_DAS/YESB/Payment_fr_N_DAS,,20.40,"57,220.11"
04-Mar-2026,UPI/CR/TXN794125/P_NASKAR/YESB/Payment_fr_P_NASKAR,,95.75,"57,315.86"
04-Mar-2026,UPI/CR/TXN388339/P_DEY/YESB/Payment_fr_P_DEY,,46.39,"57,362.25"
04-Mar-2026,UPI/DR/TXN507777/HUL_DISTRIBUTORS/HDFC/Payment_to_HUL_DISTRIBUTORS,140.87,,"57,221.38"
04-Mar-2026,UPI/CR/TXN834764/S_MALAKAR/YESB/Payment_fr_S_MALAKAR,,100.46,"57,321.84"
04-Mar-2026,UPI/CR/TXN850432/A_CHANDA/YESB/Payment_fr_A_CHANDA,,97.30,"57,419.14"
04-Mar-2026,UPI/CR/TXN855408/S_GHOSH/YESB/Payment_fr_S_GHOSH,,59.33,"57,478.47"
04-Mar-2026,UPI/CR/TXN787237/A_K_ROY/YESB/Payment_fr_A_K_ROY,,56.05,"57,534.52"
04-Mar-2026,UPI/CR/TXN150578/A_K_ROY/YESB/Payment_fr_A_K_ROY,,109.71,"57,644.23"
04-Mar-2026,UPI/CR/TXN820141/J_HALDER/YESB/Payment_fr_J_HALDER,,71.76,"57,715.99"
04-Mar-2026,UPI/CR/TXN918207/A_K_ROY/YESB/Payment_fr_A_K_ROY,,103.73,"57,819.72"
04-Mar-2026,UPI/DR/TXN429159/HUL_DISTRIBUTORS/HDFC/Payment_to_HUL_DISTRIBUTORS,468.33,,"57,351.39"
04-Mar-2026,UPI/CR/TXN986486/T_ROY/YESB/Payment_fr_T_ROY,,64.31,"57,415.70"
04-Mar-2026,UPI/DR/TXN922458/NESTLE_INDIA/HDFC/Payment_to_NESTLE_INDIA,409.83,,"57,005.87"
04-Mar-2026,UPI/CR/TXN682959/A_BAKSHI/YESB/Payment_fr_A_BAKSHI,,57.22,"57,063.09"
04-Mar-2026,UPI/CR/TXN963684/A_KUNDU/YESB/Payment_fr_A_KUNDU,,28.04,"57,091.13"
04-Mar-2026,UPI/CR/TXN945372/A_CHANDA/YESB/Payment_fr_A_CHANDA,,61.50,"57,152.63"
05-Mar-2026,UPI/CR/TXN748276/G_MODAK/YESB/Payment_fr_G_MODAK,,82.68,"57,235.31"
05-Mar-2026,UPI/CR/TXN674295/D_SEN/YESB/Payment_fr_D_SEN,,107.09,"57,342.40"
05-Mar-2026,UPI/CR/TXN182790/T_ROY/YESB/Payment_fr_T_ROY,,104.27,"57,446.67"
05-Mar-2026,UPI/CR/TXN771712/S_BASU/YESB/Payment_fr_S_BASU,,70.31,"57,516.98"
05-Mar-2026,UPI/CR/TXN370413/R_HALDER/YESB/Payment_fr_R_HALDER,,64.03,"57,581.01"
05-Mar-2026,UPI/CR/TXN376085/S_DUTA/YESB/Payment_fr_S_DUTA,,93.97,"57,674.98"
05-Mar-2026,UPI/CR/TXN357724/S_BAG/YESB/Payment_fr_S_BAG,,79.63,"57,754.61"
05-Mar-2026,UPI/CR/TXN969067/S_GHOSH/YESB/Payment_fr_S_GHOSH,,31.95,"57,786.56"
05-Mar-2026,UPI/CR/TXN277193/K_GANGULY/YESB/Payment_fr_K_GANGULY,,78.72,"57,865.28"
05-Mar-2026,UPI/CR/TXN599397/P_PAUL/YESB/Payment_fr_P_PAUL,,60.81,"57,926.09"
05-Mar-2026,UPI/CR/TXN688730/S_SOM/YESB/Payment_fr_S_SOM,,20.48,"57,946.57"
05-Mar-2026,UPI/CR/TXN112964/S_MUKHERJEE/YESB/Payment_fr_S_MUKHERJEE,,12.14,"57,958.71"
05-Mar-2026,UPI/CR/TXN281201/J_HALDER/YESB/Payment_fr_J_HALDER,,73.71,"58,032.42"
05-Mar-2026,UPI/CR/TXN990247/B_BARUA/YESB/Payment_fr_B_BARUA,,81.55,"58,113.97"
05-Mar-2026,UPI/CR/TXN976530/S_SARKAR/YESB/Payment_fr_S_SARKAR,,103.07,"58,217.04"
05-Mar-2026,UPI/DR/TXN667460/PARLE_PRODUCTS/HDFC/Payment_to_PARLE_PRODUCTS,156.46,,"58,060.58"
05-Mar-2026,UPI/CR/TXN676363/B_PRAMANIK/YESB/Payment_fr_B_PRAMANIK,,36.77,"58,097.35"
05-Mar-2026,UPI/CR/TXN451291/RAM_SEN/YESB/Payment_fr_RAM_SEN,,62.93,"58,160.28"
05-Mar-2026,UPI/CR/TXN326061/S_MALAKAR/YESB/Payment_fr_S_MALAKAR,,18.18,"58,178.46"
05-Mar-2026,UPI/CR/TXN898169/S_SARKAR/YESB/Payment_fr_S_SARKAR,,64.80,"58,243.26"
05-Mar-2026,UPI/CR/TXN321659/A_BAKSHI/YESB/Payment_fr_A_BAKSHI,,83.83,"58,327.09"
05-Mar-2026,UPI/CR/TXN120053/S_MALAKAR/YESB/Payment_fr_S_MALAKAR,,89.88,"58,416.97"
06-Mar-2026,UPI/CR/TXN446663/P_BANERJEE/YESB/Payment_fr_P_BANERJEE,,48.91,"58,465.88"
06-Mar-2026,UPI/CR/TXN765213/P_NASKAR/YESB/Payment_fr_P_NASKAR,,28.77,"58,494.65"
06-Mar-2026,UPI/CR/TXN552275/A_K_ROY/YESB/Payment_fr_A_K_ROY,,50.30,"58,544.95"
06-Mar-2026,UPI/CR/TXN885342/K_MALLICK/YESB/Payment_fr_K_MALLICK,,109.01,"58,653.96"
06-Mar-2026,UPI/CR/TXN411847/D_SEN/YESB/Payment_fr_D_SEN,,54.63,"58,708.59"
06-Mar-2026,UPI/DR/TXN503348/MOTHER_DAIRY_CO/HDFC/Payment_to_MOTHER_DAIRY_CO,416.29,,"58,292.30"
06-Mar-2026,UPI/CR/TXN845702/M_MITRA/YESB/Payment_fr_M_MITRA,,2.89,"58,295.19"
06-Mar-2026,UPI/CR/TXN501650/K_MALLICK/YESB/Payment_fr_K_MALLICK,,55.05,"58,350.24"
06-Mar-2026,UPI/CR/TXN152796/S_BASU/YESB/Payment_fr_S_BASU,,106.26,"58,456.50"
06-Mar-2026,UPI/CR/TXN361250/S_BHATTACHARYA/YESB/Payment_fr_S_BHATTACHARYA,,101.07,"58,557.57"
06-Mar-2026,UPI/CR/TXN597126/RAM_SEN/YESB/Payment_fr_RAM_SEN,,67.04,"58,624.61"
06-Mar-2026,UPI/CR/TXN498724/A_BAKSHI/YESB/Payment_fr_A_BAKSHI,,79.01,"58,703.62"
06-Mar-2026,UPI/CR/TXN769320/A_CHAKRABORTY/YESB/Payment_fr_A_CHAKRABORTY,,26.24,"58,729.86"
06-Mar-2026,UPI/CR/TXN606390/P_MANDAL/YESB/Payment_fr_P_MANDAL,,49.99,"58,779.85"
06-Mar-2026,UPI/CR/TXN601207/S_BHATTACHARYA/YESB/Payment_fr_S_BHATTACHARYA,,69.69,"58,849.54"
06-Mar-2026,UPI/CR/TXN699809/D_CHATTERJEE/YESB/Payment_fr_D_CHATTERJEE,,34.12,"58,883.66"
06-Mar-2026,UPI/CR/TXN148759/C_ROY/YESB/Payment_fr_C_ROY,,109.95,"58,993.61"
06-Mar-2026,UPI/CR/TXN161437/S_BASU/YESB/Payment_fr_S_BASU,,21.16,"59,014.77"
06-Mar-2026,UPI/CR/TXN132591/P_DEY/YESB/Payment_fr_P_DEY,,60.96,"59,075.73"
06-Mar-2026,UPI/CR/TXN893612/A_CHANDA/YESB/Payment_fr_A_CHANDA,,16.27,"59,092.00"
06-Mar-2026,UPI/CR/TXN740524/K_MALLICK/YESB/Payment_fr_K_MALLICK,,46.06,"59,138.06"
06-Mar-2026,UPI/CR/TXN963508/S_SOM/YESB/Payment_fr_S_SOM,,32.22,"59,170.28"
07-Mar-2026,UPI/CR/TXN673619/J_BOSE/YESB/Payment_fr_J_BOSE,,45.32,"59,215.60"
07-Mar-2026,UPI/CR/TXN529161/A_KUNDU/YESB/Payment_fr_A_KUNDU,,34.68,"59,250.28"
07-Mar-2026,UPI/CR/TXN537020/B_NATH/YESB/Payment_fr_B_NATH,,72.03,"59,322.31"
07-Mar-2026,UPI/CR/TXN261050/D_CHATTERJEE/YESB/Payment_fr_D_CHATTERJEE,,83.21,"59,405.52"
07-Mar-2026,UPI/CR/TXN255875/B_BARUA/YESB/Payment_fr_B_BARUA,,40.39,"59,445.91"
07-Mar-2026,UPI/CR/TXN321449/D_PAL/YESB/Payment_fr_D_PAL,,46.12,"59,492.03"
07-Mar-2026,UPI/CR/TXN511987/P_NASKAR/YESB/Payment_fr_P_NASKAR,,45.61,"59,537.64"
07-Mar-2026,UPI/CR/TXN174675/S_BAG/YESB/Payment_fr_S_BAG,,4.73,"59,542.37"
07-Mar-2026,UPI/CR/TXN736818/R_SHAW/YESB/Payment_fr_R_SHAW,,49.22,"59,591.59"
07-Mar-2026,UPI/CR/TXN896204/S_GHOSH/YESB/Payment_fr_S_GHOSH,,2.67,"59,594.26"
07-Mar-2026,UPI/CR/TXN992952/B_BARUA/YESB/Payment_fr_B_BARUA,,44.52,"59,638.78"
07-Mar-2026,UPI/CR/TXN265154/D_PAL/YESB/Payment_fr_D_PAL,,28.65,"59,667.43"
07-Mar-2026,UPI/CR/TXN757128/RAM_SEN/YESB/Payment_fr_RAM_SEN,,7.75,"59,675.18"
07-Mar-2026,UPI/CR/TXN523727/R_HALDER/YESB/Payment_fr_R_HALDER,,63.85,"59,739.03"
07-Mar-2026,UPI/CR/TXN605339/P_PAUL/YESB/Payment_fr_P_PAUL,,14.88,"59,753.91"
07-Mar-2026,UPI/CR/TXN558976/R_DHAR/YESB/Payment_fr_R_DHAR,,9.83,"59,763.74"
07-Mar-2026,UPI/CR/TXN196446/D_PAL/YESB/Payment_fr_D_PAL,,52.39,"59,816.13"
07-Mar-2026,UPI/CR/TXN602985/R_DHAR/YESB/Payment_fr_R_DHAR,,101.79,"59,917.92"
07-Mar-2026,UPI/CR/TXN993251/P_BANERJEE/YESB/Payment_fr_P_BANERJEE,,73.13,"59,991.05"
07-Mar-2026,UPI/CR/TXN383091/S_BHATTACHARYA/YESB/Payment_fr_S_BHATTACHARYA,,37.19,"60,028.24"
07-Mar-2026,UPI/CR/TXN482614/S_BHATTACHARYA/YESB/Payment_fr_S_BHATTACHARYA,,21.87,"60,050.11"
07-Mar-2026,UPI/CR/TXN371393/P_MANDAL/YESB/Payment_fr_P_MANDAL,,40.72,"60,090.83"
08-Mar-2026,UPI/DR/TXN897730/SUDIP_DISTRIBUTORS/HDFC/Payment_to_SUDIP_DISTRIBUTORS,36.55,,"60,054.28"
08-Mar-2026,UPI/CR/TXN311727/J_HALDER/YESB/Payment_fr_J_HALDER,,19.71,"60,073.99"
08-Mar-2026,UPI/DR/TXN635740/DELHI_SPICES/HDFC/Payment_to_DELHI_SPICES,322.82,,"59,751.17"
08-Mar-2026,UPI/CR/TXN640299/P_NASKAR/YESB/Payment_fr_P_NASKAR,,48.75,"59,799.92"
08-Mar-2026,UPI/CR/TXN722774/P_NASKAR/YESB/Payment_fr_P_NASKAR,,98.18,"59,898.10"
08-Mar-2026,UPI/CR/TXN210766/S_GHOSH/YESB/Payment_fr_S_GHOSH,,52.85,"59,950.95"
08-Mar-2026,UPI/CR/TXN769191/R_SHAW/YESB/Payment_fr_R_SHAW,,41.90,"59,992.85"
08-Mar-2026,UPI/CR/TXN734366/C_ROY/YESB/Payment_fr_C_ROY,,90.48,"60,083.33"
08-Mar-2026,UPI/CR/TXN427252/R_DHAR/YESB/Payment_fr_R_DHAR,,74.38,"60,157.71"
08-Mar-2026,UPI/CR/TXN729094/S_BAG/YESB/Payment_fr_S_BAG,,53.74,"60,211.45"
08-Mar-2026,UPI/CR/TXN999924/D_CHATTERJEE/YESB/Payment_fr_D_CHATTERJEE,,6.12,"60,217.57"
08-Mar-2026,UPI/CR/TXN568325/M_GUHA/YESB/Payment_fr_M_GUHA,,88.15,"60,305.72"
08-Mar-2026,UPI/CR/TXN408857/M_MITRA/YESB/Payment_fr_M_MITRA,,88.47,"60,394.19"
08-Mar-2026,UPI/CR/TXN993590/B_NATH/YESB/Payment_fr_B_NATH,,61.18,"60,455.37"
08-Mar-2026,UPI/CR/TXN415743/RAM_SEN/YESB/Payment_fr_RAM_SEN,,109.26,"60,564.63"
08-Mar-2026,UPI/CR/TXN467506/J_BOSE/YESB/Payment_fr_J_BOSE,,112.01,"60,676.64"
08-Mar-2026,UPI/CR/TXN910143/D_CHATTERJEE/YESB/Payment_fr_D_CHATTERJEE,,36.89,"60,713.53"
08-Mar-2026,UPI/CR/TXN255528/A_CHANDA/YESB/Payment_fr_A_CHANDA,,74.76,"60,788.29"
08-Mar-2026,UPI/CR/TXN742686/T_SAMANTA/YESB/Payment_fr_T_SAMANTA,,49.09,"60,837.38"
08-Mar-2026,UPI/CR/TXN904092/R_DHAR/YESB/Payment_fr_R_DHAR,,2.88,"60,840.26"
08-Mar-2026,UPI/CR/TXN904812/S_BHATTACHARYA/YESB/Payment_fr_S_BHATTACHARYA,,84.70,"60,924.96"
08-Mar-2026,UPI/DR/TXN918859/AMUL_MILK_AGENCY/HDFC/Payment_to_AMUL_MILK_AGENCY,461.99,,"60,462.97"
09-Mar-2026,UPI/CR/TXN199613/B_NATH/YESB/Payment_fr_B_NATH,,49.07,"60,512.04"
09-Mar-2026,UPI/DR/TXN268752/PARLE_PRODUCTS/HDFC/Payment_to_PARLE_PRODUCTS,599.28,,"59,912.76"
09-Mar-2026,UPI/CR/TXN942946/S_GHOSH/YESB/Payment_fr_S_GHOSH,,106.08,"60,018.84"
09-Mar-2026,UPI/CR/TXN856320/D_PAL/YESB/Payment_fr_D_PAL,,46.82,"60,065.66"
09-Mar-2026,UPI/CR/TXN812730/P_DEY/YESB/Payment_fr_P_DEY,,111.80,"60,177.46"
09-Mar-2026,UPI/CR/TXN915749/A_KUNDU/YESB/Payment_fr_A_KUNDU,,6.26,"60,183.72"
09-Mar-2026,UPI/CR/TXN876936/C_ROY/YESB/Payment_fr_C_ROY,,58.76,"60,242.48"
09-Mar-2026,UPI/CR/TXN623059/D_PAL/YESB/Payment_fr_D_PAL,,86.37,"60,328.85"
09-Mar-2026,UPI/CR/TXN166412/S_DUTA/YESB/Payment_fr_S_DUTA,,19.46,"60,348.31"
09-Mar-2026,UPI/CR/TXN597635/P_DEY/YESB/Payment_fr_P_DEY,,23.14,"60,371.45"
09-Mar-2026,UPI/CR/TXN496764/P_DEY/YESB/Payment_fr_P_DEY,,11.35,"60,382.80"
09-Mar-2026,UPI/CR/TXN568784/D_CHATTERJEE/YESB/Payment_fr_D_CHATTERJEE,,73.30,"60,456.10"
09-Mar-2026,UPI/CR/TXN507247/A_CHANDA/YESB/Payment_fr_A_CHANDA,,104.35,"60,560.45"
09-Mar-2026,UPI/CR/TXN334639/RAM_SEN/YESB/Payment_fr_RAM_SEN,,27.77,"60,588.22"
09-Mar-2026,UPI/CR/TXN958160/B_BARUA/YESB/Payment_fr_B_BARUA,,43.23,"60,631.45"
09-Mar-2026,UPI/CR/TXN955937/A_CHAKRABORTY/YESB/Payment_fr_A_CHAKRABORTY,,104.87,"60,736.32"
09-Mar-2026,UPI/CR/TXN581294/R_DHAR/YESB/Payment_fr_R_DHAR,,67.74,"60,804.06"
09-Mar-2026,UPI/CR/TXN493580/A_CHAKRABORTY/YESB/Payment_fr_A_CHAKRABORTY,,19.80,"60,823.86"
09-Mar-2026,UPI/CR/TXN140666/S_MALAKAR/YESB/Payment_fr_S_MALAKAR,,39.44,"60,863.30"
09-Mar-2026,UPI/CR/TXN477712/D_SEN/YESB/Payment_fr_D_SEN,,82.21,"60,945.51"
09-Mar-2026,UPI/CR/TXN337256/P_PAUL/YESB/Payment_fr_P_PAUL,,32.10,"60,977.61"
09-Mar-2026,UPI/CR/TXN691655/S_BASU/YESB/Payment_fr_S_BASU,,89.93,"61,067.54"
10-Mar-2026,UPI/CR/TXN459836/A_KUNDU/YESB/Payment_fr_A_KUNDU,,25.76,"61,093.30"
10-Mar-2026,UPI/CR/TXN961574/M_MITRA/YESB/Payment_fr_M_MITRA,,47.35,"61,140.65"
10-Mar-2026,UPI/CR/TXN150486/RAM_SEN/YESB/Payment_fr_RAM_SEN,,77.67,"61,218.32"
10-Mar-2026,UPI/DR/TXN819964/METRO_CASH_CARRY/HDFC/Payment_to_METRO_CASH_CARRY,269.06,,"60,949.26"
10-Mar-2026,UPI/CR/TXN720432/S_SOM/YESB/Payment_fr_S_SOM,,86.19,"61,035.45"
10-Mar-2026,UPI/CR/TXN491738/J_BOSE/YESB/Payment_fr_J_BOSE,,66.56,"61,102.01"
10-Mar-2026,UPI/CR/TXN836109/RAM_SEN/YESB/Payment_fr_RAM_SEN,,12.55,"61,114.56"
10-Mar-2026,UPI/CR/TXN534096/A_CHAKRABORTY/YESB/Payment_fr_A_CHAKRABORTY,,29.35,"61,143.91"
10-Mar-2026,UPI/CR/TXN998235/A_CHANDA/YESB/Payment_fr_A_CHANDA,,90.06,"61,233.97"
10-Mar-2026,UPI/CR/TXN139807/D_CHATTERJEE/YESB/Payment_fr_D_CHATTERJEE,,12.04,"61,246.01"
10-Mar-2026,UPI/CR/TXN638214/C_ROY/YESB/Payment_fr_C_ROY,,90.55,"61,336.56"
10-Mar-2026,UPI/CR/TXN433507/A_CHANDA/YESB/Payment_fr_A_CHANDA,,111.74,"61,448.30"
10-Mar-2026,UPI/CR/TXN629663/S_MUKHERJEE/YESB/Payment_fr_S_MUKHERJEE,,79.73,"61,528.03"
10-Mar-2026,UPI/CR/TXN766275/S_MALAKAR/YESB/Payment_fr_S_MALAKAR,,90.03,"61,618.06"
10-Mar-2026,UPI/CR/TXN987599/B_NATH/YESB/Payment_fr_B_NATH,,43.06,"61,661.12"
10-Mar-2026,UPI/CR/TXN774567/T_SAMANTA/YESB/Payment_fr_T_SAMANTA,,95.74,"61,756.86"
10-Mar-2026,UPI/CR/TXN998746/S_SARKAR/YESB/Payment_fr_S_SARKAR,,40.44,"61,797.30"
10-Mar-2026,UPI/CR/TXN862422/A_CHANDA/YESB/Payment_fr_A_CHANDA,,73.17,"61,870.47"
10-Mar-2026,UPI/CR/TXN985331/N_DAS/YESB/Payment_fr_N_DAS,,48.13,"61,918.60"
10-Mar-2026,UPI/CR/TXN333524/K_GANGULY/YESB/Payment_fr_K_GANGULY,,4.12,"61,922.72"
10-Mar-2026,UPI/CR/TXN966529/T_ROY/YESB/Payment_fr_T_ROY,,72.36,"61,995.08"
10-Mar-2026,UPI/CR/TXN956255/P_NASKAR/YESB/Payment_fr_P_NASKAR,,94.83,"62,089.91"
11-Mar-2026,UPI/CR/TXN510623/B_PRAMANIK/YESB/Payment_fr_B_PRAMANIK,,10.88,"62,100.79"
11-Mar-2026,UPI/CR/TXN655575/B_BARUA/YESB/Payment_fr_B_BARUA,,10.84,"62,111.63"
11-Mar-2026,UPI/CR/TXN381342/S_BAG/YESB/Payment_fr_S_BAG,,67.44,"62,179.07"
11-Mar-2026,UPI/CR/TXN823415/B_BARUA/YESB/Payment_fr_B_BARUA,,97.22,"62,276.29"
11-Mar-2026,UPI/CR/TXN303993/P_BANERJEE/YESB/Payment_fr_P_BANERJEE,,30.48,"62,306.77"
11-Mar-2026,UPI/CR/TXN829987/D_PAL/YESB/Payment_fr_D_PAL,,11.11,"62,317.88"
11-Mar-2026,UPI/CR/TXN506351/A_CHAKRABORTY/YESB/Payment_fr_A_CHAKRABORTY,,82.35,"62,400.23"
11-Mar-2026,UPI/CR/TXN218423/D_CHATTERJEE/YESB/Payment_fr_D_CHATTERJEE,,64.04,"62,464.27"
11-Mar-2026,UPI/CR/TXN597440/K_MALLICK/YESB/Payment_fr_K_MALLICK,,90.00,"62,554.27"
11-Mar-2026,UPI/CR/TXN257880/P_PAUL/YESB/Payment_fr_P_PAUL,,6.23,"62,560.50"
11-Mar-2026,UPI/CR/TXN804258/RAM_SEN/YESB/Payment_fr_RAM_SEN,,102.70,"62,663.20"
11-Mar-2026,UPI/CR/TXN242723/A_KUNDU/YESB/Payment_fr_A_KUNDU,,94.84,"62,758.04"
11-Mar-2026,UPI/CR/TXN961760/D_PAL/YESB/Payment_fr_D_PAL,,86.81,"62,844.85"
11-Mar-2026,UPI/CR/TXN626797/B_PRAMANIK/YESB/Payment_fr_B_PRAMANIK,,31.41,"62,876.26"
11-Mar-2026,UPI/CR/TXN983788/S_BASU/YESB/Payment_fr_S_BASU,,8.63,"62,884.89"
11-Mar-2026,UPI/CR/TXN522866/B_BARUA/YESB/Payment_fr_B_BARUA,,98.95,"62,983.84"
11-Mar-2026,UPI/CR/TXN869649/T_ROY/YESB/Payment_fr_T_ROY,,106.45,"63,090.29"
11-Mar-2026,UPI/CR/TXN233534/D_SEN/YESB/Payment_fr_D_SEN,,50.80,"63,141.09"
11-Mar-2026,UPI/CR/TXN919023/K_GANGULY/YESB/Payment_fr_K_GANGULY,,107.62,"63,248.71"
11-Mar-2026,UPI/CR/TXN104895/B_BARUA/YESB/Payment_fr_B_BARUA,,107.50,"63,356.21"
11-Mar-2026,UPI/CR/TXN627786/B_BARUA/YESB/Payment_fr_B_BARUA,,15.95,"63,372.16"
11-Mar-2026,UPI/CR/TXN274418/C_ROY/YESB/Payment_fr_C_ROY,,31.16,"63,403.32"
12-Mar-2026,UPI/CR/TXN978343/R_SHAW/YESB/Payment_fr_R_SHAW,,55.80,"63,459.12"
12-Mar-2026,UPI/CR/TXN498197/S_BAG/YESB/Payment_fr_S_BAG,,98.80,"63,557.92"
12-Mar-2026,UPI/CR/TXN472390/M_GUHA/YESB/Payment_fr_M_GUHA,,104.17,"63,662.09"
12-Mar-2026,UPI/CR/TXN457311/D_PAL/YESB/Payment_fr_D_PAL,,37.58,"63,699.67"
12-Mar-2026,UPI/DR/TXN537757/NESTLE_INDIA/HDFC/Payment_to_NESTLE_INDIA,482.98,,"63,216.69"
12-Mar-2026,UPI/CR/TXN331625/S_BAG/YESB/Payment_fr_S_BAG,,12.66,"63,229.35"
12-Mar-2026,UPI/CR/TXN955653/B_PRAMANIK/YESB/Payment_fr_B_PRAMANIK,,90.02,"63,319.37"
12-Mar-2026,UPI/CR/TXN264735/J_HALDER/YESB/Payment_fr_J_HALDER,,93.11,"63,412.48"
12-Mar-2026,UPI/CR/TXN191254/J_BOSE/YESB/Payment_fr_J_BOSE,,73.36,"63,485.84"
12-Mar-2026,UPI/CR/TXN954017/P_MANDAL/YESB/Payment_fr_P_MANDAL,,41.41,"63,527.25"
12-Mar-2026,UPI/CR/TXN273438/D_CHATTERJEE/YESB/Payment_fr_D_CHATTERJEE,,28.85,"63,556.10"
12-Mar-2026,UPI/CR/TXN571404/R_SHAW/YESB/Payment_fr_R_SHAW,,6.55,"63,562.65"
12-Mar-2026,UPI/CR/TXN864234/P_DEY/YESB/Payment_fr_P_DEY,,86.16,"63,648.81"
12-Mar-2026,UPI/CR/TXN985364/P_NASKAR/YESB/Payment_fr_P_NASKAR,,91.14,"63,739.95"
12-Mar-2026,UPI/CR/TXN516444/S_BAG/YESB/Payment_fr_S_BAG,,61.15,"63,801.10"
12-Mar-2026,UPI/CR/TXN393366/M_MITRA/YESB/Payment_fr_M_MITRA,,38.13,"63,839.23"
12-Mar-2026,UPI/DR/TXN574579/AMUL_MILK_AGENCY/HDFC/Payment_to_AMUL_MILK_AGENCY,201.03,,"63,638.20"
12-Mar-2026,UPI/CR/TXN976303/S_BASU/YESB/Payment_fr_S_BASU,,14.60,"63,652.80"
12-Mar-2026,UPI/CR/TXN189870/S_GHOSH/YESB/Payment_fr_S_GHOSH,,16.67,"63,669.47"
12-Mar-2026,UPI/CR/TXN901164/P_NASKAR/YESB/Payment_fr_P_NASKAR,,34.55,"63,704.02"
12-Mar-2026,UPI/CR/TXN218548/R_SHAW/YESB/Payment_fr_R_SHAW,,26.70,"63,730.72"
12-Mar-2026,UPI/CR/TXN673867/B_NATH/YESB/Payment_fr_B_NATH,,96.08,"63,826.80"
13-Mar-2026,UPI/CR/TXN225636/K_GANGULY/YESB/Payment_fr_K_GANGULY,,97.43,"63,924.23"
13-Mar-2026,UPI/CR/TXN477880/P_NASKAR/YESB/Payment_fr_P_NASKAR,,1.63,"63,925.86"
13-Mar-2026,UPI/CR/TXN428638/P_DEY/YESB/Payment_fr_P_DEY,,88.79,"64,014.65"
13-Mar-2026,UPI/CR/TXN178693/K_GANGULY/YESB/Payment_fr_K_GANGULY,,11.55,"64,026.20"
13-Mar-2026,UPI/CR/TXN162448/A_CHANDA/YESB/Payment_fr_A_CHANDA,,88.64,"64,114.84"
13-Mar-2026,UPI/CR/TXN677438/C_ROY/YESB/Payment_fr_C_ROY,,95.54,"64,210.38"
13-Mar-2026,UPI/CR/TXN939717/A_CHANDA/YESB/Payment_fr_A_CHANDA,,21.68,"64,232.06"
13-Mar-2026,UPI/CR/TXN749137/R_HALDER/YESB/Payment_fr_R_HALDER,,100.39,"64,332.45"
13-Mar-2026,UPI/CR/TXN104942/P_NASKAR/YESB/Payment_fr_P_NASKAR,,91.99,"64,424.44"
13-Mar-2026,UPI/CR/TXN110142/S_DUTA/YESB/Payment_fr_S_DUTA,,11.31,"64,435.75"
13-Mar-2026,UPI/CR/TXN578715/S_MALAKAR/YESB/Payment_fr_S_MALAKAR,,39.50,"64,475.25"
13-Mar-2026,UPI/DR/TXN678944/RELIANCE_RETAIL/HDFC/Payment_to_RELIANCE_RETAIL,286.11,,"64,189.14"
13-Mar-2026,UPI/CR/TXN794663/S_GHOSH/YESB/Payment_fr_S_GHOSH,,56.38,"64,245.52"
13-Mar-2026,UPI/CR/TXN768169/D_PAL/YESB/Payment_fr_D_PAL,,83.73,"64,329.25"
13-Mar-2026,UPI/CR/TXN158896/M_MITRA/YESB/Payment_fr_M_MITRA,,27.06,"64,356.31"
13-Mar-2026,UPI/CR/TXN606545/D_PAL/YESB/Payment_fr_D_PAL,,8.77,"64,365.08"
13-Mar-2026,UPI/CR/TXN851470/P_BANERJEE/YESB/Payment_fr_P_BANERJEE,,111.41,"64,476.49"
13-Mar-2026,UPI/CR/TXN546688/A_CHANDA/YESB/Payment_fr_A_CHANDA,,85.48,"64,561.97"
13-Mar-2026,UPI/DR/TXN982260/MOTHER_DAIRY_CO/HDFC/Payment_to_MOTHER_DAIRY_CO,421.29,,"64,140.68"
13-Mar-2026,UPI/CR/TXN957091/M_GUHA/YESB/Payment_fr_M_GUHA,,81.77,"64,222.45"
13-Mar-2026,UPI/CR/TXN659711/S_DUTA/YESB/Payment_fr_S_DUTA,,58.58,"64,281.03"
13-Mar-2026,UPI/CR/TXN941235/P_BANERJEE/YESB/Payment_fr_P_BANERJEE,,34.55,"64,315.58"
14-Mar-2026,UPI/CR/TXN368322/S_GHOSH/YESB/Payment_fr_S_GHOSH,,41.38,"64,356.96"
14-Mar-2026,UPI/CR/TXN224473/A_CHANDA/YESB/Payment_fr_A_CHANDA,,88.67,"64,445.63"
14-Mar-2026,UPI/CR/TXN317005/A_K_ROY/YESB/Payment_fr_A_K_ROY,,88.90,"64,534.53"
14-Mar-2026,UPI/CR/TXN718337/A_K_ROY/YESB/Payment_fr_A_K_ROY,,84.87,"64,619.40"
14-Mar-2026,UPI/CR/TXN227352/D_PAL/YESB/Payment_fr_D_PAL,,21.15,"64,640.55"
14-Mar-2026,UPI/CR/TXN434198/A_K_ROY/YESB/Payment_fr_A_K_ROY,,56.50,"64,697.05"
14-Mar-2026,UPI/CR/TXN567676/S_BASU/YESB/Payment_fr_S_BASU,,43.25,"64,740.30"
14-Mar-2026,UPI/CR/TXN460745/D_CHATTERJEE/YESB/Payment_fr_D_CHATTERJEE,,64.43,"64,804.73"
14-Mar-2026,UPI/CR/TXN234159/P_BANERJEE/YESB/Payment_fr_P_BANERJEE,,65.09,"64,869.82"
14-Mar-2026,UPI/CR/TXN489737/M_GUHA/YESB/Payment_fr_M_GUHA,,25.54,"64,895.36"
14-Mar-2026,UPI/CR/TXN611265/M_MITRA/YESB/Payment_fr_M_MITRA,,48.95,"64,944.31"
14-Mar-2026,UPI/DR/TXN872610/NESTLE_INDIA/HDFC/Payment_to_NESTLE_INDIA,545.25,,"64,399.06"
14-Mar-2026,UPI/CR/TXN908713/K_MALLICK/YESB/Payment_fr_K_MALLICK,,55.64,"64,454.70"
14-Mar-2026,UPI/DR/TXN738576/PEPSI_DIST/HDFC/Payment_to_PEPSI_DIST,411.29,,"64,043.41"
14-Mar-2026,UPI/CR/TXN159532/P_PAUL/YESB/Payment_fr_P_PAUL,,44.01,"64,087.42"
14-Mar-2026,UPI/CR/TXN858931/B_PRAMANIK/YESB/Payment_fr_B_PRAMANIK,,103.87,"64,191.29"
14-Mar-2026,UPI/CR/TXN297509/T_ROY/YESB/Payment_fr_T_ROY,,55.25,"64,246.54"
14-Mar-2026,UPI/DR/TXN731792/PEPSI_DIST/HDFC/Payment_to_PEPSI_DIST,323.72,,"63,922.82"
14-Mar-2026,UPI/CR/TXN897423/A_CHAKRABORTY/YESB/Payment_fr_A_CHAKRABORTY,,36.08,"63,958.90"
14-Mar-2026,UPI/DR/TXN165046/AMUL_MILK_AGENCY/HDFC/Payment_to_AMUL_MILK_AGENCY,446.10,,"63,512.80"
14-Mar-2026,UPI/CR/TXN964352/S_BHATTACHARYA/YESB/Payment_fr_S_BHATTACHARYA,,55.48,"63,568.28"
14-Mar-2026,UPI/CR/TXN291752/M_GUHA/YESB/Payment_fr_M_GUHA,,50.84,"63,619.12"
15-Mar-2026,UPI/CR/TXN927043/P_BANERJEE/YESB/Payment_fr_P_BANERJEE,,34.61,"63,653.73"
15-Mar-2026,UPI/CR/TXN586288/D_SEN/YESB/Payment_fr_D_SEN,,83.33,"63,737.06"
15-Mar-2026,UPI/CR/TXN813824/A_CHANDA/YESB/Payment_fr_A_CHANDA,,74.07,"63,811.13"
15-Mar-2026,UPI/CR/TXN981473/R_SHAW/YESB/Payment_fr_R_SHAW,,87.41,"63,898.54"
15-Mar-2026,UPI/CR/TXN678115/P_MANDAL/YESB/Payment_fr_P_MANDAL,,13.86,"63,912.40"
15-Mar-2026,UPI/CR/TXN738584/A_KUNDU/YESB/Payment_fr_A_KUNDU,,86.26,"63,998.66"
15-Mar-2026,UPI/DR/TXN319899/DELHI_SPICES/HDFC/Payment_to_DELHI_SPICES,561.69,,"63,436.97"
15-Mar-2026,UPI/CR/TXN554779/S_BAG/YESB/Payment_fr_S_BAG,,110.47,"63,547.44"
15-Mar-2026,UPI/DR/TXN244892/KOLKATA_GRAINS/HDFC/Payment_to_KOLKATA_GRAINS,217.68,,"63,329.76"
15-Mar-2026,UPI/DR/TXN363550/NESTLE_INDIA/HDFC/Payment_to_NESTLE_INDIA,183.41,,"63,146.35"
15-Mar-2026,UPI/CR/TXN838726/P_BANERJEE/YESB/Payment_fr_P_BANERJEE,,97.43,"63,243.78"
15-Mar-2026,UPI/CR/TXN743453/R_HALDER/YESB/Payment_fr_R_HALDER,,43.56,"63,287.34"
15-Mar-2026,UPI/CR/TXN386814/A_BAKSHI/YESB/Payment_fr_A_BAKSHI,,91.09,"63,378.43"
15-Mar-2026,UPI/CR/TXN382507/A_CHANDA/YESB/Payment_fr_A_CHANDA,,13.34,"63,391.77"
15-Mar-2026,UPI/CR/TXN786224/M_GUHA/YESB/Payment_fr_M_GUHA,,61.67,"63,453.44"
15-Mar-2026,UPI/CR/TXN593393/B_NATH/YESB/Payment_fr_B_NATH,,74.14,"63,527.58"
15-Mar-2026,UPI/CR/TXN697062/C_ROY/YESB/Payment_fr_C_ROY,,83.51,"63,611.09"
15-Mar-2026,UPI/CR/TXN452909/S_GHOSH/YESB/Payment_fr_S_GHOSH,,87.37,"63,698.46"
15-Mar-2026,UPI/CR/TXN505343/A_K_ROY/YESB/Payment_fr_A_K_ROY,,44.53,"63,742.99"
15-Mar-2026,UPI/CR/TXN710981/P_MANDAL/YESB/Payment_fr_P_MANDAL,,42.91,"63,785.90"
15-Mar-2026,UPI/DR/TXN947568/PEPSI_DIST/HDFC/Payment_to_PEPSI_DIST,3.68,,"63,782.22"
15-Mar-2026,UPI/CR/TXN767090/R_SHAW/YESB/Payment_fr_R_SHAW,,2.51,"63,784.73"
16-Mar-2026,UPI/CR/TXN207282/P_MANDAL/YESB/Payment_fr_P_MANDAL,,103.79,"63,888.52"
16-Mar-2026,UPI/CR/TXN178465/S_MALAKAR/YESB/Payment_fr_S_MALAKAR,,52.60,"63,941.12"
16-Mar-2026,UPI/CR/TXN338564/P_MANDAL/YESB/Payment_fr_P_MANDAL,,18.34,"63,959.46"
16-Mar-2026,UPI/CR/TXN995420/S_MALAKAR/YESB/Payment_fr_S_MALAKAR,,98.26,"64,057.72"
16-Mar-2026,UPI/DR/TXN500118/MOTHER_DAIRY_CO/HDFC/Payment_to_MOTHER_DAIRY_CO,483.10,,"63,574.62"
16-Mar-2026,UPI/CR/TXN809621/A_K_ROY/YESB/Payment_fr_A_K_ROY,,47.10,"63,621.72"
16-Mar-2026,UPI/CR/TXN694116/G_MODAK/YESB/Payment_fr_G_MODAK,,25.81,"63,647.53"
16-Mar-2026,UPI/CR/TXN344068/P_MANDAL/YESB/Payment_fr_P_MANDAL,,24.27,"63,671.80"
16-Mar-2026,UPI/CR/TXN629979/S_GHOSH/YESB/Payment_fr_S_GHOSH,,81.94,"63,753.74"
16-Mar-2026,UPI/CR/TXN249005/B_PRAMANIK/YESB/Payment_fr_B_PRAMANIK,,78.12,"63,831.86"
16-Mar-2026,UPI/CR/TXN867541/R_SHAW/YESB/Payment_fr_R_SHAW,,1.88,"63,833.74"
16-Mar-2026,UPI/CR/TXN911982/G_MODAK/YESB/Payment_fr_G_MODAK,,62.90,"63,896.64"
16-Mar-2026,UPI/CR/TXN178315/N_DAS/YESB/Payment_fr_N_DAS,,59.65,"63,956.29"
16-Mar-2026,UPI/CR/TXN695225/R_DHAR/YESB/Payment_fr_R_DHAR,,89.42,"64,045.71"
16-Mar-2026,UPI/CR/TXN613358/R_SHAW/YESB/Payment_fr_R_SHAW,,67.79,"64,113.50"
16-Mar-2026,UPI/CR/TXN472039/B_BARUA/YESB/Payment_fr_B_BARUA,,64.42,"64,177.92"
16-Mar-2026,UPI/CR/TXN708982/M_MITRA/YESB/Payment_fr_M_MITRA,,55.70,"64,233.62"
16-Mar-2026,UPI/CR/TXN102871/P_PAUL/YESB/Payment_fr_P_PAUL,,112.34,"64,345.96"
16-Mar-2026,UPI/CR/TXN322182/R_SHAW/YESB/Payment_fr_R_SHAW,,103.26,"64,449.22"
16-Mar-2026,UPI/CR/TXN887931/J_BOSE/YESB/Payment_fr_J_BOSE,,68.25,"64,517.47"
16-Mar-2026,UPI/CR/TXN565765/S_MUKHERJEE/YESB/Payment_fr_S_MUKHERJEE,,68.92,"64,586.39"
16-Mar-2026,UPI/CR/TXN452618/J_BOSE/YESB/Payment_fr_J_BOSE,,95.17,"64,681.56"
17-Mar-2026,UPI/DR/TXN746036/SUDIP_DISTRIBUTORS/HDFC/Payment_to_SUDIP_DISTRIBUTORS,515.73,,"64,165.83"
17-Mar-2026,UPI/CR/TXN933456/A_CHAKRABORTY/YESB/Payment_fr_A_CHAKRABORTY,,103.79,"64,269.62"
17-Mar-2026,UPI/CR/TXN136332/G_MODAK/YESB/Payment_fr_G_MODAK,,54.29,"64,323.91"
17-Mar-2026,UPI/CR/TXN569865/B_PRAMANIK/YESB/Payment_fr_B_PRAMANIK,,22.20,"64,346.11"
17-Mar-2026,UPI/CR/TXN168458/R_SHAW/YESB/Payment_fr_R_SHAW,,37.10,"64,383.21"
17-Mar-2026,UPI/CR/TXN217984/C_ROY/YESB/Payment_fr_C_ROY,,63.45,"64,446.66"
17-Mar-2026,UPI/CR/TXN212157/C_ROY/YESB/Payment_fr_C_ROY,,48.44,"64,495.10"
17-Mar-2026,UPI/CR/TXN412974/D_SEN/YESB/Payment_fr_D_SEN,,33.39,"64,528.49"
17-Mar-2026,UPI/CR/TXN814263/B_NATH/YESB/Payment_fr_B_NATH,,65.61,"64,594.10"
17-Mar-2026,UPI/DR/TXN335203/AMUL_MILK_AGENCY/HDFC/Payment_to_AMUL_MILK_AGENCY,420.79,,"64,173.31"
17-Mar-2026,UPI/CR/TXN457411/S_MUKHERJEE/YESB/Payment_fr_S_MUKHERJEE,,36.47,"64,209.78"
17-Mar-2026,UPI/CR/TXN290065/A_BAKSHI/YESB/Payment_fr_A_BAKSHI,,91.97,"64,301.75"
17-Mar-2026,UPI/CR/TXN684194/S_DUTA/YESB/Payment_fr_S_DUTA,,28.05,"64,329.80"
17-Mar-2026,UPI/DR/TXN886626/METRO_CASH_CARRY/HDFC/Payment_to_METRO_CASH_CARRY,113.37,,"64,216.43"
17-Mar-2026,UPI/CR/TXN200575/P_PAUL/YESB/Payment_fr_P_PAUL,,20.97,"64,237.40"
17-Mar-2026,UPI/CR/TXN436208/D_CHATTERJEE/YESB/Payment_fr_D_CHATTERJEE,,81.68,"64,319.08"
17-Mar-2026,UPI/DR/TXN253541/METRO_CASH_CARRY/HDFC/Payment_to_METRO_CASH_CARRY,501.50,,"63,817.58"
17-Mar-2026,UPI/CR/TXN683390/B_BARUA/YESB/Payment_fr_B_BARUA,,109.11,"63,926.69"
17-Mar-2026,UPI/CR/TXN700534/P_BANERJEE/YESB/Payment_fr_P_BANERJEE,,66.16,"63,992.85"
17-Mar-2026,UPI/CR/TXN299834/S_BHATTACHARYA/YESB/Payment_fr_S_BHATTACHARYA,,84.91,"64,077.76"
17-Mar-2026,UPI/CR/TXN311469/S_BHATTACHARYA/YESB/Payment_fr_S_BHATTACHARYA,,94.58,"64,172.34"
17-Mar-2026,UPI/DR/TXN149261/BRITANNIA_SALES/HDFC/Payment_to_BRITANNIA_SALES,540.63,,"63,631.71"
18-Mar-2026,UPI/CR/TXN721301/P_PAUL/YESB/Payment_fr_P_PAUL,,76.75,"63,708.46"
18-Mar-2026,UPI/CR/TXN857111/T_SAMANTA/YESB/Payment_fr_T_SAMANTA,,68.50,"63,776.96"
18-Mar-2026,UPI/CR/TXN458411/J_BOSE/YESB/Payment_fr_J_BOSE,,52.27,"63,829.23"
18-Mar-2026,UPI/DR/TXN935540/PARLE_PRODUCTS/HDFC/Payment_to_PARLE_PRODUCTS,30.64,,"63,798.59"
18-Mar-2026,UPI/CR/TXN778818/D_PAL/YESB/Payment_fr_D_PAL,,76.20,"63,874.79"
18-Mar-2026,UPI/CR/TXN626491/S_DUTA/YESB/Payment_fr_S_DUTA,,47.85,"63,922.64"
18-Mar-2026,UPI/CR/TXN522548/S_BASU/YESB/Payment_fr_S_BASU,,93.98,"64,016.62"
18-Mar-2026,UPI/CR/TXN813884/R_HALDER/YESB/Payment_fr_R_HALDER,,40.03,"64,056.65"
18-Mar-2026,UPI/DR/TXN313910/METRO_CASH_CARRY/HDFC/Payment_to_METRO_CASH_CARRY,141.70,,"63,914.95"
18-Mar-2026,UPI/CR/TXN256389/D_CHATTERJEE/YESB/Payment_fr_D_CHATTERJEE,,98.79,"64,013.74"
18-Mar-2026,UPI/CR/TXN533121/S_BHATTACHARYA/YESB/Payment_fr_S_BHATTACHARYA,,38.83,"64,052.57"
18-Mar-2026,UPI/CR/TXN490722/M_MITRA/YESB/Payment_fr_M_MITRA,,59.14,"64,111.71"
18-Mar-2026,UPI/CR/TXN786789/K_MALLICK/YESB/Payment_fr_K_MALLICK,,40.35,"64,152.06"
18-Mar-2026,UPI/CR/TXN478356/P_NASKAR/YESB/Payment_fr_P_NASKAR,,71.82,"64,223.88"
18-Mar-2026,UPI/CR/TXN112210/P_NASKAR/YESB/Payment_fr_P_NASKAR,,89.48,"64,313.36"
18-Mar-2026,UPI/CR/TXN492052/S_BHATTACHARYA/YESB/Payment_fr_S_BHATTACHARYA,,45.58,"64,358.94"
18-Mar-2026,UPI/CR/TXN846221/G_MODAK/YESB/Payment_fr_G_MODAK,,28.57,"64,387.51"
18-Mar-2026,UPI/DR/TXN408463/RELIANCE_RETAIL/HDFC/Payment_to_RELIANCE_RETAIL,9.14,,"64,378.37"
18-Mar-2026,UPI/CR/TXN644932/S_BASU/YESB/Payment_fr_S_BASU,,12.96,"64,391.33"
18-Mar-2026,UPI/DR/TXN113595/GROCERY_WHOLESALE/HDFC/Payment_to_GROCERY_WHOLESALE,231.49,,"64,159.84"
18-Mar-2026,UPI/CR/TXN316899/T_SAMANTA/YESB/Payment_fr_T_SAMANTA,,41.46,"64,201.30"
18-Mar-2026,UPI/CR/TXN631958/R_DHAR/YESB/Payment_fr_R_DHAR,,88.33,"64,289.63"
19-Mar-2026,UPI/CR/TXN475691/A_CHAKRABORTY/YESB/Payment_fr_A_CHAKRABORTY,,71.57,"64,361.20"
19-Mar-2026,UPI/CR/TXN460971/R_DHAR/YESB/Payment_fr_R_DHAR,,76.04,"64,437.24"
19-Mar-2026,UPI/CR/TXN114760/S_SOM/YESB/Payment_fr_S_SOM,,92.17,"64,529.41"
19-Mar-2026,UPI/CR/TXN838927/P_MANDAL/YESB/Payment_fr_P_MANDAL,,26.61,"64,556.02"
19-Mar-2026,UPI/CR/TXN329659/R_HALDER/YESB/Payment_fr_R_HALDER,,61.78,"64,617.80"
19-Mar-2026,UPI/CR/TXN208751/R_SHAW/YESB/Payment_fr_R_SHAW,,12.65,"64,630.45"
19-Mar-2026,UPI/CR/TXN228479/M_GUHA/YESB/Payment_fr_M_GUHA,,28.29,"64,658.74"
19-Mar-2026,UPI/CR/TXN930307/J_HALDER/YESB/Payment_fr_J_HALDER,,9.34,"64,668.08"
19-Mar-2026,UPI/DR/TXN808340/AMUL_MILK_AGENCY/HDFC/Payment_to_AMUL_MILK_AGENCY,357.49,,"64,310.59"
19-Mar-2026,UPI/CR/TXN387286/A_KUNDU/YESB/Payment_fr_A_KUNDU,,25.12,"64,335.71"
19-Mar-2026,UPI/CR/TXN141319/R_SHAW/YESB/Payment_fr_R_SHAW,,18.77,"64,354.48"
19-Mar-2026,UPI/DR/TXN750706/DELHI_SPICES/HDFC/Payment_to_DELHI_SPICES,489.93,,"63,864.55"
19-Mar-2026,UPI/CR/TXN930244/M_MITRA/YESB/Payment_fr_M_MITRA,,9.06,"63,873.61"
19-Mar-2026,UPI/CR/TXN381631/P_BANERJEE/YESB/Payment_fr_P_BANERJEE,,40.03,"63,913.64"
19-Mar-2026,UPI/CR/TXN539170/D_PAL/YESB/Payment_fr_D_PAL,,62.26,"63,975.90"
19-Mar-2026,UPI/CR/TXN484398/B_NATH/YESB/Payment_fr_B_NATH,,99.11,"64,075.01"
19-Mar-2026,UPI/CR/TXN995735/P_NASKAR/YESB/Payment_fr_P_NASKAR,,14.24,"64,089.25"
19-Mar-2026,UPI/CR/TXN177289/A_BAKSHI/YESB/Payment_fr_A_BAKSHI,,106.59,"64,195.84"
19-Mar-2026,UPI/CR/TXN258471/P_NASKAR/YESB/Payment_fr_P_NASKAR,,76.29,"64,272.13"
19-Mar-2026,UPI/CR/TXN620465/T_SAMANTA/YESB/Payment_fr_T_SAMANTA,,52.12,"64,324.25"
19-Mar-2026,UPI/CR/TXN893969/B_NATH/YESB/Payment_fr_B_NATH,,91.85,"64,416.10"
19-Mar-2026,UPI/DR/TXN826596/METRO_CASH_CARRY/HDFC/Payment_to_METRO_CASH_CARRY,547.44,,"63,868.66"
20-Mar-2026,UPI/CR/TXN289934/T_SAMANTA/YESB/Payment_fr_T_SAMANTA,,56.45,"63,925.11"
20-Mar-2026,UPI/CR/TXN636361/RAM_SEN/YESB/Payment_fr_RAM_SEN,,105.08,"64,030.19"
20-Mar-2026,UPI/CR/TXN307356/J_BOSE/YESB/Payment_fr_J_BOSE,,9.95,"64,040.14"
20-Mar-2026,UPI/CR/TXN409234/S_DUTA/YESB/Payment_fr_S_DUTA,,81.64,"64,121.78"
20-Mar-2026,UPI/CR/TXN438273/T_ROY/YESB/Payment_fr_T_ROY,,34.12,"64,155.90"
20-Mar-2026,UPI/DR/TXN943890/COCA_COLA_SUPPLY/HDFC/Payment_to_COCA_COLA_SUPPLY,310.78,,"63,845.12"
20-Mar-2026,UPI/CR/TXN296653/A_KUNDU/YESB/Payment_fr_A_KUNDU,,72.67,"63,917.79"
20-Mar-2026,UPI/CR/TXN860413/K_MALLICK/YESB/Payment_fr_K_MALLICK,,31.05,"63,948.84"
20-Mar-2026,UPI/CR/TXN538897/K_MALLICK/YESB/Payment_fr_K_MALLICK,,50.70,"63,999.54"
20-Mar-2026,UPI/CR/TXN141360/P_DEY/YESB/Payment_fr_P_DEY,,71.00,"64,070.54"
20-Mar-2026,UPI/CR/TXN916779/P_DEY/YESB/Payment_fr_P_DEY,,69.29,"64,139.83"
20-Mar-2026,UPI/CR/TXN741055/R_DHAR/YESB/Payment_fr_R_DHAR,,72.79,"64,212.62"
20-Mar-2026,UPI/CR/TXN334865/B_PRAMANIK/YESB/Payment_fr_B_PRAMANIK,,69.94,"64,282.56"
20-Mar-2026,UPI/CR/TXN868043/A_KUNDU/YESB/Payment_fr_A_KUNDU,,23.82,"64,306.38"
20-Mar-2026,UPI/CR/TXN163941/P_BANERJEE/YESB/Payment_fr_P_BANERJEE,,73.16,"64,379.54"
20-Mar-2026,UPI/CR/TXN195563/K_MALLICK/YESB/Payment_fr_K_MALLICK,,4.13,"64,383.67"
20-Mar-2026,UPI/CR/TXN247475/D_CHATTERJEE/YESB/Payment_fr_D_CHATTERJEE,,63.03,"64,446.70"
20-Mar-2026,UPI/DR/TXN327900/BRITANNIA_SALES/HDFC/Payment_to_BRITANNIA_SALES,75.49,,"64,371.21"
20-Mar-2026,UPI/CR/TXN209812/K_MALLICK/YESB/Payment_fr_K_MALLICK,,70.00,"64,441.21"
20-Mar-2026,UPI/CR/TXN801520/B_PRAMANIK/YESB/Payment_fr_B_PRAMANIK,,34.84,"64,476.05"
20-Mar-2026,UPI/CR/TXN656127/RAM_SEN/YESB/Payment_fr_RAM_SEN,,73.71,"64,549.76"
21-Mar-2026,UPI/CR/TXN325146/R_DHAR/YESB/Payment_fr_R_DHAR,,4.67,"64,554.43"
21-Mar-2026,UPI/CR/TXN168804/R_SHAW/YESB/Payment_fr_R_SHAW,,52.73,"64,607.16"
21-Mar-2026,UPI/CR/TXN787991/K_MALLICK/YESB/Payment_fr_K_MALLICK,,107.44,"64,714.60"
21-Mar-2026,UPI/CR/TXN780364/C_ROY/YESB/Payment_fr_C_ROY,,54.48,"64,769.08"
21-Mar-2026,UPI/CR/TXN737894/K_MALLICK/YESB/Payment_fr_K_MALLICK,,14.19,"64,783.27"
21-Mar-2026,UPI/DR/TXN517196/METRO_CASH_CARRY/HDFC/Payment_to_METRO_CASH_CARRY,87.41,,"64,695.86"
21-Mar-2026,UPI/CR/TXN378095/RAM_SEN/YESB/Payment_fr_RAM_SEN,,82.09,"64,777.95"
21-Mar-2026,UPI/DR/TXN564586/AMUL_MILK_AGENCY/HDFC/Payment_to_AMUL_MILK_AGENCY,152.93,,"64,625.02"
21-Mar-2026,UPI/CR/TXN232315/A_KUNDU/YESB/Payment_fr_A_KUNDU,,13.34,"64,638.36"
21-Mar-2026,UPI/CR/TXN881549/M_GUHA/YESB/Payment_fr_M_GUHA,,67.80,"64,706.16"
21-Mar-2026,UPI/CR/TXN578938/N_DAS/YESB/Payment_fr_N_DAS,,10.33,"64,716.49"
21-Mar-2026,UPI/CR/TXN210790/G_MODAK/YESB/Payment_fr_G_MODAK,,92.49,"64,808.98"
21-Mar-2026,UPI/CR/TXN567773/R_HALDER/YESB/Payment_fr_R_HALDER,,41.98,"64,850.96"
21-Mar-2026,UPI/CR/TXN282664/A_CHANDA/YESB/Payment_fr_A_CHANDA,,43.57,"64,894.53"
21-Mar-2026,UPI/CR/TXN638401/S_MALAKAR/YESB/Payment_fr_S_MALAKAR,,47.07,"64,941.60"
21-Mar-2026,UPI/CR/TXN297377/B_PRAMANIK/YESB/Payment_fr_B_PRAMANIK,,9.89,"64,951.49"
21-Mar-2026,UPI/CR/TXN730343/P_DEY/YESB/Payment_fr_P_DEY,,36.11,"64,987.60"
21-Mar-2026,UPI/CR/TXN971889/K_MALLICK/YESB/Payment_fr_K_MALLICK,,71.07,"65,058.67"
21-Mar-2026,UPI/CR/TXN710610/M_MITRA/YESB/Payment_fr_M_MITRA,,29.32,"65,087.99"
21-Mar-2026,UPI/CR/TXN680099/P_NASKAR/YESB/Payment_fr_P_NASKAR,,72.96,"65,160.95"
21-Mar-2026,UPI/CR/TXN361662/S_SARKAR/YESB/Payment_fr_S_SARKAR,,63.62,"65,224.57"
22-Mar-2026,UPI/CR/TXN789461/B_BARUA/YESB/Payment_fr_B_BARUA,,14.08,"65,238.65"
22-Mar-2026,UPI/CR/TXN492073/S_BHATTACHARYA/YESB/Payment_fr_S_BHATTACHARYA,,38.10,"65,276.75"
22-Mar-2026,UPI/CR/TXN851606/A_KUNDU/YESB/Payment_fr_A_KUNDU,,9.95,"65,286.70"
22-Mar-2026,UPI/CR/TXN950069/A_K_ROY/YESB/Payment_fr_A_K_ROY,,74.63,"65,361.33"
22-Mar-2026,UPI/CR/TXN473023/P_PAUL/YESB/Payment_fr_P_PAUL,,60.57,"65,421.90"
22-Mar-2026,UPI/CR/TXN447848/RAM_SEN/YESB/Payment_fr_RAM_SEN,,67.65,"65,489.55"
22-Mar-2026,UPI/CR/TXN214266/P_MANDAL/YESB/Payment_fr_P_MANDAL,,9.43,"65,498.98"
22-Mar-2026,UPI/CR/TXN917392/M_MITRA/YESB/Payment_fr_M_MITRA,,99.03,"65,598.01"
22-Mar-2026,UPI/CR/TXN334081/R_DHAR/YESB/Payment_fr_R_DHAR,,44.64,"65,642.65"
22-Mar-2026,UPI/CR/TXN429287/S_MUKHERJEE/YESB/Payment_fr_S_MUKHERJEE,,1.84,"65,644.49"
22-Mar-2026,UPI/CR/TXN821634/S_SARKAR/YESB/Payment_fr_S_SARKAR,,111.91,"65,756.40"
22-Mar-2026,UPI/CR/TXN444625/R_SHAW/YESB/Payment_fr_R_SHAW,,24.96,"65,781.36"
22-Mar-2026,UPI/CR/TXN820442/A_CHAKRABORTY/YESB/Payment_fr_A_CHAKRABORTY,,67.91,"65,849.27"
22-Mar-2026,UPI/CR/TXN151685/P_PAUL/YESB/Payment_fr_P_PAUL,,59.33,"65,908.60"
22-Mar-2026,UPI/CR/TXN540897/T_ROY/YESB/Payment_fr_T_ROY,,50.42,"65,959.02"
22-Mar-2026,UPI/CR/TXN795578/D_PAL/YESB/Payment_fr_D_PAL,,11.76,"65,970.78"
22-Mar-2026,UPI/CR/TXN373668/D_SEN/YESB/Payment_fr_D_SEN,,62.17,"66,032.95"
22-Mar-2026,UPI/CR/TXN272892/A_KUNDU/YESB/Payment_fr_A_KUNDU,,9.56,"66,042.51"
22-Mar-2026,UPI/CR/TXN911630/A_BAKSHI/YESB/Payment_fr_A_BAKSHI,,39.45,"66,081.96"
22-Mar-2026,UPI/CR/TXN704272/R_SHAW/YESB/Payment_fr_R_SHAW,,60.58,"66,142.54"
22-Mar-2026,UPI/CR/TXN416822/S_MUKHERJEE/YESB/Payment_fr_S_MUKHERJEE,,48.38,"66,190.92"
23-Mar-2026,UPI/CR/TXN501078/A_K_ROY/YESB/Payment_fr_A_K_ROY,,26.79,"66,217.71"
23-Mar-2026,UPI/CR/TXN584487/S_GHOSH/YESB/Payment_fr_S_GHOSH,,49.22,"66,266.93"
23-Mar-2026,UPI/CR/TXN434367/A_K_ROY/YESB/Payment_fr_A_K_ROY,,32.44,"66,299.37"
23-Mar-2026,UPI/CR/TXN311250/S_BAG/YESB/Payment_fr_S_BAG,,109.35,"66,408.72"
23-Mar-2026,UPI/CR/TXN420984/P_MANDAL/YESB/Payment_fr_P_MANDAL,,17.46,"66,426.18"
23-Mar-2026,UPI/CR/TXN353690/A_K_ROY/YESB/Payment_fr_A_K_ROY,,90.42,"66,516.60"
23-Mar-2026,UPI/CR/TXN284654/P_DEY/YESB/Payment_fr_P_DEY,,96.00,"66,612.60"
23-Mar-2026,UPI/DR/TXN680472/MOTHER_DAIRY_CO/HDFC/Payment_to_MOTHER_DAIRY_CO,457.86,,"66,154.74"
23-Mar-2026,UPI/CR/TXN749253/S_BAG/YESB/Payment_fr_S_BAG,,72.25,"66,226.99"
23-Mar-2026,UPI/CR/TXN532368/S_MALAKAR/YESB/Payment_fr_S_MALAKAR,,44.23,"66,271.22"
23-Mar-2026,UPI/CR/TXN979562/J_HALDER/YESB/Payment_fr_J_HALDER,,35.77,"66,306.99"
23-Mar-2026,UPI/CR/TXN476701/D_CHATTERJEE/YESB/Payment_fr_D_CHATTERJEE,,43.03,"66,350.02"
23-Mar-2026,UPI/DR/TXN126499/SUDIP_DISTRIBUTORS/HDFC/Payment_to_SUDIP_DISTRIBUTORS,9.72,,"66,340.30"
23-Mar-2026,UPI/CR/TXN219550/D_SEN/YESB/Payment_fr_D_SEN,,89.17,"66,429.47"
23-Mar-2026,UPI/CR/TXN201698/A_KUNDU/YESB/Payment_fr_A_KUNDU,,32.43,"66,461.90"
23-Mar-2026,UPI/DR/TXN668843/HUL_DISTRIBUTORS/HDFC/Payment_to_HUL_DISTRIBUTORS,392.32,,"66,069.58"
23-Mar-2026,UPI/CR/TXN617033/C_ROY/YESB/Payment_fr_C_ROY,,31.11,"66,100.69"
23-Mar-2026,UPI/CR/TXN804505/P_BANERJEE/YESB/Payment_fr_P_BANERJEE,,33.37,"66,134.06"
23-Mar-2026,UPI/CR/TXN223453/S_BAG/YESB/Payment_fr_S_BAG,,96.33,"66,230.39"
23-Mar-2026,UPI/CR/TXN899977/T_SAMANTA/YESB/Payment_fr_T_SAMANTA,,61.79,"66,292.18"
23-Mar-2026,UPI/DR/TXN988459/MOTHER_DAIRY_CO/HDFC/Payment_to_MOTHER_DAIRY_CO,462.74,,"65,829.44"
24-Mar-2026,UPI/CR/TXN788772/P_PAUL/YESB/Payment_fr_P_PAUL,,92.79,"65,922.23"
24-Mar-2026,UPI/CR/TXN133955/B_PRAMANIK/YESB/Payment_fr_B_PRAMANIK,,49.26,"65,971.49"
24-Mar-2026,UPI/CR/TXN194813/B_NATH/YESB/Payment_fr_B_NATH,,52.06,"66,023.55"
24-Mar-2026,UPI/CR/TXN376955/D_SEN/YESB/Payment_fr_D_SEN,,75.35,"66,098.90"
24-Mar-2026,UPI/CR/TXN447596/S_MALAKAR/YESB/Payment_fr_S_MALAKAR,,88.72,"66,187.62"
24-Mar-2026,UPI/CR/TXN280564/S_DUTA/YESB/Payment_fr_S_DUTA,,10.72,"66,198.34"
24-Mar-2026,UPI/DR/TXN536801/PEPSI_DIST/HDFC/Payment_to_PEPSI_DIST,195.29,,"66,003.05"
24-Mar-2026,UPI/DR/TXN844904/KOLKATA_GRAINS/HDFC/Payment_to_KOLKATA_GRAINS,165.60,,"65,837.45"
24-Mar-2026,UPI/CR/TXN297064/M_MITRA/YESB/Payment_fr_M_MITRA,,104.99,"65,942.44"
24-Mar-2026,UPI/DR/TXN816586/METRO_CASH_CARRY/HDFC/Payment_to_METRO_CASH_CARRY,24.07,,"65,918.37"
24-Mar-2026,UPI/CR/TXN993892/K_MALLICK/YESB/Payment_fr_K_MALLICK,,25.56,"65,943.93"
24-Mar-2026,UPI/CR/TXN120896/N_DAS/YESB/Payment_fr_N_DAS,,68.72,"66,012.65"
24-Mar-2026,UPI/CR/TXN780714/D_CHATTERJEE/YESB/Payment_fr_D_CHATTERJEE,,31.06,"66,043.71"
24-Mar-2026,UPI/CR/TXN208998/T_ROY/YESB/Payment_fr_T_ROY,,34.10,"66,077.81"
24-Mar-2026,UPI/CR/TXN333049/M_MITRA/YESB/Payment_fr_M_MITRA,,85.65,"66,163.46"
24-Mar-2026,UPI/CR/TXN973390/A_KUNDU/YESB/Payment_fr_A_KUNDU,,83.49,"66,246.95"
24-Mar-2026,UPI/CR/TXN925220/S_BAG/YESB/Payment_fr_S_BAG,,18.36,"66,265.31"
24-Mar-2026,UPI/CR/TXN918430/D_PAL/YESB/Payment_fr_D_PAL,,21.95,"66,287.26"
24-Mar-2026,UPI/CR/TXN250181/S_MUKHERJEE/YESB/Payment_fr_S_MUKHERJEE,,78.10,"66,365.36"
24-Mar-2026,UPI/CR/TXN714483/S_MALAKAR/YESB/Payment_fr_S_MALAKAR,,43.58,"66,408.94"
24-Mar-2026,UPI/DR/TXN844858/RELIANCE_RETAIL/HDFC/Payment_to_RELIANCE_RETAIL,319.71,,"66,089.23"
25-Mar-2026,UPI/CR/TXN209167/B_PRAMANIK/YESB/Payment_fr_B_PRAMANIK,,11.14,"66,100.37"
25-Mar-2026,UPI/CR/TXN152512/S_MUKHERJEE/YESB/Payment_fr_S_MUKHERJEE,,73.60,"66,173.97"
25-Mar-2026,UPI/CR/TXN385166/A_BAKSHI/YESB/Payment_fr_A_BAKSHI,,108.04,"66,282.01"
25-Mar-2026,UPI/CR/TXN761685/M_GUHA/YESB/Payment_fr_M_GUHA,,69.95,"66,351.96"
25-Mar-2026,UPI/CR/TXN825423/P_DEY/YESB/Payment_fr_P_DEY,,27.78,"66,379.74"
25-Mar-2026,UPI/CR/TXN785315/S_GHOSH/YESB/Payment_fr_S_GHOSH,,11.53,"66,391.27"
25-Mar-2026,UPI/CR/TXN339030/S_GHOSH/YESB/Payment_fr_S_GHOSH,,80.51,"66,471.78"
25-Mar-2026,UPI/CR/TXN243902/B_BARUA/YESB/Payment_fr_B_BARUA,,110.28,"66,582.06"
25-Mar-2026,UPI/DR/TXN399817/HUL_DISTRIBUTORS/HDFC/Payment_to_HUL_DISTRIBUTORS,73.80,,"66,508.26"
25-Mar-2026,UPI/CR/TXN896386/D_CHATTERJEE/YESB/Payment_fr_D_CHATTERJEE,,62.77,"66,571.03"
25-Mar-2026,UPI/CR/TXN379473/P_PAUL/YESB/Payment_fr_P_PAUL,,92.81,"66,663.84"
25-Mar-2026,UPI/CR/TXN817712/A_K_ROY/YESB/Payment_fr_A_K_ROY,,76.76,"66,740.60"
25-Mar-2026,UPI/DR/TXN799565/ITC_FOODS/HDFC/Payment_to_ITC_FOODS,99.90,,"66,640.70"
25-Mar-2026,UPI/DR/TXN711116/COCA_COLA_SUPPLY/HDFC/Payment_to_COCA_COLA_SUPPLY,105.86,,"66,534.84"
25-Mar-2026,UPI/CR/TXN142288/R_HALDER/YESB/Payment_fr_R_HALDER,,105.43,"66,640.27"
25-Mar-2026,UPI/CR/TXN490321/S_MALAKAR/YESB/Payment_fr_S_MALAKAR,,70.35,"66,710.62"
25-Mar-2026,UPI/CR/TXN344315/A_K_ROY/YESB/Payment_fr_A_K_ROY,,83.92,"66,794.54"
25-Mar-2026,UPI/CR/TXN668458/D_CHATTERJEE/YESB/Payment_fr_D_CHATTERJEE,,84.39,"66,878.93"
25-Mar-2026,UPI/CR/TXN459315/A_KUNDU/YESB/Payment_fr_A_KUNDU,,24.57,"66,903.50"
25-Mar-2026,UPI/CR/TXN342716/S_DUTA/YESB/Payment_fr_S_DUTA,,106.50,"67,010.00"
25-Mar-2026,UPI/CR/TXN398916/M_MITRA/YESB/Payment_fr_M_MITRA,,36.13,"67,046.13"
26-Mar-2026,UPI/CR/TXN493417/S_DUTA/YESB/Payment_fr_S_DUTA,,51.91,"67,098.04"
26-Mar-2026,UPI/CR/TXN600590/J_HALDER/YESB/Payment_fr_J_HALDER,,65.10,"67,163.14"
26-Mar-2026,UPI/CR/TXN636435/S_GHOSH/YESB/Payment_fr_S_GHOSH,,15.71,"67,178.85"
26-Mar-2026,UPI/CR/TXN244037/G_MODAK/YESB/Payment_fr_G_MODAK,,91.81,"67,270.66"
26-Mar-2026,UPI/CR/TXN866151/A_KUNDU/YESB/Payment_fr_A_KUNDU,,101.67,"67,372.33"
26-Mar-2026,UPI/CR/TXN256911/C_ROY/YESB/Payment_fr_C_ROY,,77.93,"67,450.26"
26-Mar-2026,UPI/CR/TXN163946/T_SAMANTA/YESB/Payment_fr_T_SAMANTA,,48.39,"67,498.65"
26-Mar-2026,UPI/CR/TXN583388/S_DUTA/YESB/Payment_fr_S_DUTA,,79.00,"67,577.65"
26-Mar-2026,UPI/CR/TXN678870/S_MALAKAR/YESB/Payment_fr_S_MALAKAR,,38.16,"67,615.81"
26-Mar-2026,UPI/CR/TXN270557/N_DAS/YESB/Payment_fr_N_DAS,,41.46,"67,657.27"
26-Mar-2026,UPI/CR/TXN996114/S_MALAKAR/YESB/Payment_fr_S_MALAKAR,,33.15,"67,690.42"
26-Mar-2026,UPI/CR/TXN620226/S_MALAKAR/YESB/Payment_fr_S_MALAKAR,,10.13,"67,700.55"
26-Mar-2026,UPI/CR/TXN309146/C_ROY/YESB/Payment_fr_C_ROY,,109.90,"67,810.45"
26-Mar-2026,UPI/CR/TXN226601/C_ROY/YESB/Payment_fr_C_ROY,,16.48,"67,826.93"
26-Mar-2026,UPI/DR/TXN884782/NESTLE_INDIA/HDFC/Payment_to_NESTLE_INDIA,513.56,,"67,313.37"
26-Mar-2026,UPI/CR/TXN409698/C_ROY/YESB/Payment_fr_C_ROY,,104.94,"67,418.31"
26-Mar-2026,UPI/CR/TXN695403/P_MANDAL/YESB/Payment_fr_P_MANDAL,,82.97,"67,501.28"
26-Mar-2026,UPI/DR/TXN252386/PEPSI_DIST/HDFC/Payment_to_PEPSI_DIST,30.67,,"67,470.61"
26-Mar-2026,UPI/CR/TXN276149/P_NASKAR/YESB/Payment_fr_P_NASKAR,,34.63,"67,505.24"
26-Mar-2026,UPI/CR/TXN753404/A_CHAKRABORTY/YESB/Payment_fr_A_CHAKRABORTY,,66.13,"67,571.37"
26-Mar-2026,UPI/CR/TXN148001/S_GHOSH/YESB/Payment_fr_S_GHOSH,,33.13,"67,604.50"
27-Mar-2026,UPI/CR/TXN603660/R_HALDER/YESB/Payment_fr_R_HALDER,,37.53,"67,642.03"
27-Mar-2026,UPI/CR/TXN204998/R_SHAW/YESB/Payment_fr_R_SHAW,,17.23,"67,659.26"
27-Mar-2026,UPI/CR/TXN459381/D_PAL/YESB/Payment_fr_D_PAL,,71.25,"67,730.51"
27-Mar-2026,UPI/DR/TXN648122/GROCERY_WHOLESALE/HDFC/Payment_to_GROCERY_WHOLESALE,536.06,,"67,194.45"
27-Mar-2026,UPI/CR/TXN984756/P_BANERJEE/YESB/Payment_fr_P_BANERJEE,,23.44,"67,217.89"
27-Mar-2026,UPI/CR/TXN122859/J_BOSE/YESB/Payment_fr_J_BOSE,,89.91,"67,307.80"
27-Mar-2026,UPI/CR/TXN463251/A_CHAKRABORTY/YESB/Payment_fr_A_CHAKRABORTY,,2.94,"67,310.74"
27-Mar-2026,UPI/CR/TXN998198/M_MITRA/YESB/Payment_fr_M_MITRA,,44.88,"67,355.62"
27-Mar-2026,UPI/CR/TXN207629/A_K_ROY/YESB/Payment_fr_A_K_ROY,,27.86,"67,383.48"
27-Mar-2026,UPI/CR/TXN925250/K_MALLICK/YESB/Payment_fr_K_MALLICK,,28.24,"67,411.72"
27-Mar-2026,UPI/CR/TXN288550/S_BASU/YESB/Payment_fr_S_BASU,,77.57,"67,489.29"
27-Mar-2026,UPI/CR/TXN623125/D_SEN/YESB/Payment_fr_D_SEN,,10.36,"67,499.65"
27-Mar-2026,UPI/CR/TXN229204/P_MANDAL/YESB/Payment_fr_P_MANDAL,,18.48,"67,518.13"
27-Mar-2026,UPI/CR/TXN282085/P_MANDAL/YESB/Payment_fr_P_MANDAL,,28.43,"67,546.56"
27-Mar-2026,UPI/CR/TXN206176/P_NASKAR/YESB/Payment_fr_P_NASKAR,,73.84,"67,620.40"
27-Mar-2026,UPI/CR/TXN696296/S_BHATTACHARYA/YESB/Payment_fr_S_BHATTACHARYA,,74.54,"67,694.94"
27-Mar-2026,UPI/CR/TXN946826/R_SHAW/YESB/Payment_fr_R_SHAW,,7.88,"67,702.82"
27-Mar-2026,UPI/CR/TXN520245/B_NATH/YESB/Payment_fr_B_NATH,,2.03,"67,704.85"
27-Mar-2026,UPI/CR/TXN628597/A_CHANDA/YESB/Payment_fr_A_CHANDA,,7.27,"67,712.12"
27-Mar-2026,UPI/CR/TXN112960/A_CHANDA/YESB/Payment_fr_A_CHANDA,,24.92,"67,737.04"
27-Mar-2026,UPI/DR/TXN778553/NESTLE_INDIA/HDFC/Payment_to_NESTLE_INDIA,34.83,,"67,702.21"
28-Mar-2026,UPI/CR/TXN334176/R_DHAR/YESB/Payment_fr_R_DHAR,,86.01,"67,788.22"
28-Mar-2026,UPI/CR/TXN795951/R_DHAR/YESB/Payment_fr_R_DHAR,,82.66,"67,870.88"
28-Mar-2026,UPI/CR/TXN556112/P_NASKAR/YESB/Payment_fr_P_NASKAR,,40.46,"67,911.34"
28-Mar-2026,UPI/CR/TXN415076/D_PAL/YESB/Payment_fr_D_PAL,,3.65,"67,914.99"
28-Mar-2026,UPI/CR/TXN100177/T_SAMANTA/YESB/Payment_fr_T_SAMANTA,,72.39,"67,987.38"
28-Mar-2026,UPI/CR/TXN919656/S_BHATTACHARYA/YESB/Payment_fr_S_BHATTACHARYA,,84.54,"68,071.92"
28-Mar-2026,UPI/CR/TXN533174/T_ROY/YESB/Payment_fr_T_ROY,,97.77,"68,169.69"
28-Mar-2026,UPI/CR/TXN720298/R_DHAR/YESB/Payment_fr_R_DHAR,,44.00,"68,213.69"
28-Mar-2026,UPI/CR/TXN708502/P_MANDAL/YESB/Payment_fr_P_MANDAL,,98.83,"68,312.52"
28-Mar-2026,UPI/CR/TXN778827/N_DAS/YESB/Payment_fr_N_DAS,,52.27,"68,364.79"
28-Mar-2026,UPI/DR/TXN802812/GROCERY_WHOLESALE/HDFC/Payment_to_GROCERY_WHOLESALE,228.42,,"68,136.37"
28-Mar-2026,UPI/CR/TXN543940/S_DUTA/YESB/Payment_fr_S_DUTA,,28.85,"68,165.22"
28-Mar-2026,UPI/CR/TXN281276/A_BAKSHI/YESB/Payment_fr_A_BAKSHI,,67.45,"68,232.67"
28-Mar-2026,UPI/CR/TXN793805/C_ROY/YESB/Payment_fr_C_ROY,,93.25,"68,325.92"
28-Mar-2026,UPI/CR/TXN390334/A_CHANDA/YESB/Payment_fr_A_CHANDA,,97.80,"68,423.72"
28-Mar-2026,UPI/CR/TXN837623/A_K_ROY/YESB/Payment_fr_A_K_ROY,,83.75,"68,507.47"
28-Mar-2026,UPI/CR/TXN895794/RAM_SEN/YESB/Payment_fr_RAM_SEN,,66.36,"68,573.83"
28-Mar-2026,UPI/CR/TXN616342/R_SHAW/YESB/Payment_fr_R_SHAW,,80.72,"68,654.55"
28-Mar-2026,UPI/CR/TXN952679/S_GHOSH/YESB/Payment_fr_S_GHOSH,,6.91,"68,661.46"
28-Mar-2026,UPI/CR/TXN182659/P_PAUL/YESB/Payment_fr_P_PAUL,,24.07,"68,685.53"
28-Mar-2026,UPI/CR/TXN567429/P_DEY/YESB/Payment_fr_P_DEY,,90.22,"68,775.75"
29-Mar-2026,UPI/CR/TXN844037/T_ROY/YESB/Payment_fr_T_ROY,,90.23,"68,865.98"
29-Mar-2026,UPI/CR/TXN819656/N_DAS/YESB/Payment_fr_N_DAS,,4.78,"68,870.76"
29-Mar-2026,UPI/DR/TXN413433/HUL_DISTRIBUTORS/HDFC/Payment_to_HUL_DISTRIBUTORS,163.29,,"68,707.47"
29-Mar-2026,UPI/CR/TXN544393/S_BASU/YESB/Payment_fr_S_BASU,,16.92,"68,724.39"
29-Mar-2026,UPI/CR/TXN793150/D_CHATTERJEE/YESB/Payment_fr_D_CHATTERJEE,,86.86,"68,811.25"
29-Mar-2026,UPI/CR/TXN337232/K_MALLICK/YESB/Payment_fr_K_MALLICK,,95.82,"68,907.07"
29-Mar-2026,UPI/CR/TXN642421/G_MODAK/YESB/Payment_fr_G_MODAK,,22.92,"68,929.99"
29-Mar-2026,UPI/CR/TXN919394/A_CHAKRABORTY/YESB/Payment_fr_A_CHAKRABORTY,,78.45,"69,008.44"
29-Mar-2026,UPI/CR/TXN522988/J_HALDER/YESB/Payment_fr_J_HALDER,,33.81,"69,042.25"
29-Mar-2026,UPI/CR/TXN881439/D_CHATTERJEE/YESB/Payment_fr_D_CHATTERJEE,,89.78,"69,132.03"
29-Mar-2026,UPI/CR/TXN633030/T_ROY/YESB/Payment_fr_T_ROY,,2.48,"69,134.51"
29-Mar-2026,UPI/CR/TXN207697/D_PAL/YESB/Payment_fr_D_PAL,,79.47,"69,213.98"
29-Mar-2026,UPI/CR/TXN349556/J_BOSE/YESB/Payment_fr_J_BOSE,,88.74,"69,302.72"
29-Mar-2026,UPI/CR/TXN562094/C_ROY/YESB/Payment_fr_C_ROY,,69.29,"69,372.01"
29-Mar-2026,UPI/CR/TXN948611/A_BAKSHI/YESB/Payment_fr_A_BAKSHI,,108.27,"69,480.28"
29-Mar-2026,UPI/CR/TXN630126/R_SHAW/YESB/Payment_fr_R_SHAW,,28.80,"69,509.08"
29-Mar-2026,UPI/CR/TXN493696/R_SHAW/YESB/Payment_fr_R_SHAW,,16.26,"69,525.34"
29-Mar-2026,UPI/CR/TXN587648/A_BAKSHI/YESB/Payment_fr_A_BAKSHI,,8.85,"69,534.19"
29-Mar-2026,UPI/CR/TXN446968/P_PAUL/YESB/Payment_fr_P_PAUL,,32.95,"69,567.14"
29-Mar-2026,UPI/CR/TXN270820/P_NASKAR/YESB/Payment_fr_P_NASKAR,,44.97,"69,612.11"
29-Mar-2026,UPI/CR/TXN554197/B_PRAMANIK/YESB/Payment_fr_B_PRAMANIK,,93.61,"69,705.72"
30-Mar-2026,UPI/CR/TXN711344/S_DUTA/YESB/Payment_fr_S_DUTA,,64.28,"69,770.00"
30-Mar-2026,UPI/CR/TXN904694/T_SAMANTA/YESB/Payment_fr_T_SAMANTA,,20.42,"69,790.42"
30-Mar-2026,UPI/CR/TXN579605/A_BAKSHI/YESB/Payment_fr_A_BAKSHI,,37.62,"69,828.04"
30-Mar-2026,UPI/CR/TXN938754/P_BANERJEE/YESB/Payment_fr_P_BANERJEE,,78.64,"69,906.68"
30-Mar-2026,UPI/CR/TXN578621/S_DUTA/YESB/Payment_fr_S_DUTA,,49.10,"69,955.78"
30-Mar-2026,UPI/DR/TXN884197/BRITANNIA_SALES/HDFC/Payment_to_BRITANNIA_SALES,558.19,,"69,397.59"
30-Mar-2026,UPI/CR/TXN810078/P_NASKAR/YESB/Payment_fr_P_NASKAR,,3.00,"69,400.59"
30-Mar-2026,UPI/DR/TXN835570/AMUL_MILK_AGENCY/HDFC/Payment_to_AMUL_MILK_AGENCY,233.33,,"69,167.26"
30-Mar-2026,UPI/CR/TXN382154/S_SARKAR/YESB/Payment_fr_S_SARKAR,,76.36,"69,243.62"
30-Mar-2026,UPI/CR/TXN731650/P_DEY/YESB/Payment_fr_P_DEY,,63.34,"69,306.96"
30-Mar-2026,UPI/CR/TXN573869/S_SARKAR/YESB/Payment_fr_S_SARKAR,,8.72,"69,315.68"
30-Mar-2026,UPI/CR/TXN948095/A_CHANDA/YESB/Payment_fr_A_CHANDA,,58.36,"69,374.04"
30-Mar-2026,UPI/CR/TXN215795/M_MITRA/YESB/Payment_fr_M_MITRA,,99.65,"69,473.69"
30-Mar-2026,UPI/CR/TXN847362/T_ROY/YESB/Payment_fr_T_ROY,,42.82,"69,516.51"
30-Mar-2026,UPI/CR/TXN529954/RAM_SEN/YESB/Payment_fr_RAM_SEN,,97.64,"69,614.15"
30-Mar-2026,UPI/CR/TXN716118/S_BAG/YESB/Payment_fr_S_BAG,,25.92,"69,640.07"
30-Mar-2026,UPI/CR/TXN735605/R_HALDER/YESB/Payment_fr_R_HALDER,,69.51,"69,709.58"
30-Mar-2026,UPI/CR/TXN435039/R_DHAR/YESB/Payment_fr_R_DHAR,,97.60,"69,807.18"
30-Mar-2026,UPI/CR/TXN254887/A_K_ROY/YESB/Payment_fr_A_K_ROY,,51.45,"69,858.63"
30-Mar-2026,UPI/CR/TXN661652/D_SEN/YESB/Payment_fr_D_SEN,,17.96,"69,876.59"
30-Mar-2026,UPI/CR/TXN102303/N_DAS/YESB/Payment_fr_N_DAS,,25.22,"69,901.81"
31-Mar-2026,UPI/CR/TXN426053/T_ROY/YESB/Payment_fr_T_ROY,,51.66,"69,953.47"
31-Mar-2026,UPI/CR/TXN335217/N_DAS/YESB/Payment_fr_N_DAS,,87.00,"70,040.47"
31-Mar-2026,UPI/CR/TXN585854/T_ROY/YESB/Payment_fr_T_ROY,,18.00,"70,058.47"
31-Mar-2026,UPI/CR/TXN714015/K_MALLICK/YESB/Payment_fr_K_MALLICK,,48.61,"70,107.08"
31-Mar-2026,UPI/CR/TXN284084/T_ROY/YESB/Payment_fr_T_ROY,,39.76,"70,146.84"
31-Mar-2026,UPI/CR/TXN199868/S_BAG/YESB/Payment_fr_S_BAG,,101.27,"70,248.11"
31-Mar-2026,UPI/CR/TXN468292/B_BARUA/YESB/Payment_fr_B_BARUA,,17.43,"70,265.54"
31-Mar-2026,UPI/CR/TXN454366/M_MITRA/YESB/Payment_fr_M_MITRA,,95.13,"70,360.67"
31-Mar-2026,UPI/CR/TXN501320/A_K_ROY/YESB/Payment_fr_A_K_ROY,,111.89,"70,472.56"
31-Mar-2026,UPI/CR/TXN782591/B_PRAMANIK/YESB/Payment_fr_B_PRAMANIK,,88.54,"70,561.10"
31-Mar-2026,UPI/CR/TXN735053/S_BAG/YESB/Payment_fr_S_BAG,,32.80,"70,593.90"
31-Mar-2026,UPI/CR/TXN522979/K_GANGULY/YESB/Payment_fr_K_GANGULY,,71.47,"70,665.37"
31-Mar-2026,UPI/CR/TXN315535/M_GUHA/YESB/Payment_fr_M_GUHA,,67.52,"70,732.89"
31-Mar-2026,UPI/CR/TXN378150/A_CHAKRABORTY/YESB/Payment_fr_A_CHAKRABORTY,,78.78,"70,811.67"
31-Mar-2026,UPI/DR/TXN849086/ITC_FOODS/HDFC/Payment_to_ITC_FOODS,210.41,,"70,601.26"
31-Mar-2026,UPI/CR/TXN965401/S_SOM/YESB/Payment_fr_S_SOM,,44.33,"70,645.59"
31-Mar-2026,UPI/DR/TXN826155/MOTHER_DAIRY_CO/HDFC/Payment_to_MOTHER_DAIRY_CO,111.31,,"70,534.28"
31-Mar-2026,UPI/CR/TXN202344/D_SEN/YESB/Payment_fr_D_SEN,,58.18,"70,592.46"
31-Mar-2026,UPI/DR/TXN818430/PARLE_PRODUCTS/HDFC/Payment_to_PARLE_PRODUCTS,55.80,,"70,536.66"
31-Mar-2026,UPI/DR/TXN476105/GROCERY_WHOLESALE/HDFC/Payment_to_GROCERY_WHOLESALE,571.61,,"69,965.05"
31-Mar-2026,UPI/CR/TXN947438/R_DHAR/YESB/Payment_fr_R_DHAR,,34.95,"70,000.00"
01-Apr-2026,UPI/CR/TXN817318/B_NATH/YESB/Payment_fr_B_NATH,,35.18,"70,035.18"
01-Apr-2026,UPI/CR/TXN735022/S_BASU/YESB/Payment_fr_S_BASU,,88.49,"70,123.67"
01-Apr-2026,UPI/CR/TXN441183/S_MUKHERJEE/YESB/Payment_fr_S_MUKHERJEE,,24.14,"70,147.81"
01-Apr-2026,UPI/CR/TXN513296/A_CHANDA/YESB/Payment_fr_A_CHANDA,,10.70,"70,158.51"
01-Apr-2026,UPI/CR/TXN854701/A_K_ROY/YESB/Payment_fr_A_K_ROY,,37.51,"70,196.02"
01-Apr-2026,UPI/CR/TXN103468/N_DAS/YESB/Payment_fr_N_DAS,,1.97,"70,197.99"
01-Apr-2026,UPI/DR/TXN607938/ITC_FOODS/HDFC/Payment_to_ITC_FOODS,236.28,,"69,961.71"
01-Apr-2026,UPI/CR/TXN792984/G_MODAK/YESB/Payment_fr_G_MODAK,,1.74,"69,963.45"
01-Apr-2026,UPI/CR/TXN119627/A_CHAKRABORTY/YESB/Payment_fr_A_CHAKRABORTY,,12.96,"69,976.41"
01-Apr-2026,UPI/CR/TXN451238/S_BASU/YESB/Payment_fr_S_BASU,,91.79,"70,068.20"
01-Apr-2026,UPI/CR/TXN861265/A_BAKSHI/YESB/Payment_fr_A_BAKSHI,,49.15,"70,117.35"
01-Apr-2026,UPI/DR/TXN741233/BRITANNIA_SALES/HDFC/Payment_to_BRITANNIA_SALES,366.49,,"69,750.86"
01-Apr-2026,UPI/CR/TXN265146/G_MODAK/YESB/Payment_fr_G_MODAK,,22.88,"69,773.74"
01-Apr-2026,UPI/CR/TXN321476/A_CHAKRABORTY/YESB/Payment_fr_A_CHAKRABORTY,,64.09,"69,837.83"
01-Apr-2026,UPI/CR/TXN599365/S_MALAKAR/YESB/Payment_fr_S_MALAKAR,,59.45,"69,897.28"
01-Apr-2026,UPI/CR/TXN745474/B_BARUA/YESB/Payment_fr_B_BARUA,,44.48,"69,941.76"
01-Apr-2026,UPI/DR/TXN162549/ITC_FOODS/HDFC/Payment_to_ITC_FOODS,66.06,,"69,875.70"
01-Apr-2026,UPI/CR/TXN821568/M_MITRA/YESB/Payment_fr_M_MITRA,,9.45,"69,885.15"
01-Apr-2026,UPI/CR/TXN534773/S_BAG/YESB/Payment_fr_S_BAG,,80.00,"69,965.15"
01-Apr-2026,UPI/CR/TXN605806/R_SHAW/YESB/Payment_fr_R_SHAW,,71.58,"70,036.73"
01-Apr-2026,UPI/CR/TXN703080/S_BHATTACHARYA/YESB/Payment_fr_S_BHATTACHARYA,,31.85,"70,068.58"
01-Apr-2026,UPI/CR/TXN250255/A_CHANDA/YESB/Payment_fr_A_CHANDA,,78.64,"70,147.22"
01-Apr-2026,UPI/DR/TXN278190/MOTHER_DAIRY_CO/HDFC/Payment_to_MOTHER_DAIRY_CO,132.19,,"70,015.03"
02-Apr-2026,UPI/CR/TXN286906/C_ROY/YESB/Payment_fr_C_ROY,,58.65,"70,073.68"
02-Apr-2026,UPI/DR/TXN873584/DELHI_SPICES/HDFC/Payment_to_DELHI_SPICES,373.30,,"69,700.38"
02-Apr-2026,UPI/CR/TXN555851/S_BHATTACHARYA/YESB/Payment_fr_S_BHATTACHARYA,,17.46,"69,717.84"
02-Apr-2026,UPI/CR/TXN901351/S_SARKAR/YESB/Payment_fr_S_SARKAR,,11.22,"69,729.06"
02-Apr-2026,UPI/CR/TXN202093/S_DUTA/YESB/Payment_fr_S_DUTA,,92.36,"69,821.42"
02-Apr-2026,UPI/CR/TXN165442/D_SEN/YESB/Payment_fr_D_SEN,,60.00,"69,881.42"
02-Apr-2026,UPI/CR/TXN220020/S_BASU/YESB/Payment_fr_S_BASU,,70.99,"69,952.41"
02-Apr-2026,UPI/CR/TXN581682/S_DUTA/YESB/Payment_fr_S_DUTA,,85.43,"70,037.84"
02-Apr-2026,UPI/CR/TXN740774/D_SEN/YESB/Payment_fr_D_SEN,,31.60,"70,069.44"
02-Apr-2026,UPI/CR/TXN817303/J_BOSE/YESB/Payment_fr_J_BOSE,,59.66,"70,129.10"
02-Apr-2026,UPI/DR/TXN647114/AMUL_MILK_AGENCY/HDFC/Payment_to_AMUL_MILK_AGENCY,422.84,,"69,706.26"
02-Apr-2026,UPI/CR/TXN131734/D_CHATTERJEE/YESB/Payment_fr_D_CHATTERJEE,,88.14,"69,794.40"
02-Apr-2026,UPI/CR/TXN763393/P_DEY/YESB/Payment_fr_P_DEY,,30.32,"69,824.72"
02-Apr-2026,UPI/CR/TXN419348/S_MALAKAR/YESB/Payment_fr_S_MALAKAR,,45.91,"69,870.63"
02-Apr-2026,UPI/CR/TXN580636/S_BHATTACHARYA/YESB/Payment_fr_S_BHATTACHARYA,,23.49,"69,894.12"
02-Apr-2026,UPI/DR/TXN460265/PARLE_PRODUCTS/HDFC/Payment_to_PARLE_PRODUCTS,88.92,,"69,805.20"
02-Apr-2026,UPI/CR/TXN239849/S_DUTA/YESB/Payment_fr_S_DUTA,,42.17,"69,847.37"
02-Apr-2026,UPI/CR/TXN656011/A_CHANDA/YESB/Payment_fr_A_CHANDA,,15.42,"69,862.79"
02-Apr-2026,UPI/CR/TXN792829/B_BARUA/YESB/Payment_fr_B_BARUA,,47.18,"69,909.97"
02-Apr-2026,UPI/CR/TXN645209/A_KUNDU/YESB/Payment_fr_A_KUNDU,,52.53,"69,962.50"
02-Apr-2026,UPI/CR/TXN927094/M_GUHA/YESB/Payment_fr_M_GUHA,,31.19,"69,993.69"
02-Apr-2026,UPI/CR/TXN321099/R_SHAW/YESB/Payment_fr_R_SHAW,,23.72,"70,017.41"
02-Apr-2026,UPI/CR/TXN587467/A_K_ROY/YESB/Payment_fr_A_K_ROY,,60.00,"70,077.41"
03-Apr-2026,UPI/CR/TXN960622/T_SAMANTA/YESB/Payment_fr_T_SAMANTA,,12.46,"70,089.87"
03-Apr-2026,UPI/CR/TXN803724/A_BAKSHI/YESB/Payment_fr_A_BAKSHI,,25.03,"70,114.90"
03-Apr-2026,UPI/CR/TXN292913/S_SOM/YESB/Payment_fr_S_SOM,,86.28,"70,201.18"
03-Apr-2026,UPI/CR/TXN349505/B_BARUA/YESB/Payment_fr_B_BARUA,,18.29,"70,219.47"
03-Apr-2026,UPI/CR/TXN215027/R_DHAR/YESB/Payment_fr_R_DHAR,,22.25,"70,241.72"
03-Apr-2026,UPI/CR/TXN299072/P_NASKAR/YESB/Payment_fr_P_NASKAR,,83.13,"70,324.85"
03-Apr-2026,UPI/DR/TXN593515/GROCERY_WHOLESALE/HDFC/Payment_to_GROCERY_WHOLESALE,373.91,,"69,950.94"
03-Apr-2026,UPI/CR/TXN809589/S_BHATTACHARYA/YESB/Payment_fr_S_BHATTACHARYA,,43.93,"69,994.87"
03-Apr-2026,UPI/CR/TXN608307/D_SEN/YESB/Payment_fr_D_SEN,,45.96,"70,040.83"
03-Apr-2026,UPI/CR/TXN604923/P_MANDAL/YESB/Payment_fr_P_MANDAL,,61.25,"70,102.08"
03-Apr-2026,UPI/CR/TXN945197/T_SAMANTA/YESB/Payment_fr_T_SAMANTA,,89.41,"70,191.49"
03-Apr-2026,UPI/CR/TXN434652/A_CHAKRABORTY/YESB/Payment_fr_A_CHAKRABORTY,,35.60,"70,227.09"
03-Apr-2026,UPI/DR/TXN707924/ITC_FOODS/HDFC/Payment_to_ITC_FOODS,150.36,,"70,076.73"
03-Apr-2026,UPI/CR/TXN286572/K_MALLICK/YESB/Payment_fr_K_MALLICK,,37.57,"70,114.30"
03-Apr-2026,UPI/CR/TXN168079/T_SAMANTA/YESB/Payment_fr_T_SAMANTA,,53.70,"70,168.00"
03-Apr-2026,UPI/CR/TXN552091/P_MANDAL/YESB/Payment_fr_P_MANDAL,,44.26,"70,212.26"
03-Apr-2026,UPI/CR/TXN193624/R_DHAR/YESB/Payment_fr_R_DHAR,,57.62,"70,269.88"
03-Apr-2026,UPI/CR/TXN608473/P_PAUL/YESB/Payment_fr_P_PAUL,,4.65,"70,274.53"
03-Apr-2026,UPI/CR/TXN594109/A_K_ROY/YESB/Payment_fr_A_K_ROY,,9.14,"70,283.67"
03-Apr-2026,UPI/CR/TXN739008/P_DEY/YESB/Payment_fr_P_DEY,,21.84,"70,305.51"
03-Apr-2026,UPI/CR/TXN621800/S_MUKHERJEE/YESB/Payment_fr_S_MUKHERJEE,,22.54,"70,328.05"
03-Apr-2026,UPI/CR/TXN248433/S_BASU/YESB/Payment_fr_S_BASU,,75.05,"70,403.10"
03-Apr-2026,UPI/CR/TXN547798/D_SEN/YESB/Payment_fr_D_SEN,,14.20,"70,417.30"
04-Apr-2026,UPI/CR/TXN507652/D_CHATTERJEE/YESB/Payment_fr_D_CHATTERJEE,,46.92,"70,464.22"
04-Apr-2026,UPI/CR/TXN805139/M_GUHA/YESB/Payment_fr_M_GUHA,,3.34,"70,467.56"
04-Apr-2026,UPI/CR/TXN191962/M_GUHA/YESB/Payment_fr_M_GUHA,,75.51,"70,543.07"
04-Apr-2026,UPI/CR/TXN347085/T_SAMANTA/YESB/Payment_fr_T_SAMANTA,,36.54,"70,579.61"
04-Apr-2026,UPI/CR/TXN862182/B_BARUA/YESB/Payment_fr_B_BARUA,,22.66,"70,602.27"
04-Apr-2026,UPI/CR/TXN780999/T_SAMANTA/YESB/Payment_fr_T_SAMANTA,,71.32,"70,673.59"
04-Apr-2026,UPI/CR/TXN278980/S_BAG/YESB/Payment_fr_S_BAG,,28.86,"70,702.45"
04-Apr-2026,UPI/CR/TXN227950/D_PAL/YESB/Payment_fr_D_PAL,,16.92,"70,719.37"
04-Apr-2026,UPI/CR/TXN862285/T_ROY/YESB/Payment_fr_T_ROY,,49.11,"70,768.48"
04-Apr-2026,UPI/CR/TXN847528/A_KUNDU/YESB/Payment_fr_A_KUNDU,,66.47,"70,834.95"
04-Apr-2026,UPI/CR/TXN111091/T_SAMANTA/YESB/Payment_fr_T_SAMANTA,,85.80,"70,920.75"
04-Apr-2026,UPI/CR/TXN630573/A_BAKSHI/YESB/Payment_fr_A_BAKSHI,,41.42,"70,962.17"
04-Apr-2026,UPI/CR/TXN135695/A_KUNDU/YESB/Payment_fr_A_KUNDU,,48.36,"71,010.53"
04-Apr-2026,UPI/CR/TXN334665/N_DAS/YESB/Payment_fr_N_DAS,,74.19,"71,084.72"
04-Apr-2026,UPI/CR/TXN236217/R_HALDER/YESB/Payment_fr_R_HALDER,,76.25,"71,160.97"
04-Apr-2026,UPI/CR/TXN191928/S_BHATTACHARYA/YESB/Payment_fr_S_BHATTACHARYA,,35.85,"71,196.82"
04-Apr-2026,UPI/CR/TXN622355/B_PRAMANIK/YESB/Payment_fr_B_PRAMANIK,,59.40,"71,256.22"
04-Apr-2026,UPI/CR/TXN445200/S_BASU/YESB/Payment_fr_S_BASU,,72.44,"71,328.66"
04-Apr-2026,UPI/CR/TXN100884/P_NASKAR/YESB/Payment_fr_P_NASKAR,,73.46,"71,402.12"
04-Apr-2026,UPI/CR/TXN402808/A_BAKSHI/YESB/Payment_fr_A_BAKSHI,,12.94,"71,415.06"
04-Apr-2026,UPI/CR/TXN243885/M_MITRA/YESB/Payment_fr_M_MITRA,,26.16,"71,441.22"
04-Apr-2026,UPI/CR/TXN191305/R_HALDER/YESB/Payment_fr_R_HALDER,,27.77,"71,468.99"
04-Apr-2026,UPI/CR/TXN336706/R_DHAR/YESB/Payment_fr_R_DHAR,,25.06,"71,494.05"
05-Apr-2026,UPI/CR/TXN176461/S_DUTA/YESB/Payment_fr_S_DUTA,,28.46,"71,522.51"
05-Apr-2026,UPI/CR/TXN768387/A_CHAKRABORTY/YESB/Payment_fr_A_CHAKRABORTY,,41.53,"71,564.04"
05-Apr-2026,UPI/CR/TXN159645/M_MITRA/YESB/Payment_fr_M_MITRA,,28.59,"71,592.63"
05-Apr-2026,UPI/CR/TXN255457/P_DEY/YESB/Payment_fr_P_DEY,,72.90,"71,665.53"
05-Apr-2026,UPI/CR/TXN214611/P_NASKAR/YESB/Payment_fr_P_NASKAR,,68.42,"71,733.95"
05-Apr-2026,UPI/CR/TXN816712/B_BARUA/YESB/Payment_fr_B_BARUA,,61.89,"71,795.84"
05-Apr-2026,UPI/CR/TXN730421/M_MITRA/YESB/Payment_fr_M_MITRA,,17.11,"71,812.95"
05-Apr-2026,UPI/CR/TXN299451/G_MODAK/YESB/Payment_fr_G_MODAK,,28.75,"71,841.70"
05-Apr-2026,UPI/CR/TXN389809/S_MUKHERJEE/YESB/Payment_fr_S_MUKHERJEE,,4.38,"71,846.08"
05-Apr-2026,UPI/CR/TXN169348/S_SARKAR/YESB/Payment_fr_S_SARKAR,,19.22,"71,865.30"
05-Apr-2026,UPI/CR/TXN503402/A_BAKSHI/YESB/Payment_fr_A_BAKSHI,,28.02,"71,893.32"
05-Apr-2026,UPI/CR/TXN606743/B_PRAMANIK/YESB/Payment_fr_B_PRAMANIK,,22.81,"71,916.13"
05-Apr-2026,UPI/CR/TXN227091/P_BANERJEE/YESB/Payment_fr_P_BANERJEE,,35.98,"71,952.11"
05-Apr-2026,UPI/CR/TXN349433/D_CHATTERJEE/YESB/Payment_fr_D_CHATTERJEE,,14.29,"71,966.40"
05-Apr-2026,UPI/CR/TXN741804/K_GANGULY/YESB/Payment_fr_K_GANGULY,,44.12,"72,010.52"
05-Apr-2026,UPI/CR/TXN211072/P_NASKAR/YESB/Payment_fr_P_NASKAR,,58.00,"72,068.52"
05-Apr-2026,UPI/CR/TXN123572/T_ROY/YESB/Payment_fr_T_ROY,,38.66,"72,107.18"
05-Apr-2026,UPI/CR/TXN437211/D_PAL/YESB/Payment_fr_D_PAL,,79.08,"72,186.26"
05-Apr-2026,UPI/CR/TXN303440/P_DEY/YESB/Payment_fr_P_DEY,,81.45,"72,267.71"
05-Apr-2026,UPI/CR/TXN763529/M_MITRA/YESB/Payment_fr_M_MITRA,,13.04,"72,280.75"
05-Apr-2026,UPI/CR/TXN593403/S_MUKHERJEE/YESB/Payment_fr_S_MUKHERJEE,,29.48,"72,310.23"
05-Apr-2026,UPI/CR/TXN584935/M_GUHA/YESB/Payment_fr_M_GUHA,,60.94,"72,371.17"
05-Apr-2026,UPI/CR/TXN107574/RAM_SEN/YESB/Payment_fr_RAM_SEN,,48.88,"72,420.05"
06-Apr-2026,UPI/CR/TXN481104/K_MALLICK/YESB/Payment_fr_K_MALLICK,,43.42,"72,463.47"
06-Apr-2026,UPI/CR/TXN575779/P_BANERJEE/YESB/Payment_fr_P_BANERJEE,,14.63,"72,478.10"
06-Apr-2026,UPI/CR/TXN195620/B_NATH/YESB/Payment_fr_B_NATH,,54.17,"72,532.27"
06-Apr-2026,UPI/CR/TXN936866/A_CHAKRABORTY/YESB/Payment_fr_A_CHAKRABORTY,,11.05,"72,543.32"
06-Apr-2026,UPI/CR/TXN286037/T_SAMANTA/YESB/Payment_fr_T_SAMANTA,,52.28,"72,595.60"
06-Apr-2026,UPI/CR/TXN612643/G_MODAK/YESB/Payment_fr_G_MODAK,,85.62,"72,681.22"
06-Apr-2026,UPI/CR/TXN395968/R_SHAW/YESB/Payment_fr_R_SHAW,,44.01,"72,725.23"
06-Apr-2026,UPI/CR/TXN250990/A_K_ROY/YESB/Payment_fr_A_K_ROY,,18.03,"72,743.26"
06-Apr-2026,UPI/CR/TXN390088/D_SEN/YESB/Payment_fr_D_SEN,,36.64,"72,779.90"
06-Apr-2026,UPI/CR/TXN197429/D_PAL/YESB/Payment_fr_D_PAL,,14.74,"72,794.64"
06-Apr-2026,UPI/CR/TXN477685/P_MANDAL/YESB/Payment_fr_P_MANDAL,,24.54,"72,819.18"
06-Apr-2026,UPI/CR/TXN191014/C_ROY/YESB/Payment_fr_C_ROY,,58.76,"72,877.94"
06-Apr-2026,UPI/CR/TXN468591/A_BAKSHI/YESB/Payment_fr_A_BAKSHI,,67.49,"72,945.43"
06-Apr-2026,UPI/DR/TXN105324/MOTHER_DAIRY_CO/HDFC/Payment_to_MOTHER_DAIRY_CO,309.14,,"72,636.29"
06-Apr-2026,UPI/CR/TXN256085/D_CHATTERJEE/YESB/Payment_fr_D_CHATTERJEE,,6.05,"72,642.34"
06-Apr-2026,UPI/CR/TXN208954/S_BHATTACHARYA/YESB/Payment_fr_S_BHATTACHARYA,,37.32,"72,679.66"
06-Apr-2026,UPI/DR/TXN916814/DELHI_SPICES/HDFC/Payment_to_DELHI_SPICES,213.56,,"72,466.10"
06-Apr-2026,UPI/CR/TXN139673/RAM_SEN/YESB/Payment_fr_RAM_SEN,,71.57,"72,537.67"
06-Apr-2026,UPI/CR/TXN799396/S_DUTA/YESB/Payment_fr_S_DUTA,,37.44,"72,575.11"
06-Apr-2026,UPI/DR/TXN602550/PEPSI_DIST/HDFC/Payment_to_PEPSI_DIST,396.62,,"72,178.49"
06-Apr-2026,UPI/CR/TXN802615/D_SEN/YESB/Payment_fr_D_SEN,,27.93,"72,206.42"
06-Apr-2026,UPI/CR/TXN658624/T_ROY/YESB/Payment_fr_T_ROY,,71.60,"72,278.02"
06-Apr-2026,UPI/CR/TXN587521/S_BASU/YESB/Payment_fr_S_BASU,,48.95,"72,326.97"
07-Apr-2026,UPI/CR/TXN895338/B_PRAMANIK/YESB/Payment_fr_B_PRAMANIK,,52.30,"72,379.27"
07-Apr-2026,UPI/CR/TXN694764/J_HALDER/YESB/Payment_fr_J_HALDER,,63.38,"72,442.65"
07-Apr-2026,UPI/DR/TXN574419/SUDIP_DISTRIBUTORS/HDFC/Payment_to_SUDIP_DISTRIBUTORS,117.29,,"72,325.36"
07-Apr-2026,UPI/CR/TXN926471/R_HALDER/YESB/Payment_fr_R_HALDER,,58.82,"72,384.18"
07-Apr-2026,UPI/CR/TXN789886/D_CHATTERJEE/YESB/Payment_fr_D_CHATTERJEE,,32.79,"72,416.97"
07-Apr-2026,UPI/CR/TXN695370/S_MUKHERJEE/YESB/Payment_fr_S_MUKHERJEE,,22.26,"72,439.23"
07-Apr-2026,UPI/CR/TXN621682/P_BANERJEE/YESB/Payment_fr_P_BANERJEE,,90.43,"72,529.66"
07-Apr-2026,UPI/CR/TXN117215/A_BAKSHI/YESB/Payment_fr_A_BAKSHI,,45.64,"72,575.30"
07-Apr-2026,UPI/CR/TXN586554/R_SHAW/YESB/Payment_fr_R_SHAW,,10.60,"72,585.90"
07-Apr-2026,UPI/CR/TXN112800/K_MALLICK/YESB/Payment_fr_K_MALLICK,,25.67,"72,611.57"
07-Apr-2026,UPI/CR/TXN871043/A_BAKSHI/YESB/Payment_fr_A_BAKSHI,,8.49,"72,620.06"
07-Apr-2026,UPI/CR/TXN804737/R_SHAW/YESB/Payment_fr_R_SHAW,,42.15,"72,662.21"
07-Apr-2026,UPI/CR/TXN279594/P_PAUL/YESB/Payment_fr_P_PAUL,,79.14,"72,741.35"
07-Apr-2026,UPI/CR/TXN533525/P_MANDAL/YESB/Payment_fr_P_MANDAL,,68.52,"72,809.87"
07-Apr-2026,UPI/CR/TXN344303/P_MANDAL/YESB/Payment_fr_P_MANDAL,,72.11,"72,881.98"
07-Apr-2026,UPI/CR/TXN242371/J_HALDER/YESB/Payment_fr_J_HALDER,,68.05,"72,950.03"
07-Apr-2026,UPI/CR/TXN995304/G_MODAK/YESB/Payment_fr_G_MODAK,,52.96,"73,002.99"
07-Apr-2026,UPI/CR/TXN464750/T_ROY/YESB/Payment_fr_T_ROY,,60.93,"73,063.92"
07-Apr-2026,UPI/CR/TXN970206/S_MUKHERJEE/YESB/Payment_fr_S_MUKHERJEE,,5.89,"73,069.81"
07-Apr-2026,UPI/CR/TXN134697/S_BHATTACHARYA/YESB/Payment_fr_S_BHATTACHARYA,,28.78,"73,098.59"
07-Apr-2026,UPI/CR/TXN931247/J_BOSE/YESB/Payment_fr_J_BOSE,,71.84,"73,170.43"
07-Apr-2026,UPI/CR/TXN510339/M_GUHA/YESB/Payment_fr_M_GUHA,,39.10,"73,209.53"
07-Apr-2026,UPI/CR/TXN915572/S_DUTA/YESB/Payment_fr_S_DUTA,,50.38,"73,259.91"
08-Apr-2026,UPI/CR/TXN523533/J_HALDER/YESB/Payment_fr_J_HALDER,,60.75,"73,320.66"
08-Apr-2026,UPI/CR/TXN741784/S_SARKAR/YESB/Payment_fr_S_SARKAR,,45.60,"73,366.26"
08-Apr-2026,UPI/CR/TXN788201/P_NASKAR/YESB/Payment_fr_P_NASKAR,,7.42,"73,373.68"
08-Apr-2026,UPI/CR/TXN287567/A_K_ROY/YESB/Payment_fr_A_K_ROY,,90.42,"73,464.10"
08-Apr-2026,UPI/CR/TXN219726/S_GHOSH/YESB/Payment_fr_S_GHOSH,,57.40,"73,521.50"
08-Apr-2026,UPI/CR/TXN382329/K_GANGULY/YESB/Payment_fr_K_GANGULY,,17.93,"73,539.43"
08-Apr-2026,UPI/CR/TXN843007/N_DAS/YESB/Payment_fr_N_DAS,,29.97,"73,569.40"
08-Apr-2026,UPI/CR/TXN742917/D_SEN/YESB/Payment_fr_D_SEN,,26.61,"73,596.01"
08-Apr-2026,UPI/DR/TXN326956/COCA_COLA_SUPPLY/HDFC/Payment_to_COCA_COLA_SUPPLY,414.39,,"73,181.62"
08-Apr-2026,UPI/CR/TXN637566/S_MUKHERJEE/YESB/Payment_fr_S_MUKHERJEE,,80.98,"73,262.60"
08-Apr-2026,UPI/DR/TXN663463/GROCERY_WHOLESALE/HDFC/Payment_to_GROCERY_WHOLESALE,10.51,,"73,252.09"
08-Apr-2026,UPI/CR/TXN439984/S_MALAKAR/YESB/Payment_fr_S_MALAKAR,,19.23,"73,271.32"
08-Apr-2026,UPI/CR/TXN586765/N_DAS/YESB/Payment_fr_N_DAS,,2.67,"73,273.99"
08-Apr-2026,UPI/CR/TXN578344/S_GHOSH/YESB/Payment_fr_S_GHOSH,,3.14,"73,277.13"
08-Apr-2026,UPI/CR/TXN855185/B_BARUA/YESB/Payment_fr_B_BARUA,,15.22,"73,292.35"
08-Apr-2026,UPI/CR/TXN894586/A_KUNDU/YESB/Payment_fr_A_KUNDU,,46.66,"73,339.01"
08-Apr-2026,UPI/CR/TXN213697/D_CHATTERJEE/YESB/Payment_fr_D_CHATTERJEE,,16.77,"73,355.78"
08-Apr-2026,UPI/CR/TXN774661/A_CHAKRABORTY/YESB/Payment_fr_A_CHAKRABORTY,,12.87,"73,368.65"
08-Apr-2026,UPI/CR/TXN132699/D_SEN/YESB/Payment_fr_D_SEN,,90.89,"73,459.54"
08-Apr-2026,UPI/CR/TXN745915/B_PRAMANIK/YESB/Payment_fr_B_PRAMANIK,,10.37,"73,469.91"
08-Apr-2026,UPI/CR/TXN988980/R_HALDER/YESB/Payment_fr_R_HALDER,,16.28,"73,486.19"
08-Apr-2026,UPI/DR/TXN491627/PEPSI_DIST/HDFC/Payment_to_PEPSI_DIST,38.57,,"73,447.62"
08-Apr-2026,UPI/CR/TXN673929/P_PAUL/YESB/Payment_fr_P_PAUL,,92.16,"73,539.78"
09-Apr-2026,UPI/CR/TXN699098/J_BOSE/YESB/Payment_fr_J_BOSE,,67.90,"73,607.68"
09-Apr-2026,UPI/CR/TXN248989/M_MITRA/YESB/Payment_fr_M_MITRA,,50.32,"73,658.00"
09-Apr-2026,UPI/CR/TXN388586/S_BASU/YESB/Payment_fr_S_BASU,,52.07,"73,710.07"
09-Apr-2026,UPI/CR/TXN641198/B_BARUA/YESB/Payment_fr_B_BARUA,,91.23,"73,801.30"
09-Apr-2026,UPI/CR/TXN827191/C_ROY/YESB/Payment_fr_C_ROY,,67.82,"73,869.12"
09-Apr-2026,UPI/CR/TXN513420/P_MANDAL/YESB/Payment_fr_P_MANDAL,,70.27,"73,939.39"
09-Apr-2026,UPI/CR/TXN701846/P_BANERJEE/YESB/Payment_fr_P_BANERJEE,,19.45,"73,958.84"
09-Apr-2026,UPI/CR/TXN145421/S_MUKHERJEE/YESB/Payment_fr_S_MUKHERJEE,,42.90,"74,001.74"
09-Apr-2026,UPI/CR/TXN788500/R_HALDER/YESB/Payment_fr_R_HALDER,,28.45,"74,030.19"
09-Apr-2026,UPI/CR/TXN241879/A_CHAKRABORTY/YESB/Payment_fr_A_CHAKRABORTY,,37.01,"74,067.20"
09-Apr-2026,UPI/CR/TXN422722/J_BOSE/YESB/Payment_fr_J_BOSE,,67.62,"74,134.82"
09-Apr-2026,UPI/CR/TXN723879/D_CHATTERJEE/YESB/Payment_fr_D_CHATTERJEE,,91.67,"74,226.49"
09-Apr-2026,UPI/CR/TXN907789/C_ROY/YESB/Payment_fr_C_ROY,,49.65,"74,276.14"
09-Apr-2026,UPI/CR/TXN573546/S_GHOSH/YESB/Payment_fr_S_GHOSH,,70.96,"74,347.10"
09-Apr-2026,UPI/CR/TXN745710/D_PAL/YESB/Payment_fr_D_PAL,,6.49,"74,353.59"
09-Apr-2026,UPI/CR/TXN599401/T_ROY/YESB/Payment_fr_T_ROY,,33.73,"74,387.32"
09-Apr-2026,UPI/CR/TXN103883/B_PRAMANIK/YESB/Payment_fr_B_PRAMANIK,,80.46,"74,467.78"
09-Apr-2026,UPI/CR/TXN138669/J_BOSE/YESB/Payment_fr_J_BOSE,,30.56,"74,498.34"
09-Apr-2026,UPI/DR/TXN202827/DELHI_SPICES/HDFC/Payment_to_DELHI_SPICES,266.27,,"74,232.07"
09-Apr-2026,UPI/DR/TXN352194/COCA_COLA_SUPPLY/HDFC/Payment_to_COCA_COLA_SUPPLY,331.16,,"73,900.91"
09-Apr-2026,UPI/CR/TXN810638/M_GUHA/YESB/Payment_fr_M_GUHA,,20.53,"73,921.44"
09-Apr-2026,UPI/DR/TXN409499/DELHI_SPICES/HDFC/Payment_to_DELHI_SPICES,60.07,,"73,861.37"
09-Apr-2026,UPI/CR/TXN156413/B_BARUA/YESB/Payment_fr_B_BARUA,,18.14,"73,879.51"
10-Apr-2026,UPI/CR/TXN320038/S_BHATTACHARYA/YESB/Payment_fr_S_BHATTACHARYA,,62.62,"73,942.13"
10-Apr-2026,UPI/CR/TXN382967/RAM_SEN/YESB/Payment_fr_RAM_SEN,,63.53,"74,005.66"
10-Apr-2026,UPI/CR/TXN914992/K_MALLICK/YESB/Payment_fr_K_MALLICK,,53.74,"74,059.40"
10-Apr-2026,UPI/CR/TXN471042/S_BAG/YESB/Payment_fr_S_BAG,,58.78,"74,118.18"
10-Apr-2026,UPI/CR/TXN725236/S_DUTA/YESB/Payment_fr_S_DUTA,,26.95,"74,145.13"
10-Apr-2026,UPI/CR/TXN597643/B_BARUA/YESB/Payment_fr_B_BARUA,,81.83,"74,226.96"
10-Apr-2026,UPI/CR/TXN379378/B_BARUA/YESB/Payment_fr_B_BARUA,,32.81,"74,259.77"
10-Apr-2026,UPI/CR/TXN568881/B_PRAMANIK/YESB/Payment_fr_B_PRAMANIK,,55.57,"74,315.34"
10-Apr-2026,UPI/CR/TXN829928/P_MANDAL/YESB/Payment_fr_P_MANDAL,,46.97,"74,362.31"
10-Apr-2026,UPI/CR/TXN615318/B_BARUA/YESB/Payment_fr_B_BARUA,,44.60,"74,406.91"
10-Apr-2026,UPI/CR/TXN978302/G_MODAK/YESB/Payment_fr_G_MODAK,,9.83,"74,416.74"
10-Apr-2026,UPI/CR/TXN680290/S_SOM/YESB/Payment_fr_S_SOM,,2.18,"74,418.92"
10-Apr-2026,UPI/CR/TXN865175/B_PRAMANIK/YESB/Payment_fr_B_PRAMANIK,,82.46,"74,501.38"
10-Apr-2026,UPI/CR/TXN624344/P_BANERJEE/YESB/Payment_fr_P_BANERJEE,,24.74,"74,526.12"
10-Apr-2026,UPI/CR/TXN476712/A_K_ROY/YESB/Payment_fr_A_K_ROY,,23.68,"74,549.80"
10-Apr-2026,UPI/CR/TXN560623/P_DEY/YESB/Payment_fr_P_DEY,,68.32,"74,618.12"
10-Apr-2026,UPI/CR/TXN402820/RAM_SEN/YESB/Payment_fr_RAM_SEN,,37.73,"74,655.85"
10-Apr-2026,UPI/CR/TXN606957/M_GUHA/YESB/Payment_fr_M_GUHA,,0.93,"74,656.78"
10-Apr-2026,UPI/DR/TXN130477/PARLE_PRODUCTS/HDFC/Payment_to_PARLE_PRODUCTS,225.48,,"74,431.30"
10-Apr-2026,UPI/DR/TXN936782/PARLE_PRODUCTS/HDFC/Payment_to_PARLE_PRODUCTS,379.84,,"74,051.46"
10-Apr-2026,UPI/CR/TXN885734/S_MUKHERJEE/YESB/Payment_fr_S_MUKHERJEE,,86.32,"74,137.78"
10-Apr-2026,UPI/CR/TXN369836/A_CHANDA/YESB/Payment_fr_A_CHANDA,,13.61,"74,151.39"
10-Apr-2026,UPI/CR/TXN422266/P_NASKAR/YESB/Payment_fr_P_NASKAR,,55.35,"74,206.74"
11-Apr-2026,UPI/CR/TXN572788/A_CHANDA/YESB/Payment_fr_A_CHANDA,,16.95,"74,223.69"
11-Apr-2026,UPI/CR/TXN593602/A_K_ROY/YESB/Payment_fr_A_K_ROY,,25.87,"74,249.56"
11-Apr-2026,UPI/CR/TXN846722/P_PAUL/YESB/Payment_fr_P_PAUL,,35.66,"74,285.22"
11-Apr-2026,UPI/DR/TXN867333/NESTLE_INDIA/HDFC/Payment_to_NESTLE_INDIA,324.11,,"73,961.11"
11-Apr-2026,UPI/CR/TXN870033/B_PRAMANIK/YESB/Payment_fr_B_PRAMANIK,,58.23,"74,019.34"
11-Apr-2026,UPI/CR/TXN684791/S_DUTA/YESB/Payment_fr_S_DUTA,,46.05,"74,065.39"
11-Apr-2026,UPI/CR/TXN455627/A_K_ROY/YESB/Payment_fr_A_K_ROY,,30.73,"74,096.12"
11-Apr-2026,UPI/CR/TXN301898/A_KUNDU/YESB/Payment_fr_A_KUNDU,,68.48,"74,164.60"
11-Apr-2026,UPI/CR/TXN967182/S_MUKHERJEE/YESB/Payment_fr_S_MUKHERJEE,,50.55,"74,215.15"
11-Apr-2026,UPI/DR/TXN243132/METRO_CASH_CARRY/HDFC/Payment_to_METRO_CASH_CARRY,412.18,,"73,802.97"
11-Apr-2026,UPI/CR/TXN645940/S_DUTA/YESB/Payment_fr_S_DUTA,,57.18,"73,860.15"
11-Apr-2026,UPI/CR/TXN221462/S_BHATTACHARYA/YESB/Payment_fr_S_BHATTACHARYA,,44.65,"73,904.80"
11-Apr-2026,UPI/CR/TXN141241/T_SAMANTA/YESB/Payment_fr_T_SAMANTA,,55.47,"73,960.27"
11-Apr-2026,UPI/CR/TXN987240/K_GANGULY/YESB/Payment_fr_K_GANGULY,,76.17,"74,036.44"
11-Apr-2026,UPI/CR/TXN223264/P_DEY/YESB/Payment_fr_P_DEY,,53.70,"74,090.14"
11-Apr-2026,UPI/CR/TXN508489/R_HALDER/YESB/Payment_fr_R_HALDER,,25.89,"74,116.03"
11-Apr-2026,UPI/CR/TXN180595/K_GANGULY/YESB/Payment_fr_K_GANGULY,,8.25,"74,124.28"
11-Apr-2026,UPI/CR/TXN563339/C_ROY/YESB/Payment_fr_C_ROY,,74.76,"74,199.04"
11-Apr-2026,UPI/CR/TXN661023/M_GUHA/YESB/Payment_fr_M_GUHA,,77.47,"74,276.51"
11-Apr-2026,UPI/CR/TXN620509/B_PRAMANIK/YESB/Payment_fr_B_PRAMANIK,,78.72,"74,355.23"
11-Apr-2026,UPI/CR/TXN439658/T_SAMANTA/YESB/Payment_fr_T_SAMANTA,,87.11,"74,442.34"
11-Apr-2026,UPI/CR/TXN112542/J_BOSE/YESB/Payment_fr_J_BOSE,,89.06,"74,531.40"
12-Apr-2026,UPI/CR/TXN207932/K_GANGULY/YESB/Payment_fr_K_GANGULY,,75.82,"74,607.22"
12-Apr-2026,UPI/DR/TXN739037/MOTHER_DAIRY_CO/HDFC/Payment_to_MOTHER_DAIRY_CO,381.13,,"74,226.09"
12-Apr-2026,UPI/CR/TXN246740/A_KUNDU/YESB/Payment_fr_A_KUNDU,,53.30,"74,279.39"
12-Apr-2026,UPI/CR/TXN977394/B_PRAMANIK/YESB/Payment_fr_B_PRAMANIK,,4.79,"74,284.18"
12-Apr-2026,UPI/CR/TXN974329/M_GUHA/YESB/Payment_fr_M_GUHA,,51.19,"74,335.37"
12-Apr-2026,UPI/CR/TXN756944/B_BARUA/YESB/Payment_fr_B_BARUA,,44.56,"74,379.93"
12-Apr-2026,UPI/CR/TXN450533/K_MALLICK/YESB/Payment_fr_K_MALLICK,,18.01,"74,397.94"
12-Apr-2026,UPI/CR/TXN788279/B_BARUA/YESB/Payment_fr_B_BARUA,,64.13,"74,462.07"
12-Apr-2026,UPI/CR/TXN632195/A_CHAKRABORTY/YESB/Payment_fr_A_CHAKRABORTY,,80.13,"74,542.20"
12-Apr-2026,UPI/CR/TXN589638/D_SEN/YESB/Payment_fr_D_SEN,,85.78,"74,627.98"
12-Apr-2026,UPI/CR/TXN776320/D_CHATTERJEE/YESB/Payment_fr_D_CHATTERJEE,,30.67,"74,658.65"
12-Apr-2026,UPI/CR/TXN455193/S_BAG/YESB/Payment_fr_S_BAG,,27.47,"74,686.12"
12-Apr-2026,UPI/CR/TXN578180/C_ROY/YESB/Payment_fr_C_ROY,,77.11,"74,763.23"
12-Apr-2026,UPI/CR/TXN825318/A_CHANDA/YESB/Payment_fr_A_CHANDA,,2.01,"74,765.24"
12-Apr-2026,UPI/CR/TXN138504/R_DHAR/YESB/Payment_fr_R_DHAR,,52.44,"74,817.68"
12-Apr-2026,UPI/CR/TXN202444/C_ROY/YESB/Payment_fr_C_ROY,,41.94,"74,859.62"
12-Apr-2026,UPI/CR/TXN292259/S_MALAKAR/YESB/Payment_fr_S_MALAKAR,,73.46,"74,933.08"
12-Apr-2026,UPI/CR/TXN841978/K_GANGULY/YESB/Payment_fr_K_GANGULY,,80.64,"75,013.72"
12-Apr-2026,UPI/CR/TXN852037/P_DEY/YESB/Payment_fr_P_DEY,,73.25,"75,086.97"
12-Apr-2026,UPI/DR/TXN233391/RELIANCE_RETAIL/HDFC/Payment_to_RELIANCE_RETAIL,97.67,,"74,989.30"
12-Apr-2026,UPI/CR/TXN503277/T_SAMANTA/YESB/Payment_fr_T_SAMANTA,,83.28,"75,072.58"
12-Apr-2026,UPI/CR/TXN938373/M_GUHA/YESB/Payment_fr_M_GUHA,,3.54,"75,076.12"
13-Apr-2026,UPI/DR/TXN883377/DELHI_SPICES/HDFC/Payment_to_DELHI_SPICES,101.38,,"74,974.74"
13-Apr-2026,UPI/CR/TXN182361/A_CHAKRABORTY/YESB/Payment_fr_A_CHAKRABORTY,,67.56,"75,042.30"
13-Apr-2026,UPI/CR/TXN155074/B_NATH/YESB/Payment_fr_B_NATH,,38.98,"75,081.28"
13-Apr-2026,UPI/CR/TXN147702/C_ROY/YESB/Payment_fr_C_ROY,,34.21,"75,115.49"
13-Apr-2026,UPI/CR/TXN733801/R_DHAR/YESB/Payment_fr_R_DHAR,,18.54,"75,134.03"
13-Apr-2026,UPI/DR/TXN707615/PEPSI_DIST/HDFC/Payment_to_PEPSI_DIST,51.52,,"75,082.51"
13-Apr-2026,UPI/CR/TXN892182/K_MALLICK/YESB/Payment_fr_K_MALLICK,,69.59,"75,152.10"
13-Apr-2026,UPI/CR/TXN449636/R_DHAR/YESB/Payment_fr_R_DHAR,,4.70,"75,156.80"
13-Apr-2026,UPI/CR/TXN698717/R_SHAW/YESB/Payment_fr_R_SHAW,,50.47,"75,207.27"
13-Apr-2026,UPI/CR/TXN897392/S_MUKHERJEE/YESB/Payment_fr_S_MUKHERJEE,,67.97,"75,275.24"
13-Apr-2026,UPI/CR/TXN916558/P_DEY/YESB/Payment_fr_P_DEY,,50.48,"75,325.72"
13-Apr-2026,UPI/CR/TXN364132/D_SEN/YESB/Payment_fr_D_SEN,,55.52,"75,381.24"
13-Apr-2026,UPI/CR/TXN302957/D_SEN/YESB/Payment_fr_D_SEN,,27.63,"75,408.87"
13-Apr-2026,UPI/CR/TXN887042/S_BHATTACHARYA/YESB/Payment_fr_S_BHATTACHARYA,,36.44,"75,445.31"
13-Apr-2026,UPI/CR/TXN597549/P_BANERJEE/YESB/Payment_fr_P_BANERJEE,,37.31,"75,482.62"
13-Apr-2026,UPI/CR/TXN454123/P_NASKAR/YESB/Payment_fr_P_NASKAR,,18.90,"75,501.52"
13-Apr-2026,UPI/CR/TXN169268/B_BARUA/YESB/Payment_fr_B_BARUA,,48.69,"75,550.21"
13-Apr-2026,UPI/CR/TXN717466/S_SARKAR/YESB/Payment_fr_S_SARKAR,,88.83,"75,639.04"
13-Apr-2026,UPI/CR/TXN115063/D_PAL/YESB/Payment_fr_D_PAL,,32.85,"75,671.89"
13-Apr-2026,UPI/CR/TXN151295/S_SARKAR/YESB/Payment_fr_S_SARKAR,,66.96,"75,738.85"
13-Apr-2026,UPI/CR/TXN193471/P_DEY/YESB/Payment_fr_P_DEY,,24.63,"75,763.48"
13-Apr-2026,UPI/CR/TXN583646/P_BANERJEE/YESB/Payment_fr_P_BANERJEE,,7.47,"75,770.95"
14-Apr-2026,UPI/CR/TXN560905/D_SEN/YESB/Payment_fr_D_SEN,,80.54,"75,851.49"
14-Apr-2026,UPI/CR/TXN930924/J_BOSE/YESB/Payment_fr_J_BOSE,,23.74,"75,875.23"
14-Apr-2026,UPI/CR/TXN366776/D_SEN/YESB/Payment_fr_D_SEN,,3.04,"75,878.27"
14-Apr-2026,UPI/CR/TXN357143/M_MITRA/YESB/Payment_fr_M_MITRA,,57.11,"75,935.38"
14-Apr-2026,UPI/DR/TXN146372/PEPSI_DIST/HDFC/Payment_to_PEPSI_DIST,325.37,,"75,610.01"
14-Apr-2026,UPI/CR/TXN414295/A_CHANDA/YESB/Payment_fr_A_CHANDA,,9.13,"75,619.14"
14-Apr-2026,UPI/DR/TXN539422/RELIANCE_RETAIL/HDFC/Payment_to_RELIANCE_RETAIL,266.03,,"75,353.11"
14-Apr-2026,UPI/CR/TXN252200/K_MALLICK/YESB/Payment_fr_K_MALLICK,,16.21,"75,369.32"
14-Apr-2026,UPI/CR/TXN972089/RAM_SEN/YESB/Payment_fr_RAM_SEN,,24.21,"75,393.53"
14-Apr-2026,UPI/CR/TXN878533/S_BAG/YESB/Payment_fr_S_BAG,,85.26,"75,478.79"
14-Apr-2026,UPI/CR/TXN993916/D_PAL/YESB/Payment_fr_D_PAL,,6.40,"75,485.19"
14-Apr-2026,UPI/CR/TXN728500/S_SARKAR/YESB/Payment_fr_S_SARKAR,,21.26,"75,506.45"
14-Apr-2026,UPI/CR/TXN905579/S_DUTA/YESB/Payment_fr_S_DUTA,,46.64,"75,553.09"
14-Apr-2026,UPI/CR/TXN591644/RAM_SEN/YESB/Payment_fr_RAM_SEN,,12.82,"75,565.91"
14-Apr-2026,UPI/DR/TXN441505/BRITANNIA_SALES/HDFC/Payment_to_BRITANNIA_SALES,415.44,,"75,150.47"
14-Apr-2026,UPI/CR/TXN822742/B_BARUA/YESB/Payment_fr_B_BARUA,,72.17,"75,222.64"
14-Apr-2026,UPI/CR/TXN650744/A_CHAKRABORTY/YESB/Payment_fr_A_CHAKRABORTY,,61.73,"75,284.37"
14-Apr-2026,UPI/CR/TXN910707/S_MUKHERJEE/YESB/Payment_fr_S_MUKHERJEE,,40.39,"75,324.76"
14-Apr-2026,UPI/CR/TXN487728/A_BAKSHI/YESB/Payment_fr_A_BAKSHI,,76.41,"75,401.17"
14-Apr-2026,UPI/CR/TXN846348/A_CHANDA/YESB/Payment_fr_A_CHANDA,,74.75,"75,475.92"
14-Apr-2026,UPI/CR/TXN591534/R_HALDER/YESB/Payment_fr_R_HALDER,,7.89,"75,483.81"
14-Apr-2026,UPI/CR/TXN908812/R_HALDER/YESB/Payment_fr_R_HALDER,,11.28,"75,495.09"
15-Apr-2026,UPI/CR/TXN380061/S_BASU/YESB/Payment_fr_S_BASU,,30.68,"75,525.77"
15-Apr-2026,UPI/CR/TXN417003/S_BHATTACHARYA/YESB/Payment_fr_S_BHATTACHARYA,,59.54,"75,585.31"
15-Apr-2026,UPI/CR/TXN240800/D_PAL/YESB/Payment_fr_D_PAL,,64.81,"75,650.12"
15-Apr-2026,UPI/CR/TXN948188/D_SEN/YESB/Payment_fr_D_SEN,,86.17,"75,736.29"
15-Apr-2026,UPI/CR/TXN552686/P_PAUL/YESB/Payment_fr_P_PAUL,,73.19,"75,809.48"
15-Apr-2026,UPI/CR/TXN744129/D_PAL/YESB/Payment_fr_D_PAL,,53.31,"75,862.79"
15-Apr-2026,UPI/CR/TXN385898/B_NATH/YESB/Payment_fr_B_NATH,,39.62,"75,902.41"
15-Apr-2026,UPI/CR/TXN285197/A_KUNDU/YESB/Payment_fr_A_KUNDU,,41.76,"75,944.17"
15-Apr-2026,UPI/CR/TXN957150/M_GUHA/YESB/Payment_fr_M_GUHA,,25.60,"75,969.77"
15-Apr-2026,UPI/CR/TXN194930/P_NASKAR/YESB/Payment_fr_P_NASKAR,,16.26,"75,986.03"
15-Apr-2026,UPI/CR/TXN844321/A_CHANDA/YESB/Payment_fr_A_CHANDA,,17.15,"76,003.18"
15-Apr-2026,UPI/CR/TXN364294/S_BASU/YESB/Payment_fr_S_BASU,,74.34,"76,077.52"
15-Apr-2026,UPI/CR/TXN663996/S_BHATTACHARYA/YESB/Payment_fr_S_BHATTACHARYA,,45.13,"76,122.65"
15-Apr-2026,UPI/CR/TXN494401/S_BAG/YESB/Payment_fr_S_BAG,,20.08,"76,142.73"
15-Apr-2026,UPI/DR/TXN309668/PEPSI_DIST/HDFC/Payment_to_PEPSI_DIST,378.26,,"75,764.47"
15-Apr-2026,UPI/CR/TXN840532/B_NATH/YESB/Payment_fr_B_NATH,,30.75,"75,795.22"
15-Apr-2026,UPI/CR/TXN901677/C_ROY/YESB/Payment_fr_C_ROY,,87.72,"75,882.94"
15-Apr-2026,UPI/CR/TXN267520/P_DEY/YESB/Payment_fr_P_DEY,,10.05,"75,892.99"
15-Apr-2026,UPI/CR/TXN980764/S_SOM/YESB/Payment_fr_S_SOM,,45.40,"75,938.39"
15-Apr-2026,UPI/CR/TXN182034/S_BHATTACHARYA/YESB/Payment_fr_S_BHATTACHARYA,,46.52,"75,984.91"
15-Apr-2026,UPI/CR/TXN749871/S_BASU/YESB/Payment_fr_S_BASU,,78.77,"76,063.68"
15-Apr-2026,UPI/CR/TXN208111/S_DUTA/YESB/Payment_fr_S_DUTA,,1.59,"76,065.27"
16-Apr-2026,UPI/CR/TXN373943/P_DEY/YESB/Payment_fr_P_DEY,,25.29,"76,090.56"
16-Apr-2026,UPI/DR/TXN531694/SUDIP_DISTRIBUTORS/HDFC/Payment_to_SUDIP_DISTRIBUTORS,58.66,,"76,031.90"
16-Apr-2026,UPI/CR/TXN672401/B_PRAMANIK/YESB/Payment_fr_B_PRAMANIK,,70.37,"76,102.27"
16-Apr-2026,UPI/CR/TXN189450/S_SOM/YESB/Payment_fr_S_SOM,,24.73,"76,127.00"
16-Apr-2026,UPI/CR/TXN547181/M_MITRA/YESB/Payment_fr_M_MITRA,,2.70,"76,129.70"
16-Apr-2026,UPI/CR/TXN556329/B_BARUA/YESB/Payment_fr_B_BARUA,,18.61,"76,148.31"
16-Apr-2026,UPI/CR/TXN310416/D_CHATTERJEE/YESB/Payment_fr_D_CHATTERJEE,,68.22,"76,216.53"
16-Apr-2026,UPI/CR/TXN219366/RAM_SEN/YESB/Payment_fr_RAM_SEN,,65.14,"76,281.67"
16-Apr-2026,UPI/CR/TXN864605/S_BHATTACHARYA/YESB/Payment_fr_S_BHATTACHARYA,,7.46,"76,289.13"
16-Apr-2026,UPI/CR/TXN741780/D_CHATTERJEE/YESB/Payment_fr_D_CHATTERJEE,,57.56,"76,346.69"
16-Apr-2026,UPI/DR/TXN585242/AMUL_MILK_AGENCY/HDFC/Payment_to_AMUL_MILK_AGENCY,396.30,,"75,950.39"
16-Apr-2026,UPI/CR/TXN133795/N_DAS/YESB/Payment_fr_N_DAS,,25.59,"75,975.98"
16-Apr-2026,UPI/CR/TXN283027/P_PAUL/YESB/Payment_fr_P_PAUL,,4.91,"75,980.89"
16-Apr-2026,UPI/CR/TXN226610/J_BOSE/YESB/Payment_fr_J_BOSE,,85.86,"76,066.75"
16-Apr-2026,UPI/CR/TXN219876/D_CHATTERJEE/YESB/Payment_fr_D_CHATTERJEE,,86.84,"76,153.59"
16-Apr-2026,UPI/CR/TXN425469/S_MUKHERJEE/YESB/Payment_fr_S_MUKHERJEE,,32.26,"76,185.85"
16-Apr-2026,UPI/CR/TXN128624/S_BAG/YESB/Payment_fr_S_BAG,,20.06,"76,205.91"
16-Apr-2026,UPI/CR/TXN303129/P_NASKAR/YESB/Payment_fr_P_NASKAR,,60.44,"76,266.35"
16-Apr-2026,UPI/CR/TXN184365/M_GUHA/YESB/Payment_fr_M_GUHA,,5.56,"76,271.91"
16-Apr-2026,UPI/CR/TXN710256/P_PAUL/YESB/Payment_fr_P_PAUL,,11.12,"76,283.03"
16-Apr-2026,UPI/CR/TXN985249/R_DHAR/YESB/Payment_fr_R_DHAR,,33.21,"76,316.24"
16-Apr-2026,UPI/DR/TXN265722/KOLKATA_GRAINS/HDFC/Payment_to_KOLKATA_GRAINS,106.12,,"76,210.12"
17-Apr-2026,UPI/CR/TXN208304/K_MALLICK/YESB/Payment_fr_K_MALLICK,,55.48,"76,265.60"
17-Apr-2026,UPI/CR/TXN197102/A_KUNDU/YESB/Payment_fr_A_KUNDU,,74.67,"76,340.27"
17-Apr-2026,UPI/CR/TXN785010/P_NASKAR/YESB/Payment_fr_P_NASKAR,,28.42,"76,368.69"
17-Apr-2026,UPI/CR/TXN214176/P_NASKAR/YESB/Payment_fr_P_NASKAR,,44.60,"76,413.29"
17-Apr-2026,UPI/CR/TXN451475/R_SHAW/YESB/Payment_fr_R_SHAW,,20.22,"76,433.51"
17-Apr-2026,UPI/CR/TXN284731/A_BAKSHI/YESB/Payment_fr_A_BAKSHI,,19.14,"76,452.65"
17-Apr-2026,UPI/CR/TXN761297/P_BANERJEE/YESB/Payment_fr_P_BANERJEE,,30.49,"76,483.14"
17-Apr-2026,UPI/CR/TXN565198/A_CHAKRABORTY/YESB/Payment_fr_A_CHAKRABORTY,,59.29,"76,542.43"
17-Apr-2026,UPI/CR/TXN875282/J_BOSE/YESB/Payment_fr_J_BOSE,,58.59,"76,601.02"
17-Apr-2026,UPI/CR/TXN223215/A_KUNDU/YESB/Payment_fr_A_KUNDU,,25.79,"76,626.81"
17-Apr-2026,UPI/CR/TXN114892/K_MALLICK/YESB/Payment_fr_K_MALLICK,,86.91,"76,713.72"
17-Apr-2026,UPI/CR/TXN223949/RAM_SEN/YESB/Payment_fr_RAM_SEN,,25.44,"76,739.16"
17-Apr-2026,UPI/CR/TXN597938/P_DEY/YESB/Payment_fr_P_DEY,,33.75,"76,772.91"
17-Apr-2026,UPI/CR/TXN316174/D_PAL/YESB/Payment_fr_D_PAL,,64.96,"76,837.87"
17-Apr-2026,UPI/CR/TXN342129/N_DAS/YESB/Payment_fr_N_DAS,,77.19,"76,915.06"
17-Apr-2026,UPI/CR/TXN249149/S_BHATTACHARYA/YESB/Payment_fr_S_BHATTACHARYA,,53.77,"76,968.83"
17-Apr-2026,UPI/DR/TXN905942/NESTLE_INDIA/HDFC/Payment_to_NESTLE_INDIA,176.65,,"76,792.18"
17-Apr-2026,UPI/DR/TXN113026/PARLE_PRODUCTS/HDFC/Payment_to_PARLE_PRODUCTS,79.61,,"76,712.57"
17-Apr-2026,UPI/DR/TXN548906/NESTLE_INDIA/HDFC/Payment_to_NESTLE_INDIA,135.79,,"76,576.78"
17-Apr-2026,UPI/CR/TXN682145/A_CHANDA/YESB/Payment_fr_A_CHANDA,,58.34,"76,635.12"
17-Apr-2026,UPI/CR/TXN957266/S_MALAKAR/YESB/Payment_fr_S_MALAKAR,,76.83,"76,711.95"
17-Apr-2026,UPI/CR/TXN455766/S_DUTA/YESB/Payment_fr_S_DUTA,,60.70,"76,772.65"
18-Apr-2026,UPI/CR/TXN859584/S_MALAKAR/YESB/Payment_fr_S_MALAKAR,,16.22,"76,788.87"
18-Apr-2026,UPI/CR/TXN700081/R_HALDER/YESB/Payment_fr_R_HALDER,,34.01,"76,822.88"
18-Apr-2026,UPI/CR/TXN287555/G_MODAK/YESB/Payment_fr_G_MODAK,,79.22,"76,902.10"
18-Apr-2026,UPI/CR/TXN889327/D_CHATTERJEE/YESB/Payment_fr_D_CHATTERJEE,,67.38,"76,969.48"
18-Apr-2026,UPI/CR/TXN315651/A_KUNDU/YESB/Payment_fr_A_KUNDU,,34.96,"77,004.44"
18-Apr-2026,UPI/CR/TXN397514/P_MANDAL/YESB/Payment_fr_P_MANDAL,,45.19,"77,049.63"
18-Apr-2026,UPI/CR/TXN389854/S_SARKAR/YESB/Payment_fr_S_SARKAR,,80.42,"77,130.05"
18-Apr-2026,UPI/CR/TXN938202/P_DEY/YESB/Payment_fr_P_DEY,,7.38,"77,137.43"
18-Apr-2026,UPI/DR/TXN135253/HUL_DISTRIBUTORS/HDFC/Payment_to_HUL_DISTRIBUTORS,175.47,,"76,961.96"
18-Apr-2026,UPI/CR/TXN769883/T_ROY/YESB/Payment_fr_T_ROY,,37.10,"76,999.06"
18-Apr-2026,UPI/CR/TXN724473/G_MODAK/YESB/Payment_fr_G_MODAK,,88.96,"77,088.02"
18-Apr-2026,UPI/CR/TXN779259/D_SEN/YESB/Payment_fr_D_SEN,,36.93,"77,124.95"
18-Apr-2026,UPI/CR/TXN111846/S_SARKAR/YESB/Payment_fr_S_SARKAR,,38.87,"77,163.82"
18-Apr-2026,UPI/CR/TXN818530/G_MODAK/YESB/Payment_fr_G_MODAK,,35.81,"77,199.63"
18-Apr-2026,UPI/DR/TXN279517/PEPSI_DIST/HDFC/Payment_to_PEPSI_DIST,230.91,,"76,968.72"
18-Apr-2026,UPI/DR/TXN358635/NESTLE_INDIA/HDFC/Payment_to_NESTLE_INDIA,237.30,,"76,731.42"
18-Apr-2026,UPI/CR/TXN639031/T_SAMANTA/YESB/Payment_fr_T_SAMANTA,,74.94,"76,806.36"
18-Apr-2026,UPI/DR/TXN825835/GROCERY_WHOLESALE/HDFC/Payment_to_GROCERY_WHOLESALE,103.14,,"76,703.22"
18-Apr-2026,UPI/CR/TXN197649/S_DUTA/YESB/Payment_fr_S_DUTA,,2.74,"76,705.96"
18-Apr-2026,UPI/CR/TXN367747/S_GHOSH/YESB/Payment_fr_S_GHOSH,,34.99,"76,740.95"
18-Apr-2026,UPI/CR/TXN725030/P_MANDAL/YESB/Payment_fr_P_MANDAL,,48.67,"76,789.62"
18-Apr-2026,UPI/CR/TXN869983/P_PAUL/YESB/Payment_fr_P_PAUL,,67.45,"76,857.07"
19-Apr-2026,UPI/CR/TXN365641/P_DEY/YESB/Payment_fr_P_DEY,,51.91,"76,908.98"
19-Apr-2026,UPI/CR/TXN321960/B_NATH/YESB/Payment_fr_B_NATH,,68.35,"76,977.33"
19-Apr-2026,UPI/CR/TXN610135/R_DHAR/YESB/Payment_fr_R_DHAR,,37.06,"77,014.39"
19-Apr-2026,UPI/CR/TXN466634/M_GUHA/YESB/Payment_fr_M_GUHA,,54.71,"77,069.10"
19-Apr-2026,UPI/CR/TXN240600/P_BANERJEE/YESB/Payment_fr_P_BANERJEE,,62.67,"77,131.77"
19-Apr-2026,UPI/CR/TXN413388/A_KUNDU/YESB/Payment_fr_A_KUNDU,,21.28,"77,153.05"
19-Apr-2026,UPI/CR/TXN937838/A_K_ROY/YESB/Payment_fr_A_K_ROY,,34.45,"77,187.50"
19-Apr-2026,UPI/DR/TXN443194/DELHI_SPICES/HDFC/Payment_to_DELHI_SPICES,402.89,,"76,784.61"
19-Apr-2026,UPI/CR/TXN436467/S_SARKAR/YESB/Payment_fr_S_SARKAR,,15.89,"76,800.50"
19-Apr-2026,UPI/CR/TXN427679/P_MANDAL/YESB/Payment_fr_P_MANDAL,,48.87,"76,849.37"
19-Apr-2026,UPI/CR/TXN666893/G_MODAK/YESB/Payment_fr_G_MODAK,,76.60,"76,925.97"
19-Apr-2026,UPI/CR/TXN962074/S_GHOSH/YESB/Payment_fr_S_GHOSH,,32.44,"76,958.41"
19-Apr-2026,UPI/CR/TXN839525/T_ROY/YESB/Payment_fr_T_ROY,,64.86,"77,023.27"
19-Apr-2026,UPI/DR/TXN701568/KOLKATA_GRAINS/HDFC/Payment_to_KOLKATA_GRAINS,373.71,,"76,649.56"
19-Apr-2026,UPI/CR/TXN749485/A_K_ROY/YESB/Payment_fr_A_K_ROY,,91.97,"76,741.53"
19-Apr-2026,UPI/CR/TXN598424/J_BOSE/YESB/Payment_fr_J_BOSE,,6.06,"76,747.59"
19-Apr-2026,UPI/CR/TXN555844/T_ROY/YESB/Payment_fr_T_ROY,,9.30,"76,756.89"
19-Apr-2026,UPI/CR/TXN932932/B_PRAMANIK/YESB/Payment_fr_B_PRAMANIK,,15.38,"76,772.27"
19-Apr-2026,UPI/CR/TXN777015/S_DUTA/YESB/Payment_fr_S_DUTA,,71.03,"76,843.30"
19-Apr-2026,UPI/CR/TXN201987/S_MUKHERJEE/YESB/Payment_fr_S_MUKHERJEE,,46.16,"76,889.46"
19-Apr-2026,UPI/CR/TXN860480/N_DAS/YESB/Payment_fr_N_DAS,,91.01,"76,980.47"
19-Apr-2026,UPI/CR/TXN425434/S_BHATTACHARYA/YESB/Payment_fr_S_BHATTACHARYA,,75.65,"77,056.12"
20-Apr-2026,UPI/CR/TXN468512/B_NATH/YESB/Payment_fr_B_NATH,,72.01,"77,128.13"
20-Apr-2026,UPI/CR/TXN823468/P_NASKAR/YESB/Payment_fr_P_NASKAR,,21.28,"77,149.41"
20-Apr-2026,UPI/CR/TXN721894/S_DUTA/YESB/Payment_fr_S_DUTA,,5.92,"77,155.33"
20-Apr-2026,UPI/CR/TXN545405/P_DEY/YESB/Payment_fr_P_DEY,,34.57,"77,189.90"
20-Apr-2026,UPI/CR/TXN842470/B_NATH/YESB/Payment_fr_B_NATH,,79.35,"77,269.25"
20-Apr-2026,UPI/CR/TXN751034/P_PAUL/YESB/Payment_fr_P_PAUL,,4.00,"77,273.25"
20-Apr-2026,UPI/CR/TXN974774/A_CHAKRABORTY/YESB/Payment_fr_A_CHAKRABORTY,,52.18,"77,325.43"
20-Apr-2026,UPI/CR/TXN244192/P_BANERJEE/YESB/Payment_fr_P_BANERJEE,,33.33,"77,358.76"
20-Apr-2026,UPI/CR/TXN412938/R_HALDER/YESB/Payment_fr_R_HALDER,,6.43,"77,365.19"
20-Apr-2026,UPI/CR/TXN938403/S_SARKAR/YESB/Payment_fr_S_SARKAR,,41.70,"77,406.89"
20-Apr-2026,UPI/DR/TXN476009/BRITANNIA_SALES/HDFC/Payment_to_BRITANNIA_SALES,260.62,,"77,146.27"
20-Apr-2026,UPI/CR/TXN104792/C_ROY/YESB/Payment_fr_C_ROY,,1.69,"77,147.96"
20-Apr-2026,UPI/DR/TXN264404/ITC_FOODS/HDFC/Payment_to_ITC_FOODS,230.53,,"76,917.43"
20-Apr-2026,UPI/CR/TXN441699/S_GHOSH/YESB/Payment_fr_S_GHOSH,,12.10,"76,929.53"
20-Apr-2026,UPI/CR/TXN559969/R_SHAW/YESB/Payment_fr_R_SHAW,,64.51,"76,994.04"
20-Apr-2026,UPI/CR/TXN978721/B_PRAMANIK/YESB/Payment_fr_B_PRAMANIK,,64.21,"77,058.25"
20-Apr-2026,UPI/DR/TXN566428/NESTLE_INDIA/HDFC/Payment_to_NESTLE_INDIA,148.18,,"76,910.07"
20-Apr-2026,UPI/DR/TXN596489/ITC_FOODS/HDFC/Payment_to_ITC_FOODS,62.85,,"76,847.22"
20-Apr-2026,UPI/CR/TXN722650/B_PRAMANIK/YESB/Payment_fr_B_PRAMANIK,,62.86,"76,910.08"
20-Apr-2026,UPI/CR/TXN878656/C_ROY/YESB/Payment_fr_C_ROY,,82.07,"76,992.15"
20-Apr-2026,UPI/CR/TXN194834/A_BAKSHI/YESB/Payment_fr_A_BAKSHI,,74.17,"77,066.32"
20-Apr-2026,UPI/CR/TXN724103/P_DEY/YESB/Payment_fr_P_DEY,,41.69,"77,108.01"
21-Apr-2026,UPI/CR/TXN316612/S_GHOSH/YESB/Payment_fr_S_GHOSH,,63.67,"77,171.68"
21-Apr-2026,UPI/CR/TXN497346/S_SOM/YESB/Payment_fr_S_SOM,,80.42,"77,252.10"
21-Apr-2026,UPI/CR/TXN929478/S_GHOSH/YESB/Payment_fr_S_GHOSH,,3.01,"77,255.11"
21-Apr-2026,UPI/CR/TXN675547/S_SOM/YESB/Payment_fr_S_SOM,,65.20,"77,320.31"
21-Apr-2026,UPI/CR/TXN315154/D_PAL/YESB/Payment_fr_D_PAL,,1.69,"77,322.00"
21-Apr-2026,UPI/CR/TXN762985/P_NASKAR/YESB/Payment_fr_P_NASKAR,,14.63,"77,336.63"
21-Apr-2026,UPI/CR/TXN525205/S_DUTA/YESB/Payment_fr_S_DUTA,,57.38,"77,394.01"
21-Apr-2026,UPI/CR/TXN853270/R_SHAW/YESB/Payment_fr_R_SHAW,,20.24,"77,414.25"
21-Apr-2026,UPI/DR/TXN593869/SUDIP_DISTRIBUTORS/HDFC/Payment_to_SUDIP_DISTRIBUTORS,13.89,,"77,400.36"
21-Apr-2026,UPI/CR/TXN107790/R_HALDER/YESB/Payment_fr_R_HALDER,,0.99,"77,401.35"
21-Apr-2026,UPI/CR/TXN791567/B_PRAMANIK/YESB/Payment_fr_B_PRAMANIK,,65.14,"77,466.49"
21-Apr-2026,UPI/CR/TXN613742/S_BAG/YESB/Payment_fr_S_BAG,,80.91,"77,547.40"
21-Apr-2026,UPI/CR/TXN825846/J_HALDER/YESB/Payment_fr_J_HALDER,,33.52,"77,580.92"
21-Apr-2026,UPI/CR/TXN427617/R_DHAR/YESB/Payment_fr_R_DHAR,,10.30,"77,591.22"
21-Apr-2026,UPI/DR/TXN286710/COCA_COLA_SUPPLY/HDFC/Payment_to_COCA_COLA_SUPPLY,279.45,,"77,311.77"
21-Apr-2026,UPI/CR/TXN362230/M_MITRA/YESB/Payment_fr_M_MITRA,,64.09,"77,375.86"
21-Apr-2026,UPI/CR/TXN484795/B_PRAMANIK/YESB/Payment_fr_B_PRAMANIK,,79.45,"77,455.31"
21-Apr-2026,UPI/CR/TXN705445/S_SARKAR/YESB/Payment_fr_S_SARKAR,,77.77,"77,533.08"
21-Apr-2026,UPI/CR/TXN753205/RAM_SEN/YESB/Payment_fr_RAM_SEN,,84.32,"77,617.40"
21-Apr-2026,UPI/CR/TXN501393/P_NASKAR/YESB/Payment_fr_P_NASKAR,,22.28,"77,639.68"
21-Apr-2026,UPI/CR/TXN936997/R_DHAR/YESB/Payment_fr_R_DHAR,,9.98,"77,649.66"
21-Apr-2026,UPI/CR/TXN202397/T_SAMANTA/YESB/Payment_fr_T_SAMANTA,,59.44,"77,709.10"
22-Apr-2026,UPI/CR/TXN156964/R_DHAR/YESB/Payment_fr_R_DHAR,,17.32,"77,726.42"
22-Apr-2026,UPI/CR/TXN648496/S_BASU/YESB/Payment_fr_S_BASU,,54.36,"77,780.78"
22-Apr-2026,UPI/CR/TXN288531/S_BAG/YESB/Payment_fr_S_BAG,,51.74,"77,832.52"
22-Apr-2026,UPI/CR/TXN818807/S_GHOSH/YESB/Payment_fr_S_GHOSH,,20.88,"77,853.40"
22-Apr-2026,UPI/CR/TXN232981/M_MITRA/YESB/Payment_fr_M_MITRA,,82.47,"77,935.87"
22-Apr-2026,UPI/CR/TXN823535/A_KUNDU/YESB/Payment_fr_A_KUNDU,,17.78,"77,953.65"
22-Apr-2026,UPI/CR/TXN769809/J_BOSE/YESB/Payment_fr_J_BOSE,,15.10,"77,968.75"
22-Apr-2026,UPI/CR/TXN287677/S_MALAKAR/YESB/Payment_fr_S_MALAKAR,,5.47,"77,974.22"
22-Apr-2026,UPI/CR/TXN825990/P_BANERJEE/YESB/Payment_fr_P_BANERJEE,,13.88,"77,988.10"
22-Apr-2026,UPI/DR/TXN441974/SUDIP_DISTRIBUTORS/HDFC/Payment_to_SUDIP_DISTRIBUTORS,345.03,,"77,643.07"
22-Apr-2026,UPI/CR/TXN261760/C_ROY/YESB/Payment_fr_C_ROY,,41.02,"77,684.09"
22-Apr-2026,UPI/CR/TXN413884/S_BHATTACHARYA/YESB/Payment_fr_S_BHATTACHARYA,,23.60,"77,707.69"
22-Apr-2026,UPI/CR/TXN575301/A_CHANDA/YESB/Payment_fr_A_CHANDA,,78.23,"77,785.92"
22-Apr-2026,UPI/CR/TXN318353/M_GUHA/YESB/Payment_fr_M_GUHA,,90.93,"77,876.85"
22-Apr-2026,UPI/DR/TXN639915/COCA_COLA_SUPPLY/HDFC/Payment_to_COCA_COLA_SUPPLY,142.59,,"77,734.26"
22-Apr-2026,UPI/CR/TXN725329/N_DAS/YESB/Payment_fr_N_DAS,,1.82,"77,736.08"
22-Apr-2026,UPI/CR/TXN752801/RAM_SEN/YESB/Payment_fr_RAM_SEN,,10.08,"77,746.16"
22-Apr-2026,UPI/CR/TXN604884/D_PAL/YESB/Payment_fr_D_PAL,,8.56,"77,754.72"
22-Apr-2026,UPI/DR/TXN115208/METRO_CASH_CARRY/HDFC/Payment_to_METRO_CASH_CARRY,389.57,,"77,365.15"
22-Apr-2026,UPI/CR/TXN426503/J_BOSE/YESB/Payment_fr_J_BOSE,,17.64,"77,382.79"
22-Apr-2026,UPI/CR/TXN116389/R_SHAW/YESB/Payment_fr_R_SHAW,,50.23,"77,433.02"
22-Apr-2026,UPI/CR/TXN539963/P_NASKAR/YESB/Payment_fr_P_NASKAR,,26.55,"77,459.57"
23-Apr-2026,UPI/CR/TXN720515/P_DEY/YESB/Payment_fr_P_DEY,,34.75,"77,494.32"
23-Apr-2026,UPI/CR/TXN746910/G_MODAK/YESB/Payment_fr_G_MODAK,,92.38,"77,586.70"
23-Apr-2026,UPI/DR/TXN579975/KOLKATA_GRAINS/HDFC/Payment_to_KOLKATA_GRAINS,163.18,,"77,423.52"
23-Apr-2026,UPI/CR/TXN848344/B_BARUA/YESB/Payment_fr_B_BARUA,,87.71,"77,511.23"
23-Apr-2026,UPI/CR/TXN302647/R_SHAW/YESB/Payment_fr_R_SHAW,,82.89,"77,594.12"
23-Apr-2026,UPI/CR/TXN776838/P_DEY/YESB/Payment_fr_P_DEY,,73.59,"77,667.71"
23-Apr-2026,UPI/CR/TXN764873/A_BAKSHI/YESB/Payment_fr_A_BAKSHI,,57.08,"77,724.79"
23-Apr-2026,UPI/CR/TXN770905/G_MODAK/YESB/Payment_fr_G_MODAK,,2.61,"77,727.40"
23-Apr-2026,UPI/DR/TXN174301/SUDIP_DISTRIBUTORS/HDFC/Payment_to_SUDIP_DISTRIBUTORS,167.91,,"77,559.49"
23-Apr-2026,UPI/CR/TXN737517/RAM_SEN/YESB/Payment_fr_RAM_SEN,,35.83,"77,595.32"
23-Apr-2026,UPI/CR/TXN483102/M_MITRA/YESB/Payment_fr_M_MITRA,,46.97,"77,642.29"
23-Apr-2026,UPI/DR/TXN933162/PARLE_PRODUCTS/HDFC/Payment_to_PARLE_PRODUCTS,340.05,,"77,302.24"
23-Apr-2026,UPI/CR/TXN467335/A_CHAKRABORTY/YESB/Payment_fr_A_CHAKRABORTY,,27.01,"77,329.25"
23-Apr-2026,UPI/CR/TXN326639/T_ROY/YESB/Payment_fr_T_ROY,,48.90,"77,378.15"
23-Apr-2026,UPI/CR/TXN424553/T_ROY/YESB/Payment_fr_T_ROY,,17.41,"77,395.56"
23-Apr-2026,UPI/CR/TXN394083/G_MODAK/YESB/Payment_fr_G_MODAK,,79.77,"77,475.33"
23-Apr-2026,UPI/CR/TXN994794/A_CHAKRABORTY/YESB/Payment_fr_A_CHAKRABORTY,,21.16,"77,496.49"
23-Apr-2026,UPI/CR/TXN623956/T_ROY/YESB/Payment_fr_T_ROY,,13.29,"77,509.78"
23-Apr-2026,UPI/CR/TXN870881/S_MALAKAR/YESB/Payment_fr_S_MALAKAR,,57.81,"77,567.59"
23-Apr-2026,UPI/CR/TXN820426/S_DUTA/YESB/Payment_fr_S_DUTA,,40.37,"77,607.96"
23-Apr-2026,UPI/CR/TXN349185/D_CHATTERJEE/YESB/Payment_fr_D_CHATTERJEE,,59.20,"77,667.16"
23-Apr-2026,UPI/CR/TXN373094/B_PRAMANIK/YESB/Payment_fr_B_PRAMANIK,,65.20,"77,732.36"
24-Apr-2026,UPI/CR/TXN156652/S_DUTA/YESB/Payment_fr_S_DUTA,,29.84,"77,762.20"
24-Apr-2026,UPI/CR/TXN190582/B_NATH/YESB/Payment_fr_B_NATH,,2.91,"77,765.11"
24-Apr-2026,UPI/CR/TXN372273/A_CHANDA/YESB/Payment_fr_A_CHANDA,,74.95,"77,840.06"
24-Apr-2026,UPI/CR/TXN525756/B_BARUA/YESB/Payment_fr_B_BARUA,,41.13,"77,881.19"
24-Apr-2026,UPI/CR/TXN542983/R_SHAW/YESB/Payment_fr_R_SHAW,,84.87,"77,966.06"
24-Apr-2026,UPI/CR/TXN533856/S_BHATTACHARYA/YESB/Payment_fr_S_BHATTACHARYA,,33.47,"77,999.53"
24-Apr-2026,UPI/CR/TXN721549/R_HALDER/YESB/Payment_fr_R_HALDER,,49.95,"78,049.48"
24-Apr-2026,UPI/DR/TXN656921/PEPSI_DIST/HDFC/Payment_to_PEPSI_DIST,188.91,,"77,860.57"
24-Apr-2026,UPI/CR/TXN972460/A_K_ROY/YESB/Payment_fr_A_K_ROY,,6.77,"77,867.34"
24-Apr-2026,UPI/DR/TXN326665/KOLKATA_GRAINS/HDFC/Payment_to_KOLKATA_GRAINS,65.62,,"77,801.72"
24-Apr-2026,UPI/CR/TXN384685/S_DUTA/YESB/Payment_fr_S_DUTA,,55.69,"77,857.41"
24-Apr-2026,UPI/CR/TXN727320/J_BOSE/YESB/Payment_fr_J_BOSE,,80.08,"77,937.49"
24-Apr-2026,UPI/CR/TXN757667/G_MODAK/YESB/Payment_fr_G_MODAK,,24.98,"77,962.47"
24-Apr-2026,UPI/CR/TXN860180/B_PRAMANIK/YESB/Payment_fr_B_PRAMANIK,,26.97,"77,989.44"
24-Apr-2026,UPI/CR/TXN370782/P_NASKAR/YESB/Payment_fr_P_NASKAR,,9.35,"77,998.79"
24-Apr-2026,UPI/CR/TXN525505/T_ROY/YESB/Payment_fr_T_ROY,,82.26,"78,081.05"
24-Apr-2026,UPI/DR/TXN346729/MOTHER_DAIRY_CO/HDFC/Payment_to_MOTHER_DAIRY_CO,67.87,,"78,013.18"
24-Apr-2026,UPI/DR/TXN557037/GROCERY_WHOLESALE/HDFC/Payment_to_GROCERY_WHOLESALE,120.00,,"77,893.18"
24-Apr-2026,UPI/CR/TXN218669/K_GANGULY/YESB/Payment_fr_K_GANGULY,,44.76,"77,937.94"
24-Apr-2026,UPI/CR/TXN757658/M_MITRA/YESB/Payment_fr_M_MITRA,,5.79,"77,943.73"
24-Apr-2026,UPI/CR/TXN706224/P_BANERJEE/YESB/Payment_fr_P_BANERJEE,,34.50,"77,978.23"
24-Apr-2026,UPI/CR/TXN661307/B_PRAMANIK/YESB/Payment_fr_B_PRAMANIK,,28.86,"78,007.09"
25-Apr-2026,UPI/CR/TXN701969/D_SEN/YESB/Payment_fr_D_SEN,,38.77,"78,045.86"
25-Apr-2026,UPI/CR/TXN233582/B_PRAMANIK/YESB/Payment_fr_B_PRAMANIK,,78.05,"78,123.91"
25-Apr-2026,UPI/CR/TXN169429/R_DHAR/YESB/Payment_fr_R_DHAR,,61.74,"78,185.65"
25-Apr-2026,UPI/CR/TXN988811/S_MALAKAR/YESB/Payment_fr_S_MALAKAR,,58.22,"78,243.87"
25-Apr-2026,UPI/CR/TXN184643/D_CHATTERJEE/YESB/Payment_fr_D_CHATTERJEE,,19.60,"78,263.47"
25-Apr-2026,UPI/CR/TXN108513/P_MANDAL/YESB/Payment_fr_P_MANDAL,,86.23,"78,349.70"
25-Apr-2026,UPI/CR/TXN200331/S_BHATTACHARYA/YESB/Payment_fr_S_BHATTACHARYA,,79.01,"78,428.71"
25-Apr-2026,UPI/CR/TXN216229/P_DEY/YESB/Payment_fr_P_DEY,,51.67,"78,480.38"
25-Apr-2026,UPI/CR/TXN331287/S_BAG/YESB/Payment_fr_S_BAG,,41.45,"78,521.83"
25-Apr-2026,UPI/CR/TXN555786/S_SARKAR/YESB/Payment_fr_S_SARKAR,,49.64,"78,571.47"
25-Apr-2026,UPI/CR/TXN175231/RAM_SEN/YESB/Payment_fr_RAM_SEN,,18.32,"78,589.79"
25-Apr-2026,UPI/CR/TXN672696/C_ROY/YESB/Payment_fr_C_ROY,,2.64,"78,592.43"
25-Apr-2026,UPI/CR/TXN500560/A_BAKSHI/YESB/Payment_fr_A_BAKSHI,,31.86,"78,624.29"
25-Apr-2026,UPI/DR/TXN993021/SUDIP_DISTRIBUTORS/HDFC/Payment_to_SUDIP_DISTRIBUTORS,386.44,,"78,237.85"
25-Apr-2026,UPI/CR/TXN148026/S_BAG/YESB/Payment_fr_S_BAG,,62.49,"78,300.34"
25-Apr-2026,UPI/CR/TXN236392/P_NASKAR/YESB/Payment_fr_P_NASKAR,,57.54,"78,357.88"
25-Apr-2026,UPI/CR/TXN548324/P_PAUL/YESB/Payment_fr_P_PAUL,,19.51,"78,377.39"
25-Apr-2026,UPI/CR/TXN876383/S_GHOSH/YESB/Payment_fr_S_GHOSH,,85.82,"78,463.21"
25-Apr-2026,UPI/CR/TXN923073/S_SOM/YESB/Payment_fr_S_SOM,,32.74,"78,495.95"
25-Apr-2026,UPI/CR/TXN956721/S_SARKAR/YESB/Payment_fr_S_SARKAR,,26.23,"78,522.18"
25-Apr-2026,UPI/CR/TXN579770/A_CHANDA/YESB/Payment_fr_A_CHANDA,,19.88,"78,542.06"
25-Apr-2026,UPI/CR/TXN942216/B_PRAMANIK/YESB/Payment_fr_B_PRAMANIK,,26.22,"78,568.28"
26-Apr-2026,UPI/CR/TXN510154/P_MANDAL/YESB/Payment_fr_P_MANDAL,,70.96,"78,639.24"
26-Apr-2026,UPI/CR/TXN218661/S_SOM/YESB/Payment_fr_S_SOM,,67.00,"78,706.24"
26-Apr-2026,UPI/CR/TXN834061/G_MODAK/YESB/Payment_fr_G_MODAK,,75.81,"78,782.05"
26-Apr-2026,UPI/DR/TXN328596/PEPSI_DIST/HDFC/Payment_to_PEPSI_DIST,260.43,,"78,521.62"
26-Apr-2026,UPI/CR/TXN248097/S_BASU/YESB/Payment_fr_S_BASU,,80.54,"78,602.16"
26-Apr-2026,UPI/CR/TXN740140/J_HALDER/YESB/Payment_fr_J_HALDER,,29.81,"78,631.97"
26-Apr-2026,UPI/CR/TXN893853/RAM_SEN/YESB/Payment_fr_RAM_SEN,,73.25,"78,705.22"
26-Apr-2026,UPI/CR/TXN913920/S_MALAKAR/YESB/Payment_fr_S_MALAKAR,,23.81,"78,729.03"
26-Apr-2026,UPI/CR/TXN835363/P_PAUL/YESB/Payment_fr_P_PAUL,,39.74,"78,768.77"
26-Apr-2026,UPI/DR/TXN331381/PEPSI_DIST/HDFC/Payment_to_PEPSI_DIST,346.29,,"78,422.48"
26-Apr-2026,UPI/CR/TXN457943/M_GUHA/YESB/Payment_fr_M_GUHA,,8.26,"78,430.74"
26-Apr-2026,UPI/CR/TXN211954/B_BARUA/YESB/Payment_fr_B_BARUA,,27.48,"78,458.22"
26-Apr-2026,UPI/CR/TXN631302/T_ROY/YESB/Payment_fr_T_ROY,,61.60,"78,519.82"
26-Apr-2026,UPI/CR/TXN984274/J_HALDER/YESB/Payment_fr_J_HALDER,,19.16,"78,538.98"
26-Apr-2026,UPI/CR/TXN670977/M_GUHA/YESB/Payment_fr_M_GUHA,,29.53,"78,568.51"
26-Apr-2026,UPI/CR/TXN975671/P_NASKAR/YESB/Payment_fr_P_NASKAR,,29.28,"78,597.79"
26-Apr-2026,UPI/CR/TXN438503/T_ROY/YESB/Payment_fr_T_ROY,,12.04,"78,609.83"
26-Apr-2026,UPI/CR/TXN312705/D_PAL/YESB/Payment_fr_D_PAL,,21.87,"78,631.70"
26-Apr-2026,UPI/CR/TXN443312/B_BARUA/YESB/Payment_fr_B_BARUA,,58.93,"78,690.63"
26-Apr-2026,UPI/CR/TXN920347/B_NATH/YESB/Payment_fr_B_NATH,,89.78,"78,780.41"
26-Apr-2026,UPI/CR/TXN188501/M_GUHA/YESB/Payment_fr_M_GUHA,,87.49,"78,867.90"
26-Apr-2026,UPI/DR/TXN580854/COCA_COLA_SUPPLY/HDFC/Payment_to_COCA_COLA_SUPPLY,140.78,,"78,727.12"
27-Apr-2026,UPI/CR/TXN106892/R_HALDER/YESB/Payment_fr_R_HALDER,,46.71,"78,773.83"
27-Apr-2026,UPI/CR/TXN172769/A_BAKSHI/YESB/Payment_fr_A_BAKSHI,,85.04,"78,858.87"
27-Apr-2026,UPI/CR/TXN217683/P_DEY/YESB/Payment_fr_P_DEY,,29.30,"78,888.17"
27-Apr-2026,UPI/CR/TXN497073/R_SHAW/YESB/Payment_fr_R_SHAW,,57.11,"78,945.28"
27-Apr-2026,UPI/CR/TXN885829/R_HALDER/YESB/Payment_fr_R_HALDER,,61.22,"79,006.50"
27-Apr-2026,UPI/CR/TXN918656/R_SHAW/YESB/Payment_fr_R_SHAW,,34.57,"79,041.07"
27-Apr-2026,UPI/CR/TXN708979/D_PAL/YESB/Payment_fr_D_PAL,,11.89,"79,052.96"
27-Apr-2026,UPI/CR/TXN950941/M_GUHA/YESB/Payment_fr_M_GUHA,,75.91,"79,128.87"
27-Apr-2026,UPI/CR/TXN546915/A_KUNDU/YESB/Payment_fr_A_KUNDU,,5.04,"79,133.91"
27-Apr-2026,UPI/CR/TXN119676/A_BAKSHI/YESB/Payment_fr_A_BAKSHI,,8.12,"79,142.03"
27-Apr-2026,UPI/CR/TXN859246/P_BANERJEE/YESB/Payment_fr_P_BANERJEE,,27.18,"79,169.21"
27-Apr-2026,UPI/CR/TXN167064/P_MANDAL/YESB/Payment_fr_P_MANDAL,,91.44,"79,260.65"
27-Apr-2026,UPI/CR/TXN302472/S_DUTA/YESB/Payment_fr_S_DUTA,,5.44,"79,266.09"
27-Apr-2026,UPI/CR/TXN520075/T_ROY/YESB/Payment_fr_T_ROY,,50.41,"79,316.50"
27-Apr-2026,UPI/CR/TXN390756/J_BOSE/YESB/Payment_fr_J_BOSE,,54.28,"79,370.78"
27-Apr-2026,UPI/CR/TXN139704/S_DUTA/YESB/Payment_fr_S_DUTA,,72.04,"79,442.82"
27-Apr-2026,UPI/CR/TXN700687/R_SHAW/YESB/Payment_fr_R_SHAW,,56.46,"79,499.28"
27-Apr-2026,UPI/CR/TXN841635/S_BHATTACHARYA/YESB/Payment_fr_S_BHATTACHARYA,,51.20,"79,550.48"
27-Apr-2026,UPI/CR/TXN718990/S_MUKHERJEE/YESB/Payment_fr_S_MUKHERJEE,,64.92,"79,615.40"
27-Apr-2026,UPI/CR/TXN281493/P_PAUL/YESB/Payment_fr_P_PAUL,,30.53,"79,645.93"
27-Apr-2026,UPI/CR/TXN907924/P_MANDAL/YESB/Payment_fr_P_MANDAL,,56.68,"79,702.61"
27-Apr-2026,UPI/CR/TXN350069/P_MANDAL/YESB/Payment_fr_P_MANDAL,,8.72,"79,711.33"
28-Apr-2026,UPI/CR/TXN520286/S_MUKHERJEE/YESB/Payment_fr_S_MUKHERJEE,,41.52,"79,752.85"
28-Apr-2026,UPI/CR/TXN739705/S_BHATTACHARYA/YESB/Payment_fr_S_BHATTACHARYA,,51.46,"79,804.31"
28-Apr-2026,UPI/CR/TXN297370/D_PAL/YESB/Payment_fr_D_PAL,,13.27,"79,817.58"
28-Apr-2026,UPI/CR/TXN433955/T_SAMANTA/YESB/Payment_fr_T_SAMANTA,,69.01,"79,886.59"
28-Apr-2026,UPI/CR/TXN903398/S_BHATTACHARYA/YESB/Payment_fr_S_BHATTACHARYA,,35.17,"79,921.76"
28-Apr-2026,UPI/CR/TXN398911/S_SOM/YESB/Payment_fr_S_SOM,,80.36,"80,002.12"
28-Apr-2026,UPI/CR/TXN601365/D_CHATTERJEE/YESB/Payment_fr_D_CHATTERJEE,,21.70,"80,023.82"
28-Apr-2026,UPI/CR/TXN593687/D_SEN/YESB/Payment_fr_D_SEN,,60.42,"80,084.24"
28-Apr-2026,UPI/CR/TXN451801/P_DEY/YESB/Payment_fr_P_DEY,,87.89,"80,172.13"
28-Apr-2026,UPI/DR/TXN685616/SUDIP_DISTRIBUTORS/HDFC/Payment_to_SUDIP_DISTRIBUTORS,46.60,,"80,125.53"
28-Apr-2026,UPI/CR/TXN634160/S_MUKHERJEE/YESB/Payment_fr_S_MUKHERJEE,,7.24,"80,132.77"
28-Apr-2026,UPI/DR/TXN720517/DELHI_SPICES/HDFC/Payment_to_DELHI_SPICES,135.83,,"79,996.94"
28-Apr-2026,UPI/CR/TXN426087/RAM_SEN/YESB/Payment_fr_RAM_SEN,,1.76,"79,998.70"
28-Apr-2026,UPI/CR/TXN825272/S_BAG/YESB/Payment_fr_S_BAG,,16.53,"80,015.23"
28-Apr-2026,UPI/CR/TXN499095/T_SAMANTA/YESB/Payment_fr_T_SAMANTA,,34.46,"80,049.69"
28-Apr-2026,UPI/CR/TXN532046/A_BAKSHI/YESB/Payment_fr_A_BAKSHI,,61.73,"80,111.42"
28-Apr-2026,UPI/CR/TXN983326/A_CHAKRABORTY/YESB/Payment_fr_A_CHAKRABORTY,,90.28,"80,201.70"
28-Apr-2026,UPI/CR/TXN137042/R_SHAW/YESB/Payment_fr_R_SHAW,,77.57,"80,279.27"
28-Apr-2026,UPI/DR/TXN303586/NESTLE_INDIA/HDFC/Payment_to_NESTLE_INDIA,407.97,,"79,871.30"
28-Apr-2026,UPI/CR/TXN583757/D_SEN/YESB/Payment_fr_D_SEN,,91.14,"79,962.44"
28-Apr-2026,UPI/CR/TXN563031/S_GHOSH/YESB/Payment_fr_S_GHOSH,,84.11,"80,046.55"
28-Apr-2026,UPI/CR/TXN403257/D_SEN/YESB/Payment_fr_D_SEN,,53.26,"80,099.81"
29-Apr-2026,UPI/CR/TXN733152/B_NATH/YESB/Payment_fr_B_NATH,,39.05,"80,138.86"
29-Apr-2026,UPI/CR/TXN895284/J_BOSE/YESB/Payment_fr_J_BOSE,,89.19,"80,228.05"
29-Apr-2026,UPI/CR/TXN533648/S_MALAKAR/YESB/Payment_fr_S_MALAKAR,,63.83,"80,291.88"
29-Apr-2026,UPI/CR/TXN541467/M_GUHA/YESB/Payment_fr_M_GUHA,,45.41,"80,337.29"
29-Apr-2026,UPI/CR/TXN256189/A_CHAKRABORTY/YESB/Payment_fr_A_CHAKRABORTY,,7.49,"80,344.78"
29-Apr-2026,UPI/CR/TXN576769/A_KUNDU/YESB/Payment_fr_A_KUNDU,,43.09,"80,387.87"
29-Apr-2026,UPI/CR/TXN678866/J_HALDER/YESB/Payment_fr_J_HALDER,,15.13,"80,403.00"
29-Apr-2026,UPI/CR/TXN669902/D_CHATTERJEE/YESB/Payment_fr_D_CHATTERJEE,,40.54,"80,443.54"
29-Apr-2026,UPI/CR/TXN589554/M_GUHA/YESB/Payment_fr_M_GUHA,,22.12,"80,465.66"
29-Apr-2026,UPI/CR/TXN935309/B_NATH/YESB/Payment_fr_B_NATH,,22.11,"80,487.77"
29-Apr-2026,UPI/CR/TXN276214/C_ROY/YESB/Payment_fr_C_ROY,,76.09,"80,563.86"
29-Apr-2026,UPI/DR/TXN312033/METRO_CASH_CARRY/HDFC/Payment_to_METRO_CASH_CARRY,266.16,,"80,297.70"
29-Apr-2026,UPI/CR/TXN674566/P_PAUL/YESB/Payment_fr_P_PAUL,,43.16,"80,340.86"
29-Apr-2026,UPI/CR/TXN428487/P_DEY/YESB/Payment_fr_P_DEY,,71.10,"80,411.96"
29-Apr-2026,UPI/CR/TXN405663/A_CHAKRABORTY/YESB/Payment_fr_A_CHAKRABORTY,,72.73,"80,484.69"
29-Apr-2026,UPI/CR/TXN357657/S_DUTA/YESB/Payment_fr_S_DUTA,,4.80,"80,489.49"
29-Apr-2026,UPI/CR/TXN943530/J_BOSE/YESB/Payment_fr_J_BOSE,,14.29,"80,503.78"
29-Apr-2026,UPI/CR/TXN546383/R_HALDER/YESB/Payment_fr_R_HALDER,,84.73,"80,588.51"
29-Apr-2026,UPI/CR/TXN791174/G_MODAK/YESB/Payment_fr_G_MODAK,,65.85,"80,654.36"
29-Apr-2026,UPI/CR/TXN269999/G_MODAK/YESB/Payment_fr_G_MODAK,,35.05,"80,689.41"
29-Apr-2026,UPI/DR/TXN340860/AMUL_MILK_AGENCY/HDFC/Payment_to_AMUL_MILK_AGENCY,223.11,,"80,466.30"
29-Apr-2026,UPI/CR/TXN742108/B_PRAMANIK/YESB/Payment_fr_B_PRAMANIK,,48.26,"80,514.56"
30-Apr-2026,UPI/CR/TXN774588/S_BAG/YESB/Payment_fr_S_BAG,,53.73,"80,568.29"
30-Apr-2026,UPI/DR/TXN679606/ITC_FOODS/HDFC/Payment_to_ITC_FOODS,299.85,,"80,268.44"
30-Apr-2026,UPI/CR/TXN759868/P_NASKAR/YESB/Payment_fr_P_NASKAR,,24.38,"80,292.82"
30-Apr-2026,UPI/CR/TXN573858/S_SOM/YESB/Payment_fr_S_SOM,,52.61,"80,345.43"
30-Apr-2026,UPI/CR/TXN345011/A_CHAKRABORTY/YESB/Payment_fr_A_CHAKRABORTY,,42.97,"80,388.40"
30-Apr-2026,UPI/CR/TXN873291/B_NATH/YESB/Payment_fr_B_NATH,,25.78,"80,414.18"
30-Apr-2026,UPI/CR/TXN328994/J_HALDER/YESB/Payment_fr_J_HALDER,,64.12,"80,478.30"
30-Apr-2026,UPI/CR/TXN448813/B_BARUA/YESB/Payment_fr_B_BARUA,,75.26,"80,553.56"
30-Apr-2026,UPI/CR/TXN737460/S_DUTA/YESB/Payment_fr_S_DUTA,,57.62,"80,611.18"
30-Apr-2026,UPI/CR/TXN944264/S_BAG/YESB/Payment_fr_S_BAG,,46.81,"80,657.99"
30-Apr-2026,UPI/CR/TXN479481/S_BAG/YESB/Payment_fr_S_BAG,,61.42,"80,719.41"
30-Apr-2026,UPI/CR/TXN511707/S_BAG/YESB/Payment_fr_S_BAG,,67.24,"80,786.65"
30-Apr-2026,UPI/CR/TXN663051/S_MUKHERJEE/YESB/Payment_fr_S_MUKHERJEE,,15.16,"80,801.81"
30-Apr-2026,UPI/CR/TXN635218/S_BAG/YESB/Payment_fr_S_BAG,,92.29,"80,894.10"
30-Apr-2026,UPI/CR/TXN666366/J_BOSE/YESB/Payment_fr_J_BOSE,,56.12,"80,950.22"
30-Apr-2026,UPI/CR/TXN333365/C_ROY/YESB/Payment_fr_C_ROY,,84.32,"81,034.54"
30-Apr-2026,UPI/CR/TXN959959/T_SAMANTA/YESB/Payment_fr_T_SAMANTA,,48.31,"81,082.85"
30-Apr-2026,UPI/DR/TXN961186/NESTLE_INDIA/HDFC/Payment_to_NESTLE_INDIA,396.40,,"80,686.45"
30-Apr-2026,UPI/CR/TXN746253/A_BAKSHI/YESB/Payment_fr_A_BAKSHI,,17.97,"80,704.42"
30-Apr-2026,UPI/CR/TXN574978/G_MODAK/YESB/Payment_fr_G_MODAK,,4.77,"80,709.19"
30-Apr-2026,UPI/CR/TXN155337/S_BAG/YESB/Payment_fr_S_BAG,,7.04,"80,716.23"
30-Apr-2026,UPI/CR/TXN616428/D_CHATTERJEE/YESB/Payment_fr_D_CHATTERJEE,,15.77,"80,732.00"
01-May-2026,UPI/CR/TXN664271/S_MALAKAR/YESB/Payment_fr_S_MALAKAR,,16.56,"80,748.56"
01-May-2026,UPI/CR/TXN627054/P_BANERJEE/YESB/Payment_fr_P_BANERJEE,,13.82,"80,762.38"
01-May-2026,UPI/CR/TXN452713/S_BAG/YESB/Payment_fr_S_BAG,,70.66,"80,833.04"
01-May-2026,UPI/CR/TXN157259/T_SAMANTA/YESB/Payment_fr_T_SAMANTA,,91.54,"80,924.58"
01-May-2026,UPI/CR/TXN345196/R_HALDER/YESB/Payment_fr_R_HALDER,,11.87,"80,936.45"
01-May-2026,UPI/CR/TXN426304/R_DHAR/YESB/Payment_fr_R_DHAR,,87.39,"81,023.84"
01-May-2026,UPI/CR/TXN388820/S_MUKHERJEE/YESB/Payment_fr_S_MUKHERJEE,,98.51,"81,122.35"
01-May-2026,UPI/DR/TXN343697/SUDIP_DISTRIBUTORS/HDFC/Payment_to_SUDIP_DISTRIBUTORS,492.00,,"80,630.35"
01-May-2026,UPI/CR/TXN596580/S_GHOSH/YESB/Payment_fr_S_GHOSH,,78.64,"80,708.99"
01-May-2026,UPI/CR/TXN764316/C_ROY/YESB/Payment_fr_C_ROY,,107.69,"80,816.68"
01-May-2026,UPI/CR/TXN301170/S_BASU/YESB/Payment_fr_S_BASU,,49.72,"80,866.40"
01-May-2026,UPI/CR/TXN715467/A_CHANDA/YESB/Payment_fr_A_CHANDA,,13.19,"80,879.59"
01-May-2026,UPI/CR/TXN690433/A_CHAKRABORTY/YESB/Payment_fr_A_CHAKRABORTY,,47.16,"80,926.75"
01-May-2026,UPI/CR/TXN913066/S_MALAKAR/YESB/Payment_fr_S_MALAKAR,,67.73,"80,994.48"
01-May-2026,UPI/CR/TXN388319/A_K_ROY/YESB/Payment_fr_A_K_ROY,,60.25,"81,054.73"
01-May-2026,UPI/CR/TXN826648/A_K_ROY/YESB/Payment_fr_A_K_ROY,,30.61,"81,085.34"
01-May-2026,UPI/CR/TXN393033/T_SAMANTA/YESB/Payment_fr_T_SAMANTA,,54.49,"81,139.83"
01-May-2026,UPI/CR/TXN688297/T_ROY/YESB/Payment_fr_T_ROY,,47.24,"81,187.07"
01-May-2026,UPI/CR/TXN533491/J_HALDER/YESB/Payment_fr_J_HALDER,,6.25,"81,193.32"
01-May-2026,UPI/CR/TXN746030/M_GUHA/YESB/Payment_fr_M_GUHA,,5.76,"81,199.08"
01-May-2026,UPI/CR/TXN642827/RAM_SEN/YESB/Payment_fr_RAM_SEN,,87.63,"81,286.71"
01-May-2026,UPI/CR/TXN542244/P_MANDAL/YESB/Payment_fr_P_MANDAL,,30.19,"81,316.90"
02-May-2026,UPI/CR/TXN387075/R_SHAW/YESB/Payment_fr_R_SHAW,,60.97,"81,377.87"
02-May-2026,UPI/CR/TXN305611/RAM_SEN/YESB/Payment_fr_RAM_SEN,,108.14,"81,486.01"
02-May-2026,UPI/CR/TXN456329/R_DHAR/YESB/Payment_fr_R_DHAR,,22.34,"81,508.35"
02-May-2026,UPI/CR/TXN251030/D_SEN/YESB/Payment_fr_D_SEN,,17.48,"81,525.83"
02-May-2026,UPI/CR/TXN716029/T_ROY/YESB/Payment_fr_T_ROY,,110.30,"81,636.13"
02-May-2026,UPI/CR/TXN769102/S_MALAKAR/YESB/Payment_fr_S_MALAKAR,,14.80,"81,650.93"
02-May-2026,UPI/CR/TXN207677/S_GHOSH/YESB/Payment_fr_S_GHOSH,,100.56,"81,751.49"
02-May-2026,UPI/CR/TXN597484/S_SARKAR/YESB/Payment_fr_S_SARKAR,,14.05,"81,765.54"
02-May-2026,UPI/CR/TXN637700/K_GANGULY/YESB/Payment_fr_K_GANGULY,,60.56,"81,826.10"
02-May-2026,UPI/CR/TXN286264/T_SAMANTA/YESB/Payment_fr_T_SAMANTA,,79.32,"81,905.42"
02-May-2026,UPI/CR/TXN963428/S_BAG/YESB/Payment_fr_S_BAG,,63.92,"81,969.34"
02-May-2026,UPI/CR/TXN873105/S_DUTA/YESB/Payment_fr_S_DUTA,,112.07,"82,081.41"
02-May-2026,UPI/CR/TXN236381/J_HALDER/YESB/Payment_fr_J_HALDER,,71.92,"82,153.33"
02-May-2026,UPI/CR/TXN898678/S_MUKHERJEE/YESB/Payment_fr_S_MUKHERJEE,,30.41,"82,183.74"
02-May-2026,UPI/CR/TXN782540/M_GUHA/YESB/Payment_fr_M_GUHA,,66.88,"82,250.62"
02-May-2026,UPI/DR/TXN278875/KOLKATA_GRAINS/HDFC/Payment_to_KOLKATA_GRAINS,462.20,,"81,788.42"
02-May-2026,UPI/CR/TXN419891/S_SARKAR/YESB/Payment_fr_S_SARKAR,,10.32,"81,798.74"
02-May-2026,UPI/CR/TXN397719/A_CHAKRABORTY/YESB/Payment_fr_A_CHAKRABORTY,,12.48,"81,811.22"
02-May-2026,UPI/CR/TXN899502/D_CHATTERJEE/YESB/Payment_fr_D_CHATTERJEE,,90.73,"81,901.95"
02-May-2026,UPI/CR/TXN542207/S_BHATTACHARYA/YESB/Payment_fr_S_BHATTACHARYA,,37.44,"81,939.39"
02-May-2026,UPI/CR/TXN715855/S_BAG/YESB/Payment_fr_S_BAG,,109.57,"82,048.96"
02-May-2026,UPI/CR/TXN793013/S_SOM/YESB/Payment_fr_S_SOM,,52.56,"82,101.52"
03-May-2026,UPI/CR/TXN345637/N_DAS/YESB/Payment_fr_N_DAS,,91.69,"82,193.21"
03-May-2026,UPI/CR/TXN233299/K_GANGULY/YESB/Payment_fr_K_GANGULY,,61.47,"82,254.68"
03-May-2026,UPI/CR/TXN195446/K_MALLICK/YESB/Payment_fr_K_MALLICK,,85.90,"82,340.58"
03-May-2026,UPI/CR/TXN249044/G_MODAK/YESB/Payment_fr_G_MODAK,,74.31,"82,414.89"
03-May-2026,UPI/CR/TXN357201/S_SARKAR/YESB/Payment_fr_S_SARKAR,,95.02,"82,509.91"
03-May-2026,UPI/CR/TXN344359/S_SARKAR/YESB/Payment_fr_S_SARKAR,,2.94,"82,512.85"
03-May-2026,UPI/CR/TXN970840/B_NATH/YESB/Payment_fr_B_NATH,,94.37,"82,607.22"
03-May-2026,UPI/CR/TXN575976/T_SAMANTA/YESB/Payment_fr_T_SAMANTA,,108.42,"82,715.64"
03-May-2026,UPI/CR/TXN233620/J_BOSE/YESB/Payment_fr_J_BOSE,,80.56,"82,796.20"
03-May-2026,UPI/CR/TXN306440/P_PAUL/YESB/Payment_fr_P_PAUL,,48.52,"82,844.72"
03-May-2026,UPI/CR/TXN629818/J_HALDER/YESB/Payment_fr_J_HALDER,,97.10,"82,941.82"
03-May-2026,UPI/CR/TXN419105/T_SAMANTA/YESB/Payment_fr_T_SAMANTA,,8.56,"82,950.38"
03-May-2026,UPI/CR/TXN804900/A_BAKSHI/YESB/Payment_fr_A_BAKSHI,,10.46,"82,960.84"
03-May-2026,UPI/CR/TXN831351/A_BAKSHI/YESB/Payment_fr_A_BAKSHI,,31.34,"82,992.18"
03-May-2026,UPI/CR/TXN419736/S_SOM/YESB/Payment_fr_S_SOM,,8.44,"83,000.62"
03-May-2026,UPI/CR/TXN805097/B_PRAMANIK/YESB/Payment_fr_B_PRAMANIK,,91.88,"83,092.50"
03-May-2026,UPI/CR/TXN570534/B_NATH/YESB/Payment_fr_B_NATH,,113.96,"83,206.46"
03-May-2026,UPI/DR/TXN509835/NESTLE_INDIA/HDFC/Payment_to_NESTLE_INDIA,179.01,,"83,027.45"
03-May-2026,UPI/CR/TXN898134/K_GANGULY/YESB/Payment_fr_K_GANGULY,,30.01,"83,057.46"
03-May-2026,UPI/CR/TXN675069/M_MITRA/YESB/Payment_fr_M_MITRA,,34.37,"83,091.83"
03-May-2026,UPI/CR/TXN750338/J_HALDER/YESB/Payment_fr_J_HALDER,,110.77,"83,202.60"
03-May-2026,UPI/DR/TXN950931/BRITANNIA_SALES/HDFC/Payment_to_BRITANNIA_SALES,13.45,,"83,189.15"
04-May-2026,UPI/CR/TXN648171/S_DUTA/YESB/Payment_fr_S_DUTA,,37.23,"83,226.38"
04-May-2026,UPI/CR/TXN102187/D_CHATTERJEE/YESB/Payment_fr_D_CHATTERJEE,,22.88,"83,249.26"
04-May-2026,UPI/CR/TXN736333/A_CHAKRABORTY/YESB/Payment_fr_A_CHAKRABORTY,,29.66,"83,278.92"
04-May-2026,UPI/CR/TXN486746/D_SEN/YESB/Payment_fr_D_SEN,,113.78,"83,392.70"
04-May-2026,UPI/CR/TXN189689/B_NATH/YESB/Payment_fr_B_NATH,,84.51,"83,477.21"
04-May-2026,UPI/CR/TXN131208/S_SOM/YESB/Payment_fr_S_SOM,,85.18,"83,562.39"
04-May-2026,UPI/CR/TXN224249/J_BOSE/YESB/Payment_fr_J_BOSE,,1.80,"83,564.19"
04-May-2026,UPI/DR/TXN796368/AMUL_MILK_AGENCY/HDFC/Payment_to_AMUL_MILK_AGENCY,324.91,,"83,239.28"
04-May-2026,UPI/CR/TXN456324/P_DEY/YESB/Payment_fr_P_DEY,,4.08,"83,243.36"
04-May-2026,UPI/CR/TXN496566/A_CHAKRABORTY/YESB/Payment_fr_A_CHAKRABORTY,,108.83,"83,352.19"
04-May-2026,UPI/CR/TXN952118/RAM_SEN/YESB/Payment_fr_RAM_SEN,,111.90,"83,464.09"
04-May-2026,UPI/CR/TXN964637/J_BOSE/YESB/Payment_fr_J_BOSE,,65.63,"83,529.72"
04-May-2026,UPI/CR/TXN807901/A_KUNDU/YESB/Payment_fr_A_KUNDU,,96.45,"83,626.17"
04-May-2026,UPI/CR/TXN172866/A_KUNDU/YESB/Payment_fr_A_KUNDU,,2.72,"83,628.89"
04-May-2026,UPI/CR/TXN223461/G_MODAK/YESB/Payment_fr_G_MODAK,,95.16,"83,724.05"
04-May-2026,UPI/CR/TXN582134/S_SARKAR/YESB/Payment_fr_S_SARKAR,,40.99,"83,765.04"
04-May-2026,UPI/CR/TXN581037/C_ROY/YESB/Payment_fr_C_ROY,,95.93,"83,860.97"
04-May-2026,UPI/CR/TXN557019/P_MANDAL/YESB/Payment_fr_P_MANDAL,,100.46,"83,961.43"
04-May-2026,UPI/CR/TXN276324/A_CHAKRABORTY/YESB/Payment_fr_A_CHAKRABORTY,,49.03,"84,010.46"
04-May-2026,UPI/CR/TXN146803/K_GANGULY/YESB/Payment_fr_K_GANGULY,,3.50,"84,013.96"
04-May-2026,UPI/CR/TXN128015/S_MUKHERJEE/YESB/Payment_fr_S_MUKHERJEE,,33.76,"84,047.72"
04-May-2026,UPI/CR/TXN766023/M_GUHA/YESB/Payment_fr_M_GUHA,,100.44,"84,148.16"
05-May-2026,UPI/CR/TXN925727/R_HALDER/YESB/Payment_fr_R_HALDER,,71.32,"84,219.48"
05-May-2026,UPI/CR/TXN704876/A_CHAKRABORTY/YESB/Payment_fr_A_CHAKRABORTY,,107.96,"84,327.44"
05-May-2026,UPI/CR/TXN637145/S_MUKHERJEE/YESB/Payment_fr_S_MUKHERJEE,,92.99,"84,420.43"
05-May-2026,UPI/CR/TXN612348/R_HALDER/YESB/Payment_fr_R_HALDER,,35.42,"84,455.85"
05-May-2026,UPI/CR/TXN514507/M_MITRA/YESB/Payment_fr_M_MITRA,,99.27,"84,555.12"
05-May-2026,UPI/CR/TXN856254/S_DUTA/YESB/Payment_fr_S_DUTA,,22.72,"84,577.84"
05-May-2026,UPI/CR/TXN933206/S_BHATTACHARYA/YESB/Payment_fr_S_BHATTACHARYA,,40.65,"84,618.49"
05-May-2026,UPI/CR/TXN288288/A_K_ROY/YESB/Payment_fr_A_K_ROY,,26.54,"84,645.03"
05-May-2026,UPI/DR/TXN830587/COCA_COLA_SUPPLY/HDFC/Payment_to_COCA_COLA_SUPPLY,133.27,,"84,511.76"
05-May-2026,UPI/CR/TXN403657/B_PRAMANIK/YESB/Payment_fr_B_PRAMANIK,,50.45,"84,562.21"
05-May-2026,UPI/CR/TXN149246/N_DAS/YESB/Payment_fr_N_DAS,,98.76,"84,660.97"
05-May-2026,UPI/CR/TXN357912/T_SAMANTA/YESB/Payment_fr_T_SAMANTA,,78.30,"84,739.27"
05-May-2026,UPI/CR/TXN537859/S_DUTA/YESB/Payment_fr_S_DUTA,,53.71,"84,792.98"
05-May-2026,UPI/CR/TXN826894/N_DAS/YESB/Payment_fr_N_DAS,,99.32,"84,892.30"
05-May-2026,UPI/CR/TXN317445/K_MALLICK/YESB/Payment_fr_K_MALLICK,,80.14,"84,972.44"
05-May-2026,UPI/CR/TXN867260/D_CHATTERJEE/YESB/Payment_fr_D_CHATTERJEE,,85.20,"85,057.64"
05-May-2026,UPI/DR/TXN350127/RELIANCE_RETAIL/HDFC/Payment_to_RELIANCE_RETAIL,142.46,,"84,915.18"
05-May-2026,UPI/CR/TXN362168/M_GUHA/YESB/Payment_fr_M_GUHA,,60.38,"84,975.56"
05-May-2026,UPI/CR/TXN254569/G_MODAK/YESB/Payment_fr_G_MODAK,,36.59,"85,012.15"
05-May-2026,UPI/CR/TXN781298/P_MANDAL/YESB/Payment_fr_P_MANDAL,,56.73,"85,068.88"
05-May-2026,UPI/CR/TXN679989/S_MUKHERJEE/YESB/Payment_fr_S_MUKHERJEE,,69.75,"85,138.63"
05-May-2026,UPI/CR/TXN828531/P_BANERJEE/YESB/Payment_fr_P_BANERJEE,,81.09,"85,219.72"
06-May-2026,UPI/DR/TXN408433/KOLKATA_GRAINS/HDFC/Payment_to_KOLKATA_GRAINS,531.07,,"84,688.65"
06-May-2026,UPI/DR/TXN812989/DELHI_SPICES/HDFC/Payment_to_DELHI_SPICES,551.85,,"84,136.80"
06-May-2026,UPI/CR/TXN871660/A_BAKSHI/YESB/Payment_fr_A_BAKSHI,,10.65,"84,147.45"
06-May-2026,UPI/CR/TXN980266/K_MALLICK/YESB/Payment_fr_K_MALLICK,,101.96,"84,249.41"
06-May-2026,UPI/CR/TXN512369/P_NASKAR/YESB/Payment_fr_P_NASKAR,,40.92,"84,290.33"
06-May-2026,UPI/DR/TXN323103/PEPSI_DIST/HDFC/Payment_to_PEPSI_DIST,547.57,,"83,742.76"
06-May-2026,UPI/CR/TXN206197/S_BAG/YESB/Payment_fr_S_BAG,,64.51,"83,807.27"
06-May-2026,UPI/CR/TXN485364/C_ROY/YESB/Payment_fr_C_ROY,,5.72,"83,812.99"
06-May-2026,UPI/CR/TXN686120/P_MANDAL/YESB/Payment_fr_P_MANDAL,,80.79,"83,893.78"
06-May-2026,UPI/CR/TXN873266/A_K_ROY/YESB/Payment_fr_A_K_ROY,,113.85,"84,007.63"
06-May-2026,UPI/CR/TXN220253/K_MALLICK/YESB/Payment_fr_K_MALLICK,,69.33,"84,076.96"
06-May-2026,UPI/CR/TXN373820/A_CHAKRABORTY/YESB/Payment_fr_A_CHAKRABORTY,,6.25,"84,083.21"
06-May-2026,UPI/CR/TXN539033/T_ROY/YESB/Payment_fr_T_ROY,,41.52,"84,124.73"
06-May-2026,UPI/CR/TXN530016/A_CHANDA/YESB/Payment_fr_A_CHANDA,,107.48,"84,232.21"
06-May-2026,UPI/CR/TXN575159/RAM_SEN/YESB/Payment_fr_RAM_SEN,,26.73,"84,258.94"
06-May-2026,UPI/CR/TXN319242/R_HALDER/YESB/Payment_fr_R_HALDER,,100.39,"84,359.33"
06-May-2026,UPI/CR/TXN580067/J_HALDER/YESB/Payment_fr_J_HALDER,,68.08,"84,427.41"
06-May-2026,UPI/CR/TXN552931/P_BANERJEE/YESB/Payment_fr_P_BANERJEE,,30.79,"84,458.20"
06-May-2026,UPI/DR/TXN565553/METRO_CASH_CARRY/HDFC/Payment_to_METRO_CASH_CARRY,562.34,,"83,895.86"
06-May-2026,UPI/CR/TXN295760/A_K_ROY/YESB/Payment_fr_A_K_ROY,,15.31,"83,911.17"
06-May-2026,UPI/CR/TXN929637/A_K_ROY/YESB/Payment_fr_A_K_ROY,,94.43,"84,005.60"
06-May-2026,UPI/CR/TXN457356/P_PAUL/YESB/Payment_fr_P_PAUL,,53.03,"84,058.63"
07-May-2026,UPI/CR/TXN879241/P_BANERJEE/YESB/Payment_fr_P_BANERJEE,,35.22,"84,093.85"
07-May-2026,UPI/CR/TXN460875/A_CHANDA/YESB/Payment_fr_A_CHANDA,,35.67,"84,129.52"
07-May-2026,UPI/CR/TXN845695/D_CHATTERJEE/YESB/Payment_fr_D_CHATTERJEE,,70.73,"84,200.25"
07-May-2026,UPI/CR/TXN366893/S_SOM/YESB/Payment_fr_S_SOM,,59.20,"84,259.45"
07-May-2026,UPI/CR/TXN353063/K_MALLICK/YESB/Payment_fr_K_MALLICK,,50.52,"84,309.97"
07-May-2026,UPI/CR/TXN382368/B_NATH/YESB/Payment_fr_B_NATH,,3.53,"84,313.50"
07-May-2026,UPI/CR/TXN272846/A_BAKSHI/YESB/Payment_fr_A_BAKSHI,,40.41,"84,353.91"
07-May-2026,UPI/CR/TXN525468/S_MALAKAR/YESB/Payment_fr_S_MALAKAR,,75.98,"84,429.89"
07-May-2026,UPI/CR/TXN530819/A_CHANDA/YESB/Payment_fr_A_CHANDA,,50.50,"84,480.39"
07-May-2026,UPI/CR/TXN589251/S_BHATTACHARYA/YESB/Payment_fr_S_BHATTACHARYA,,77.43,"84,557.82"
07-May-2026,UPI/CR/TXN326053/D_SEN/YESB/Payment_fr_D_SEN,,47.11,"84,604.93"
07-May-2026,UPI/CR/TXN155846/P_PAUL/YESB/Payment_fr_P_PAUL,,74.04,"84,678.97"
07-May-2026,UPI/CR/TXN651400/P_PAUL/YESB/Payment_fr_P_PAUL,,6.91,"84,685.88"
07-May-2026,UPI/CR/TXN468488/B_BARUA/YESB/Payment_fr_B_BARUA,,104.87,"84,790.75"
07-May-2026,UPI/CR/TXN165214/M_MITRA/YESB/Payment_fr_M_MITRA,,46.70,"84,837.45"
07-May-2026,UPI/CR/TXN163429/S_DUTA/YESB/Payment_fr_S_DUTA,,106.04,"84,943.49"
07-May-2026,UPI/CR/TXN744304/A_CHAKRABORTY/YESB/Payment_fr_A_CHAKRABORTY,,11.23,"84,954.72"
07-May-2026,UPI/CR/TXN696746/S_BASU/YESB/Payment_fr_S_BASU,,26.57,"84,981.29"
07-May-2026,UPI/DR/TXN977135/GROCERY_WHOLESALE/HDFC/Payment_to_GROCERY_WHOLESALE,31.56,,"84,949.73"
07-May-2026,UPI/CR/TXN264663/S_MALAKAR/YESB/Payment_fr_S_MALAKAR,,72.04,"85,021.77"
07-May-2026,UPI/CR/TXN261719/M_MITRA/YESB/Payment_fr_M_MITRA,,110.99,"85,132.76"
07-May-2026,UPI/CR/TXN631741/P_PAUL/YESB/Payment_fr_P_PAUL,,75.60,"85,208.36"
08-May-2026,UPI/DR/TXN115267/GROCERY_WHOLESALE/HDFC/Payment_to_GROCERY_WHOLESALE,224.60,,"84,983.76"
08-May-2026,UPI/CR/TXN882193/M_GUHA/YESB/Payment_fr_M_GUHA,,27.43,"85,011.19"
08-May-2026,UPI/CR/TXN777292/S_BASU/YESB/Payment_fr_S_BASU,,69.27,"85,080.46"
08-May-2026,UPI/DR/TXN754216/BRITANNIA_SALES/HDFC/Payment_to_BRITANNIA_SALES,278.64,,"84,801.82"
08-May-2026,UPI/CR/TXN111258/S_DUTA/YESB/Payment_fr_S_DUTA,,39.55,"84,841.37"
08-May-2026,UPI/CR/TXN920664/J_BOSE/YESB/Payment_fr_J_BOSE,,7.80,"84,849.17"
08-May-2026,UPI/CR/TXN963829/C_ROY/YESB/Payment_fr_C_ROY,,54.06,"84,903.23"
08-May-2026,UPI/CR/TXN454233/A_BAKSHI/YESB/Payment_fr_A_BAKSHI,,74.41,"84,977.64"
08-May-2026,UPI/CR/TXN704118/S_MUKHERJEE/YESB/Payment_fr_S_MUKHERJEE,,81.90,"85,059.54"
08-May-2026,UPI/CR/TXN540467/S_BASU/YESB/Payment_fr_S_BASU,,89.72,"85,149.26"
08-May-2026,UPI/DR/TXN146073/RELIANCE_RETAIL/HDFC/Payment_to_RELIANCE_RETAIL,318.96,,"84,830.30"
08-May-2026,UPI/DR/TXN975964/PARLE_PRODUCTS/HDFC/Payment_to_PARLE_PRODUCTS,434.36,,"84,395.94"
08-May-2026,UPI/CR/TXN478162/C_ROY/YESB/Payment_fr_C_ROY,,41.09,"84,437.03"
08-May-2026,UPI/CR/TXN957626/J_HALDER/YESB/Payment_fr_J_HALDER,,19.96,"84,456.99"
08-May-2026,UPI/CR/TXN185927/C_ROY/YESB/Payment_fr_C_ROY,,23.80,"84,480.79"
08-May-2026,UPI/CR/TXN993719/R_HALDER/YESB/Payment_fr_R_HALDER,,18.18,"84,498.97"
08-May-2026,UPI/CR/TXN813213/B_NATH/YESB/Payment_fr_B_NATH,,52.53,"84,551.50"
08-May-2026,UPI/CR/TXN995336/P_NASKAR/YESB/Payment_fr_P_NASKAR,,82.52,"84,634.02"
08-May-2026,UPI/CR/TXN933790/S_MUKHERJEE/YESB/Payment_fr_S_MUKHERJEE,,43.15,"84,677.17"
08-May-2026,UPI/CR/TXN150051/B_NATH/YESB/Payment_fr_B_NATH,,6.53,"84,683.70"
08-May-2026,UPI/CR/TXN848244/P_PAUL/YESB/Payment_fr_P_PAUL,,81.71,"84,765.41"
08-May-2026,UPI/DR/TXN112563/RELIANCE_RETAIL/HDFC/Payment_to_RELIANCE_RETAIL,396.65,,"84,368.76"
09-May-2026,UPI/CR/TXN408824/M_MITRA/YESB/Payment_fr_M_MITRA,,72.44,"84,441.20"
09-May-2026,UPI/CR/TXN409242/P_NASKAR/YESB/Payment_fr_P_NASKAR,,68.89,"84,510.09"
09-May-2026,UPI/CR/TXN299903/S_BASU/YESB/Payment_fr_S_BASU,,6.55,"84,516.64"
09-May-2026,UPI/CR/TXN755608/S_BAG/YESB/Payment_fr_S_BAG,,79.00,"84,595.64"
09-May-2026,UPI/CR/TXN594932/RAM_SEN/YESB/Payment_fr_RAM_SEN,,29.84,"84,625.48"
09-May-2026,UPI/CR/TXN177312/RAM_SEN/YESB/Payment_fr_RAM_SEN,,102.04,"84,727.52"
09-May-2026,UPI/DR/TXN115722/KOLKATA_GRAINS/HDFC/Payment_to_KOLKATA_GRAINS,28.38,,"84,699.14"
09-May-2026,UPI/CR/TXN859822/P_BANERJEE/YESB/Payment_fr_P_BANERJEE,,15.63,"84,714.77"
09-May-2026,UPI/CR/TXN234476/P_MANDAL/YESB/Payment_fr_P_MANDAL,,23.60,"84,738.37"
09-May-2026,UPI/CR/TXN180251/S_SOM/YESB/Payment_fr_S_SOM,,54.75,"84,793.12"
09-May-2026,UPI/CR/TXN210338/P_PAUL/YESB/Payment_fr_P_PAUL,,91.25,"84,884.37"
09-May-2026,UPI/CR/TXN200174/B_PRAMANIK/YESB/Payment_fr_B_PRAMANIK,,93.63,"84,978.00"
09-May-2026,UPI/CR/TXN709418/S_BASU/YESB/Payment_fr_S_BASU,,75.22,"85,053.22"
09-May-2026,UPI/CR/TXN608306/S_MUKHERJEE/YESB/Payment_fr_S_MUKHERJEE,,75.54,"85,128.76"
09-May-2026,UPI/CR/TXN805383/RAM_SEN/YESB/Payment_fr_RAM_SEN,,7.04,"85,135.80"
09-May-2026,UPI/CR/TXN794447/P_PAUL/YESB/Payment_fr_P_PAUL,,80.25,"85,216.05"
09-May-2026,UPI/CR/TXN682119/J_HALDER/YESB/Payment_fr_J_HALDER,,104.18,"85,320.23"
09-May-2026,UPI/CR/TXN245699/S_SOM/YESB/Payment_fr_S_SOM,,71.79,"85,392.02"
09-May-2026,UPI/CR/TXN567383/G_MODAK/YESB/Payment_fr_G_MODAK,,23.95,"85,415.97"
09-May-2026,UPI/CR/TXN678588/R_SHAW/YESB/Payment_fr_R_SHAW,,105.68,"85,521.65"
09-May-2026,UPI/CR/TXN554786/S_BAG/YESB/Payment_fr_S_BAG,,68.44,"85,590.09"
09-May-2026,UPI/CR/TXN235410/B_NATH/YESB/Payment_fr_B_NATH,,90.61,"85,680.70"
10-May-2026,UPI/CR/TXN209380/R_SHAW/YESB/Payment_fr_R_SHAW,,77.45,"85,758.15"
10-May-2026,UPI/CR/TXN521315/A_CHANDA/YESB/Payment_fr_A_CHANDA,,101.32,"85,859.47"
10-May-2026,UPI/CR/TXN406068/A_CHAKRABORTY/YESB/Payment_fr_A_CHAKRABORTY,,48.94,"85,908.41"
10-May-2026,UPI/CR/TXN674134/B_NATH/YESB/Payment_fr_B_NATH,,28.96,"85,937.37"
10-May-2026,UPI/CR/TXN493754/K_MALLICK/YESB/Payment_fr_K_MALLICK,,78.46,"86,015.83"
10-May-2026,UPI/CR/TXN747288/S_GHOSH/YESB/Payment_fr_S_GHOSH,,6.30,"86,022.13"
10-May-2026,UPI/CR/TXN197770/T_ROY/YESB/Payment_fr_T_ROY,,42.00,"86,064.13"
10-May-2026,UPI/CR/TXN516814/G_MODAK/YESB/Payment_fr_G_MODAK,,10.40,"86,074.53"
10-May-2026,UPI/CR/TXN416178/A_KUNDU/YESB/Payment_fr_A_KUNDU,,112.78,"86,187.31"
10-May-2026,UPI/CR/TXN925549/M_MITRA/YESB/Payment_fr_M_MITRA,,46.52,"86,233.83"
10-May-2026,UPI/CR/TXN170846/R_DHAR/YESB/Payment_fr_R_DHAR,,94.83,"86,328.66"
10-May-2026,UPI/CR/TXN777844/D_PAL/YESB/Payment_fr_D_PAL,,84.70,"86,413.36"
10-May-2026,UPI/CR/TXN629554/D_SEN/YESB/Payment_fr_D_SEN,,57.17,"86,470.53"
10-May-2026,UPI/CR/TXN832453/P_DEY/YESB/Payment_fr_P_DEY,,78.00,"86,548.53"
10-May-2026,UPI/CR/TXN967176/RAM_SEN/YESB/Payment_fr_RAM_SEN,,39.38,"86,587.91"
10-May-2026,UPI/CR/TXN971834/A_K_ROY/YESB/Payment_fr_A_K_ROY,,108.87,"86,696.78"
10-May-2026,UPI/CR/TXN206105/K_MALLICK/YESB/Payment_fr_K_MALLICK,,68.00,"86,764.78"
10-May-2026,UPI/CR/TXN304061/S_MALAKAR/YESB/Payment_fr_S_MALAKAR,,15.89,"86,780.67"
10-May-2026,UPI/CR/TXN143141/P_MANDAL/YESB/Payment_fr_P_MANDAL,,86.81,"86,867.48"
10-May-2026,UPI/CR/TXN894423/T_SAMANTA/YESB/Payment_fr_T_SAMANTA,,21.78,"86,889.26"
10-May-2026,UPI/CR/TXN895891/S_BHATTACHARYA/YESB/Payment_fr_S_BHATTACHARYA,,81.95,"86,971.21"
10-May-2026,UPI/CR/TXN535214/P_DEY/YESB/Payment_fr_P_DEY,,34.07,"87,005.28"
11-May-2026,UPI/CR/TXN439966/C_ROY/YESB/Payment_fr_C_ROY,,49.14,"87,054.42"
11-May-2026,UPI/CR/TXN457207/S_MUKHERJEE/YESB/Payment_fr_S_MUKHERJEE,,10.58,"87,065.00"
11-May-2026,UPI/CR/TXN397901/A_KUNDU/YESB/Payment_fr_A_KUNDU,,88.15,"87,153.15"
11-May-2026,UPI/CR/TXN721313/A_K_ROY/YESB/Payment_fr_A_K_ROY,,71.09,"87,224.24"
11-May-2026,UPI/CR/TXN832582/S_MALAKAR/YESB/Payment_fr_S_MALAKAR,,56.40,"87,280.64"
11-May-2026,UPI/CR/TXN387347/C_ROY/YESB/Payment_fr_C_ROY,,105.33,"87,385.97"
11-May-2026,UPI/DR/TXN205397/ITC_FOODS/HDFC/Payment_to_ITC_FOODS,503.02,,"86,882.95"
11-May-2026,UPI/CR/TXN703027/R_HALDER/YESB/Payment_fr_R_HALDER,,80.71,"86,963.66"
11-May-2026,UPI/CR/TXN230824/RAM_SEN/YESB/Payment_fr_RAM_SEN,,87.57,"87,051.23"
11-May-2026,UPI/CR/TXN769900/J_BOSE/YESB/Payment_fr_J_BOSE,,22.91,"87,074.14"
11-May-2026,UPI/CR/TXN566173/A_KUNDU/YESB/Payment_fr_A_KUNDU,,78.80,"87,152.94"
11-May-2026,UPI/DR/TXN166240/BRITANNIA_SALES/HDFC/Payment_to_BRITANNIA_SALES,169.64,,"86,983.30"
11-May-2026,UPI/CR/TXN325217/P_BANERJEE/YESB/Payment_fr_P_BANERJEE,,52.47,"87,035.77"
11-May-2026,UPI/CR/TXN397604/B_BARUA/YESB/Payment_fr_B_BARUA,,13.82,"87,049.59"
11-May-2026,UPI/CR/TXN791095/B_BARUA/YESB/Payment_fr_B_BARUA,,70.39,"87,119.98"
11-May-2026,UPI/DR/TXN955244/SUDIP_DISTRIBUTORS/HDFC/Payment_to_SUDIP_DISTRIBUTORS,276.33,,"86,843.65"
11-May-2026,UPI/CR/TXN134191/P_BANERJEE/YESB/Payment_fr_P_BANERJEE,,60.29,"86,903.94"
11-May-2026,UPI/CR/TXN499670/S_MUKHERJEE/YESB/Payment_fr_S_MUKHERJEE,,40.08,"86,944.02"
11-May-2026,UPI/CR/TXN924047/M_MITRA/YESB/Payment_fr_M_MITRA,,50.67,"86,994.69"
11-May-2026,UPI/CR/TXN103876/N_DAS/YESB/Payment_fr_N_DAS,,96.93,"87,091.62"
11-May-2026,UPI/CR/TXN654844/K_GANGULY/YESB/Payment_fr_K_GANGULY,,50.26,"87,141.88"
11-May-2026,UPI/CR/TXN226126/A_K_ROY/YESB/Payment_fr_A_K_ROY,,84.32,"87,226.20"
12-May-2026,UPI/CR/TXN317264/S_DUTA/YESB/Payment_fr_S_DUTA,,50.11,"87,276.31"
12-May-2026,UPI/CR/TXN997343/S_MALAKAR/YESB/Payment_fr_S_MALAKAR,,26.02,"87,302.33"
12-May-2026,UPI/CR/TXN358281/S_GHOSH/YESB/Payment_fr_S_GHOSH,,63.74,"87,366.07"
12-May-2026,UPI/CR/TXN935294/A_K_ROY/YESB/Payment_fr_A_K_ROY,,70.77,"87,436.84"
12-May-2026,UPI/CR/TXN570665/A_CHAKRABORTY/YESB/Payment_fr_A_CHAKRABORTY,,33.76,"87,470.60"
12-May-2026,UPI/CR/TXN946118/M_MITRA/YESB/Payment_fr_M_MITRA,,106.64,"87,577.24"
12-May-2026,UPI/CR/TXN337949/N_DAS/YESB/Payment_fr_N_DAS,,58.16,"87,635.40"
12-May-2026,UPI/CR/TXN284630/A_K_ROY/YESB/Payment_fr_A_K_ROY,,45.78,"87,681.18"
12-May-2026,UPI/CR/TXN955932/M_MITRA/YESB/Payment_fr_M_MITRA,,30.67,"87,711.85"
12-May-2026,UPI/CR/TXN653429/S_BASU/YESB/Payment_fr_S_BASU,,3.38,"87,715.23"
12-May-2026,UPI/CR/TXN762288/P_NASKAR/YESB/Payment_fr_P_NASKAR,,74.54,"87,789.77"
12-May-2026,UPI/CR/TXN253672/S_GHOSH/YESB/Payment_fr_S_GHOSH,,50.17,"87,839.94"
12-May-2026,UPI/CR/TXN921169/R_DHAR/YESB/Payment_fr_R_DHAR,,11.84,"87,851.78"
12-May-2026,UPI/CR/TXN902719/P_MANDAL/YESB/Payment_fr_P_MANDAL,,65.78,"87,917.56"
12-May-2026,UPI/CR/TXN168986/J_HALDER/YESB/Payment_fr_J_HALDER,,114.06,"88,031.62"
12-May-2026,UPI/CR/TXN901215/A_BAKSHI/YESB/Payment_fr_A_BAKSHI,,78.93,"88,110.55"
12-May-2026,UPI/CR/TXN386275/A_BAKSHI/YESB/Payment_fr_A_BAKSHI,,94.51,"88,205.06"
12-May-2026,UPI/DR/TXN495727/PARLE_PRODUCTS/HDFC/Payment_to_PARLE_PRODUCTS,271.81,,"87,933.25"
12-May-2026,UPI/CR/TXN507888/J_BOSE/YESB/Payment_fr_J_BOSE,,53.63,"87,986.88"
12-May-2026,UPI/CR/TXN354963/P_DEY/YESB/Payment_fr_P_DEY,,95.68,"88,082.56"
12-May-2026,UPI/CR/TXN783710/S_BAG/YESB/Payment_fr_S_BAG,,103.23,"88,185.79"
12-May-2026,UPI/CR/TXN958914/P_DEY/YESB/Payment_fr_P_DEY,,14.00,"88,199.79"
13-May-2026,UPI/CR/TXN412501/P_NASKAR/YESB/Payment_fr_P_NASKAR,,43.58,"88,243.37"
13-May-2026,UPI/CR/TXN893820/M_GUHA/YESB/Payment_fr_M_GUHA,,87.77,"88,331.14"
13-May-2026,UPI/CR/TXN319401/D_CHATTERJEE/YESB/Payment_fr_D_CHATTERJEE,,9.15,"88,340.29"
13-May-2026,UPI/DR/TXN329177/SUDIP_DISTRIBUTORS/HDFC/Payment_to_SUDIP_DISTRIBUTORS,460.93,,"87,879.36"
13-May-2026,UPI/CR/TXN589199/N_DAS/YESB/Payment_fr_N_DAS,,15.15,"87,894.51"
13-May-2026,UPI/CR/TXN359159/K_MALLICK/YESB/Payment_fr_K_MALLICK,,43.00,"87,937.51"
13-May-2026,UPI/CR/TXN344131/B_BARUA/YESB/Payment_fr_B_BARUA,,56.16,"87,993.67"
13-May-2026,UPI/CR/TXN419987/P_NASKAR/YESB/Payment_fr_P_NASKAR,,69.23,"88,062.90"
13-May-2026,UPI/CR/TXN344435/C_ROY/YESB/Payment_fr_C_ROY,,29.87,"88,092.77"
13-May-2026,UPI/CR/TXN734229/S_MALAKAR/YESB/Payment_fr_S_MALAKAR,,95.57,"88,188.34"
13-May-2026,UPI/CR/TXN161775/R_SHAW/YESB/Payment_fr_R_SHAW,,29.94,"88,218.28"
13-May-2026,UPI/CR/TXN868862/S_BAG/YESB/Payment_fr_S_BAG,,56.19,"88,274.47"
13-May-2026,UPI/CR/TXN319765/C_ROY/YESB/Payment_fr_C_ROY,,67.64,"88,342.11"
13-May-2026,UPI/CR/TXN889256/K_MALLICK/YESB/Payment_fr_K_MALLICK,,94.03,"88,436.14"
13-May-2026,UPI/CR/TXN982464/P_NASKAR/YESB/Payment_fr_P_NASKAR,,96.32,"88,532.46"
13-May-2026,UPI/CR/TXN314124/B_BARUA/YESB/Payment_fr_B_BARUA,,99.53,"88,631.99"
13-May-2026,UPI/CR/TXN237148/G_MODAK/YESB/Payment_fr_G_MODAK,,110.97,"88,742.96"
13-May-2026,UPI/CR/TXN224348/S_GHOSH/YESB/Payment_fr_S_GHOSH,,55.23,"88,798.19"
13-May-2026,UPI/CR/TXN819074/J_HALDER/YESB/Payment_fr_J_HALDER,,85.74,"88,883.93"
13-May-2026,UPI/CR/TXN239260/R_HALDER/YESB/Payment_fr_R_HALDER,,19.19,"88,903.12"
13-May-2026,UPI/CR/TXN813745/K_MALLICK/YESB/Payment_fr_K_MALLICK,,42.81,"88,945.93"
13-May-2026,UPI/CR/TXN488477/S_MUKHERJEE/YESB/Payment_fr_S_MUKHERJEE,,97.06,"89,042.99"
14-May-2026,UPI/CR/TXN538738/A_CHAKRABORTY/YESB/Payment_fr_A_CHAKRABORTY,,22.76,"89,065.75"
14-May-2026,UPI/CR/TXN825452/A_K_ROY/YESB/Payment_fr_A_K_ROY,,93.26,"89,159.01"
14-May-2026,UPI/CR/TXN929420/P_BANERJEE/YESB/Payment_fr_P_BANERJEE,,44.34,"89,203.35"
14-May-2026,UPI/CR/TXN972503/A_K_ROY/YESB/Payment_fr_A_K_ROY,,36.67,"89,240.02"
14-May-2026,UPI/CR/TXN553559/A_CHANDA/YESB/Payment_fr_A_CHANDA,,50.42,"89,290.44"
14-May-2026,UPI/CR/TXN573066/J_HALDER/YESB/Payment_fr_J_HALDER,,50.31,"89,340.75"
14-May-2026,UPI/CR/TXN678589/K_GANGULY/YESB/Payment_fr_K_GANGULY,,39.19,"89,379.94"
14-May-2026,UPI/CR/TXN227119/T_SAMANTA/YESB/Payment_fr_T_SAMANTA,,48.38,"89,428.32"
14-May-2026,UPI/CR/TXN413735/R_DHAR/YESB/Payment_fr_R_DHAR,,39.29,"89,467.61"
14-May-2026,UPI/CR/TXN454737/M_MITRA/YESB/Payment_fr_M_MITRA,,12.17,"89,479.78"
14-May-2026,UPI/CR/TXN838247/D_CHATTERJEE/YESB/Payment_fr_D_CHATTERJEE,,21.74,"89,501.52"
14-May-2026,UPI/CR/TXN617459/S_SARKAR/YESB/Payment_fr_S_SARKAR,,8.34,"89,509.86"
14-May-2026,UPI/CR/TXN408472/A_CHAKRABORTY/YESB/Payment_fr_A_CHAKRABORTY,,25.08,"89,534.94"
14-May-2026,UPI/CR/TXN582559/D_CHATTERJEE/YESB/Payment_fr_D_CHATTERJEE,,72.54,"89,607.48"
14-May-2026,UPI/CR/TXN224535/S_SOM/YESB/Payment_fr_S_SOM,,17.88,"89,625.36"
14-May-2026,UPI/CR/TXN443598/G_MODAK/YESB/Payment_fr_G_MODAK,,6.66,"89,632.02"
14-May-2026,UPI/DR/TXN789922/SUDIP_DISTRIBUTORS/HDFC/Payment_to_SUDIP_DISTRIBUTORS,100.45,,"89,531.57"
14-May-2026,UPI/DR/TXN151028/GROCERY_WHOLESALE/HDFC/Payment_to_GROCERY_WHOLESALE,41.97,,"89,489.60"
14-May-2026,UPI/CR/TXN810477/S_GHOSH/YESB/Payment_fr_S_GHOSH,,107.52,"89,597.12"
14-May-2026,UPI/DR/TXN807835/MOTHER_DAIRY_CO/HDFC/Payment_to_MOTHER_DAIRY_CO,624.55,,"88,972.57"
14-May-2026,UPI/CR/TXN616926/P_PAUL/YESB/Payment_fr_P_PAUL,,42.25,"89,014.82"
14-May-2026,UPI/CR/TXN449970/A_KUNDU/YESB/Payment_fr_A_KUNDU,,103.40,"89,118.22"
15-May-2026,UPI/CR/TXN768324/D_PAL/YESB/Payment_fr_D_PAL,,17.20,"89,135.42"
15-May-2026,UPI/CR/TXN831952/J_BOSE/YESB/Payment_fr_J_BOSE,,36.91,"89,172.33"
15-May-2026,UPI/CR/TXN898868/C_ROY/YESB/Payment_fr_C_ROY,,102.26,"89,274.59"
15-May-2026,UPI/CR/TXN700896/P_BANERJEE/YESB/Payment_fr_P_BANERJEE,,64.54,"89,339.13"
15-May-2026,UPI/DR/TXN900681/BRITANNIA_SALES/HDFC/Payment_to_BRITANNIA_SALES,419.91,,"88,919.22"
15-May-2026,UPI/CR/TXN505205/A_CHAKRABORTY/YESB/Payment_fr_A_CHAKRABORTY,,69.31,"88,988.53"
15-May-2026,UPI/CR/TXN410089/S_BHATTACHARYA/YESB/Payment_fr_S_BHATTACHARYA,,68.25,"89,056.78"
15-May-2026,UPI/CR/TXN993395/M_GUHA/YESB/Payment_fr_M_GUHA,,113.85,"89,170.63"
15-May-2026,UPI/CR/TXN244697/N_DAS/YESB/Payment_fr_N_DAS,,4.33,"89,174.96"
15-May-2026,UPI/CR/TXN367968/P_DEY/YESB/Payment_fr_P_DEY,,20.98,"89,195.94"
15-May-2026,UPI/CR/TXN922781/M_MITRA/YESB/Payment_fr_M_MITRA,,108.94,"89,304.88"
15-May-2026,UPI/CR/TXN476536/J_BOSE/YESB/Payment_fr_J_BOSE,,57.24,"89,362.12"
15-May-2026,UPI/CR/TXN269257/S_DUTA/YESB/Payment_fr_S_DUTA,,87.98,"89,450.10"
15-May-2026,UPI/DR/TXN311537/PARLE_PRODUCTS/HDFC/Payment_to_PARLE_PRODUCTS,388.91,,"89,061.19"
15-May-2026,UPI/DR/TXN361829/MOTHER_DAIRY_CO/HDFC/Payment_to_MOTHER_DAIRY_CO,77.69,,"88,983.50"
15-May-2026,UPI/DR/TXN757233/HUL_DISTRIBUTORS/HDFC/Payment_to_HUL_DISTRIBUTORS,529.23,,"88,454.27"
15-May-2026,UPI/CR/TXN104487/P_BANERJEE/YESB/Payment_fr_P_BANERJEE,,4.24,"88,458.51"
15-May-2026,UPI/CR/TXN680990/S_BASU/YESB/Payment_fr_S_BASU,,90.47,"88,548.98"
15-May-2026,UPI/CR/TXN444815/S_GHOSH/YESB/Payment_fr_S_GHOSH,,71.19,"88,620.17"
15-May-2026,UPI/CR/TXN697944/P_NASKAR/YESB/Payment_fr_P_NASKAR,,83.16,"88,703.33"
15-May-2026,UPI/CR/TXN697586/K_MALLICK/YESB/Payment_fr_K_MALLICK,,20.26,"88,723.59"
15-May-2026,UPI/CR/TXN693071/P_MANDAL/YESB/Payment_fr_P_MANDAL,,11.56,"88,735.15"
16-May-2026,UPI/CR/TXN887803/B_BARUA/YESB/Payment_fr_B_BARUA,,110.43,"88,845.58"
16-May-2026,UPI/CR/TXN643719/S_SOM/YESB/Payment_fr_S_SOM,,74.60,"88,920.18"
16-May-2026,UPI/DR/TXN960279/COCA_COLA_SUPPLY/HDFC/Payment_to_COCA_COLA_SUPPLY,523.90,,"88,396.28"
16-May-2026,UPI/CR/TXN605608/P_NASKAR/YESB/Payment_fr_P_NASKAR,,27.81,"88,424.09"
16-May-2026,UPI/CR/TXN424803/S_SARKAR/YESB/Payment_fr_S_SARKAR,,3.61,"88,427.70"
16-May-2026,UPI/CR/TXN457900/P_BANERJEE/YESB/Payment_fr_P_BANERJEE,,45.47,"88,473.17"
16-May-2026,UPI/CR/TXN728896/S_MUKHERJEE/YESB/Payment_fr_S_MUKHERJEE,,50.57,"88,523.74"
16-May-2026,UPI/CR/TXN128491/P_DEY/YESB/Payment_fr_P_DEY,,56.68,"88,580.42"
16-May-2026,UPI/CR/TXN433799/P_NASKAR/YESB/Payment_fr_P_NASKAR,,110.63,"88,691.05"
16-May-2026,UPI/CR/TXN253995/S_BAG/YESB/Payment_fr_S_BAG,,38.08,"88,729.13"
16-May-2026,UPI/CR/TXN755725/S_GHOSH/YESB/Payment_fr_S_GHOSH,,81.93,"88,811.06"
16-May-2026,UPI/CR/TXN323491/S_BAG/YESB/Payment_fr_S_BAG,,11.74,"88,822.80"
16-May-2026,UPI/CR/TXN100569/R_SHAW/YESB/Payment_fr_R_SHAW,,94.31,"88,917.11"
16-May-2026,UPI/CR/TXN310105/A_KUNDU/YESB/Payment_fr_A_KUNDU,,17.97,"88,935.08"
16-May-2026,UPI/CR/TXN168637/C_ROY/YESB/Payment_fr_C_ROY,,96.44,"89,031.52"
16-May-2026,UPI/CR/TXN598312/B_BARUA/YESB/Payment_fr_B_BARUA,,5.33,"89,036.85"
16-May-2026,UPI/CR/TXN204158/B_NATH/YESB/Payment_fr_B_NATH,,27.86,"89,064.71"
16-May-2026,UPI/CR/TXN446292/G_MODAK/YESB/Payment_fr_G_MODAK,,14.36,"89,079.07"
16-May-2026,UPI/CR/TXN807890/P_MANDAL/YESB/Payment_fr_P_MANDAL,,28.29,"89,107.36"
16-May-2026,UPI/CR/TXN783362/K_GANGULY/YESB/Payment_fr_K_GANGULY,,70.56,"89,177.92"
16-May-2026,UPI/CR/TXN629342/S_BAG/YESB/Payment_fr_S_BAG,,96.40,"89,274.32"
16-May-2026,UPI/CR/TXN401897/M_MITRA/YESB/Payment_fr_M_MITRA,,97.25,"89,371.57"
17-May-2026,UPI/CR/TXN249380/A_CHANDA/YESB/Payment_fr_A_CHANDA,,36.99,"89,408.56"
17-May-2026,UPI/DR/TXN438354/RELIANCE_RETAIL/HDFC/Payment_to_RELIANCE_RETAIL,288.42,,"89,120.14"
17-May-2026,UPI/CR/TXN699125/B_BARUA/YESB/Payment_fr_B_BARUA,,76.51,"89,196.65"
17-May-2026,UPI/CR/TXN458143/J_BOSE/YESB/Payment_fr_J_BOSE,,5.21,"89,201.86"
17-May-2026,UPI/CR/TXN804827/B_PRAMANIK/YESB/Payment_fr_B_PRAMANIK,,72.11,"89,273.97"
17-May-2026,UPI/CR/TXN894617/P_MANDAL/YESB/Payment_fr_P_MANDAL,,65.52,"89,339.49"
17-May-2026,UPI/CR/TXN419409/D_PAL/YESB/Payment_fr_D_PAL,,109.69,"89,449.18"
17-May-2026,UPI/CR/TXN923408/A_KUNDU/YESB/Payment_fr_A_KUNDU,,27.18,"89,476.36"
17-May-2026,UPI/CR/TXN692592/R_HALDER/YESB/Payment_fr_R_HALDER,,103.84,"89,580.20"
17-May-2026,UPI/CR/TXN305507/P_DEY/YESB/Payment_fr_P_DEY,,78.22,"89,658.42"
17-May-2026,UPI/CR/TXN500944/S_BASU/YESB/Payment_fr_S_BASU,,53.64,"89,712.06"
17-May-2026,UPI/DR/TXN548665/PEPSI_DIST/HDFC/Payment_to_PEPSI_DIST,384.53,,"89,327.53"
17-May-2026,UPI/CR/TXN445217/R_SHAW/YESB/Payment_fr_R_SHAW,,47.41,"89,374.94"
17-May-2026,UPI/CR/TXN428282/M_MITRA/YESB/Payment_fr_M_MITRA,,100.43,"89,475.37"
17-May-2026,UPI/CR/TXN168024/S_BAG/YESB/Payment_fr_S_BAG,,46.31,"89,521.68"
17-May-2026,UPI/DR/TXN279787/ITC_FOODS/HDFC/Payment_to_ITC_FOODS,277.13,,"89,244.55"
17-May-2026,UPI/CR/TXN670871/S_SARKAR/YESB/Payment_fr_S_SARKAR,,98.92,"89,343.47"
17-May-2026,UPI/CR/TXN280172/RAM_SEN/YESB/Payment_fr_RAM_SEN,,74.73,"89,418.20"
17-May-2026,UPI/CR/TXN861800/T_ROY/YESB/Payment_fr_T_ROY,,57.42,"89,475.62"
17-May-2026,UPI/CR/TXN541457/R_DHAR/YESB/Payment_fr_R_DHAR,,6.15,"89,481.77"
17-May-2026,UPI/DR/TXN136118/NESTLE_INDIA/HDFC/Payment_to_NESTLE_INDIA,262.65,,"89,219.12"
17-May-2026,UPI/CR/TXN539507/N_DAS/YESB/Payment_fr_N_DAS,,22.10,"89,241.22"
18-May-2026,UPI/CR/TXN693246/T_ROY/YESB/Payment_fr_T_ROY,,50.54,"89,291.76"
18-May-2026,UPI/CR/TXN165896/T_ROY/YESB/Payment_fr_T_ROY,,17.67,"89,309.43"
18-May-2026,UPI/CR/TXN172961/S_BHATTACHARYA/YESB/Payment_fr_S_BHATTACHARYA,,39.79,"89,349.22"
18-May-2026,UPI/CR/TXN154398/B_NATH/YESB/Payment_fr_B_NATH,,110.24,"89,459.46"
18-May-2026,UPI/CR/TXN926636/S_BAG/YESB/Payment_fr_S_BAG,,65.47,"89,524.93"
18-May-2026,UPI/CR/TXN748758/A_KUNDU/YESB/Payment_fr_A_KUNDU,,11.37,"89,536.30"
18-May-2026,UPI/CR/TXN985517/A_CHAKRABORTY/YESB/Payment_fr_A_CHAKRABORTY,,96.75,"89,633.05"
18-May-2026,UPI/CR/TXN526504/B_PRAMANIK/YESB/Payment_fr_B_PRAMANIK,,42.24,"89,675.29"
18-May-2026,UPI/CR/TXN197328/S_SARKAR/YESB/Payment_fr_S_SARKAR,,77.60,"89,752.89"
18-May-2026,UPI/CR/TXN565808/P_MANDAL/YESB/Payment_fr_P_MANDAL,,108.69,"89,861.58"
18-May-2026,UPI/DR/TXN207786/BRITANNIA_SALES/HDFC/Payment_to_BRITANNIA_SALES,101.44,,"89,760.14"
18-May-2026,UPI/CR/TXN696879/M_GUHA/YESB/Payment_fr_M_GUHA,,2.04,"89,762.18"
18-May-2026,UPI/CR/TXN510087/T_ROY/YESB/Payment_fr_T_ROY,,68.62,"89,830.80"
18-May-2026,UPI/CR/TXN345770/A_BAKSHI/YESB/Payment_fr_A_BAKSHI,,36.26,"89,867.06"
18-May-2026,UPI/CR/TXN157450/A_BAKSHI/YESB/Payment_fr_A_BAKSHI,,27.74,"89,894.80"
18-May-2026,UPI/CR/TXN740405/T_ROY/YESB/Payment_fr_T_ROY,,104.00,"89,998.80"
18-May-2026,UPI/CR/TXN458224/A_CHANDA/YESB/Payment_fr_A_CHANDA,,58.49,"90,057.29"
18-May-2026,UPI/CR/TXN515943/A_KUNDU/YESB/Payment_fr_A_KUNDU,,104.09,"90,161.38"
18-May-2026,UPI/CR/TXN455465/S_MALAKAR/YESB/Payment_fr_S_MALAKAR,,3.40,"90,164.78"
18-May-2026,UPI/CR/TXN686181/R_SHAW/YESB/Payment_fr_R_SHAW,,42.40,"90,207.18"
18-May-2026,UPI/CR/TXN131475/R_DHAR/YESB/Payment_fr_R_DHAR,,67.47,"90,274.65"
18-May-2026,UPI/CR/TXN454820/B_NATH/YESB/Payment_fr_B_NATH,,18.56,"90,293.21"
19-May-2026,UPI/CR/TXN644098/D_CHATTERJEE/YESB/Payment_fr_D_CHATTERJEE,,11.24,"90,304.45"
19-May-2026,UPI/CR/TXN567863/S_MALAKAR/YESB/Payment_fr_S_MALAKAR,,53.34,"90,357.79"
19-May-2026,UPI/CR/TXN487538/B_NATH/YESB/Payment_fr_B_NATH,,35.15,"90,392.94"
19-May-2026,UPI/CR/TXN652522/R_SHAW/YESB/Payment_fr_R_SHAW,,109.32,"90,502.26"
19-May-2026,UPI/CR/TXN609529/D_SEN/YESB/Payment_fr_D_SEN,,47.85,"90,550.11"
19-May-2026,UPI/CR/TXN266494/P_BANERJEE/YESB/Payment_fr_P_BANERJEE,,18.41,"90,568.52"
19-May-2026,UPI/CR/TXN738359/RAM_SEN/YESB/Payment_fr_RAM_SEN,,52.47,"90,620.99"
19-May-2026,UPI/CR/TXN471692/K_GANGULY/YESB/Payment_fr_K_GANGULY,,33.69,"90,654.68"
19-May-2026,UPI/CR/TXN394394/S_DUTA/YESB/Payment_fr_S_DUTA,,48.08,"90,702.76"
19-May-2026,UPI/CR/TXN443000/D_PAL/YESB/Payment_fr_D_PAL,,96.55,"90,799.31"
19-May-2026,UPI/DR/TXN637395/PEPSI_DIST/HDFC/Payment_to_PEPSI_DIST,582.49,,"90,216.82"
19-May-2026,UPI/CR/TXN215695/C_ROY/YESB/Payment_fr_C_ROY,,78.75,"90,295.57"
19-May-2026,UPI/CR/TXN849051/D_PAL/YESB/Payment_fr_D_PAL,,54.97,"90,350.54"
19-May-2026,UPI/CR/TXN789624/P_MANDAL/YESB/Payment_fr_P_MANDAL,,18.27,"90,368.81"
19-May-2026,UPI/CR/TXN828205/B_NATH/YESB/Payment_fr_B_NATH,,65.26,"90,434.07"
19-May-2026,UPI/CR/TXN783200/T_SAMANTA/YESB/Payment_fr_T_SAMANTA,,36.17,"90,470.24"
19-May-2026,UPI/CR/TXN251357/R_SHAW/YESB/Payment_fr_R_SHAW,,107.28,"90,577.52"
19-May-2026,UPI/CR/TXN561457/J_HALDER/YESB/Payment_fr_J_HALDER,,110.10,"90,687.62"
19-May-2026,UPI/CR/TXN815234/A_CHANDA/YESB/Payment_fr_A_CHANDA,,82.39,"90,770.01"
19-May-2026,UPI/CR/TXN188876/T_SAMANTA/YESB/Payment_fr_T_SAMANTA,,56.59,"90,826.60"
19-May-2026,UPI/CR/TXN288474/A_CHAKRABORTY/YESB/Payment_fr_A_CHAKRABORTY,,106.80,"90,933.40"
19-May-2026,UPI/CR/TXN576133/A_K_ROY/YESB/Payment_fr_A_K_ROY,,30.62,"90,964.02"
20-May-2026,UPI/CR/TXN995940/A_KUNDU/YESB/Payment_fr_A_KUNDU,,65.60,"91,029.62"
20-May-2026,UPI/CR/TXN168535/P_DEY/YESB/Payment_fr_P_DEY,,111.46,"91,141.08"
20-May-2026,UPI/CR/TXN415242/J_BOSE/YESB/Payment_fr_J_BOSE,,4.98,"91,146.06"
20-May-2026,UPI/CR/TXN737363/R_HALDER/YESB/Payment_fr_R_HALDER,,55.18,"91,201.24"
20-May-2026,UPI/CR/TXN329580/P_DEY/YESB/Payment_fr_P_DEY,,77.80,"91,279.04"
20-May-2026,UPI/CR/TXN951266/R_DHAR/YESB/Payment_fr_R_DHAR,,79.96,"91,359.00"
20-May-2026,UPI/CR/TXN721285/A_CHAKRABORTY/YESB/Payment_fr_A_CHAKRABORTY,,42.29,"91,401.29"
20-May-2026,UPI/CR/TXN975365/P_PAUL/YESB/Payment_fr_P_PAUL,,58.52,"91,459.81"
20-May-2026,UPI/CR/TXN300814/R_DHAR/YESB/Payment_fr_R_DHAR,,84.40,"91,544.21"
20-May-2026,UPI/CR/TXN550405/R_HALDER/YESB/Payment_fr_R_HALDER,,83.99,"91,628.20"
20-May-2026,UPI/CR/TXN623058/P_MANDAL/YESB/Payment_fr_P_MANDAL,,25.26,"91,653.46"
20-May-2026,UPI/CR/TXN189374/R_SHAW/YESB/Payment_fr_R_SHAW,,111.09,"91,764.55"
20-May-2026,UPI/CR/TXN288301/P_PAUL/YESB/Payment_fr_P_PAUL,,56.35,"91,820.90"
20-May-2026,UPI/CR/TXN549622/A_KUNDU/YESB/Payment_fr_A_KUNDU,,34.85,"91,855.75"
20-May-2026,UPI/CR/TXN477735/J_BOSE/YESB/Payment_fr_J_BOSE,,17.97,"91,873.72"
20-May-2026,UPI/CR/TXN847096/A_CHANDA/YESB/Payment_fr_A_CHANDA,,19.60,"91,893.32"
20-May-2026,UPI/CR/TXN417991/S_SOM/YESB/Payment_fr_S_SOM,,24.20,"91,917.52"
20-May-2026,UPI/CR/TXN173378/S_BHATTACHARYA/YESB/Payment_fr_S_BHATTACHARYA,,98.43,"92,015.95"
20-May-2026,UPI/DR/TXN727263/GROCERY_WHOLESALE/HDFC/Payment_to_GROCERY_WHOLESALE,22.12,,"91,993.83"
20-May-2026,UPI/CR/TXN236243/S_SARKAR/YESB/Payment_fr_S_SARKAR,,54.82,"92,048.65"
20-May-2026,UPI/CR/TXN873644/T_ROY/YESB/Payment_fr_T_ROY,,110.62,"92,159.27"
21-May-2026,UPI/CR/TXN351262/A_KUNDU/YESB/Payment_fr_A_KUNDU,,100.74,"92,260.01"
21-May-2026,UPI/CR/TXN948809/S_SOM/YESB/Payment_fr_S_SOM,,75.84,"92,335.85"
21-May-2026,UPI/DR/TXN199346/METRO_CASH_CARRY/HDFC/Payment_to_METRO_CASH_CARRY,262.50,,"92,073.35"
21-May-2026,UPI/CR/TXN946906/B_PRAMANIK/YESB/Payment_fr_B_PRAMANIK,,69.10,"92,142.45"
21-May-2026,UPI/DR/TXN391983/AMUL_MILK_AGENCY/HDFC/Payment_to_AMUL_MILK_AGENCY,185.07,,"91,957.38"
21-May-2026,UPI/DR/TXN260952/METRO_CASH_CARRY/HDFC/Payment_to_METRO_CASH_CARRY,127.04,,"91,830.34"
21-May-2026,UPI/CR/TXN646660/T_ROY/YESB/Payment_fr_T_ROY,,58.08,"91,888.42"
21-May-2026,UPI/CR/TXN329212/S_MALAKAR/YESB/Payment_fr_S_MALAKAR,,78.71,"91,967.13"
21-May-2026,UPI/CR/TXN693595/P_MANDAL/YESB/Payment_fr_P_MANDAL,,106.15,"92,073.28"
21-May-2026,UPI/CR/TXN293194/S_MALAKAR/YESB/Payment_fr_S_MALAKAR,,58.76,"92,132.04"
21-May-2026,UPI/DR/TXN327197/KOLKATA_GRAINS/HDFC/Payment_to_KOLKATA_GRAINS,65.30,,"92,066.74"
21-May-2026,UPI/CR/TXN270162/M_GUHA/YESB/Payment_fr_M_GUHA,,81.44,"92,148.18"
21-May-2026,UPI/CR/TXN535092/P_DEY/YESB/Payment_fr_P_DEY,,38.43,"92,186.61"
21-May-2026,UPI/CR/TXN624078/RAM_SEN/YESB/Payment_fr_RAM_SEN,,99.82,"92,286.43"
21-May-2026,UPI/CR/TXN313340/K_GANGULY/YESB/Payment_fr_K_GANGULY,,14.97,"92,301.40"
21-May-2026,UPI/CR/TXN644022/A_BAKSHI/YESB/Payment_fr_A_BAKSHI,,64.91,"92,366.31"
21-May-2026,UPI/CR/TXN301831/P_MANDAL/YESB/Payment_fr_P_MANDAL,,106.50,"92,472.81"
21-May-2026,UPI/CR/TXN648489/N_DAS/YESB/Payment_fr_N_DAS,,46.56,"92,519.37"
21-May-2026,UPI/CR/TXN480632/D_CHATTERJEE/YESB/Payment_fr_D_CHATTERJEE,,23.64,"92,543.01"
21-May-2026,UPI/CR/TXN147168/P_MANDAL/YESB/Payment_fr_P_MANDAL,,28.11,"92,571.12"
21-May-2026,UPI/CR/TXN667430/P_MANDAL/YESB/Payment_fr_P_MANDAL,,31.01,"92,602.13"
22-May-2026,UPI/CR/TXN796781/S_BAG/YESB/Payment_fr_S_BAG,,97.69,"92,699.82"
22-May-2026,UPI/CR/TXN321092/J_HALDER/YESB/Payment_fr_J_HALDER,,47.91,"92,747.73"
22-May-2026,UPI/DR/TXN772149/HUL_DISTRIBUTORS/HDFC/Payment_to_HUL_DISTRIBUTORS,553.85,,"92,193.88"
22-May-2026,UPI/CR/TXN916656/S_BHATTACHARYA/YESB/Payment_fr_S_BHATTACHARYA,,98.84,"92,292.72"
22-May-2026,UPI/CR/TXN860294/D_PAL/YESB/Payment_fr_D_PAL,,107.65,"92,400.37"
22-May-2026,UPI/CR/TXN983353/R_SHAW/YESB/Payment_fr_R_SHAW,,95.37,"92,495.74"
22-May-2026,UPI/CR/TXN577555/S_SARKAR/YESB/Payment_fr_S_SARKAR,,72.12,"92,567.86"
22-May-2026,UPI/CR/TXN776703/K_MALLICK/YESB/Payment_fr_K_MALLICK,,18.71,"92,586.57"
22-May-2026,UPI/CR/TXN791890/A_KUNDU/YESB/Payment_fr_A_KUNDU,,74.43,"92,661.00"
22-May-2026,UPI/CR/TXN645752/D_PAL/YESB/Payment_fr_D_PAL,,92.69,"92,753.69"
22-May-2026,UPI/CR/TXN432420/D_CHATTERJEE/YESB/Payment_fr_D_CHATTERJEE,,39.85,"92,793.54"
22-May-2026,UPI/CR/TXN129226/S_GHOSH/YESB/Payment_fr_S_GHOSH,,34.01,"92,827.55"
22-May-2026,UPI/CR/TXN966621/S_DUTA/YESB/Payment_fr_S_DUTA,,45.88,"92,873.43"
22-May-2026,UPI/CR/TXN403300/S_BAG/YESB/Payment_fr_S_BAG,,11.36,"92,884.79"
22-May-2026,UPI/CR/TXN491438/G_MODAK/YESB/Payment_fr_G_MODAK,,99.32,"92,984.11"
22-May-2026,UPI/CR/TXN774920/A_CHAKRABORTY/YESB/Payment_fr_A_CHAKRABORTY,,34.07,"93,018.18"
22-May-2026,UPI/CR/TXN460517/J_HALDER/YESB/Payment_fr_J_HALDER,,7.17,"93,025.35"
22-May-2026,UPI/DR/TXN660625/SUDIP_DISTRIBUTORS/HDFC/Payment_to_SUDIP_DISTRIBUTORS,391.59,,"92,633.76"
22-May-2026,UPI/CR/TXN124559/R_SHAW/YESB/Payment_fr_R_SHAW,,39.60,"92,673.36"
22-May-2026,UPI/CR/TXN160244/S_MUKHERJEE/YESB/Payment_fr_S_MUKHERJEE,,24.84,"92,698.20"
22-May-2026,UPI/CR/TXN245893/S_DUTA/YESB/Payment_fr_S_DUTA,,1.81,"92,700.01"
23-May-2026,UPI/DR/TXN118943/AMUL_MILK_AGENCY/HDFC/Payment_to_AMUL_MILK_AGENCY,500.65,,"92,199.36"
23-May-2026,UPI/CR/TXN522317/S_BHATTACHARYA/YESB/Payment_fr_S_BHATTACHARYA,,3.25,"92,202.61"
23-May-2026,UPI/CR/TXN633320/R_SHAW/YESB/Payment_fr_R_SHAW,,21.30,"92,223.91"
23-May-2026,UPI/DR/TXN326667/HUL_DISTRIBUTORS/HDFC/Payment_to_HUL_DISTRIBUTORS,192.29,,"92,031.62"
23-May-2026,UPI/CR/TXN178056/J_HALDER/YESB/Payment_fr_J_HALDER,,77.83,"92,109.45"
23-May-2026,UPI/CR/TXN644918/M_GUHA/YESB/Payment_fr_M_GUHA,,16.23,"92,125.68"
23-May-2026,UPI/CR/TXN899897/S_MALAKAR/YESB/Payment_fr_S_MALAKAR,,69.55,"92,195.23"
23-May-2026,UPI/CR/TXN529526/S_BAG/YESB/Payment_fr_S_BAG,,110.29,"92,305.52"
23-May-2026,UPI/CR/TXN857607/S_MUKHERJEE/YESB/Payment_fr_S_MUKHERJEE,,45.65,"92,351.17"
23-May-2026,UPI/CR/TXN935741/D_PAL/YESB/Payment_fr_D_PAL,,85.83,"92,437.00"
23-May-2026,UPI/CR/TXN395536/T_ROY/YESB/Payment_fr_T_ROY,,49.26,"92,486.26"
23-May-2026,UPI/CR/TXN533232/P_DEY/YESB/Payment_fr_P_DEY,,73.80,"92,560.06"
23-May-2026,UPI/CR/TXN176452/P_PAUL/YESB/Payment_fr_P_PAUL,,37.75,"92,597.81"
23-May-2026,UPI/CR/TXN148045/A_CHAKRABORTY/YESB/Payment_fr_A_CHAKRABORTY,,98.49,"92,696.30"
23-May-2026,UPI/CR/TXN968679/J_HALDER/YESB/Payment_fr_J_HALDER,,62.29,"92,758.59"
23-May-2026,UPI/CR/TXN502569/S_MUKHERJEE/YESB/Payment_fr_S_MUKHERJEE,,45.84,"92,804.43"
23-May-2026,UPI/DR/TXN991777/PARLE_PRODUCTS/HDFC/Payment_to_PARLE_PRODUCTS,533.61,,"92,270.82"
23-May-2026,UPI/CR/TXN459557/R_HALDER/YESB/Payment_fr_R_HALDER,,36.88,"92,307.70"
23-May-2026,UPI/CR/TXN852485/RAM_SEN/YESB/Payment_fr_RAM_SEN,,102.09,"92,409.79"
23-May-2026,UPI/CR/TXN566222/S_BAG/YESB/Payment_fr_S_BAG,,99.86,"92,509.65"
23-May-2026,UPI/CR/TXN160101/G_MODAK/YESB/Payment_fr_G_MODAK,,97.75,"92,607.40"
24-May-2026,UPI/CR/TXN686424/P_NASKAR/YESB/Payment_fr_P_NASKAR,,110.68,"92,718.08"
24-May-2026,UPI/CR/TXN130310/P_BANERJEE/YESB/Payment_fr_P_BANERJEE,,76.14,"92,794.22"
24-May-2026,UPI/CR/TXN433396/S_SOM/YESB/Payment_fr_S_SOM,,37.94,"92,832.16"
24-May-2026,UPI/CR/TXN338804/S_BASU/YESB/Payment_fr_S_BASU,,103.88,"92,936.04"
24-May-2026,UPI/CR/TXN521161/A_CHANDA/YESB/Payment_fr_A_CHANDA,,40.23,"92,976.27"
24-May-2026,UPI/CR/TXN285793/B_BARUA/YESB/Payment_fr_B_BARUA,,95.21,"93,071.48"
24-May-2026,UPI/CR/TXN629283/D_PAL/YESB/Payment_fr_D_PAL,,16.59,"93,088.07"
24-May-2026,UPI/CR/TXN799631/A_BAKSHI/YESB/Payment_fr_A_BAKSHI,,92.14,"93,180.21"
24-May-2026,UPI/CR/TXN576370/S_GHOSH/YESB/Payment_fr_S_GHOSH,,56.09,"93,236.30"
24-May-2026,UPI/CR/TXN628896/S_GHOSH/YESB/Payment_fr_S_GHOSH,,57.18,"93,293.48"
24-May-2026,UPI/CR/TXN597840/A_KUNDU/YESB/Payment_fr_A_KUNDU,,56.26,"93,349.74"
24-May-2026,UPI/CR/TXN700241/T_ROY/YESB/Payment_fr_T_ROY,,46.67,"93,396.41"
24-May-2026,UPI/CR/TXN620021/S_DUTA/YESB/Payment_fr_S_DUTA,,56.97,"93,453.38"
24-May-2026,UPI/CR/TXN571829/A_BAKSHI/YESB/Payment_fr_A_BAKSHI,,52.67,"93,506.05"
24-May-2026,UPI/CR/TXN423668/P_BANERJEE/YESB/Payment_fr_P_BANERJEE,,102.24,"93,608.29"
24-May-2026,UPI/CR/TXN216335/S_MALAKAR/YESB/Payment_fr_S_MALAKAR,,101.29,"93,709.58"
24-May-2026,UPI/CR/TXN545668/T_ROY/YESB/Payment_fr_T_ROY,,16.01,"93,725.59"
24-May-2026,UPI/CR/TXN663646/P_PAUL/YESB/Payment_fr_P_PAUL,,45.14,"93,770.73"
24-May-2026,UPI/CR/TXN527060/T_ROY/YESB/Payment_fr_T_ROY,,50.91,"93,821.64"
24-May-2026,UPI/CR/TXN308795/A_K_ROY/YESB/Payment_fr_A_K_ROY,,9.85,"93,831.49"
24-May-2026,UPI/DR/TXN440110/ITC_FOODS/HDFC/Payment_to_ITC_FOODS,483.78,,"93,347.71"
25-May-2026,UPI/CR/TXN450741/A_CHAKRABORTY/YESB/Payment_fr_A_CHAKRABORTY,,45.34,"93,393.05"
25-May-2026,UPI/CR/TXN148439/P_PAUL/YESB/Payment_fr_P_PAUL,,84.30,"93,477.35"
25-May-2026,UPI/CR/TXN301908/P_MANDAL/YESB/Payment_fr_P_MANDAL,,35.33,"93,512.68"
25-May-2026,UPI/CR/TXN134963/P_NASKAR/YESB/Payment_fr_P_NASKAR,,30.16,"93,542.84"
25-May-2026,UPI/CR/TXN131566/T_SAMANTA/YESB/Payment_fr_T_SAMANTA,,77.05,"93,619.89"
25-May-2026,UPI/CR/TXN146037/S_SOM/YESB/Payment_fr_S_SOM,,48.30,"93,668.19"
25-May-2026,UPI/CR/TXN604098/P_PAUL/YESB/Payment_fr_P_PAUL,,99.46,"93,767.65"
25-May-2026,UPI/CR/TXN497329/D_PAL/YESB/Payment_fr_D_PAL,,95.93,"93,863.58"
25-May-2026,UPI/CR/TXN712454/K_GANGULY/YESB/Payment_fr_K_GANGULY,,7.43,"93,871.01"
25-May-2026,UPI/CR/TXN300992/A_KUNDU/YESB/Payment_fr_A_KUNDU,,75.45,"93,946.46"
25-May-2026,UPI/DR/TXN439075/RELIANCE_RETAIL/HDFC/Payment_to_RELIANCE_RETAIL,517.96,,"93,428.50"
25-May-2026,UPI/DR/TXN201295/DELHI_SPICES/HDFC/Payment_to_DELHI_SPICES,96.79,,"93,331.71"
25-May-2026,UPI/CR/TXN695148/A_K_ROY/YESB/Payment_fr_A_K_ROY,,61.66,"93,393.37"
25-May-2026,UPI/DR/TXN206759/COCA_COLA_SUPPLY/HDFC/Payment_to_COCA_COLA_SUPPLY,211.68,,"93,181.69"
25-May-2026,UPI/CR/TXN490527/S_BASU/YESB/Payment_fr_S_BASU,,71.01,"93,252.70"
25-May-2026,UPI/CR/TXN187984/A_BAKSHI/YESB/Payment_fr_A_BAKSHI,,93.13,"93,345.83"
25-May-2026,UPI/CR/TXN653545/A_K_ROY/YESB/Payment_fr_A_K_ROY,,67.32,"93,413.15"
25-May-2026,UPI/CR/TXN143822/A_BAKSHI/YESB/Payment_fr_A_BAKSHI,,45.65,"93,458.80"
25-May-2026,UPI/CR/TXN244562/R_HALDER/YESB/Payment_fr_R_HALDER,,9.81,"93,468.61"
25-May-2026,UPI/CR/TXN775192/B_NATH/YESB/Payment_fr_B_NATH,,42.30,"93,510.91"
25-May-2026,UPI/CR/TXN701056/A_KUNDU/YESB/Payment_fr_A_KUNDU,,61.21,"93,572.12"
26-May-2026,UPI/CR/TXN576378/S_SOM/YESB/Payment_fr_S_SOM,,92.21,"93,664.33"
26-May-2026,UPI/CR/TXN351338/S_DUTA/YESB/Payment_fr_S_DUTA,,82.04,"93,746.37"
26-May-2026,UPI/DR/TXN542166/GROCERY_WHOLESALE/HDFC/Payment_to_GROCERY_WHOLESALE,215.26,,"93,531.11"
26-May-2026,UPI/CR/TXN105409/A_CHANDA/YESB/Payment_fr_A_CHANDA,,57.11,"93,588.22"
26-May-2026,UPI/CR/TXN345147/A_BAKSHI/YESB/Payment_fr_A_BAKSHI,,78.86,"93,667.08"
26-May-2026,UPI/CR/TXN707056/A_BAKSHI/YESB/Payment_fr_A_BAKSHI,,81.37,"93,748.45"
26-May-2026,UPI/CR/TXN672549/S_DUTA/YESB/Payment_fr_S_DUTA,,15.62,"93,764.07"
26-May-2026,UPI/CR/TXN220784/T_SAMANTA/YESB/Payment_fr_T_SAMANTA,,67.23,"93,831.30"
26-May-2026,UPI/CR/TXN618008/K_GANGULY/YESB/Payment_fr_K_GANGULY,,108.52,"93,939.82"
26-May-2026,UPI/DR/TXN662227/NESTLE_INDIA/HDFC/Payment_to_NESTLE_INDIA,88.39,,"93,851.43"
26-May-2026,UPI/CR/TXN558245/M_GUHA/YESB/Payment_fr_M_GUHA,,92.50,"93,943.93"
26-May-2026,UPI/CR/TXN626883/A_KUNDU/YESB/Payment_fr_A_KUNDU,,54.54,"93,998.47"
26-May-2026,UPI/CR/TXN961545/P_NASKAR/YESB/Payment_fr_P_NASKAR,,2.31,"94,000.78"
26-May-2026,UPI/CR/TXN376502/S_MALAKAR/YESB/Payment_fr_S_MALAKAR,,66.47,"94,067.25"
26-May-2026,UPI/CR/TXN850413/P_BANERJEE/YESB/Payment_fr_P_BANERJEE,,33.41,"94,100.66"
26-May-2026,UPI/DR/TXN181354/KOLKATA_GRAINS/HDFC/Payment_to_KOLKATA_GRAINS,471.39,,"93,629.27"
26-May-2026,UPI/CR/TXN792244/S_DUTA/YESB/Payment_fr_S_DUTA,,76.03,"93,705.30"
26-May-2026,UPI/DR/TXN416181/PEPSI_DIST/HDFC/Payment_to_PEPSI_DIST,64.29,,"93,641.01"
26-May-2026,UPI/CR/TXN500567/A_CHANDA/YESB/Payment_fr_A_CHANDA,,45.31,"93,686.32"
26-May-2026,UPI/CR/TXN312861/N_DAS/YESB/Payment_fr_N_DAS,,92.46,"93,778.78"
26-May-2026,UPI/CR/TXN509873/B_PRAMANIK/YESB/Payment_fr_B_PRAMANIK,,79.49,"93,858.27"
27-May-2026,UPI/CR/TXN492446/K_GANGULY/YESB/Payment_fr_K_GANGULY,,99.16,"93,957.43"
27-May-2026,UPI/CR/TXN888133/D_PAL/YESB/Payment_fr_D_PAL,,101.42,"94,058.85"
27-May-2026,UPI/CR/TXN907483/RAM_SEN/YESB/Payment_fr_RAM_SEN,,13.33,"94,072.18"
27-May-2026,UPI/CR/TXN203540/B_BARUA/YESB/Payment_fr_B_BARUA,,108.58,"94,180.76"
27-May-2026,UPI/CR/TXN480441/RAM_SEN/YESB/Payment_fr_RAM_SEN,,32.04,"94,212.80"
27-May-2026,UPI/CR/TXN351815/S_MUKHERJEE/YESB/Payment_fr_S_MUKHERJEE,,95.22,"94,308.02"
27-May-2026,UPI/CR/TXN800302/A_KUNDU/YESB/Payment_fr_A_KUNDU,,30.61,"94,338.63"
27-May-2026,UPI/DR/TXN859181/KOLKATA_GRAINS/HDFC/Payment_to_KOLKATA_GRAINS,421.43,,"93,917.20"
27-May-2026,UPI/CR/TXN640882/N_DAS/YESB/Payment_fr_N_DAS,,76.07,"93,993.27"
27-May-2026,UPI/CR/TXN547861/RAM_SEN/YESB/Payment_fr_RAM_SEN,,14.43,"94,007.70"
27-May-2026,UPI/DR/TXN146150/KOLKATA_GRAINS/HDFC/Payment_to_KOLKATA_GRAINS,444.55,,"93,563.15"
27-May-2026,UPI/DR/TXN330787/COCA_COLA_SUPPLY/HDFC/Payment_to_COCA_COLA_SUPPLY,572.69,,"92,990.46"
27-May-2026,UPI/CR/TXN185782/M_GUHA/YESB/Payment_fr_M_GUHA,,98.12,"93,088.58"
27-May-2026,UPI/CR/TXN749662/R_HALDER/YESB/Payment_fr_R_HALDER,,79.63,"93,168.21"
27-May-2026,UPI/DR/TXN810287/GROCERY_WHOLESALE/HDFC/Payment_to_GROCERY_WHOLESALE,82.95,,"93,085.26"
27-May-2026,UPI/CR/TXN503752/K_GANGULY/YESB/Payment_fr_K_GANGULY,,94.16,"93,179.42"
27-May-2026,UPI/CR/TXN287693/S_MUKHERJEE/YESB/Payment_fr_S_MUKHERJEE,,97.67,"93,277.09"
27-May-2026,UPI/CR/TXN813612/S_BASU/YESB/Payment_fr_S_BASU,,55.32,"93,332.41"
27-May-2026,UPI/CR/TXN969659/S_MUKHERJEE/YESB/Payment_fr_S_MUKHERJEE,,30.08,"93,362.49"
27-May-2026,UPI/CR/TXN441092/S_BAG/YESB/Payment_fr_S_BAG,,67.90,"93,430.39"
27-May-2026,UPI/CR/TXN165014/D_PAL/YESB/Payment_fr_D_PAL,,38.84,"93,469.23"
28-May-2026,UPI/CR/TXN881410/T_ROY/YESB/Payment_fr_T_ROY,,34.61,"93,503.84"
28-May-2026,UPI/CR/TXN651001/S_SOM/YESB/Payment_fr_S_SOM,,89.42,"93,593.26"
28-May-2026,UPI/CR/TXN181865/A_BAKSHI/YESB/Payment_fr_A_BAKSHI,,87.60,"93,680.86"
28-May-2026,UPI/CR/TXN166803/S_MALAKAR/YESB/Payment_fr_S_MALAKAR,,110.52,"93,791.38"
28-May-2026,UPI/CR/TXN470141/B_NATH/YESB/Payment_fr_B_NATH,,19.02,"93,810.40"
28-May-2026,UPI/CR/TXN171551/S_MUKHERJEE/YESB/Payment_fr_S_MUKHERJEE,,16.00,"93,826.40"
28-May-2026,UPI/CR/TXN463627/S_MUKHERJEE/YESB/Payment_fr_S_MUKHERJEE,,84.62,"93,911.02"
28-May-2026,UPI/CR/TXN714496/R_HALDER/YESB/Payment_fr_R_HALDER,,107.25,"94,018.27"
28-May-2026,UPI/CR/TXN235670/S_MUKHERJEE/YESB/Payment_fr_S_MUKHERJEE,,88.25,"94,106.52"
28-May-2026,UPI/CR/TXN193653/A_CHANDA/YESB/Payment_fr_A_CHANDA,,21.07,"94,127.59"
28-May-2026,UPI/DR/TXN668016/DELHI_SPICES/HDFC/Payment_to_DELHI_SPICES,68.42,,"94,059.17"
28-May-2026,UPI/CR/TXN298595/S_BHATTACHARYA/YESB/Payment_fr_S_BHATTACHARYA,,17.06,"94,076.23"
28-May-2026,UPI/CR/TXN867543/B_NATH/YESB/Payment_fr_B_NATH,,90.29,"94,166.52"
28-May-2026,UPI/CR/TXN276358/A_CHAKRABORTY/YESB/Payment_fr_A_CHAKRABORTY,,98.27,"94,264.79"
28-May-2026,UPI/CR/TXN641538/A_CHANDA/YESB/Payment_fr_A_CHANDA,,74.93,"94,339.72"
28-May-2026,UPI/CR/TXN234580/B_PRAMANIK/YESB/Payment_fr_B_PRAMANIK,,31.16,"94,370.88"
28-May-2026,UPI/CR/TXN799318/D_SEN/YESB/Payment_fr_D_SEN,,8.76,"94,379.64"
28-May-2026,UPI/CR/TXN258975/P_PAUL/YESB/Payment_fr_P_PAUL,,111.88,"94,491.52"
28-May-2026,UPI/CR/TXN409380/M_MITRA/YESB/Payment_fr_M_MITRA,,55.10,"94,546.62"
28-May-2026,UPI/CR/TXN119527/N_DAS/YESB/Payment_fr_N_DAS,,79.36,"94,625.98"
28-May-2026,UPI/CR/TXN111121/S_BAG/YESB/Payment_fr_S_BAG,,35.40,"94,661.38"
29-May-2026,UPI/DR/TXN851210/BRITANNIA_SALES/HDFC/Payment_to_BRITANNIA_SALES,225.73,,"94,435.65"
29-May-2026,UPI/CR/TXN404691/G_MODAK/YESB/Payment_fr_G_MODAK,,111.18,"94,546.83"
29-May-2026,UPI/CR/TXN444412/R_HALDER/YESB/Payment_fr_R_HALDER,,69.33,"94,616.16"
29-May-2026,UPI/CR/TXN947684/T_ROY/YESB/Payment_fr_T_ROY,,94.77,"94,710.93"
29-May-2026,UPI/CR/TXN372374/S_SOM/YESB/Payment_fr_S_SOM,,61.83,"94,772.76"
29-May-2026,UPI/CR/TXN107804/A_KUNDU/YESB/Payment_fr_A_KUNDU,,67.42,"94,840.18"
29-May-2026,UPI/CR/TXN394976/K_GANGULY/YESB/Payment_fr_K_GANGULY,,100.74,"94,940.92"
29-May-2026,UPI/CR/TXN332281/RAM_SEN/YESB/Payment_fr_RAM_SEN,,90.91,"95,031.83"
29-May-2026,UPI/CR/TXN426806/D_PAL/YESB/Payment_fr_D_PAL,,33.18,"95,065.01"
29-May-2026,UPI/CR/TXN724086/RAM_SEN/YESB/Payment_fr_RAM_SEN,,16.08,"95,081.09"
29-May-2026,UPI/CR/TXN830322/T_SAMANTA/YESB/Payment_fr_T_SAMANTA,,72.51,"95,153.60"
29-May-2026,UPI/CR/TXN521530/C_ROY/YESB/Payment_fr_C_ROY,,104.24,"95,257.84"
29-May-2026,UPI/CR/TXN823044/N_DAS/YESB/Payment_fr_N_DAS,,33.19,"95,291.03"
29-May-2026,UPI/CR/TXN232601/S_BASU/YESB/Payment_fr_S_BASU,,37.74,"95,328.77"
29-May-2026,UPI/CR/TXN791609/D_SEN/YESB/Payment_fr_D_SEN,,111.05,"95,439.82"
29-May-2026,UPI/CR/TXN860321/B_BARUA/YESB/Payment_fr_B_BARUA,,65.98,"95,505.80"
29-May-2026,UPI/DR/TXN727959/PARLE_PRODUCTS/HDFC/Payment_to_PARLE_PRODUCTS,407.40,,"95,098.40"
29-May-2026,UPI/CR/TXN479030/D_CHATTERJEE/YESB/Payment_fr_D_CHATTERJEE,,14.57,"95,112.97"
29-May-2026,UPI/CR/TXN699780/A_K_ROY/YESB/Payment_fr_A_K_ROY,,103.13,"95,216.10"
29-May-2026,UPI/CR/TXN444136/S_BHATTACHARYA/YESB/Payment_fr_S_BHATTACHARYA,,58.19,"95,274.29"
29-May-2026,UPI/CR/TXN341358/R_DHAR/YESB/Payment_fr_R_DHAR,,49.06,"95,323.35"
30-May-2026,UPI/DR/TXN475481/COCA_COLA_SUPPLY/HDFC/Payment_to_COCA_COLA_SUPPLY,381.51,,"94,941.84"
30-May-2026,UPI/CR/TXN475354/R_HALDER/YESB/Payment_fr_R_HALDER,,110.96,"95,052.80"
30-May-2026,UPI/CR/TXN138766/M_MITRA/YESB/Payment_fr_M_MITRA,,43.92,"95,096.72"
30-May-2026,UPI/CR/TXN713583/S_SARKAR/YESB/Payment_fr_S_SARKAR,,72.64,"95,169.36"
30-May-2026,UPI/CR/TXN315289/B_BARUA/YESB/Payment_fr_B_BARUA,,20.20,"95,189.56"
30-May-2026,UPI/CR/TXN124393/D_CHATTERJEE/YESB/Payment_fr_D_CHATTERJEE,,14.99,"95,204.55"
30-May-2026,UPI/CR/TXN726909/S_BASU/YESB/Payment_fr_S_BASU,,24.97,"95,229.52"
30-May-2026,UPI/CR/TXN981336/M_GUHA/YESB/Payment_fr_M_GUHA,,103.90,"95,333.42"
30-May-2026,UPI/CR/TXN414192/A_CHAKRABORTY/YESB/Payment_fr_A_CHAKRABORTY,,99.85,"95,433.27"
30-May-2026,UPI/CR/TXN946485/M_GUHA/YESB/Payment_fr_M_GUHA,,21.60,"95,454.87"
30-May-2026,UPI/CR/TXN189288/T_SAMANTA/YESB/Payment_fr_T_SAMANTA,,75.60,"95,530.47"
30-May-2026,UPI/CR/TXN347565/M_GUHA/YESB/Payment_fr_M_GUHA,,85.27,"95,615.74"
30-May-2026,UPI/CR/TXN809699/S_SOM/YESB/Payment_fr_S_SOM,,21.60,"95,637.34"
30-May-2026,UPI/DR/TXN960384/RELIANCE_RETAIL/HDFC/Payment_to_RELIANCE_RETAIL,31.33,,"95,606.01"
30-May-2026,UPI/CR/TXN895262/A_K_ROY/YESB/Payment_fr_A_K_ROY,,37.32,"95,643.33"
30-May-2026,UPI/CR/TXN596771/D_CHATTERJEE/YESB/Payment_fr_D_CHATTERJEE,,86.37,"95,729.70"
30-May-2026,UPI/CR/TXN967661/B_BARUA/YESB/Payment_fr_B_BARUA,,59.62,"95,789.32"
30-May-2026,UPI/CR/TXN428497/B_BARUA/YESB/Payment_fr_B_BARUA,,11.93,"95,801.25"
30-May-2026,UPI/CR/TXN256219/A_BAKSHI/YESB/Payment_fr_A_BAKSHI,,75.74,"95,876.99"
30-May-2026,UPI/DR/TXN195825/DELHI_SPICES/HDFC/Payment_to_DELHI_SPICES,163.58,,"95,713.41"
30-May-2026,UPI/CR/TXN702466/G_MODAK/YESB/Payment_fr_G_MODAK,,29.19,"95,742.60"
31-May-2026,UPI/DR/TXN785761/PEPSI_DIST/HDFC/Payment_to_PEPSI_DIST,68.12,,"95,674.48"
31-May-2026,UPI/CR/TXN252656/A_BAKSHI/YESB/Payment_fr_A_BAKSHI,,4.19,"95,678.67"
31-May-2026,UPI/DR/TXN982442/METRO_CASH_CARRY/HDFC/Payment_to_METRO_CASH_CARRY,423.70,,"95,254.97"
31-May-2026,UPI/CR/TXN760434/B_PRAMANIK/YESB/Payment_fr_B_PRAMANIK,,20.59,"95,275.56"
31-May-2026,UPI/CR/TXN664814/J_BOSE/YESB/Payment_fr_J_BOSE,,72.30,"95,347.86"
31-May-2026,UPI/CR/TXN573469/B_PRAMANIK/YESB/Payment_fr_B_PRAMANIK,,111.44,"95,459.30"
31-May-2026,UPI/CR/TXN303846/A_BAKSHI/YESB/Payment_fr_A_BAKSHI,,60.71,"95,520.01"
31-May-2026,UPI/CR/TXN553515/S_MUKHERJEE/YESB/Payment_fr_S_MUKHERJEE,,49.39,"95,569.40"
31-May-2026,UPI/CR/TXN247068/A_BAKSHI/YESB/Payment_fr_A_BAKSHI,,109.84,"95,679.24"
31-May-2026,UPI/DR/TXN823880/PEPSI_DIST/HDFC/Payment_to_PEPSI_DIST,520.68,,"95,158.56"
31-May-2026,UPI/CR/TXN555157/R_SHAW/YESB/Payment_fr_R_SHAW,,41.61,"95,200.17"
31-May-2026,UPI/CR/TXN368735/K_GANGULY/YESB/Payment_fr_K_GANGULY,,14.38,"95,214.55"
31-May-2026,UPI/CR/TXN644909/B_BARUA/YESB/Payment_fr_B_BARUA,,24.90,"95,239.45"
31-May-2026,UPI/CR/TXN924154/P_MANDAL/YESB/Payment_fr_P_MANDAL,,21.48,"95,260.93"
31-May-2026,UPI/CR/TXN521195/B_BARUA/YESB/Payment_fr_B_BARUA,,85.88,"95,346.81"
31-May-2026,UPI/DR/TXN211028/DELHI_SPICES/HDFC/Payment_to_DELHI_SPICES,595.49,,"94,751.32"
31-May-2026,UPI/CR/TXN888938/K_GANGULY/YESB/Payment_fr_K_GANGULY,,82.19,"94,833.51"
31-May-2026,UPI/CR/TXN721686/J_BOSE/YESB/Payment_fr_J_BOSE,,37.08,"94,870.59"
31-May-2026,UPI/CR/TXN273659/M_MITRA/YESB/Payment_fr_M_MITRA,,99.35,"94,969.94"
31-May-2026,UPI/CR/TXN853754/K_MALLICK/YESB/Payment_fr_K_MALLICK,,101.64,"95,071.58"
31-May-2026,UPI/DR/TXN755017/DELHI_SPICES/HDFC/Payment_to_DELHI_SPICES,71.58,,"95,000.00"
01-Jun-2026,UPI/DR/TXN403509/METRO_CASH_CARRY/HDFC/Payment_to_METRO_CASH_CARRY,142.73,,"94,857.27"
01-Jun-2026,UPI/CR/TXN278501/P_PAUL/YESB/Payment_fr_P_PAUL,,11.47,"94,868.74"
01-Jun-2026,UPI/CR/TXN481128/S_DUTA/YESB/Payment_fr_S_DUTA,,35.44,"94,904.18"
01-Jun-2026,UPI/CR/TXN447412/S_GHOSH/YESB/Payment_fr_S_GHOSH,,54.37,"94,958.55"
01-Jun-2026,UPI/CR/TXN156704/S_SARKAR/YESB/Payment_fr_S_SARKAR,,67.79,"95,026.34"
01-Jun-2026,UPI/DR/TXN310083/HUL_DISTRIBUTORS/HDFC/Payment_to_HUL_DISTRIBUTORS,356.06,,"94,670.28"
01-Jun-2026,UPI/CR/TXN245473/RAM_SEN/YESB/Payment_fr_RAM_SEN,,102.59,"94,772.87"
01-Jun-2026,UPI/CR/TXN228244/A_CHANDA/YESB/Payment_fr_A_CHANDA,,38.70,"94,811.57"
01-Jun-2026,UPI/CR/TXN225052/C_ROY/YESB/Payment_fr_C_ROY,,65.69,"94,877.26"
01-Jun-2026,UPI/CR/TXN307488/P_DEY/YESB/Payment_fr_P_DEY,,74.16,"94,951.42"
01-Jun-2026,UPI/CR/TXN974692/M_GUHA/YESB/Payment_fr_M_GUHA,,5.58,"94,957.00"
01-Jun-2026,UPI/CR/TXN101055/P_MANDAL/YESB/Payment_fr_P_MANDAL,,2.04,"94,959.04"
01-Jun-2026,UPI/CR/TXN784219/P_PAUL/YESB/Payment_fr_P_PAUL,,13.46,"94,972.50"
01-Jun-2026,UPI/CR/TXN910175/A_CHANDA/YESB/Payment_fr_A_CHANDA,,13.49,"94,985.99"
01-Jun-2026,UPI/CR/TXN673028/R_HALDER/YESB/Payment_fr_R_HALDER,,74.24,"95,060.23"
01-Jun-2026,UPI/CR/TXN412828/M_MITRA/YESB/Payment_fr_M_MITRA,,38.02,"95,098.25"
01-Jun-2026,UPI/CR/TXN661519/P_BANERJEE/YESB/Payment_fr_P_BANERJEE,,10.13,"95,108.38"
01-Jun-2026,UPI/CR/TXN835928/S_BHATTACHARYA/YESB/Payment_fr_S_BHATTACHARYA,,9.91,"95,118.29"
01-Jun-2026,UPI/CR/TXN730134/R_SHAW/YESB/Payment_fr_R_SHAW,,14.07,"95,132.36"
01-Jun-2026,UPI/CR/TXN375568/C_ROY/YESB/Payment_fr_C_ROY,,2.17,"95,134.53"
01-Jun-2026,UPI/CR/TXN490032/S_SOM/YESB/Payment_fr_S_SOM,,81.50,"95,216.03"
01-Jun-2026,UPI/CR/TXN107974/S_MALAKAR/YESB/Payment_fr_S_MALAKAR,,94.24,"95,310.27"
01-Jun-2026,UPI/CR/TXN202137/D_CHATTERJEE/YESB/Payment_fr_D_CHATTERJEE,,68.46,"95,378.73"
02-Jun-2026,UPI/CR/TXN682735/P_PAUL/YESB/Payment_fr_P_PAUL,,43.94,"95,422.67"
02-Jun-2026,UPI/CR/TXN771315/G_MODAK/YESB/Payment_fr_G_MODAK,,72.75,"95,495.42"
02-Jun-2026,UPI/CR/TXN376626/M_MITRA/YESB/Payment_fr_M_MITRA,,56.76,"95,552.18"
02-Jun-2026,UPI/CR/TXN711999/S_GHOSH/YESB/Payment_fr_S_GHOSH,,24.21,"95,576.39"
02-Jun-2026,UPI/CR/TXN411345/N_DAS/YESB/Payment_fr_N_DAS,,52.12,"95,628.51"
02-Jun-2026,UPI/CR/TXN411777/M_MITRA/YESB/Payment_fr_M_MITRA,,57.31,"95,685.82"
02-Jun-2026,UPI/CR/TXN398873/B_BARUA/YESB/Payment_fr_B_BARUA,,14.97,"95,700.79"
02-Jun-2026,UPI/DR/TXN417468/ITC_FOODS/HDFC/Payment_to_ITC_FOODS,49.85,,"95,650.94"
02-Jun-2026,UPI/CR/TXN214488/J_HALDER/YESB/Payment_fr_J_HALDER,,52.84,"95,703.78"
02-Jun-2026,UPI/CR/TXN795634/K_MALLICK/YESB/Payment_fr_K_MALLICK,,28.98,"95,732.76"
02-Jun-2026,UPI/CR/TXN614889/S_GHOSH/YESB/Payment_fr_S_GHOSH,,6.49,"95,739.25"
02-Jun-2026,UPI/CR/TXN196437/A_KUNDU/YESB/Payment_fr_A_KUNDU,,21.12,"95,760.37"
02-Jun-2026,UPI/CR/TXN605020/C_ROY/YESB/Payment_fr_C_ROY,,67.42,"95,827.79"
02-Jun-2026,UPI/CR/TXN272172/J_HALDER/YESB/Payment_fr_J_HALDER,,77.32,"95,905.11"
02-Jun-2026,UPI/CR/TXN232053/S_MALAKAR/YESB/Payment_fr_S_MALAKAR,,15.60,"95,920.71"
02-Jun-2026,UPI/CR/TXN383298/P_NASKAR/YESB/Payment_fr_P_NASKAR,,45.02,"95,965.73"
02-Jun-2026,UPI/CR/TXN842479/R_DHAR/YESB/Payment_fr_R_DHAR,,16.32,"95,982.05"
02-Jun-2026,UPI/CR/TXN811902/J_HALDER/YESB/Payment_fr_J_HALDER,,63.88,"96,045.93"
02-Jun-2026,UPI/CR/TXN582576/S_BHATTACHARYA/YESB/Payment_fr_S_BHATTACHARYA,,58.64,"96,104.57"
02-Jun-2026,UPI/CR/TXN402262/D_CHATTERJEE/YESB/Payment_fr_D_CHATTERJEE,,53.18,"96,157.75"
02-Jun-2026,UPI/DR/TXN624957/RELIANCE_RETAIL/HDFC/Payment_to_RELIANCE_RETAIL,169.09,,"95,988.66"
02-Jun-2026,UPI/CR/TXN466242/A_KUNDU/YESB/Payment_fr_A_KUNDU,,24.94,"96,013.60"
02-Jun-2026,UPI/CR/TXN877468/C_ROY/YESB/Payment_fr_C_ROY,,72.88,"96,086.48"
03-Jun-2026,UPI/CR/TXN131394/S_MALAKAR/YESB/Payment_fr_S_MALAKAR,,27.39,"96,113.87"
03-Jun-2026,UPI/CR/TXN618253/J_BOSE/YESB/Payment_fr_J_BOSE,,36.98,"96,150.85"
03-Jun-2026,UPI/CR/TXN426720/P_MANDAL/YESB/Payment_fr_P_MANDAL,,45.54,"96,196.39"
03-Jun-2026,UPI/DR/TXN204878/BRITANNIA_SALES/HDFC/Payment_to_BRITANNIA_SALES,578.44,,"95,617.95"
03-Jun-2026,UPI/DR/TXN417645/BRITANNIA_SALES/HDFC/Payment_to_BRITANNIA_SALES,150.79,,"95,467.16"
03-Jun-2026,UPI/CR/TXN735553/A_KUNDU/YESB/Payment_fr_A_KUNDU,,82.78,"95,549.94"
03-Jun-2026,UPI/CR/TXN707667/S_DUTA/YESB/Payment_fr_S_DUTA,,97.60,"95,647.54"
03-Jun-2026,UPI/CR/TXN326813/G_MODAK/YESB/Payment_fr_G_MODAK,,20.75,"95,668.29"
03-Jun-2026,UPI/CR/TXN222900/S_DUTA/YESB/Payment_fr_S_DUTA,,30.41,"95,698.70"
03-Jun-2026,UPI/CR/TXN746195/A_K_ROY/YESB/Payment_fr_A_K_ROY,,36.34,"95,735.04"
03-Jun-2026,UPI/CR/TXN833491/S_BAG/YESB/Payment_fr_S_BAG,,93.48,"95,828.52"
03-Jun-2026,UPI/CR/TXN169452/T_SAMANTA/YESB/Payment_fr_T_SAMANTA,,29.87,"95,858.39"
03-Jun-2026,UPI/CR/TXN827851/A_BAKSHI/YESB/Payment_fr_A_BAKSHI,,56.07,"95,914.46"
03-Jun-2026,UPI/CR/TXN244455/R_SHAW/YESB/Payment_fr_R_SHAW,,60.77,"95,975.23"
03-Jun-2026,UPI/CR/TXN419811/T_ROY/YESB/Payment_fr_T_ROY,,58.41,"96,033.64"
03-Jun-2026,UPI/CR/TXN116349/D_SEN/YESB/Payment_fr_D_SEN,,28.77,"96,062.41"
03-Jun-2026,UPI/CR/TXN854075/T_ROY/YESB/Payment_fr_T_ROY,,17.57,"96,079.98"
03-Jun-2026,UPI/CR/TXN562779/P_NASKAR/YESB/Payment_fr_P_NASKAR,,34.91,"96,114.89"
03-Jun-2026,UPI/CR/TXN113765/S_SARKAR/YESB/Payment_fr_S_SARKAR,,103.38,"96,218.27"
03-Jun-2026,UPI/CR/TXN585289/RAM_SEN/YESB/Payment_fr_RAM_SEN,,88.26,"96,306.53"
03-Jun-2026,UPI/CR/TXN591130/R_DHAR/YESB/Payment_fr_R_DHAR,,85.76,"96,392.29"
03-Jun-2026,UPI/CR/TXN244408/K_MALLICK/YESB/Payment_fr_K_MALLICK,,16.48,"96,408.77"
03-Jun-2026,UPI/CR/TXN156136/D_SEN/YESB/Payment_fr_D_SEN,,82.35,"96,491.12"
04-Jun-2026,UPI/CR/TXN562241/D_PAL/YESB/Payment_fr_D_PAL,,16.33,"96,507.45"
04-Jun-2026,UPI/CR/TXN191876/S_GHOSH/YESB/Payment_fr_S_GHOSH,,18.86,"96,526.31"
04-Jun-2026,UPI/CR/TXN812052/K_MALLICK/YESB/Payment_fr_K_MALLICK,,100.92,"96,627.23"
04-Jun-2026,UPI/CR/TXN235808/R_DHAR/YESB/Payment_fr_R_DHAR,,64.35,"96,691.58"
04-Jun-2026,UPI/CR/TXN387745/S_DUTA/YESB/Payment_fr_S_DUTA,,99.39,"96,790.97"
04-Jun-2026,UPI/CR/TXN142942/S_MUKHERJEE/YESB/Payment_fr_S_MUKHERJEE,,95.75,"96,886.72"
04-Jun-2026,UPI/CR/TXN548443/R_DHAR/YESB/Payment_fr_R_DHAR,,23.96,"96,910.68"
04-Jun-2026,UPI/CR/TXN607882/R_HALDER/YESB/Payment_fr_R_HALDER,,93.61,"97,004.29"
04-Jun-2026,UPI/CR/TXN192724/C_ROY/YESB/Payment_fr_C_ROY,,38.89,"97,043.18"
04-Jun-2026,UPI/CR/TXN750618/A_BAKSHI/YESB/Payment_fr_A_BAKSHI,,103.93,"97,147.11"
04-Jun-2026,UPI/DR/TXN849923/COCA_COLA_SUPPLY/HDFC/Payment_to_COCA_COLA_SUPPLY,564.97,,"96,582.14"
04-Jun-2026,UPI/DR/TXN603805/COCA_COLA_SUPPLY/HDFC/Payment_to_COCA_COLA_SUPPLY,191.44,,"96,390.70"
04-Jun-2026,UPI/CR/TXN227500/K_MALLICK/YESB/Payment_fr_K_MALLICK,,50.53,"96,441.23"
04-Jun-2026,UPI/CR/TXN394169/D_CHATTERJEE/YESB/Payment_fr_D_CHATTERJEE,,29.09,"96,470.32"
04-Jun-2026,UPI/CR/TXN522700/P_DEY/YESB/Payment_fr_P_DEY,,94.21,"96,564.53"
04-Jun-2026,UPI/CR/TXN220280/A_KUNDU/YESB/Payment_fr_A_KUNDU,,26.64,"96,591.17"
04-Jun-2026,UPI/CR/TXN762113/B_NATH/YESB/Payment_fr_B_NATH,,46.93,"96,638.10"
04-Jun-2026,UPI/CR/TXN808502/N_DAS/YESB/Payment_fr_N_DAS,,50.84,"96,688.94"
04-Jun-2026,UPI/CR/TXN285225/S_MALAKAR/YESB/Payment_fr_S_MALAKAR,,77.26,"96,766.20"
04-Jun-2026,UPI/CR/TXN571093/A_CHAKRABORTY/YESB/Payment_fr_A_CHAKRABORTY,,104.50,"96,870.70"
04-Jun-2026,UPI/DR/TXN789115/BRITANNIA_SALES/HDFC/Payment_to_BRITANNIA_SALES,297.49,,"96,573.21"
04-Jun-2026,UPI/CR/TXN592796/G_MODAK/YESB/Payment_fr_G_MODAK,,28.10,"96,601.31"
04-Jun-2026,UPI/CR/TXN671559/S_DUTA/YESB/Payment_fr_S_DUTA,,62.90,"96,664.21"
05-Jun-2026,UPI/CR/TXN643157/A_K_ROY/YESB/Payment_fr_A_K_ROY,,77.32,"96,741.53"
05-Jun-2026,UPI/CR/TXN540932/S_MUKHERJEE/YESB/Payment_fr_S_MUKHERJEE,,10.16,"96,751.69"
05-Jun-2026,UPI/CR/TXN254444/S_GHOSH/YESB/Payment_fr_S_GHOSH,,27.78,"96,779.47"
05-Jun-2026,UPI/CR/TXN625986/R_SHAW/YESB/Payment_fr_R_SHAW,,58.46,"96,837.93"
05-Jun-2026,UPI/CR/TXN432892/R_HALDER/YESB/Payment_fr_R_HALDER,,21.68,"96,859.61"
05-Jun-2026,UPI/CR/TXN540586/A_KUNDU/YESB/Payment_fr_A_KUNDU,,71.72,"96,931.33"
05-Jun-2026,UPI/DR/TXN790982/ITC_FOODS/HDFC/Payment_to_ITC_FOODS,301.44,,"96,629.89"
05-Jun-2026,UPI/CR/TXN444688/S_MALAKAR/YESB/Payment_fr_S_MALAKAR,,85.22,"96,715.11"
05-Jun-2026,UPI/DR/TXN227728/MOTHER_DAIRY_CO/HDFC/Payment_to_MOTHER_DAIRY_CO,293.01,,"96,422.10"
05-Jun-2026,UPI/CR/TXN187546/S_SOM/YESB/Payment_fr_S_SOM,,11.28,"96,433.38"
05-Jun-2026,UPI/DR/TXN790912/PARLE_PRODUCTS/HDFC/Payment_to_PARLE_PRODUCTS,193.03,,"96,240.35"
05-Jun-2026,UPI/CR/TXN520415/D_SEN/YESB/Payment_fr_D_SEN,,10.34,"96,250.69"
05-Jun-2026,UPI/CR/TXN769396/A_K_ROY/YESB/Payment_fr_A_K_ROY,,76.86,"96,327.55"
05-Jun-2026,UPI/CR/TXN134261/C_ROY/YESB/Payment_fr_C_ROY,,37.57,"96,365.12"
05-Jun-2026,UPI/DR/TXN704020/KOLKATA_GRAINS/HDFC/Payment_to_KOLKATA_GRAINS,31.80,,"96,333.32"
05-Jun-2026,UPI/CR/TXN529715/P_MANDAL/YESB/Payment_fr_P_MANDAL,,30.31,"96,363.63"
05-Jun-2026,UPI/DR/TXN854145/BRITANNIA_SALES/HDFC/Payment_to_BRITANNIA_SALES,133.20,,"96,230.43"
05-Jun-2026,UPI/CR/TXN847841/M_MITRA/YESB/Payment_fr_M_MITRA,,86.11,"96,316.54"
05-Jun-2026,UPI/CR/TXN474545/G_MODAK/YESB/Payment_fr_G_MODAK,,37.94,"96,354.48"
05-Jun-2026,UPI/CR/TXN733216/D_SEN/YESB/Payment_fr_D_SEN,,64.38,"96,418.86"
05-Jun-2026,UPI/CR/TXN775738/S_BAG/YESB/Payment_fr_S_BAG,,1.78,"96,420.64"
05-Jun-2026,UPI/CR/TXN324156/M_GUHA/YESB/Payment_fr_M_GUHA,,62.54,"96,483.18"
05-Jun-2026,UPI/CR/TXN661988/A_K_ROY/YESB/Payment_fr_A_K_ROY,,11.82,"96,495.00"
06-Jun-2026,UPI/CR/TXN688207/S_GHOSH/YESB/Payment_fr_S_GHOSH,,66.79,"96,561.79"
06-Jun-2026,UPI/CR/TXN693047/A_CHAKRABORTY/YESB/Payment_fr_A_CHAKRABORTY,,89.73,"96,651.52"
06-Jun-2026,UPI/CR/TXN352207/S_BHATTACHARYA/YESB/Payment_fr_S_BHATTACHARYA,,90.06,"96,741.58"
06-Jun-2026,UPI/CR/TXN853362/M_MITRA/YESB/Payment_fr_M_MITRA,,30.02,"96,771.60"
06-Jun-2026,UPI/CR/TXN493482/C_ROY/YESB/Payment_fr_C_ROY,,1.89,"96,773.49"
06-Jun-2026,UPI/CR/TXN596162/S_DUTA/YESB/Payment_fr_S_DUTA,,34.78,"96,808.27"
06-Jun-2026,UPI/CR/TXN694691/A_KUNDU/YESB/Payment_fr_A_KUNDU,,20.03,"96,828.30"
06-Jun-2026,UPI/CR/TXN880523/S_SARKAR/YESB/Payment_fr_S_SARKAR,,72.76,"96,901.06"
06-Jun-2026,UPI/CR/TXN993978/T_ROY/YESB/Payment_fr_T_ROY,,2.29,"96,903.35"
06-Jun-2026,UPI/CR/TXN982526/D_PAL/YESB/Payment_fr_D_PAL,,94.15,"96,997.50"
06-Jun-2026,UPI/CR/TXN583691/C_ROY/YESB/Payment_fr_C_ROY,,38.82,"97,036.32"
06-Jun-2026,UPI/DR/TXN560461/BRITANNIA_SALES/HDFC/Payment_to_BRITANNIA_SALES,399.61,,"96,636.71"
06-Jun-2026,UPI/CR/TXN902245/S_BHATTACHARYA/YESB/Payment_fr_S_BHATTACHARYA,,47.90,"96,684.61"
06-Jun-2026,UPI/CR/TXN202905/S_MALAKAR/YESB/Payment_fr_S_MALAKAR,,37.87,"96,722.48"
06-Jun-2026,UPI/CR/TXN205909/K_GANGULY/YESB/Payment_fr_K_GANGULY,,70.24,"96,792.72"
06-Jun-2026,UPI/CR/TXN691299/P_DEY/YESB/Payment_fr_P_DEY,,102.63,"96,895.35"
06-Jun-2026,UPI/DR/TXN747469/ITC_FOODS/HDFC/Payment_to_ITC_FOODS,196.66,,"96,698.69"
06-Jun-2026,UPI/CR/TXN428881/S_BAG/YESB/Payment_fr_S_BAG,,29.63,"96,728.32"
06-Jun-2026,UPI/CR/TXN319952/R_DHAR/YESB/Payment_fr_R_DHAR,,20.91,"96,749.23"
06-Jun-2026,UPI/CR/TXN193563/R_DHAR/YESB/Payment_fr_R_DHAR,,40.62,"96,789.85"
06-Jun-2026,UPI/CR/TXN945016/P_MANDAL/YESB/Payment_fr_P_MANDAL,,51.50,"96,841.35"
06-Jun-2026,UPI/CR/TXN883369/R_HALDER/YESB/Payment_fr_R_HALDER,,39.02,"96,880.37"
06-Jun-2026,UPI/CR/TXN748124/A_K_ROY/YESB/Payment_fr_A_K_ROY,,35.64,"96,916.01"
07-Jun-2026,UPI/CR/TXN642404/A_CHANDA/YESB/Payment_fr_A_CHANDA,,57.06,"96,973.07"
07-Jun-2026,UPI/CR/TXN897429/A_CHANDA/YESB/Payment_fr_A_CHANDA,,34.94,"97,008.01"
07-Jun-2026,UPI/CR/TXN932308/R_DHAR/YESB/Payment_fr_R_DHAR,,94.34,"97,102.35"
07-Jun-2026,UPI/CR/TXN124057/S_SARKAR/YESB/Payment_fr_S_SARKAR,,39.70,"97,142.05"
07-Jun-2026,UPI/DR/TXN253350/PEPSI_DIST/HDFC/Payment_to_PEPSI_DIST,101.29,,"97,040.76"
07-Jun-2026,UPI/DR/TXN390354/COCA_COLA_SUPPLY/HDFC/Payment_to_COCA_COLA_SUPPLY,231.94,,"96,808.82"
07-Jun-2026,UPI/CR/TXN393724/J_BOSE/YESB/Payment_fr_J_BOSE,,34.09,"96,842.91"
07-Jun-2026,UPI/DR/TXN899652/PARLE_PRODUCTS/HDFC/Payment_to_PARLE_PRODUCTS,577.05,,"96,265.86"
07-Jun-2026,UPI/CR/TXN632216/N_DAS/YESB/Payment_fr_N_DAS,,7.06,"96,272.92"
07-Jun-2026,UPI/CR/TXN661425/A_KUNDU/YESB/Payment_fr_A_KUNDU,,52.80,"96,325.72"
07-Jun-2026,UPI/CR/TXN150157/N_DAS/YESB/Payment_fr_N_DAS,,7.40,"96,333.12"
07-Jun-2026,UPI/CR/TXN557049/A_CHAKRABORTY/YESB/Payment_fr_A_CHAKRABORTY,,39.38,"96,372.50"
07-Jun-2026,UPI/CR/TXN787120/S_MUKHERJEE/YESB/Payment_fr_S_MUKHERJEE,,93.35,"96,465.85"
07-Jun-2026,UPI/CR/TXN312882/K_GANGULY/YESB/Payment_fr_K_GANGULY,,66.41,"96,532.26"
07-Jun-2026,UPI/CR/TXN828723/S_SARKAR/YESB/Payment_fr_S_SARKAR,,14.94,"96,547.20"
07-Jun-2026,UPI/CR/TXN550167/B_BARUA/YESB/Payment_fr_B_BARUA,,94.51,"96,641.71"
07-Jun-2026,UPI/CR/TXN627685/P_DEY/YESB/Payment_fr_P_DEY,,15.39,"96,657.10"
07-Jun-2026,UPI/CR/TXN912000/A_CHAKRABORTY/YESB/Payment_fr_A_CHAKRABORTY,,56.64,"96,713.74"
07-Jun-2026,UPI/CR/TXN544320/A_BAKSHI/YESB/Payment_fr_A_BAKSHI,,12.55,"96,726.29"
07-Jun-2026,UPI/CR/TXN955792/S_SOM/YESB/Payment_fr_S_SOM,,54.67,"96,780.96"
07-Jun-2026,UPI/CR/TXN953309/S_SOM/YESB/Payment_fr_S_SOM,,45.43,"96,826.39"
07-Jun-2026,UPI/CR/TXN510945/S_MALAKAR/YESB/Payment_fr_S_MALAKAR,,86.41,"96,912.80"
07-Jun-2026,UPI/CR/TXN187651/P_DEY/YESB/Payment_fr_P_DEY,,44.72,"96,957.52"
08-Jun-2026,UPI/CR/TXN861593/P_PAUL/YESB/Payment_fr_P_PAUL,,72.24,"97,029.76"
08-Jun-2026,UPI/CR/TXN920192/S_SOM/YESB/Payment_fr_S_SOM,,89.63,"97,119.39"
08-Jun-2026,UPI/CR/TXN328026/S_BHATTACHARYA/YESB/Payment_fr_S_BHATTACHARYA,,12.16,"97,131.55"
08-Jun-2026,UPI/CR/TXN745092/D_PAL/YESB/Payment_fr_D_PAL,,50.54,"97,182.09"
08-Jun-2026,UPI/CR/TXN518675/B_PRAMANIK/YESB/Payment_fr_B_PRAMANIK,,11.03,"97,193.12"
08-Jun-2026,UPI/CR/TXN851622/RAM_SEN/YESB/Payment_fr_RAM_SEN,,78.62,"97,271.74"
08-Jun-2026,UPI/CR/TXN388321/P_NASKAR/YESB/Payment_fr_P_NASKAR,,82.53,"97,354.27"
08-Jun-2026,UPI/CR/TXN859282/A_KUNDU/YESB/Payment_fr_A_KUNDU,,56.65,"97,410.92"
08-Jun-2026,UPI/DR/TXN346339/AMUL_MILK_AGENCY/HDFC/Payment_to_AMUL_MILK_AGENCY,401.09,,"97,009.83"
08-Jun-2026,UPI/CR/TXN791710/P_DEY/YESB/Payment_fr_P_DEY,,65.54,"97,075.37"
08-Jun-2026,UPI/CR/TXN422328/K_MALLICK/YESB/Payment_fr_K_MALLICK,,49.12,"97,124.49"
08-Jun-2026,UPI/CR/TXN927912/S_SOM/YESB/Payment_fr_S_SOM,,28.97,"97,153.46"
08-Jun-2026,UPI/CR/TXN471643/M_MITRA/YESB/Payment_fr_M_MITRA,,27.92,"97,181.38"
08-Jun-2026,UPI/CR/TXN797644/K_GANGULY/YESB/Payment_fr_K_GANGULY,,84.25,"97,265.63"
08-Jun-2026,UPI/CR/TXN976129/T_SAMANTA/YESB/Payment_fr_T_SAMANTA,,99.41,"97,365.04"
08-Jun-2026,UPI/CR/TXN637373/S_SOM/YESB/Payment_fr_S_SOM,,84.38,"97,449.42"
08-Jun-2026,UPI/DR/TXN840530/MOTHER_DAIRY_CO/HDFC/Payment_to_MOTHER_DAIRY_CO,483.98,,"96,965.44"
08-Jun-2026,UPI/CR/TXN132844/B_PRAMANIK/YESB/Payment_fr_B_PRAMANIK,,69.71,"97,035.15"
08-Jun-2026,UPI/CR/TXN198820/RAM_SEN/YESB/Payment_fr_RAM_SEN,,76.68,"97,111.83"
08-Jun-2026,UPI/CR/TXN984028/B_NATH/YESB/Payment_fr_B_NATH,,102.07,"97,213.90"
08-Jun-2026,UPI/CR/TXN736955/S_BHATTACHARYA/YESB/Payment_fr_S_BHATTACHARYA,,16.54,"97,230.44"
08-Jun-2026,UPI/DR/TXN248568/KOLKATA_GRAINS/HDFC/Payment_to_KOLKATA_GRAINS,264.20,,"96,966.24"
08-Jun-2026,UPI/CR/TXN320511/J_BOSE/YESB/Payment_fr_J_BOSE,,63.40,"97,029.64"
09-Jun-2026,UPI/CR/TXN376537/J_BOSE/YESB/Payment_fr_J_BOSE,,41.80,"97,071.44"
09-Jun-2026,UPI/CR/TXN767841/C_ROY/YESB/Payment_fr_C_ROY,,53.66,"97,125.10"
09-Jun-2026,UPI/CR/TXN307775/A_CHANDA/YESB/Payment_fr_A_CHANDA,,21.20,"97,146.30"
09-Jun-2026,UPI/CR/TXN378479/R_DHAR/YESB/Payment_fr_R_DHAR,,72.90,"97,219.20"
09-Jun-2026,UPI/CR/TXN863481/B_BARUA/YESB/Payment_fr_B_BARUA,,39.11,"97,258.31"
09-Jun-2026,UPI/CR/TXN347906/B_BARUA/YESB/Payment_fr_B_BARUA,,56.76,"97,315.07"
09-Jun-2026,UPI/CR/TXN255084/A_K_ROY/YESB/Payment_fr_A_K_ROY,,24.48,"97,339.55"
09-Jun-2026,UPI/CR/TXN279337/S_SARKAR/YESB/Payment_fr_S_SARKAR,,45.57,"97,385.12"
09-Jun-2026,UPI/CR/TXN118702/D_SEN/YESB/Payment_fr_D_SEN,,14.40,"97,399.52"
09-Jun-2026,UPI/CR/TXN565374/K_GANGULY/YESB/Payment_fr_K_GANGULY,,56.13,"97,455.65"
09-Jun-2026,UPI/DR/TXN229180/ITC_FOODS/HDFC/Payment_to_ITC_FOODS,109.48,,"97,346.17"
09-Jun-2026,UPI/CR/TXN719887/A_CHANDA/YESB/Payment_fr_A_CHANDA,,80.51,"97,426.68"
09-Jun-2026,UPI/CR/TXN574602/M_GUHA/YESB/Payment_fr_M_GUHA,,51.06,"97,477.74"
09-Jun-2026,UPI/CR/TXN604967/S_BASU/YESB/Payment_fr_S_BASU,,29.65,"97,507.39"
09-Jun-2026,UPI/CR/TXN736795/S_GHOSH/YESB/Payment_fr_S_GHOSH,,26.84,"97,534.23"
09-Jun-2026,UPI/CR/TXN455488/D_PAL/YESB/Payment_fr_D_PAL,,99.70,"97,633.93"
09-Jun-2026,UPI/CR/TXN818826/D_CHATTERJEE/YESB/Payment_fr_D_CHATTERJEE,,94.31,"97,728.24"
09-Jun-2026,UPI/CR/TXN412941/S_MALAKAR/YESB/Payment_fr_S_MALAKAR,,18.48,"97,746.72"
09-Jun-2026,UPI/CR/TXN196931/P_NASKAR/YESB/Payment_fr_P_NASKAR,,55.41,"97,802.13"
09-Jun-2026,UPI/CR/TXN374721/D_SEN/YESB/Payment_fr_D_SEN,,83.82,"97,885.95"
09-Jun-2026,UPI/CR/TXN122301/B_PRAMANIK/YESB/Payment_fr_B_PRAMANIK,,17.10,"97,903.05"
09-Jun-2026,UPI/CR/TXN532993/S_MUKHERJEE/YESB/Payment_fr_S_MUKHERJEE,,98.72,"98,001.77"
09-Jun-2026,UPI/CR/TXN337465/S_BASU/YESB/Payment_fr_S_BASU,,33.44,"98,035.21"
10-Jun-2026,UPI/CR/TXN206225/S_MALAKAR/YESB/Payment_fr_S_MALAKAR,,72.82,"98,108.03"
10-Jun-2026,UPI/CR/TXN293020/K_MALLICK/YESB/Payment_fr_K_MALLICK,,100.52,"98,208.55"
10-Jun-2026,UPI/CR/TXN589730/D_SEN/YESB/Payment_fr_D_SEN,,21.90,"98,230.45"
10-Jun-2026,UPI/DR/TXN800133/RELIANCE_RETAIL/HDFC/Payment_to_RELIANCE_RETAIL,58.96,,"98,171.49"
10-Jun-2026,UPI/DR/TXN212549/PARLE_PRODUCTS/HDFC/Payment_to_PARLE_PRODUCTS,461.91,,"97,709.58"
10-Jun-2026,UPI/CR/TXN836197/D_SEN/YESB/Payment_fr_D_SEN,,6.37,"97,715.95"
10-Jun-2026,UPI/CR/TXN469366/J_HALDER/YESB/Payment_fr_J_HALDER,,82.26,"97,798.21"
10-Jun-2026,UPI/CR/TXN362165/A_KUNDU/YESB/Payment_fr_A_KUNDU,,99.62,"97,897.83"
10-Jun-2026,UPI/DR/TXN790130/AMUL_MILK_AGENCY/HDFC/Payment_to_AMUL_MILK_AGENCY,375.92,,"97,521.91"
10-Jun-2026,UPI/CR/TXN983981/S_MALAKAR/YESB/Payment_fr_S_MALAKAR,,79.06,"97,600.97"
10-Jun-2026,UPI/CR/TXN397391/B_BARUA/YESB/Payment_fr_B_BARUA,,62.06,"97,663.03"
10-Jun-2026,UPI/CR/TXN944750/RAM_SEN/YESB/Payment_fr_RAM_SEN,,16.39,"97,679.42"
10-Jun-2026,UPI/CR/TXN753959/D_CHATTERJEE/YESB/Payment_fr_D_CHATTERJEE,,15.81,"97,695.23"
10-Jun-2026,UPI/DR/TXN545469/AMUL_MILK_AGENCY/HDFC/Payment_to_AMUL_MILK_AGENCY,36.72,,"97,658.51"
10-Jun-2026,UPI/CR/TXN750760/S_DUTA/YESB/Payment_fr_S_DUTA,,100.43,"97,758.94"
10-Jun-2026,UPI/DR/TXN607243/BRITANNIA_SALES/HDFC/Payment_to_BRITANNIA_SALES,29.84,,"97,729.10"
10-Jun-2026,UPI/CR/TXN777741/P_NASKAR/YESB/Payment_fr_P_NASKAR,,49.02,"97,778.12"
10-Jun-2026,UPI/CR/TXN463629/M_GUHA/YESB/Payment_fr_M_GUHA,,13.06,"97,791.18"
10-Jun-2026,UPI/CR/TXN453778/S_DUTA/YESB/Payment_fr_S_DUTA,,59.56,"97,850.74"
10-Jun-2026,UPI/DR/TXN468959/KOLKATA_GRAINS/HDFC/Payment_to_KOLKATA_GRAINS,67.95,,"97,782.79"
10-Jun-2026,UPI/CR/TXN309215/T_SAMANTA/YESB/Payment_fr_T_SAMANTA,,41.06,"97,823.85"
10-Jun-2026,UPI/CR/TXN182578/S_MUKHERJEE/YESB/Payment_fr_S_MUKHERJEE,,62.84,"97,886.69"
10-Jun-2026,UPI/CR/TXN248723/S_MUKHERJEE/YESB/Payment_fr_S_MUKHERJEE,,87.77,"97,974.46"
11-Jun-2026,UPI/CR/TXN781880/A_BAKSHI/YESB/Payment_fr_A_BAKSHI,,56.55,"98,031.01"
11-Jun-2026,UPI/CR/TXN650784/N_DAS/YESB/Payment_fr_N_DAS,,15.59,"98,046.60"
11-Jun-2026,UPI/CR/TXN800144/S_DUTA/YESB/Payment_fr_S_DUTA,,28.70,"98,075.30"
11-Jun-2026,UPI/CR/TXN105181/A_CHAKRABORTY/YESB/Payment_fr_A_CHAKRABORTY,,8.88,"98,084.18"
11-Jun-2026,UPI/CR/TXN487743/S_BASU/YESB/Payment_fr_S_BASU,,22.35,"98,106.53"
11-Jun-2026,UPI/CR/TXN324505/S_BHATTACHARYA/YESB/Payment_fr_S_BHATTACHARYA,,31.00,"98,137.53"
11-Jun-2026,UPI/DR/TXN455772/ITC_FOODS/HDFC/Payment_to_ITC_FOODS,8.86,,"98,128.67"
11-Jun-2026,UPI/CR/TXN163821/M_GUHA/YESB/Payment_fr_M_GUHA,,73.70,"98,202.37"
11-Jun-2026,UPI/CR/TXN220783/N_DAS/YESB/Payment_fr_N_DAS,,19.44,"98,221.81"
11-Jun-2026,UPI/CR/TXN596405/J_HALDER/YESB/Payment_fr_J_HALDER,,96.95,"98,318.76"
11-Jun-2026,UPI/CR/TXN104872/B_PRAMANIK/YESB/Payment_fr_B_PRAMANIK,,44.72,"98,363.48"
11-Jun-2026,UPI/CR/TXN266779/T_SAMANTA/YESB/Payment_fr_T_SAMANTA,,93.31,"98,456.79"
11-Jun-2026,UPI/CR/TXN671194/S_BAG/YESB/Payment_fr_S_BAG,,89.89,"98,546.68"
11-Jun-2026,UPI/CR/TXN617300/S_MUKHERJEE/YESB/Payment_fr_S_MUKHERJEE,,29.68,"98,576.36"
11-Jun-2026,UPI/CR/TXN821338/M_GUHA/YESB/Payment_fr_M_GUHA,,64.45,"98,640.81"
11-Jun-2026,UPI/CR/TXN360810/R_DHAR/YESB/Payment_fr_R_DHAR,,14.37,"98,655.18"
11-Jun-2026,UPI/CR/TXN599374/A_K_ROY/YESB/Payment_fr_A_K_ROY,,61.95,"98,717.13"
11-Jun-2026,UPI/CR/TXN672223/R_DHAR/YESB/Payment_fr_R_DHAR,,57.80,"98,774.93"
11-Jun-2026,UPI/CR/TXN746460/P_MANDAL/YESB/Payment_fr_P_MANDAL,,10.83,"98,785.76"
11-Jun-2026,UPI/CR/TXN152072/A_KUNDU/YESB/Payment_fr_A_KUNDU,,47.60,"98,833.36"
11-Jun-2026,UPI/DR/TXN471958/GROCERY_WHOLESALE/HDFC/Payment_to_GROCERY_WHOLESALE,252.74,,"98,580.62"
11-Jun-2026,UPI/CR/TXN543089/B_BARUA/YESB/Payment_fr_B_BARUA,,81.19,"98,661.81"
12-Jun-2026,UPI/CR/TXN352248/B_NATH/YESB/Payment_fr_B_NATH,,69.69,"98,731.50"
12-Jun-2026,UPI/CR/TXN643810/D_CHATTERJEE/YESB/Payment_fr_D_CHATTERJEE,,51.07,"98,782.57"
12-Jun-2026,UPI/DR/TXN988907/AMUL_MILK_AGENCY/HDFC/Payment_to_AMUL_MILK_AGENCY,10.24,,"98,772.33"
12-Jun-2026,UPI/CR/TXN491235/K_GANGULY/YESB/Payment_fr_K_GANGULY,,96.21,"98,868.54"
12-Jun-2026,UPI/CR/TXN230485/P_BANERJEE/YESB/Payment_fr_P_BANERJEE,,54.88,"98,923.42"
12-Jun-2026,UPI/DR/TXN880768/AMUL_MILK_AGENCY/HDFC/Payment_to_AMUL_MILK_AGENCY,588.83,,"98,334.59"
12-Jun-2026,UPI/CR/TXN845937/D_SEN/YESB/Payment_fr_D_SEN,,31.53,"98,366.12"
12-Jun-2026,UPI/CR/TXN783592/T_SAMANTA/YESB/Payment_fr_T_SAMANTA,,2.90,"98,369.02"
12-Jun-2026,UPI/CR/TXN108328/T_SAMANTA/YESB/Payment_fr_T_SAMANTA,,56.02,"98,425.04"
12-Jun-2026,UPI/CR/TXN751050/D_PAL/YESB/Payment_fr_D_PAL,,38.73,"98,463.77"
12-Jun-2026,UPI/CR/TXN172827/A_K_ROY/YESB/Payment_fr_A_K_ROY,,37.32,"98,501.09"
12-Jun-2026,UPI/DR/TXN165814/HUL_DISTRIBUTORS/HDFC/Payment_to_HUL_DISTRIBUTORS,150.29,,"98,350.80"
12-Jun-2026,UPI/CR/TXN372302/P_NASKAR/YESB/Payment_fr_P_NASKAR,,46.76,"98,397.56"
12-Jun-2026,UPI/CR/TXN912915/G_MODAK/YESB/Payment_fr_G_MODAK,,94.23,"98,491.79"
12-Jun-2026,UPI/DR/TXN292984/COCA_COLA_SUPPLY/HDFC/Payment_to_COCA_COLA_SUPPLY,276.79,,"98,215.00"
12-Jun-2026,UPI/CR/TXN178794/J_BOSE/YESB/Payment_fr_J_BOSE,,92.25,"98,307.25"
12-Jun-2026,UPI/DR/TXN111554/PEPSI_DIST/HDFC/Payment_to_PEPSI_DIST,376.49,,"97,930.76"
12-Jun-2026,UPI/CR/TXN946648/R_HALDER/YESB/Payment_fr_R_HALDER,,5.34,"97,936.10"
12-Jun-2026,UPI/CR/TXN421876/T_ROY/YESB/Payment_fr_T_ROY,,37.08,"97,973.18"
12-Jun-2026,UPI/CR/TXN469364/S_BHATTACHARYA/YESB/Payment_fr_S_BHATTACHARYA,,46.05,"98,019.23"
12-Jun-2026,UPI/CR/TXN623147/M_MITRA/YESB/Payment_fr_M_MITRA,,68.69,"98,087.92"
12-Jun-2026,UPI/CR/TXN365356/K_GANGULY/YESB/Payment_fr_K_GANGULY,,30.84,"98,118.76"
13-Jun-2026,UPI/CR/TXN397025/R_DHAR/YESB/Payment_fr_R_DHAR,,47.69,"98,166.45"
13-Jun-2026,UPI/DR/TXN717456/RELIANCE_RETAIL/HDFC/Payment_to_RELIANCE_RETAIL,595.33,,"97,571.12"
13-Jun-2026,UPI/CR/TXN138805/S_MALAKAR/YESB/Payment_fr_S_MALAKAR,,80.34,"97,651.46"
13-Jun-2026,UPI/CR/TXN380589/D_PAL/YESB/Payment_fr_D_PAL,,42.95,"97,694.41"
13-Jun-2026,UPI/CR/TXN470157/M_MITRA/YESB/Payment_fr_M_MITRA,,67.84,"97,762.25"
13-Jun-2026,UPI/CR/TXN398179/S_MUKHERJEE/YESB/Payment_fr_S_MUKHERJEE,,75.35,"97,837.60"
13-Jun-2026,UPI/CR/TXN391334/J_BOSE/YESB/Payment_fr_J_BOSE,,38.17,"97,875.77"
13-Jun-2026,UPI/CR/TXN769952/A_BAKSHI/YESB/Payment_fr_A_BAKSHI,,15.30,"97,891.07"
13-Jun-2026,UPI/CR/TXN740037/S_SARKAR/YESB/Payment_fr_S_SARKAR,,66.79,"97,957.86"
13-Jun-2026,UPI/CR/TXN219879/P_BANERJEE/YESB/Payment_fr_P_BANERJEE,,93.15,"98,051.01"
13-Jun-2026,UPI/CR/TXN766566/K_MALLICK/YESB/Payment_fr_K_MALLICK,,71.87,"98,122.88"
13-Jun-2026,UPI/CR/TXN387230/S_GHOSH/YESB/Payment_fr_S_GHOSH,,52.41,"98,175.29"
13-Jun-2026,UPI/DR/TXN391860/KOLKATA_GRAINS/HDFC/Payment_to_KOLKATA_GRAINS,126.89,,"98,048.40"
13-Jun-2026,UPI/DR/TXN509599/HUL_DISTRIBUTORS/HDFC/Payment_to_HUL_DISTRIBUTORS,209.66,,"97,838.74"
13-Jun-2026,UPI/CR/TXN130710/S_GHOSH/YESB/Payment_fr_S_GHOSH,,100.85,"97,939.59"
13-Jun-2026,UPI/CR/TXN434064/RAM_SEN/YESB/Payment_fr_RAM_SEN,,85.63,"98,025.22"
13-Jun-2026,UPI/CR/TXN425830/R_HALDER/YESB/Payment_fr_R_HALDER,,51.31,"98,076.53"
13-Jun-2026,UPI/CR/TXN299829/T_ROY/YESB/Payment_fr_T_ROY,,38.69,"98,115.22"
13-Jun-2026,UPI/CR/TXN275431/K_GANGULY/YESB/Payment_fr_K_GANGULY,,80.37,"98,195.59"
13-Jun-2026,UPI/CR/TXN576900/S_GHOSH/YESB/Payment_fr_S_GHOSH,,54.45,"98,250.04"
13-Jun-2026,UPI/CR/TXN204849/S_GHOSH/YESB/Payment_fr_S_GHOSH,,86.20,"98,336.24"
13-Jun-2026,UPI/CR/TXN869575/N_DAS/YESB/Payment_fr_N_DAS,,20.67,"98,356.91"
14-Jun-2026,UPI/DR/TXN631607/NESTLE_INDIA/HDFC/Payment_to_NESTLE_INDIA,59.75,,"98,297.16"
14-Jun-2026,UPI/CR/TXN303352/J_HALDER/YESB/Payment_fr_J_HALDER,,42.35,"98,339.51"
14-Jun-2026,UPI/CR/TXN824139/P_BANERJEE/YESB/Payment_fr_P_BANERJEE,,13.30,"98,352.81"
14-Jun-2026,UPI/CR/TXN216185/S_DUTA/YESB/Payment_fr_S_DUTA,,54.23,"98,407.04"
14-Jun-2026,UPI/CR/TXN494228/P_DEY/YESB/Payment_fr_P_DEY,,25.08,"98,432.12"
14-Jun-2026,UPI/CR/TXN114875/A_CHANDA/YESB/Payment_fr_A_CHANDA,,9.89,"98,442.01"
14-Jun-2026,UPI/CR/TXN135399/R_SHAW/YESB/Payment_fr_R_SHAW,,34.64,"98,476.65"
14-Jun-2026,UPI/CR/TXN596846/R_DHAR/YESB/Payment_fr_R_DHAR,,83.79,"98,560.44"
14-Jun-2026,UPI/CR/TXN550908/B_PRAMANIK/YESB/Payment_fr_B_PRAMANIK,,94.87,"98,655.31"
14-Jun-2026,UPI/CR/TXN379714/P_DEY/YESB/Payment_fr_P_DEY,,99.10,"98,754.41"
14-Jun-2026,UPI/CR/TXN288540/R_SHAW/YESB/Payment_fr_R_SHAW,,9.68,"98,764.09"
14-Jun-2026,UPI/CR/TXN946719/K_GANGULY/YESB/Payment_fr_K_GANGULY,,5.73,"98,769.82"
14-Jun-2026,UPI/CR/TXN212379/S_MUKHERJEE/YESB/Payment_fr_S_MUKHERJEE,,2.69,"98,772.51"
14-Jun-2026,UPI/CR/TXN993415/P_MANDAL/YESB/Payment_fr_P_MANDAL,,23.53,"98,796.04"
14-Jun-2026,UPI/CR/TXN641342/S_SARKAR/YESB/Payment_fr_S_SARKAR,,6.70,"98,802.74"
14-Jun-2026,UPI/CR/TXN551777/K_GANGULY/YESB/Payment_fr_K_GANGULY,,22.58,"98,825.32"
14-Jun-2026,UPI/CR/TXN172623/G_MODAK/YESB/Payment_fr_G_MODAK,,48.85,"98,874.17"
14-Jun-2026,UPI/CR/TXN534166/S_MUKHERJEE/YESB/Payment_fr_S_MUKHERJEE,,105.49,"98,979.66"
14-Jun-2026,UPI/CR/TXN220063/B_BARUA/YESB/Payment_fr_B_BARUA,,98.06,"99,077.72"
14-Jun-2026,UPI/CR/TXN550244/A_CHANDA/YESB/Payment_fr_A_CHANDA,,35.96,"99,113.68"
14-Jun-2026,UPI/CR/TXN627812/A_BAKSHI/YESB/Payment_fr_A_BAKSHI,,31.34,"99,145.02"
14-Jun-2026,UPI/DR/TXN566070/ITC_FOODS/HDFC/Payment_to_ITC_FOODS,405.95,,"98,739.07"
15-Jun-2026,UPI/CR/TXN934739/P_MANDAL/YESB/Payment_fr_P_MANDAL,,15.85,"98,754.92"
15-Jun-2026,UPI/CR/TXN991450/P_MANDAL/YESB/Payment_fr_P_MANDAL,,54.60,"98,809.52"
15-Jun-2026,UPI/CR/TXN798384/RAM_SEN/YESB/Payment_fr_RAM_SEN,,98.65,"98,908.17"
15-Jun-2026,UPI/CR/TXN968415/R_DHAR/YESB/Payment_fr_R_DHAR,,72.48,"98,980.65"
15-Jun-2026,UPI/CR/TXN302019/S_MALAKAR/YESB/Payment_fr_S_MALAKAR,,96.39,"99,077.04"
15-Jun-2026,UPI/CR/TXN388016/T_ROY/YESB/Payment_fr_T_ROY,,13.32,"99,090.36"
15-Jun-2026,UPI/CR/TXN108739/B_NATH/YESB/Payment_fr_B_NATH,,45.45,"99,135.81"
15-Jun-2026,UPI/CR/TXN569217/M_GUHA/YESB/Payment_fr_M_GUHA,,48.67,"99,184.48"
15-Jun-2026,UPI/CR/TXN313660/A_CHANDA/YESB/Payment_fr_A_CHANDA,,75.10,"99,259.58"
15-Jun-2026,UPI/DR/TXN579285/METRO_CASH_CARRY/HDFC/Payment_to_METRO_CASH_CARRY,511.03,,"98,748.55"
15-Jun-2026,UPI/CR/TXN255190/A_CHANDA/YESB/Payment_fr_A_CHANDA,,98.01,"98,846.56"
15-Jun-2026,UPI/CR/TXN193992/S_GHOSH/YESB/Payment_fr_S_GHOSH,,102.30,"98,948.86"
15-Jun-2026,UPI/CR/TXN449682/S_GHOSH/YESB/Payment_fr_S_GHOSH,,23.06,"98,971.92"
15-Jun-2026,UPI/CR/TXN642985/M_GUHA/YESB/Payment_fr_M_GUHA,,11.76,"98,983.68"
15-Jun-2026,UPI/CR/TXN105337/T_ROY/YESB/Payment_fr_T_ROY,,103.17,"99,086.85"
15-Jun-2026,UPI/CR/TXN218887/M_GUHA/YESB/Payment_fr_M_GUHA,,18.65,"99,105.50"
15-Jun-2026,UPI/CR/TXN298652/D_SEN/YESB/Payment_fr_D_SEN,,47.63,"99,153.13"
15-Jun-2026,UPI/CR/TXN863589/S_BHATTACHARYA/YESB/Payment_fr_S_BHATTACHARYA,,1.18,"99,154.31"
15-Jun-2026,UPI/CR/TXN214419/S_MUKHERJEE/YESB/Payment_fr_S_MUKHERJEE,,6.06,"99,160.37"
15-Jun-2026,UPI/CR/TXN717766/S_MALAKAR/YESB/Payment_fr_S_MALAKAR,,9.02,"99,169.39"
15-Jun-2026,UPI/CR/TXN110632/T_ROY/YESB/Payment_fr_T_ROY,,45.84,"99,215.23"
15-Jun-2026,UPI/CR/TXN590891/S_SARKAR/YESB/Payment_fr_S_SARKAR,,104.37,"99,319.60"
16-Jun-2026,UPI/CR/TXN165431/B_BARUA/YESB/Payment_fr_B_BARUA,,60.31,"99,379.91"
16-Jun-2026,UPI/CR/TXN833287/B_NATH/YESB/Payment_fr_B_NATH,,70.09,"99,450.00"
16-Jun-2026,UPI/CR/TXN557244/D_CHATTERJEE/YESB/Payment_fr_D_CHATTERJEE,,91.30,"99,541.30"
16-Jun-2026,UPI/CR/TXN791396/N_DAS/YESB/Payment_fr_N_DAS,,41.29,"99,582.59"
16-Jun-2026,UPI/CR/TXN176168/P_PAUL/YESB/Payment_fr_P_PAUL,,70.90,"99,653.49"
16-Jun-2026,UPI/CR/TXN907814/B_BARUA/YESB/Payment_fr_B_BARUA,,14.36,"99,667.85"
16-Jun-2026,UPI/DR/TXN594668/PEPSI_DIST/HDFC/Payment_to_PEPSI_DIST,612.52,,"99,055.33"
16-Jun-2026,UPI/CR/TXN857135/S_SARKAR/YESB/Payment_fr_S_SARKAR,,45.65,"99,100.98"
16-Jun-2026,UPI/CR/TXN764909/J_HALDER/YESB/Payment_fr_J_HALDER,,37.94,"99,138.92"
16-Jun-2026,UPI/CR/TXN337336/J_HALDER/YESB/Payment_fr_J_HALDER,,86.10,"99,225.02"
16-Jun-2026,UPI/CR/TXN922378/B_PRAMANIK/YESB/Payment_fr_B_PRAMANIK,,15.66,"99,240.68"
16-Jun-2026,UPI/CR/TXN516209/G_MODAK/YESB/Payment_fr_G_MODAK,,64.15,"99,304.83"
16-Jun-2026,UPI/CR/TXN877039/P_NASKAR/YESB/Payment_fr_P_NASKAR,,82.78,"99,387.61"
16-Jun-2026,UPI/CR/TXN365852/D_CHATTERJEE/YESB/Payment_fr_D_CHATTERJEE,,57.81,"99,445.42"
16-Jun-2026,UPI/CR/TXN791281/K_MALLICK/YESB/Payment_fr_K_MALLICK,,79.48,"99,524.90"
16-Jun-2026,UPI/CR/TXN208442/P_MANDAL/YESB/Payment_fr_P_MANDAL,,78.52,"99,603.42"
16-Jun-2026,UPI/CR/TXN389329/R_HALDER/YESB/Payment_fr_R_HALDER,,46.36,"99,649.78"
16-Jun-2026,UPI/CR/TXN806007/C_ROY/YESB/Payment_fr_C_ROY,,32.21,"99,681.99"
16-Jun-2026,UPI/CR/TXN906172/G_MODAK/YESB/Payment_fr_G_MODAK,,45.12,"99,727.11"
16-Jun-2026,UPI/DR/TXN266004/GROCERY_WHOLESALE/HDFC/Payment_to_GROCERY_WHOLESALE,264.57,,"99,462.54"
16-Jun-2026,UPI/CR/TXN343949/A_CHANDA/YESB/Payment_fr_A_CHANDA,,25.93,"99,488.47"
16-Jun-2026,UPI/CR/TXN780433/D_CHATTERJEE/YESB/Payment_fr_D_CHATTERJEE,,97.16,"99,585.63"
17-Jun-2026,UPI/CR/TXN380608/D_SEN/YESB/Payment_fr_D_SEN,,1.67,"99,587.30"
17-Jun-2026,UPI/CR/TXN815267/C_ROY/YESB/Payment_fr_C_ROY,,93.36,"99,680.66"
17-Jun-2026,UPI/CR/TXN326122/N_DAS/YESB/Payment_fr_N_DAS,,77.18,"99,757.84"
17-Jun-2026,UPI/DR/TXN627649/AMUL_MILK_AGENCY/HDFC/Payment_to_AMUL_MILK_AGENCY,66.67,,"99,691.17"
17-Jun-2026,UPI/CR/TXN137421/P_NASKAR/YESB/Payment_fr_P_NASKAR,,60.53,"99,751.70"
17-Jun-2026,UPI/CR/TXN864118/S_BHATTACHARYA/YESB/Payment_fr_S_BHATTACHARYA,,28.27,"99,779.97"
17-Jun-2026,UPI/CR/TXN705640/P_PAUL/YESB/Payment_fr_P_PAUL,,97.29,"99,877.26"
17-Jun-2026,UPI/CR/TXN807173/P_MANDAL/YESB/Payment_fr_P_MANDAL,,77.60,"99,954.86"
17-Jun-2026,UPI/CR/TXN152326/RAM_SEN/YESB/Payment_fr_RAM_SEN,,16.36,"99,971.22"
17-Jun-2026,UPI/CR/TXN932673/R_SHAW/YESB/Payment_fr_R_SHAW,,7.46,"99,978.68"
17-Jun-2026,UPI/CR/TXN250753/M_MITRA/YESB/Payment_fr_M_MITRA,,42.81,"100,021.49"
17-Jun-2026,UPI/CR/TXN672344/S_MUKHERJEE/YESB/Payment_fr_S_MUKHERJEE,,57.04,"100,078.53"
17-Jun-2026,UPI/CR/TXN540110/A_BAKSHI/YESB/Payment_fr_A_BAKSHI,,49.99,"100,128.52"
17-Jun-2026,UPI/DR/TXN372914/HUL_DISTRIBUTORS/HDFC/Payment_to_HUL_DISTRIBUTORS,70.92,,"100,057.60"
17-Jun-2026,UPI/CR/TXN359214/S_GHOSH/YESB/Payment_fr_S_GHOSH,,80.97,"100,138.57"
17-Jun-2026,UPI/CR/TXN219125/A_CHANDA/YESB/Payment_fr_A_CHANDA,,85.45,"100,224.02"
17-Jun-2026,UPI/CR/TXN942942/T_ROY/YESB/Payment_fr_T_ROY,,33.15,"100,257.17"
17-Jun-2026,UPI/CR/TXN249573/S_BASU/YESB/Payment_fr_S_BASU,,12.87,"100,270.04"
17-Jun-2026,UPI/CR/TXN318797/M_GUHA/YESB/Payment_fr_M_GUHA,,68.78,"100,338.82"
17-Jun-2026,UPI/CR/TXN204415/N_DAS/YESB/Payment_fr_N_DAS,,104.36,"100,443.18"
17-Jun-2026,UPI/CR/TXN404212/S_DUTA/YESB/Payment_fr_S_DUTA,,15.07,"100,458.25"
17-Jun-2026,UPI/DR/TXN691616/SUDIP_DISTRIBUTORS/HDFC/Payment_to_SUDIP_DISTRIBUTORS,606.00,,"99,852.25"
18-Jun-2026,UPI/CR/TXN988990/G_MODAK/YESB/Payment_fr_G_MODAK,,28.62,"99,880.87"
18-Jun-2026,UPI/CR/TXN433219/J_HALDER/YESB/Payment_fr_J_HALDER,,86.40,"99,967.27"
18-Jun-2026,UPI/CR/TXN329412/D_PAL/YESB/Payment_fr_D_PAL,,94.85,"100,062.12"
18-Jun-2026,UPI/CR/TXN686058/A_K_ROY/YESB/Payment_fr_A_K_ROY,,22.28,"100,084.40"
18-Jun-2026,UPI/CR/TXN611976/B_PRAMANIK/YESB/Payment_fr_B_PRAMANIK,,43.53,"100,127.93"
18-Jun-2026,UPI/CR/TXN208711/C_ROY/YESB/Payment_fr_C_ROY,,71.96,"100,199.89"
18-Jun-2026,UPI/DR/TXN510191/METRO_CASH_CARRY/HDFC/Payment_to_METRO_CASH_CARRY,235.70,,"99,964.19"
18-Jun-2026,UPI/CR/TXN229431/P_MANDAL/YESB/Payment_fr_P_MANDAL,,83.42,"100,047.61"
18-Jun-2026,UPI/CR/TXN200707/J_HALDER/YESB/Payment_fr_J_HALDER,,9.79,"100,057.40"
18-Jun-2026,UPI/CR/TXN546535/A_CHAKRABORTY/YESB/Payment_fr_A_CHAKRABORTY,,5.48,"100,062.88"
18-Jun-2026,UPI/CR/TXN783037/R_HALDER/YESB/Payment_fr_R_HALDER,,68.90,"100,131.78"
18-Jun-2026,UPI/CR/TXN220364/S_SOM/YESB/Payment_fr_S_SOM,,90.31,"100,222.09"
18-Jun-2026,UPI/CR/TXN258898/R_SHAW/YESB/Payment_fr_R_SHAW,,58.70,"100,280.79"
18-Jun-2026,UPI/CR/TXN708512/P_PAUL/YESB/Payment_fr_P_PAUL,,12.56,"100,293.35"
18-Jun-2026,UPI/CR/TXN533843/A_K_ROY/YESB/Payment_fr_A_K_ROY,,87.70,"100,381.05"
18-Jun-2026,UPI/CR/TXN210793/K_GANGULY/YESB/Payment_fr_K_GANGULY,,15.01,"100,396.06"
18-Jun-2026,UPI/CR/TXN858386/C_ROY/YESB/Payment_fr_C_ROY,,66.82,"100,462.88"
18-Jun-2026,UPI/CR/TXN248725/S_GHOSH/YESB/Payment_fr_S_GHOSH,,101.05,"100,563.93"
18-Jun-2026,UPI/CR/TXN379108/B_PRAMANIK/YESB/Payment_fr_B_PRAMANIK,,99.55,"100,663.48"
18-Jun-2026,UPI/CR/TXN243028/D_CHATTERJEE/YESB/Payment_fr_D_CHATTERJEE,,61.78,"100,725.26"
18-Jun-2026,UPI/CR/TXN329489/D_SEN/YESB/Payment_fr_D_SEN,,16.16,"100,741.42"
18-Jun-2026,UPI/DR/TXN831541/PEPSI_DIST/HDFC/Payment_to_PEPSI_DIST,590.58,,"100,150.84"
19-Jun-2026,UPI/CR/TXN583232/A_K_ROY/YESB/Payment_fr_A_K_ROY,,91.68,"100,242.52"
19-Jun-2026,UPI/CR/TXN336800/P_BANERJEE/YESB/Payment_fr_P_BANERJEE,,24.44,"100,266.96"
19-Jun-2026,UPI/CR/TXN767181/D_PAL/YESB/Payment_fr_D_PAL,,40.14,"100,307.10"
19-Jun-2026,UPI/CR/TXN975937/D_SEN/YESB/Payment_fr_D_SEN,,9.93,"100,317.03"
19-Jun-2026,UPI/DR/TXN980096/SUDIP_DISTRIBUTORS/HDFC/Payment_to_SUDIP_DISTRIBUTORS,354.85,,"99,962.18"
19-Jun-2026,UPI/CR/TXN571233/J_BOSE/YESB/Payment_fr_J_BOSE,,70.01,"100,032.19"
19-Jun-2026,UPI/CR/TXN163194/D_CHATTERJEE/YESB/Payment_fr_D_CHATTERJEE,,6.43,"100,038.62"
19-Jun-2026,UPI/CR/TXN764299/S_GHOSH/YESB/Payment_fr_S_GHOSH,,90.62,"100,129.24"
19-Jun-2026,UPI/CR/TXN447283/R_DHAR/YESB/Payment_fr_R_DHAR,,30.48,"100,159.72"
19-Jun-2026,UPI/CR/TXN519369/K_GANGULY/YESB/Payment_fr_K_GANGULY,,40.77,"100,200.49"
19-Jun-2026,UPI/CR/TXN309160/J_HALDER/YESB/Payment_fr_J_HALDER,,19.92,"100,220.41"
19-Jun-2026,UPI/CR/TXN471921/J_HALDER/YESB/Payment_fr_J_HALDER,,81.51,"100,301.92"
19-Jun-2026,UPI/CR/TXN368463/P_BANERJEE/YESB/Payment_fr_P_BANERJEE,,29.26,"100,331.18"
19-Jun-2026,UPI/DR/TXN833613/NESTLE_INDIA/HDFC/Payment_to_NESTLE_INDIA,161.75,,"100,169.43"
19-Jun-2026,UPI/CR/TXN877725/S_BHATTACHARYA/YESB/Payment_fr_S_BHATTACHARYA,,45.86,"100,215.29"
19-Jun-2026,UPI/CR/TXN574779/B_NATH/YESB/Payment_fr_B_NATH,,32.53,"100,247.82"
19-Jun-2026,UPI/CR/TXN383049/B_NATH/YESB/Payment_fr_B_NATH,,44.41,"100,292.23"
19-Jun-2026,UPI/CR/TXN878399/A_K_ROY/YESB/Payment_fr_A_K_ROY,,100.08,"100,392.31"
19-Jun-2026,UPI/CR/TXN127521/RAM_SEN/YESB/Payment_fr_RAM_SEN,,76.48,"100,468.79"
19-Jun-2026,UPI/CR/TXN694438/G_MODAK/YESB/Payment_fr_G_MODAK,,67.16,"100,535.95"
19-Jun-2026,UPI/CR/TXN396765/S_SARKAR/YESB/Payment_fr_S_SARKAR,,84.45,"100,620.40"
19-Jun-2026,UPI/CR/TXN692910/D_SEN/YESB/Payment_fr_D_SEN,,79.05,"100,699.45"
20-Jun-2026,UPI/CR/TXN416693/K_MALLICK/YESB/Payment_fr_K_MALLICK,,52.66,"100,752.11"
20-Jun-2026,UPI/CR/TXN930081/S_BAG/YESB/Payment_fr_S_BAG,,22.66,"100,774.77"
20-Jun-2026,UPI/CR/TXN678381/S_MUKHERJEE/YESB/Payment_fr_S_MUKHERJEE,,97.43,"100,872.20"
20-Jun-2026,UPI/DR/TXN590636/KOLKATA_GRAINS/HDFC/Payment_to_KOLKATA_GRAINS,237.50,,"100,634.70"
20-Jun-2026,UPI/CR/TXN924843/T_ROY/YESB/Payment_fr_T_ROY,,15.00,"100,649.70"
20-Jun-2026,UPI/CR/TXN694188/S_MUKHERJEE/YESB/Payment_fr_S_MUKHERJEE,,36.02,"100,685.72"
20-Jun-2026,UPI/CR/TXN890303/A_CHANDA/YESB/Payment_fr_A_CHANDA,,46.59,"100,732.31"
20-Jun-2026,UPI/CR/TXN958706/S_DUTA/YESB/Payment_fr_S_DUTA,,86.49,"100,818.80"
20-Jun-2026,UPI/CR/TXN492125/R_DHAR/YESB/Payment_fr_R_DHAR,,1.11,"100,819.91"
20-Jun-2026,UPI/CR/TXN202130/R_HALDER/YESB/Payment_fr_R_HALDER,,24.50,"100,844.41"
20-Jun-2026,UPI/CR/TXN968797/S_MALAKAR/YESB/Payment_fr_S_MALAKAR,,81.39,"100,925.80"
20-Jun-2026,UPI/CR/TXN886372/D_CHATTERJEE/YESB/Payment_fr_D_CHATTERJEE,,87.90,"101,013.70"
20-Jun-2026,UPI/CR/TXN158356/S_MALAKAR/YESB/Payment_fr_S_MALAKAR,,100.12,"101,113.82"
20-Jun-2026,UPI/CR/TXN197283/P_DEY/YESB/Payment_fr_P_DEY,,14.22,"101,128.04"
20-Jun-2026,UPI/CR/TXN580938/G_MODAK/YESB/Payment_fr_G_MODAK,,30.90,"101,158.94"
20-Jun-2026,UPI/CR/TXN464519/S_SARKAR/YESB/Payment_fr_S_SARKAR,,48.56,"101,207.50"
20-Jun-2026,UPI/CR/TXN278688/M_GUHA/YESB/Payment_fr_M_GUHA,,56.30,"101,263.80"
20-Jun-2026,UPI/CR/TXN415761/R_DHAR/YESB/Payment_fr_R_DHAR,,57.92,"101,321.72"
20-Jun-2026,UPI/CR/TXN791515/P_PAUL/YESB/Payment_fr_P_PAUL,,30.06,"101,351.78"
20-Jun-2026,UPI/CR/TXN232423/B_NATH/YESB/Payment_fr_B_NATH,,1.98,"101,353.76"
20-Jun-2026,UPI/CR/TXN897925/K_GANGULY/YESB/Payment_fr_K_GANGULY,,64.86,"101,418.62"
20-Jun-2026,UPI/CR/TXN508040/B_PRAMANIK/YESB/Payment_fr_B_PRAMANIK,,89.31,"101,507.93"
21-Jun-2026,UPI/CR/TXN753169/A_CHANDA/YESB/Payment_fr_A_CHANDA,,75.35,"101,583.28"
21-Jun-2026,UPI/CR/TXN938635/J_BOSE/YESB/Payment_fr_J_BOSE,,39.59,"101,622.87"
21-Jun-2026,UPI/CR/TXN121838/M_GUHA/YESB/Payment_fr_M_GUHA,,81.46,"101,704.33"
21-Jun-2026,UPI/CR/TXN581035/S_SOM/YESB/Payment_fr_S_SOM,,3.27,"101,707.60"
21-Jun-2026,UPI/CR/TXN722859/RAM_SEN/YESB/Payment_fr_RAM_SEN,,63.66,"101,771.26"
21-Jun-2026,UPI/CR/TXN333886/J_BOSE/YESB/Payment_fr_J_BOSE,,37.48,"101,808.74"
21-Jun-2026,UPI/CR/TXN683480/M_MITRA/YESB/Payment_fr_M_MITRA,,55.74,"101,864.48"
21-Jun-2026,UPI/CR/TXN743830/P_BANERJEE/YESB/Payment_fr_P_BANERJEE,,28.57,"101,893.05"
21-Jun-2026,UPI/CR/TXN197795/M_MITRA/YESB/Payment_fr_M_MITRA,,12.61,"101,905.66"
21-Jun-2026,UPI/CR/TXN262568/T_SAMANTA/YESB/Payment_fr_T_SAMANTA,,103.00,"102,008.66"
21-Jun-2026,UPI/CR/TXN958038/A_CHAKRABORTY/YESB/Payment_fr_A_CHAKRABORTY,,11.40,"102,020.06"
21-Jun-2026,UPI/CR/TXN998626/S_BAG/YESB/Payment_fr_S_BAG,,52.79,"102,072.85"
21-Jun-2026,UPI/CR/TXN326636/B_BARUA/YESB/Payment_fr_B_BARUA,,2.51,"102,075.36"
21-Jun-2026,UPI/CR/TXN279018/J_BOSE/YESB/Payment_fr_J_BOSE,,99.05,"102,174.41"
21-Jun-2026,UPI/CR/TXN519791/R_DHAR/YESB/Payment_fr_R_DHAR,,51.47,"102,225.88"
21-Jun-2026,UPI/CR/TXN851058/S_BASU/YESB/Payment_fr_S_BASU,,63.89,"102,289.77"
21-Jun-2026,UPI/CR/TXN981610/S_SOM/YESB/Payment_fr_S_SOM,,1.98,"102,291.75"
21-Jun-2026,UPI/CR/TXN993077/D_SEN/YESB/Payment_fr_D_SEN,,1.29,"102,293.04"
21-Jun-2026,UPI/CR/TXN997531/S_BAG/YESB/Payment_fr_S_BAG,,99.22,"102,392.26"
21-Jun-2026,UPI/CR/TXN270558/R_HALDER/YESB/Payment_fr_R_HALDER,,19.31,"102,411.57"
21-Jun-2026,UPI/CR/TXN524745/S_BASU/YESB/Payment_fr_S_BASU,,46.89,"102,458.46"
21-Jun-2026,UPI/CR/TXN648600/G_MODAK/YESB/Payment_fr_G_MODAK,,66.29,"102,524.75"
22-Jun-2026,UPI/CR/TXN465887/M_MITRA/YESB/Payment_fr_M_MITRA,,30.50,"102,555.25"
22-Jun-2026,UPI/CR/TXN967958/RAM_SEN/YESB/Payment_fr_RAM_SEN,,5.70,"102,560.95"
22-Jun-2026,UPI/CR/TXN370473/S_MUKHERJEE/YESB/Payment_fr_S_MUKHERJEE,,26.90,"102,587.85"
22-Jun-2026,UPI/CR/TXN389666/C_ROY/YESB/Payment_fr_C_ROY,,35.90,"102,623.75"
22-Jun-2026,UPI/CR/TXN151521/S_GHOSH/YESB/Payment_fr_S_GHOSH,,66.81,"102,690.56"
22-Jun-2026,UPI/CR/TXN812641/A_KUNDU/YESB/Payment_fr_A_KUNDU,,87.86,"102,778.42"
22-Jun-2026,UPI/DR/TXN352373/BRITANNIA_SALES/HDFC/Payment_to_BRITANNIA_SALES,283.18,,"102,495.24"
22-Jun-2026,UPI/CR/TXN814544/A_CHANDA/YESB/Payment_fr_A_CHANDA,,41.15,"102,536.39"
22-Jun-2026,UPI/CR/TXN600121/B_BARUA/YESB/Payment_fr_B_BARUA,,90.44,"102,626.83"
22-Jun-2026,UPI/CR/TXN322367/J_HALDER/YESB/Payment_fr_J_HALDER,,66.44,"102,693.27"
22-Jun-2026,UPI/CR/TXN876442/B_NATH/YESB/Payment_fr_B_NATH,,15.99,"102,709.26"
22-Jun-2026,UPI/CR/TXN288643/B_NATH/YESB/Payment_fr_B_NATH,,52.35,"102,761.61"
22-Jun-2026,UPI/CR/TXN554527/D_CHATTERJEE/YESB/Payment_fr_D_CHATTERJEE,,6.45,"102,768.06"
22-Jun-2026,UPI/CR/TXN574628/S_BHATTACHARYA/YESB/Payment_fr_S_BHATTACHARYA,,76.50,"102,844.56"
22-Jun-2026,UPI/CR/TXN449951/K_GANGULY/YESB/Payment_fr_K_GANGULY,,47.22,"102,891.78"
22-Jun-2026,UPI/CR/TXN376648/P_DEY/YESB/Payment_fr_P_DEY,,29.00,"102,920.78"
22-Jun-2026,UPI/CR/TXN733120/G_MODAK/YESB/Payment_fr_G_MODAK,,87.83,"103,008.61"
22-Jun-2026,UPI/CR/TXN297045/B_BARUA/YESB/Payment_fr_B_BARUA,,22.98,"103,031.59"
22-Jun-2026,UPI/CR/TXN575745/D_PAL/YESB/Payment_fr_D_PAL,,101.26,"103,132.85"
22-Jun-2026,UPI/CR/TXN857371/S_BHATTACHARYA/YESB/Payment_fr_S_BHATTACHARYA,,100.08,"103,232.93"
22-Jun-2026,UPI/DR/TXN636362/KOLKATA_GRAINS/HDFC/Payment_to_KOLKATA_GRAINS,442.28,,"102,790.65"
22-Jun-2026,UPI/CR/TXN695034/S_MUKHERJEE/YESB/Payment_fr_S_MUKHERJEE,,64.19,"102,854.84"
23-Jun-2026,UPI/CR/TXN813644/S_BAG/YESB/Payment_fr_S_BAG,,82.29,"102,937.13"
23-Jun-2026,UPI/CR/TXN765104/D_PAL/YESB/Payment_fr_D_PAL,,98.41,"103,035.54"
23-Jun-2026,UPI/CR/TXN329242/S_DUTA/YESB/Payment_fr_S_DUTA,,72.59,"103,108.13"
23-Jun-2026,UPI/CR/TXN249550/RAM_SEN/YESB/Payment_fr_RAM_SEN,,75.65,"103,183.78"
23-Jun-2026,UPI/CR/TXN870509/D_CHATTERJEE/YESB/Payment_fr_D_CHATTERJEE,,26.51,"103,210.29"
23-Jun-2026,UPI/CR/TXN581430/B_NATH/YESB/Payment_fr_B_NATH,,87.26,"103,297.55"
23-Jun-2026,UPI/CR/TXN104359/P_PAUL/YESB/Payment_fr_P_PAUL,,12.24,"103,309.79"
23-Jun-2026,UPI/CR/TXN272525/T_ROY/YESB/Payment_fr_T_ROY,,97.51,"103,407.30"
23-Jun-2026,UPI/CR/TXN959868/S_BHATTACHARYA/YESB/Payment_fr_S_BHATTACHARYA,,46.04,"103,453.34"
23-Jun-2026,UPI/CR/TXN940257/P_NASKAR/YESB/Payment_fr_P_NASKAR,,27.17,"103,480.51"
23-Jun-2026,UPI/CR/TXN694822/A_K_ROY/YESB/Payment_fr_A_K_ROY,,90.09,"103,570.60"
23-Jun-2026,UPI/CR/TXN933966/J_HALDER/YESB/Payment_fr_J_HALDER,,45.81,"103,616.41"
23-Jun-2026,UPI/CR/TXN622873/D_CHATTERJEE/YESB/Payment_fr_D_CHATTERJEE,,11.35,"103,627.76"
23-Jun-2026,UPI/CR/TXN359533/D_CHATTERJEE/YESB/Payment_fr_D_CHATTERJEE,,83.71,"103,711.47"
23-Jun-2026,UPI/CR/TXN652150/D_PAL/YESB/Payment_fr_D_PAL,,75.70,"103,787.17"
23-Jun-2026,UPI/CR/TXN228643/R_HALDER/YESB/Payment_fr_R_HALDER,,14.78,"103,801.95"
23-Jun-2026,UPI/CR/TXN404779/S_GHOSH/YESB/Payment_fr_S_GHOSH,,62.53,"103,864.48"
23-Jun-2026,UPI/CR/TXN125854/P_BANERJEE/YESB/Payment_fr_P_BANERJEE,,15.68,"103,880.16"
23-Jun-2026,UPI/CR/TXN645073/B_NATH/YESB/Payment_fr_B_NATH,,44.54,"103,924.70"
23-Jun-2026,UPI/CR/TXN840140/D_SEN/YESB/Payment_fr_D_SEN,,68.41,"103,993.11"
23-Jun-2026,UPI/CR/TXN115069/B_PRAMANIK/YESB/Payment_fr_B_PRAMANIK,,1.82,"103,994.93"
23-Jun-2026,UPI/DR/TXN858188/MOTHER_DAIRY_CO/HDFC/Payment_to_MOTHER_DAIRY_CO,35.90,,"103,959.03"
24-Jun-2026,UPI/CR/TXN297083/S_MALAKAR/YESB/Payment_fr_S_MALAKAR,,2.14,"103,961.17"
24-Jun-2026,UPI/CR/TXN375594/A_BAKSHI/YESB/Payment_fr_A_BAKSHI,,24.26,"103,985.43"
24-Jun-2026,UPI/CR/TXN283450/S_BHATTACHARYA/YESB/Payment_fr_S_BHATTACHARYA,,24.50,"104,009.93"
24-Jun-2026,UPI/CR/TXN905973/S_BHATTACHARYA/YESB/Payment_fr_S_BHATTACHARYA,,18.11,"104,028.04"
24-Jun-2026,UPI/CR/TXN842929/T_ROY/YESB/Payment_fr_T_ROY,,99.87,"104,127.91"
24-Jun-2026,UPI/DR/TXN776445/GROCERY_WHOLESALE/HDFC/Payment_to_GROCERY_WHOLESALE,430.53,,"103,697.38"
24-Jun-2026,UPI/CR/TXN178641/R_HALDER/YESB/Payment_fr_R_HALDER,,29.18,"103,726.56"
24-Jun-2026,UPI/CR/TXN833736/P_PAUL/YESB/Payment_fr_P_PAUL,,13.95,"103,740.51"
24-Jun-2026,UPI/CR/TXN477819/D_SEN/YESB/Payment_fr_D_SEN,,71.69,"103,812.20"
24-Jun-2026,UPI/CR/TXN610150/J_BOSE/YESB/Payment_fr_J_BOSE,,45.92,"103,858.12"
24-Jun-2026,UPI/CR/TXN701828/J_BOSE/YESB/Payment_fr_J_BOSE,,102.16,"103,960.28"
24-Jun-2026,UPI/CR/TXN303258/M_MITRA/YESB/Payment_fr_M_MITRA,,75.69,"104,035.97"
24-Jun-2026,UPI/CR/TXN401967/R_HALDER/YESB/Payment_fr_R_HALDER,,43.08,"104,079.05"
24-Jun-2026,UPI/CR/TXN383023/B_BARUA/YESB/Payment_fr_B_BARUA,,1.43,"104,080.48"
24-Jun-2026,UPI/DR/TXN129329/KOLKATA_GRAINS/HDFC/Payment_to_KOLKATA_GRAINS,244.81,,"103,835.67"
24-Jun-2026,UPI/CR/TXN612089/P_NASKAR/YESB/Payment_fr_P_NASKAR,,91.03,"103,926.70"
24-Jun-2026,UPI/DR/TXN742525/AMUL_MILK_AGENCY/HDFC/Payment_to_AMUL_MILK_AGENCY,39.20,,"103,887.50"
24-Jun-2026,UPI/CR/TXN536535/D_PAL/YESB/Payment_fr_D_PAL,,97.28,"103,984.78"
24-Jun-2026,UPI/CR/TXN688155/RAM_SEN/YESB/Payment_fr_RAM_SEN,,67.32,"104,052.10"
24-Jun-2026,UPI/CR/TXN229988/D_PAL/YESB/Payment_fr_D_PAL,,72.47,"104,124.57"
24-Jun-2026,UPI/CR/TXN955524/S_BASU/YESB/Payment_fr_S_BASU,,99.51,"104,224.08"
24-Jun-2026,UPI/CR/TXN958837/K_GANGULY/YESB/Payment_fr_K_GANGULY,,104.86,"104,328.94"
25-Jun-2026,UPI/CR/TXN769760/B_BARUA/YESB/Payment_fr_B_BARUA,,95.19,"104,424.13"
25-Jun-2026,UPI/CR/TXN911813/R_HALDER/YESB/Payment_fr_R_HALDER,,15.95,"104,440.08"
25-Jun-2026,UPI/CR/TXN216478/P_PAUL/YESB/Payment_fr_P_PAUL,,86.21,"104,526.29"
25-Jun-2026,UPI/CR/TXN100037/J_BOSE/YESB/Payment_fr_J_BOSE,,2.36,"104,528.65"
25-Jun-2026,UPI/CR/TXN419071/P_NASKAR/YESB/Payment_fr_P_NASKAR,,59.79,"104,588.44"
25-Jun-2026,UPI/CR/TXN480977/B_PRAMANIK/YESB/Payment_fr_B_PRAMANIK,,83.31,"104,671.75"
25-Jun-2026,UPI/DR/TXN787781/KOLKATA_GRAINS/HDFC/Payment_to_KOLKATA_GRAINS,102.78,,"104,568.97"
25-Jun-2026,UPI/CR/TXN402418/R_DHAR/YESB/Payment_fr_R_DHAR,,19.99,"104,588.96"
25-Jun-2026,UPI/CR/TXN761875/B_PRAMANIK/YESB/Payment_fr_B_PRAMANIK,,77.20,"104,666.16"
25-Jun-2026,UPI/DR/TXN924911/AMUL_MILK_AGENCY/HDFC/Payment_to_AMUL_MILK_AGENCY,118.24,,"104,547.92"
25-Jun-2026,UPI/CR/TXN617806/A_CHANDA/YESB/Payment_fr_A_CHANDA,,100.50,"104,648.42"
25-Jun-2026,UPI/CR/TXN500980/B_PRAMANIK/YESB/Payment_fr_B_PRAMANIK,,70.61,"104,719.03"
25-Jun-2026,UPI/CR/TXN491246/J_HALDER/YESB/Payment_fr_J_HALDER,,80.79,"104,799.82"
25-Jun-2026,UPI/CR/TXN265890/B_BARUA/YESB/Payment_fr_B_BARUA,,85.29,"104,885.11"
25-Jun-2026,UPI/CR/TXN747995/S_SOM/YESB/Payment_fr_S_SOM,,31.30,"104,916.41"
25-Jun-2026,UPI/CR/TXN759443/RAM_SEN/YESB/Payment_fr_RAM_SEN,,15.01,"104,931.42"
25-Jun-2026,UPI/CR/TXN362241/A_KUNDU/YESB/Payment_fr_A_KUNDU,,55.87,"104,987.29"
25-Jun-2026,UPI/CR/TXN205939/A_CHAKRABORTY/YESB/Payment_fr_A_CHAKRABORTY,,30.50,"105,017.79"
25-Jun-2026,UPI/CR/TXN438542/S_GHOSH/YESB/Payment_fr_S_GHOSH,,20.91,"105,038.70"
25-Jun-2026,UPI/CR/TXN277961/A_CHANDA/YESB/Payment_fr_A_CHANDA,,18.18,"105,056.88"
25-Jun-2026,UPI/DR/TXN465779/DELHI_SPICES/HDFC/Payment_to_DELHI_SPICES,226.50,,"104,830.38"
25-Jun-2026,UPI/CR/TXN511907/S_BASU/YESB/Payment_fr_S_BASU,,103.39,"104,933.77"
26-Jun-2026,UPI/CR/TXN997859/C_ROY/YESB/Payment_fr_C_ROY,,24.72,"104,958.49"
26-Jun-2026,UPI/CR/TXN623706/G_MODAK/YESB/Payment_fr_G_MODAK,,98.11,"105,056.60"
26-Jun-2026,UPI/DR/TXN122709/BRITANNIA_SALES/HDFC/Payment_to_BRITANNIA_SALES,247.35,,"104,809.25"
26-Jun-2026,UPI/CR/TXN994498/G_MODAK/YESB/Payment_fr_G_MODAK,,92.47,"104,901.72"
26-Jun-2026,UPI/CR/TXN677035/B_NATH/YESB/Payment_fr_B_NATH,,99.79,"105,001.51"
26-Jun-2026,UPI/CR/TXN730645/R_SHAW/YESB/Payment_fr_R_SHAW,,50.57,"105,052.08"
26-Jun-2026,UPI/DR/TXN524209/METRO_CASH_CARRY/HDFC/Payment_to_METRO_CASH_CARRY,449.18,,"104,602.90"
26-Jun-2026,UPI/CR/TXN184638/P_MANDAL/YESB/Payment_fr_P_MANDAL,,76.93,"104,679.83"
26-Jun-2026,UPI/CR/TXN266082/RAM_SEN/YESB/Payment_fr_RAM_SEN,,70.63,"104,750.46"
26-Jun-2026,UPI/CR/TXN758840/B_PRAMANIK/YESB/Payment_fr_B_PRAMANIK,,52.49,"104,802.95"
26-Jun-2026,UPI/CR/TXN576660/S_BASU/YESB/Payment_fr_S_BASU,,43.10,"104,846.05"
26-Jun-2026,UPI/CR/TXN788866/S_SARKAR/YESB/Payment_fr_S_SARKAR,,72.36,"104,918.41"
26-Jun-2026,UPI/CR/TXN322162/C_ROY/YESB/Payment_fr_C_ROY,,66.96,"104,985.37"
26-Jun-2026,UPI/DR/TXN523387/AMUL_MILK_AGENCY/HDFC/Payment_to_AMUL_MILK_AGENCY,243.79,,"104,741.58"
26-Jun-2026,UPI/CR/TXN647108/B_NATH/YESB/Payment_fr_B_NATH,,28.08,"104,769.66"
26-Jun-2026,UPI/CR/TXN705282/T_ROY/YESB/Payment_fr_T_ROY,,30.26,"104,799.92"
26-Jun-2026,UPI/CR/TXN245295/A_CHANDA/YESB/Payment_fr_A_CHANDA,,16.58,"104,816.50"
26-Jun-2026,UPI/CR/TXN917380/G_MODAK/YESB/Payment_fr_G_MODAK,,14.66,"104,831.16"
26-Jun-2026,UPI/CR/TXN979037/S_SOM/YESB/Payment_fr_S_SOM,,2.48,"104,833.64"
26-Jun-2026,UPI/CR/TXN141956/J_HALDER/YESB/Payment_fr_J_HALDER,,16.01,"104,849.65"
26-Jun-2026,UPI/CR/TXN149359/S_BAG/YESB/Payment_fr_S_BAG,,83.63,"104,933.28"
26-Jun-2026,UPI/CR/TXN628288/A_CHANDA/YESB/Payment_fr_A_CHANDA,,82.14,"105,015.42"
27-Jun-2026,UPI/CR/TXN630519/C_ROY/YESB/Payment_fr_C_ROY,,103.32,"105,118.74"
27-Jun-2026,UPI/CR/TXN764327/A_CHANDA/YESB/Payment_fr_A_CHANDA,,51.19,"105,169.93"
27-Jun-2026,UPI/CR/TXN754096/D_SEN/YESB/Payment_fr_D_SEN,,31.02,"105,200.95"
27-Jun-2026,UPI/CR/TXN202179/P_MANDAL/YESB/Payment_fr_P_MANDAL,,53.03,"105,253.98"
27-Jun-2026,UPI/CR/TXN830532/R_SHAW/YESB/Payment_fr_R_SHAW,,32.97,"105,286.95"
27-Jun-2026,UPI/CR/TXN322481/R_HALDER/YESB/Payment_fr_R_HALDER,,10.16,"105,297.11"
27-Jun-2026,UPI/CR/TXN553038/A_KUNDU/YESB/Payment_fr_A_KUNDU,,45.69,"105,342.80"
27-Jun-2026,UPI/CR/TXN116977/S_SOM/YESB/Payment_fr_S_SOM,,56.84,"105,399.64"
27-Jun-2026,UPI/CR/TXN435740/S_SARKAR/YESB/Payment_fr_S_SARKAR,,75.52,"105,475.16"
27-Jun-2026,UPI/CR/TXN835652/P_NASKAR/YESB/Payment_fr_P_NASKAR,,45.40,"105,520.56"
27-Jun-2026,UPI/CR/TXN432697/J_BOSE/YESB/Payment_fr_J_BOSE,,71.83,"105,592.39"
27-Jun-2026,UPI/CR/TXN898598/P_MANDAL/YESB/Payment_fr_P_MANDAL,,67.11,"105,659.50"
27-Jun-2026,UPI/CR/TXN619225/S_BASU/YESB/Payment_fr_S_BASU,,16.04,"105,675.54"
27-Jun-2026,UPI/CR/TXN448290/P_DEY/YESB/Payment_fr_P_DEY,,2.47,"105,678.01"
27-Jun-2026,UPI/CR/TXN289030/M_MITRA/YESB/Payment_fr_M_MITRA,,34.26,"105,712.27"
27-Jun-2026,UPI/CR/TXN581111/P_DEY/YESB/Payment_fr_P_DEY,,98.18,"105,810.45"
27-Jun-2026,UPI/CR/TXN188771/P_NASKAR/YESB/Payment_fr_P_NASKAR,,98.30,"105,908.75"
27-Jun-2026,UPI/CR/TXN800695/A_BAKSHI/YESB/Payment_fr_A_BAKSHI,,76.29,"105,985.04"
27-Jun-2026,UPI/CR/TXN583072/P_MANDAL/YESB/Payment_fr_P_MANDAL,,62.88,"106,047.92"
27-Jun-2026,UPI/CR/TXN418395/R_SHAW/YESB/Payment_fr_R_SHAW,,29.36,"106,077.28"
27-Jun-2026,UPI/CR/TXN132405/D_CHATTERJEE/YESB/Payment_fr_D_CHATTERJEE,,31.00,"106,108.28"
27-Jun-2026,UPI/CR/TXN689351/G_MODAK/YESB/Payment_fr_G_MODAK,,12.12,"106,120.40"
28-Jun-2026,UPI/CR/TXN295617/R_DHAR/YESB/Payment_fr_R_DHAR,,103.68,"106,224.08"
28-Jun-2026,UPI/CR/TXN558648/R_SHAW/YESB/Payment_fr_R_SHAW,,29.19,"106,253.27"
28-Jun-2026,UPI/CR/TXN588969/G_MODAK/YESB/Payment_fr_G_MODAK,,72.80,"106,326.07"
28-Jun-2026,UPI/CR/TXN943453/A_CHANDA/YESB/Payment_fr_A_CHANDA,,67.52,"106,393.59"
28-Jun-2026,UPI/CR/TXN549946/B_PRAMANIK/YESB/Payment_fr_B_PRAMANIK,,50.20,"106,443.79"
28-Jun-2026,UPI/CR/TXN192292/R_SHAW/YESB/Payment_fr_R_SHAW,,52.74,"106,496.53"
28-Jun-2026,UPI/CR/TXN733727/M_GUHA/YESB/Payment_fr_M_GUHA,,83.41,"106,579.94"
28-Jun-2026,UPI/CR/TXN904016/A_K_ROY/YESB/Payment_fr_A_K_ROY,,89.87,"106,669.81"
28-Jun-2026,UPI/CR/TXN875278/K_GANGULY/YESB/Payment_fr_K_GANGULY,,73.74,"106,743.55"
28-Jun-2026,UPI/CR/TXN867559/B_BARUA/YESB/Payment_fr_B_BARUA,,90.66,"106,834.21"
28-Jun-2026,UPI/CR/TXN601142/B_PRAMANIK/YESB/Payment_fr_B_PRAMANIK,,32.00,"106,866.21"
28-Jun-2026,UPI/CR/TXN124835/G_MODAK/YESB/Payment_fr_G_MODAK,,4.89,"106,871.10"
28-Jun-2026,UPI/CR/TXN679604/P_DEY/YESB/Payment_fr_P_DEY,,95.42,"106,966.52"
28-Jun-2026,UPI/CR/TXN269316/D_SEN/YESB/Payment_fr_D_SEN,,86.84,"107,053.36"
28-Jun-2026,UPI/CR/TXN182598/A_CHAKRABORTY/YESB/Payment_fr_A_CHAKRABORTY,,4.35,"107,057.71"
28-Jun-2026,UPI/DR/TXN371818/HUL_DISTRIBUTORS/HDFC/Payment_to_HUL_DISTRIBUTORS,608.82,,"106,448.89"
28-Jun-2026,UPI/CR/TXN350725/B_BARUA/YESB/Payment_fr_B_BARUA,,22.33,"106,471.22"
28-Jun-2026,UPI/CR/TXN208639/S_SARKAR/YESB/Payment_fr_S_SARKAR,,50.10,"106,521.32"
28-Jun-2026,UPI/CR/TXN382956/J_HALDER/YESB/Payment_fr_J_HALDER,,82.24,"106,603.56"
28-Jun-2026,UPI/CR/TXN628751/D_PAL/YESB/Payment_fr_D_PAL,,69.58,"106,673.14"
28-Jun-2026,UPI/CR/TXN245936/P_MANDAL/YESB/Payment_fr_P_MANDAL,,15.49,"106,688.63"
28-Jun-2026,UPI/CR/TXN599917/S_BAG/YESB/Payment_fr_S_BAG,,79.41,"106,768.04"
29-Jun-2026,UPI/CR/TXN997940/A_KUNDU/YESB/Payment_fr_A_KUNDU,,101.20,"106,869.24"
29-Jun-2026,UPI/CR/TXN260483/P_MANDAL/YESB/Payment_fr_P_MANDAL,,45.02,"106,914.26"
29-Jun-2026,UPI/CR/TXN509783/S_SARKAR/YESB/Payment_fr_S_SARKAR,,72.52,"106,986.78"
29-Jun-2026,UPI/CR/TXN475122/P_DEY/YESB/Payment_fr_P_DEY,,12.70,"106,999.48"
29-Jun-2026,UPI/CR/TXN274740/J_BOSE/YESB/Payment_fr_J_BOSE,,12.54,"107,012.02"
29-Jun-2026,UPI/CR/TXN228934/S_BAG/YESB/Payment_fr_S_BAG,,16.83,"107,028.85"
29-Jun-2026,UPI/CR/TXN187496/N_DAS/YESB/Payment_fr_N_DAS,,13.63,"107,042.48"
29-Jun-2026,UPI/CR/TXN978012/K_MALLICK/YESB/Payment_fr_K_MALLICK,,1.66,"107,044.14"
29-Jun-2026,UPI/CR/TXN558669/A_K_ROY/YESB/Payment_fr_A_K_ROY,,30.80,"107,074.94"
29-Jun-2026,UPI/CR/TXN802629/S_MALAKAR/YESB/Payment_fr_S_MALAKAR,,49.12,"107,124.06"
29-Jun-2026,UPI/CR/TXN415508/G_MODAK/YESB/Payment_fr_G_MODAK,,63.07,"107,187.13"
29-Jun-2026,UPI/CR/TXN468814/C_ROY/YESB/Payment_fr_C_ROY,,99.72,"107,286.85"
29-Jun-2026,UPI/CR/TXN638891/S_BHATTACHARYA/YESB/Payment_fr_S_BHATTACHARYA,,102.56,"107,389.41"
29-Jun-2026,UPI/CR/TXN214699/P_BANERJEE/YESB/Payment_fr_P_BANERJEE,,57.68,"107,447.09"
29-Jun-2026,UPI/CR/TXN439458/G_MODAK/YESB/Payment_fr_G_MODAK,,61.12,"107,508.21"
29-Jun-2026,UPI/CR/TXN653138/A_CHAKRABORTY/YESB/Payment_fr_A_CHAKRABORTY,,89.40,"107,597.61"
29-Jun-2026,UPI/DR/TXN513064/MOTHER_DAIRY_CO/HDFC/Payment_to_MOTHER_DAIRY_CO,54.69,,"107,542.92"
29-Jun-2026,UPI/DR/TXN465004/ITC_FOODS/HDFC/Payment_to_ITC_FOODS,311.60,,"107,231.32"
29-Jun-2026,UPI/DR/TXN616910/ITC_FOODS/HDFC/Payment_to_ITC_FOODS,170.27,,"107,061.05"
29-Jun-2026,UPI/CR/TXN209612/D_CHATTERJEE/YESB/Payment_fr_D_CHATTERJEE,,13.19,"107,074.24"
29-Jun-2026,UPI/CR/TXN548709/P_BANERJEE/YESB/Payment_fr_P_BANERJEE,,14.86,"107,089.10"
29-Jun-2026,UPI/CR/TXN322964/D_CHATTERJEE/YESB/Payment_fr_D_CHATTERJEE,,58.66,"107,147.76"
30-Jun-2026,UPI/CR/TXN287890/J_BOSE/YESB/Payment_fr_J_BOSE,,101.71,"107,249.47"
30-Jun-2026,UPI/CR/TXN572445/RAM_SEN/YESB/Payment_fr_RAM_SEN,,71.74,"107,321.21"
30-Jun-2026,UPI/CR/TXN130930/S_SARKAR/YESB/Payment_fr_S_SARKAR,,66.72,"107,387.93"
30-Jun-2026,UPI/DR/TXN537147/COCA_COLA_SUPPLY/HDFC/Payment_to_COCA_COLA_SUPPLY,249.83,,"107,138.10"
30-Jun-2026,UPI/CR/TXN584734/B_BARUA/YESB/Payment_fr_B_BARUA,,60.79,"107,198.89"
30-Jun-2026,UPI/CR/TXN591246/S_MUKHERJEE/YESB/Payment_fr_S_MUKHERJEE,,29.36,"107,228.25"
30-Jun-2026,UPI/CR/TXN169045/P_PAUL/YESB/Payment_fr_P_PAUL,,19.89,"107,248.14"
30-Jun-2026,UPI/CR/TXN504305/S_SOM/YESB/Payment_fr_S_SOM,,31.84,"107,279.98"
30-Jun-2026,UPI/CR/TXN928909/G_MODAK/YESB/Payment_fr_G_MODAK,,43.03,"107,323.01"
30-Jun-2026,UPI/CR/TXN308205/R_HALDER/YESB/Payment_fr_R_HALDER,,9.06,"107,332.07"
30-Jun-2026,UPI/CR/TXN996332/R_HALDER/YESB/Payment_fr_R_HALDER,,20.56,"107,352.63"
30-Jun-2026,UPI/DR/TXN831663/KOLKATA_GRAINS/HDFC/Payment_to_KOLKATA_GRAINS,467.20,,"106,885.43"
30-Jun-2026,UPI/CR/TXN199740/P_BANERJEE/YESB/Payment_fr_P_BANERJEE,,39.27,"106,924.70"
30-Jun-2026,UPI/CR/TXN476879/J_HALDER/YESB/Payment_fr_J_HALDER,,72.52,"106,997.22"
30-Jun-2026,UPI/CR/TXN796590/T_SAMANTA/YESB/Payment_fr_T_SAMANTA,,92.46,"107,089.68"
30-Jun-2026,UPI/CR/TXN857830/J_BOSE/YESB/Payment_fr_J_BOSE,,26.12,"107,115.80"
30-Jun-2026,UPI/CR/TXN458633/J_HALDER/YESB/Payment_fr_J_HALDER,,76.07,"107,191.87"
30-Jun-2026,UPI/CR/TXN947825/A_BAKSHI/YESB/Payment_fr_A_BAKSHI,,30.52,"107,222.39"
30-Jun-2026,UPI/CR/TXN914617/N_DAS/YESB/Payment_fr_N_DAS,,42.15,"107,264.54"
30-Jun-2026,UPI/CR/TXN673713/T_ROY/YESB/Payment_fr_T_ROY,,59.91,"107,324.45"
30-Jun-2026,UPI/CR/TXN998630/C_ROY/YESB/Payment_fr_C_ROY,,95.99,"107,420.44"
30-Jun-2026,UPI/CR/TXN516226/S_GHOSH/YESB/Payment_fr_S_GHOSH,,79.56,"107,500.00"
01-Jul-2026,UPI/DR/TXN564919/DELHI_SPICES/HDFC/Payment_to_DELHI_SPICES,364.42,,"107,135.58"
01-Jul-2026,UPI/DR/TXN835679/AMUL_MILK_AGENCY/HDFC/Payment_to_AMUL_MILK_AGENCY,106.22,,"107,029.36"
01-Jul-2026,UPI/CR/TXN444721/R_HALDER/YESB/Payment_fr_R_HALDER,,51.24,"107,080.60"
01-Jul-2026,UPI/CR/TXN741084/J_BOSE/YESB/Payment_fr_J_BOSE,,69.02,"107,149.62"
01-Jul-2026,UPI/CR/TXN266461/S_SOM/YESB/Payment_fr_S_SOM,,85.87,"107,235.49"
01-Jul-2026,UPI/CR/TXN421944/R_DHAR/YESB/Payment_fr_R_DHAR,,39.77,"107,275.26"
01-Jul-2026,UPI/CR/TXN928519/A_CHANDA/YESB/Payment_fr_A_CHANDA,,51.78,"107,327.04"
01-Jul-2026,UPI/CR/TXN594908/K_MALLICK/YESB/Payment_fr_K_MALLICK,,50.03,"107,377.07"
01-Jul-2026,UPI/CR/TXN859712/P_MANDAL/YESB/Payment_fr_P_MANDAL,,82.66,"107,459.73"
01-Jul-2026,UPI/CR/TXN935998/K_MALLICK/YESB/Payment_fr_K_MALLICK,,78.55,"107,538.28"
01-Jul-2026,UPI/CR/TXN475799/R_HALDER/YESB/Payment_fr_R_HALDER,,26.58,"107,564.86"
01-Jul-2026,UPI/CR/TXN245303/N_DAS/YESB/Payment_fr_N_DAS,,38.51,"107,603.37"
01-Jul-2026,UPI/DR/TXN207596/HUL_DISTRIBUTORS/HDFC/Payment_to_HUL_DISTRIBUTORS,305.54,,"107,297.83"
01-Jul-2026,UPI/CR/TXN226858/A_CHAKRABORTY/YESB/Payment_fr_A_CHAKRABORTY,,16.76,"107,314.59"
01-Jul-2026,UPI/CR/TXN822672/D_SEN/YESB/Payment_fr_D_SEN,,12.25,"107,326.84"
01-Jul-2026,UPI/CR/TXN583819/P_DEY/YESB/Payment_fr_P_DEY,,68.85,"107,395.69"
01-Jul-2026,UPI/CR/TXN222080/J_HALDER/YESB/Payment_fr_J_HALDER,,15.21,"107,410.90"
01-Jul-2026,UPI/CR/TXN816881/P_PAUL/YESB/Payment_fr_P_PAUL,,29.24,"107,440.14"
01-Jul-2026,UPI/CR/TXN311499/S_SARKAR/YESB/Payment_fr_S_SARKAR,,87.74,"107,527.88"
01-Jul-2026,UPI/CR/TXN545957/T_ROY/YESB/Payment_fr_T_ROY,,16.20,"107,544.08"
01-Jul-2026,UPI/CR/TXN498489/RAM_SEN/YESB/Payment_fr_RAM_SEN,,74.09,"107,618.17"
01-Jul-2026,UPI/CR/TXN571552/A_CHANDA/YESB/Payment_fr_A_CHANDA,,84.17,"107,702.34"
02-Jul-2026,UPI/CR/TXN372660/C_ROY/YESB/Payment_fr_C_ROY,,63.63,"107,765.97"
02-Jul-2026,UPI/CR/TXN565204/R_HALDER/YESB/Payment_fr_R_HALDER,,13.84,"107,779.81"
02-Jul-2026,UPI/CR/TXN881668/K_GANGULY/YESB/Payment_fr_K_GANGULY,,33.27,"107,813.08"
02-Jul-2026,UPI/CR/TXN883041/P_DEY/YESB/Payment_fr_P_DEY,,4.73,"107,817.81"
02-Jul-2026,UPI/CR/TXN112652/P_MANDAL/YESB/Payment_fr_P_MANDAL,,80.45,"107,898.26"
02-Jul-2026,UPI/CR/TXN377033/T_ROY/YESB/Payment_fr_T_ROY,,7.37,"107,905.63"
02-Jul-2026,UPI/CR/TXN204978/R_SHAW/YESB/Payment_fr_R_SHAW,,15.51,"107,921.14"
02-Jul-2026,UPI/CR/TXN439492/G_MODAK/YESB/Payment_fr_G_MODAK,,83.50,"108,004.64"
02-Jul-2026,UPI/CR/TXN856300/P_BANERJEE/YESB/Payment_fr_P_BANERJEE,,92.44,"108,097.08"
02-Jul-2026,UPI/CR/TXN748502/P_BANERJEE/YESB/Payment_fr_P_BANERJEE,,16.63,"108,113.71"
02-Jul-2026,UPI/CR/TXN238987/J_BOSE/YESB/Payment_fr_J_BOSE,,55.11,"108,168.82"
02-Jul-2026,UPI/CR/TXN731160/A_CHAKRABORTY/YESB/Payment_fr_A_CHAKRABORTY,,46.92,"108,215.74"
02-Jul-2026,UPI/CR/TXN392426/R_HALDER/YESB/Payment_fr_R_HALDER,,85.74,"108,301.48"
02-Jul-2026,UPI/CR/TXN645015/C_ROY/YESB/Payment_fr_C_ROY,,44.03,"108,345.51"
02-Jul-2026,UPI/CR/TXN818008/S_GHOSH/YESB/Payment_fr_S_GHOSH,,30.02,"108,375.53"
02-Jul-2026,UPI/CR/TXN552041/D_CHATTERJEE/YESB/Payment_fr_D_CHATTERJEE,,29.61,"108,405.14"
02-Jul-2026,UPI/CR/TXN936212/A_KUNDU/YESB/Payment_fr_A_KUNDU,,40.09,"108,445.23"
02-Jul-2026,UPI/CR/TXN336033/S_MALAKAR/YESB/Payment_fr_S_MALAKAR,,65.75,"108,510.98"
02-Jul-2026,UPI/CR/TXN274833/P_MANDAL/YESB/Payment_fr_P_MANDAL,,51.66,"108,562.64"
02-Jul-2026,UPI/CR/TXN739760/R_SHAW/YESB/Payment_fr_R_SHAW,,80.92,"108,643.56"
02-Jul-2026,UPI/CR/TXN131436/R_SHAW/YESB/Payment_fr_R_SHAW,,83.44,"108,727.00"
02-Jul-2026,UPI/CR/TXN304344/K_GANGULY/YESB/Payment_fr_K_GANGULY,,73.35,"108,800.35"
03-Jul-2026,UPI/DR/TXN576438/ITC_FOODS/HDFC/Payment_to_ITC_FOODS,161.91,,"108,638.44"
03-Jul-2026,UPI/CR/TXN196598/N_DAS/YESB/Payment_fr_N_DAS,,39.57,"108,678.01"
03-Jul-2026,UPI/CR/TXN773437/B_NATH/YESB/Payment_fr_B_NATH,,5.59,"108,683.60"
03-Jul-2026,UPI/CR/TXN788065/S_MUKHERJEE/YESB/Payment_fr_S_MUKHERJEE,,10.38,"108,693.98"
03-Jul-2026,UPI/DR/TXN335545/METRO_CASH_CARRY/HDFC/Payment_to_METRO_CASH_CARRY,282.83,,"108,411.15"
03-Jul-2026,UPI/CR/TXN738953/G_MODAK/YESB/Payment_fr_G_MODAK,,97.52,"108,508.67"
03-Jul-2026,UPI/CR/TXN736176/S_BASU/YESB/Payment_fr_S_BASU,,74.65,"108,583.32"
03-Jul-2026,UPI/CR/TXN781570/B_NATH/YESB/Payment_fr_B_NATH,,103.77,"108,687.09"
03-Jul-2026,UPI/CR/TXN203043/S_MUKHERJEE/YESB/Payment_fr_S_MUKHERJEE,,22.20,"108,709.29"
03-Jul-2026,UPI/CR/TXN253643/D_PAL/YESB/Payment_fr_D_PAL,,15.67,"108,724.96"
03-Jul-2026,UPI/CR/TXN407194/P_NASKAR/YESB/Payment_fr_P_NASKAR,,33.35,"108,758.31"
03-Jul-2026,UPI/DR/TXN276638/ITC_FOODS/HDFC/Payment_to_ITC_FOODS,284.58,,"108,473.73"
03-Jul-2026,UPI/CR/TXN409116/K_MALLICK/YESB/Payment_fr_K_MALLICK,,69.84,"108,543.57"
03-Jul-2026,UPI/CR/TXN388660/M_GUHA/YESB/Payment_fr_M_GUHA,,17.23,"108,560.80"
03-Jul-2026,UPI/CR/TXN354948/J_BOSE/YESB/Payment_fr_J_BOSE,,55.06,"108,615.86"
03-Jul-2026,UPI/DR/TXN530309/PARLE_PRODUCTS/HDFC/Payment_to_PARLE_PRODUCTS,113.42,,"108,502.44"
03-Jul-2026,UPI/CR/TXN118369/C_ROY/YESB/Payment_fr_C_ROY,,28.26,"108,530.70"
03-Jul-2026,UPI/CR/TXN594258/B_BARUA/YESB/Payment_fr_B_BARUA,,19.37,"108,550.07"
03-Jul-2026,UPI/CR/TXN413372/P_MANDAL/YESB/Payment_fr_P_MANDAL,,70.38,"108,620.45"
03-Jul-2026,UPI/CR/TXN406533/R_HALDER/YESB/Payment_fr_R_HALDER,,64.83,"108,685.28"
03-Jul-2026,UPI/CR/TXN678874/B_BARUA/YESB/Payment_fr_B_BARUA,,4.78,"108,690.06"
03-Jul-2026,UPI/CR/TXN915158/A_BAKSHI/YESB/Payment_fr_A_BAKSHI,,2.06,"108,692.12"
04-Jul-2026,UPI/CR/TXN481851/K_MALLICK/YESB/Payment_fr_K_MALLICK,,27.12,"108,719.24"
04-Jul-2026,UPI/CR/TXN429563/K_GANGULY/YESB/Payment_fr_K_GANGULY,,43.11,"108,762.35"
04-Jul-2026,UPI/CR/TXN339464/S_BHATTACHARYA/YESB/Payment_fr_S_BHATTACHARYA,,79.36,"108,841.71"
04-Jul-2026,UPI/DR/TXN413337/COCA_COLA_SUPPLY/HDFC/Payment_to_COCA_COLA_SUPPLY,509.17,,"108,332.54"
04-Jul-2026,UPI/CR/TXN988578/G_MODAK/YESB/Payment_fr_G_MODAK,,28.42,"108,360.96"
04-Jul-2026,UPI/CR/TXN967962/P_BANERJEE/YESB/Payment_fr_P_BANERJEE,,63.72,"108,424.68"
04-Jul-2026,UPI/CR/TXN658375/A_CHAKRABORTY/YESB/Payment_fr_A_CHAKRABORTY,,22.38,"108,447.06"
04-Jul-2026,UPI/CR/TXN488802/T_ROY/YESB/Payment_fr_T_ROY,,18.44,"108,465.50"
04-Jul-2026,UPI/CR/TXN123942/C_ROY/YESB/Payment_fr_C_ROY,,90.00,"108,555.50"
04-Jul-2026,UPI/CR/TXN969512/R_DHAR/YESB/Payment_fr_R_DHAR,,10.50,"108,566.00"
04-Jul-2026,UPI/DR/TXN162099/SUDIP_DISTRIBUTORS/HDFC/Payment_to_SUDIP_DISTRIBUTORS,101.13,,"108,464.87"
04-Jul-2026,UPI/CR/TXN580005/R_SHAW/YESB/Payment_fr_R_SHAW,,98.35,"108,563.22"
04-Jul-2026,UPI/CR/TXN904083/D_SEN/YESB/Payment_fr_D_SEN,,74.13,"108,637.35"
04-Jul-2026,UPI/DR/TXN426741/BRITANNIA_SALES/HDFC/Payment_to_BRITANNIA_SALES,485.21,,"108,152.14"
04-Jul-2026,UPI/CR/TXN481220/A_KUNDU/YESB/Payment_fr_A_KUNDU,,17.82,"108,169.96"
04-Jul-2026,UPI/DR/TXN844238/MOTHER_DAIRY_CO/HDFC/Payment_to_MOTHER_DAIRY_CO,194.63,,"107,975.33"
04-Jul-2026,UPI/CR/TXN610898/R_HALDER/YESB/Payment_fr_R_HALDER,,89.24,"108,064.57"
04-Jul-2026,UPI/CR/TXN773223/M_GUHA/YESB/Payment_fr_M_GUHA,,2.83,"108,067.40"
04-Jul-2026,UPI/CR/TXN800901/S_BAG/YESB/Payment_fr_S_BAG,,95.53,"108,162.93"
04-Jul-2026,UPI/CR/TXN707511/G_MODAK/YESB/Payment_fr_G_MODAK,,53.50,"108,216.43"
04-Jul-2026,UPI/CR/TXN341616/A_CHAKRABORTY/YESB/Payment_fr_A_CHAKRABORTY,,81.06,"108,297.49"
04-Jul-2026,UPI/CR/TXN474221/D_SEN/YESB/Payment_fr_D_SEN,,45.77,"108,343.26"
05-Jul-2026,UPI/CR/TXN489759/D_SEN/YESB/Payment_fr_D_SEN,,87.42,"108,430.68"
05-Jul-2026,UPI/CR/TXN928249/R_HALDER/YESB/Payment_fr_R_HALDER,,98.31,"108,528.99"
05-Jul-2026,UPI/CR/TXN355958/S_BAG/YESB/Payment_fr_S_BAG,,81.45,"108,610.44"
05-Jul-2026,UPI/CR/TXN583187/N_DAS/YESB/Payment_fr_N_DAS,,27.30,"108,637.74"
05-Jul-2026,UPI/CR/TXN199178/D_PAL/YESB/Payment_fr_D_PAL,,22.08,"108,659.82"
05-Jul-2026,UPI/CR/TXN592696/P_MANDAL/YESB/Payment_fr_P_MANDAL,,88.19,"108,748.01"
05-Jul-2026,UPI/CR/TXN805666/J_HALDER/YESB/Payment_fr_J_HALDER,,61.52,"108,809.53"
05-Jul-2026,UPI/CR/TXN653348/S_MUKHERJEE/YESB/Payment_fr_S_MUKHERJEE,,64.58,"108,874.11"
05-Jul-2026,UPI/CR/TXN823066/D_SEN/YESB/Payment_fr_D_SEN,,78.40,"108,952.51"
05-Jul-2026,UPI/CR/TXN843449/A_K_ROY/YESB/Payment_fr_A_K_ROY,,67.03,"109,019.54"
05-Jul-2026,UPI/CR/TXN453854/J_HALDER/YESB/Payment_fr_J_HALDER,,12.39,"109,031.93"
05-Jul-2026,UPI/CR/TXN172631/R_DHAR/YESB/Payment_fr_R_DHAR,,53.35,"109,085.28"
05-Jul-2026,UPI/CR/TXN295370/M_GUHA/YESB/Payment_fr_M_GUHA,,80.29,"109,165.57"
05-Jul-2026,UPI/CR/TXN483341/A_CHAKRABORTY/YESB/Payment_fr_A_CHAKRABORTY,,11.41,"109,176.98"
05-Jul-2026,UPI/CR/TXN978576/R_HALDER/YESB/Payment_fr_R_HALDER,,28.98,"109,205.96"
05-Jul-2026,UPI/CR/TXN847417/P_BANERJEE/YESB/Payment_fr_P_BANERJEE,,51.22,"109,257.18"
05-Jul-2026,UPI/CR/TXN765189/M_GUHA/YESB/Payment_fr_M_GUHA,,78.71,"109,335.89"
05-Jul-2026,UPI/CR/TXN169547/C_ROY/YESB/Payment_fr_C_ROY,,40.15,"109,376.04"
05-Jul-2026,UPI/CR/TXN407213/D_PAL/YESB/Payment_fr_D_PAL,,32.24,"109,408.28"
05-Jul-2026,UPI/CR/TXN103499/D_SEN/YESB/Payment_fr_D_SEN,,3.11,"109,411.39"
05-Jul-2026,UPI/CR/TXN168744/P_DEY/YESB/Payment_fr_P_DEY,,90.87,"109,502.26"
05-Jul-2026,UPI/CR/TXN787300/S_BASU/YESB/Payment_fr_S_BASU,,101.45,"109,603.71"
06-Jul-2026,UPI/CR/TXN699876/RAM_SEN/YESB/Payment_fr_RAM_SEN,,100.92,"109,704.63"
06-Jul-2026,UPI/CR/TXN782028/M_MITRA/YESB/Payment_fr_M_MITRA,,92.47,"109,797.10"
06-Jul-2026,UPI/DR/TXN757350/SUDIP_DISTRIBUTORS/HDFC/Payment_to_SUDIP_DISTRIBUTORS,252.08,,"109,545.02"
06-Jul-2026,UPI/DR/TXN769054/GROCERY_WHOLESALE/HDFC/Payment_to_GROCERY_WHOLESALE,386.39,,"109,158.63"
06-Jul-2026,UPI/CR/TXN400189/S_MUKHERJEE/YESB/Payment_fr_S_MUKHERJEE,,64.51,"109,223.14"
06-Jul-2026,UPI/CR/TXN402441/S_BHATTACHARYA/YESB/Payment_fr_S_BHATTACHARYA,,67.56,"109,290.70"
06-Jul-2026,UPI/CR/TXN702656/S_MALAKAR/YESB/Payment_fr_S_MALAKAR,,87.68,"109,378.38"
06-Jul-2026,UPI/CR/TXN323573/N_DAS/YESB/Payment_fr_N_DAS,,69.27,"109,447.65"
06-Jul-2026,UPI/CR/TXN994889/A_CHANDA/YESB/Payment_fr_A_CHANDA,,55.47,"109,503.12"
06-Jul-2026,UPI/CR/TXN936865/D_CHATTERJEE/YESB/Payment_fr_D_CHATTERJEE,,65.74,"109,568.86"
06-Jul-2026,UPI/CR/TXN109724/B_PRAMANIK/YESB/Payment_fr_B_PRAMANIK,,60.92,"109,629.78"
06-Jul-2026,UPI/CR/TXN591075/A_CHANDA/YESB/Payment_fr_A_CHANDA,,39.21,"109,668.99"
06-Jul-2026,UPI/CR/TXN128622/R_DHAR/YESB/Payment_fr_R_DHAR,,36.38,"109,705.37"
06-Jul-2026,UPI/CR/TXN133642/J_HALDER/YESB/Payment_fr_J_HALDER,,104.23,"109,809.60"
06-Jul-2026,UPI/CR/TXN421559/D_SEN/YESB/Payment_fr_D_SEN,,10.92,"109,820.52"
06-Jul-2026,UPI/CR/TXN561481/K_GANGULY/YESB/Payment_fr_K_GANGULY,,50.14,"109,870.66"
06-Jul-2026,UPI/CR/TXN924764/B_NATH/YESB/Payment_fr_B_NATH,,84.95,"109,955.61"
06-Jul-2026,UPI/CR/TXN827981/P_PAUL/YESB/Payment_fr_P_PAUL,,16.71,"109,972.32"
06-Jul-2026,UPI/CR/TXN884346/S_SARKAR/YESB/Payment_fr_S_SARKAR,,12.79,"109,985.11"
06-Jul-2026,UPI/CR/TXN898679/P_MANDAL/YESB/Payment_fr_P_MANDAL,,15.69,"110,000.80"
06-Jul-2026,UPI/CR/TXN199166/A_CHAKRABORTY/YESB/Payment_fr_A_CHAKRABORTY,,76.31,"110,077.11"
06-Jul-2026,UPI/CR/TXN893359/R_SHAW/YESB/Payment_fr_R_SHAW,,39.80,"110,116.91"
07-Jul-2026,UPI/DR/TXN520940/KOLKATA_GRAINS/HDFC/Payment_to_KOLKATA_GRAINS,362.45,,"109,754.46"
07-Jul-2026,UPI/CR/TXN443874/D_PAL/YESB/Payment_fr_D_PAL,,80.01,"109,834.47"
07-Jul-2026,UPI/DR/TXN868021/NESTLE_INDIA/HDFC/Payment_to_NESTLE_INDIA,150.68,,"109,683.79"
07-Jul-2026,UPI/CR/TXN248845/M_GUHA/YESB/Payment_fr_M_GUHA,,51.06,"109,734.85"
07-Jul-2026,UPI/CR/TXN928645/R_HALDER/YESB/Payment_fr_R_HALDER,,28.27,"109,763.12"
07-Jul-2026,UPI/CR/TXN945220/S_MALAKAR/YESB/Payment_fr_S_MALAKAR,,27.23,"109,790.35"
07-Jul-2026,UPI/CR/TXN227615/S_BHATTACHARYA/YESB/Payment_fr_S_BHATTACHARYA,,23.55,"109,813.90"
07-Jul-2026,UPI/CR/TXN600998/S_GHOSH/YESB/Payment_fr_S_GHOSH,,32.74,"109,846.64"
07-Jul-2026,UPI/DR/TXN869089/DELHI_SPICES/HDFC/Payment_to_DELHI_SPICES,343.01,,"109,503.63"
07-Jul-2026,UPI/CR/TXN216884/A_BAKSHI/YESB/Payment_fr_A_BAKSHI,,24.43,"109,528.06"
07-Jul-2026,UPI/CR/TXN967146/R_HALDER/YESB/Payment_fr_R_HALDER,,32.10,"109,560.16"
07-Jul-2026,UPI/CR/TXN784829/P_MANDAL/YESB/Payment_fr_P_MANDAL,,80.39,"109,640.55"
07-Jul-2026,UPI/DR/TXN722838/ITC_FOODS/HDFC/Payment_to_ITC_FOODS,74.76,,"109,565.79"
07-Jul-2026,UPI/CR/TXN435169/M_GUHA/YESB/Payment_fr_M_GUHA,,50.81,"109,616.60"
07-Jul-2026,UPI/CR/TXN183306/A_CHAKRABORTY/YESB/Payment_fr_A_CHAKRABORTY,,44.94,"109,661.54"
07-Jul-2026,UPI/CR/TXN469124/C_ROY/YESB/Payment_fr_C_ROY,,76.39,"109,737.93"
07-Jul-2026,UPI/CR/TXN896806/S_BASU/YESB/Payment_fr_S_BASU,,91.84,"109,829.77"
07-Jul-2026,UPI/CR/TXN421107/G_MODAK/YESB/Payment_fr_G_MODAK,,82.10,"109,911.87"
07-Jul-2026,UPI/CR/TXN676790/S_MALAKAR/YESB/Payment_fr_S_MALAKAR,,28.81,"109,940.68"
07-Jul-2026,UPI/CR/TXN195797/S_BASU/YESB/Payment_fr_S_BASU,,96.44,"110,037.12"
07-Jul-2026,UPI/CR/TXN593361/K_GANGULY/YESB/Payment_fr_K_GANGULY,,29.46,"110,066.58"
07-Jul-2026,UPI/CR/TXN523262/T_ROY/YESB/Payment_fr_T_ROY,,73.44,"110,140.02"
08-Jul-2026,UPI/CR/TXN212024/S_BASU/YESB/Payment_fr_S_BASU,,33.30,"110,173.32"
08-Jul-2026,UPI/CR/TXN907927/A_CHANDA/YESB/Payment_fr_A_CHANDA,,32.97,"110,206.29"
08-Jul-2026,UPI/CR/TXN765607/C_ROY/YESB/Payment_fr_C_ROY,,31.27,"110,237.56"
08-Jul-2026,UPI/CR/TXN863535/D_SEN/YESB/Payment_fr_D_SEN,,19.68,"110,257.24"
08-Jul-2026,UPI/CR/TXN935456/P_PAUL/YESB/Payment_fr_P_PAUL,,82.17,"110,339.41"
08-Jul-2026,UPI/CR/TXN972073/P_NASKAR/YESB/Payment_fr_P_NASKAR,,101.53,"110,440.94"
08-Jul-2026,UPI/CR/TXN539604/R_SHAW/YESB/Payment_fr_R_SHAW,,56.71,"110,497.65"
08-Jul-2026,UPI/CR/TXN122527/J_HALDER/YESB/Payment_fr_J_HALDER,,2.77,"110,500.42"
08-Jul-2026,UPI/CR/TXN106662/D_SEN/YESB/Payment_fr_D_SEN,,88.81,"110,589.23"
08-Jul-2026,UPI/CR/TXN438199/S_MALAKAR/YESB/Payment_fr_S_MALAKAR,,92.78,"110,682.01"
08-Jul-2026,UPI/CR/TXN201866/A_CHANDA/YESB/Payment_fr_A_CHANDA,,40.39,"110,722.40"
08-Jul-2026,UPI/CR/TXN581633/D_CHATTERJEE/YESB/Payment_fr_D_CHATTERJEE,,11.91,"110,734.31"
08-Jul-2026,UPI/CR/TXN444589/T_ROY/YESB/Payment_fr_T_ROY,,36.01,"110,770.32"
08-Jul-2026,UPI/CR/TXN645172/P_MANDAL/YESB/Payment_fr_P_MANDAL,,32.10,"110,802.42"
08-Jul-2026,UPI/CR/TXN849484/A_CHAKRABORTY/YESB/Payment_fr_A_CHAKRABORTY,,83.06,"110,885.48"
08-Jul-2026,UPI/CR/TXN197362/B_NATH/YESB/Payment_fr_B_NATH,,100.98,"110,986.46"
08-Jul-2026,UPI/CR/TXN484936/S_MUKHERJEE/YESB/Payment_fr_S_MUKHERJEE,,54.94,"111,041.40"
08-Jul-2026,UPI/CR/TXN339431/P_PAUL/YESB/Payment_fr_P_PAUL,,42.37,"111,083.77"
08-Jul-2026,UPI/CR/TXN430654/A_CHANDA/YESB/Payment_fr_A_CHANDA,,18.94,"111,102.71"
08-Jul-2026,UPI/CR/TXN890183/P_MANDAL/YESB/Payment_fr_P_MANDAL,,31.18,"111,133.89"
08-Jul-2026,UPI/DR/TXN222989/BRITANNIA_SALES/HDFC/Payment_to_BRITANNIA_SALES,8.23,,"111,125.66"
08-Jul-2026,UPI/CR/TXN459077/K_MALLICK/YESB/Payment_fr_K_MALLICK,,57.60,"111,183.26"
09-Jul-2026,UPI/CR/TXN702737/D_SEN/YESB/Payment_fr_D_SEN,,91.58,"111,274.84"
09-Jul-2026,UPI/CR/TXN769658/B_PRAMANIK/YESB/Payment_fr_B_PRAMANIK,,73.40,"111,348.24"
09-Jul-2026,UPI/CR/TXN672396/K_MALLICK/YESB/Payment_fr_K_MALLICK,,35.52,"111,383.76"
09-Jul-2026,UPI/CR/TXN525558/S_BHATTACHARYA/YESB/Payment_fr_S_BHATTACHARYA,,36.01,"111,419.77"
09-Jul-2026,UPI/CR/TXN434347/P_NASKAR/YESB/Payment_fr_P_NASKAR,,74.97,"111,494.74"
09-Jul-2026,UPI/CR/TXN120425/S_BASU/YESB/Payment_fr_S_BASU,,53.99,"111,548.73"
09-Jul-2026,UPI/CR/TXN526962/RAM_SEN/YESB/Payment_fr_RAM_SEN,,8.00,"111,556.73"
09-Jul-2026,UPI/DR/TXN500033/GROCERY_WHOLESALE/HDFC/Payment_to_GROCERY_WHOLESALE,239.78,,"111,316.95"
09-Jul-2026,UPI/CR/TXN862091/D_PAL/YESB/Payment_fr_D_PAL,,34.89,"111,351.84"
09-Jul-2026,UPI/CR/TXN688592/D_CHATTERJEE/YESB/Payment_fr_D_CHATTERJEE,,49.13,"111,400.97"
09-Jul-2026,UPI/CR/TXN283120/P_DEY/YESB/Payment_fr_P_DEY,,22.84,"111,423.81"
09-Jul-2026,UPI/CR/TXN584904/S_BASU/YESB/Payment_fr_S_BASU,,44.31,"111,468.12"
09-Jul-2026,UPI/CR/TXN390302/P_DEY/YESB/Payment_fr_P_DEY,,91.67,"111,559.79"
09-Jul-2026,UPI/CR/TXN519487/P_DEY/YESB/Payment_fr_P_DEY,,63.64,"111,623.43"
09-Jul-2026,UPI/CR/TXN142615/S_MUKHERJEE/YESB/Payment_fr_S_MUKHERJEE,,33.62,"111,657.05"
09-Jul-2026,UPI/CR/TXN789137/C_ROY/YESB/Payment_fr_C_ROY,,22.62,"111,679.67"
09-Jul-2026,UPI/DR/TXN546599/COCA_COLA_SUPPLY/HDFC/Payment_to_COCA_COLA_SUPPLY,178.88,,"111,500.79"
09-Jul-2026,UPI/CR/TXN801229/RAM_SEN/YESB/Payment_fr_RAM_SEN,,33.43,"111,534.22"
09-Jul-2026,UPI/CR/TXN851435/S_MALAKAR/YESB/Payment_fr_S_MALAKAR,,3.47,"111,537.69"
09-Jul-2026,UPI/CR/TXN692767/J_BOSE/YESB/Payment_fr_J_BOSE,,5.00,"111,542.69"
09-Jul-2026,UPI/CR/TXN892244/S_BAG/YESB/Payment_fr_S_BAG,,16.60,"111,559.29"
09-Jul-2026,UPI/CR/TXN800462/S_GHOSH/YESB/Payment_fr_S_GHOSH,,1.13,"111,560.42"
10-Jul-2026,UPI/CR/TXN336508/G_MODAK/YESB/Payment_fr_G_MODAK,,48.27,"111,608.69"
10-Jul-2026,UPI/CR/TXN184416/K_GANGULY/YESB/Payment_fr_K_GANGULY,,17.29,"111,625.98"
10-Jul-2026,UPI/CR/TXN711561/S_SARKAR/YESB/Payment_fr_S_SARKAR,,59.68,"111,685.66"
10-Jul-2026,UPI/CR/TXN568328/P_NASKAR/YESB/Payment_fr_P_NASKAR,,18.71,"111,704.37"
10-Jul-2026,UPI/CR/TXN917823/R_HALDER/YESB/Payment_fr_R_HALDER,,80.00,"111,784.37"
10-Jul-2026,UPI/DR/TXN728146/ITC_FOODS/HDFC/Payment_to_ITC_FOODS,81.26,,"111,703.11"
10-Jul-2026,UPI/DR/TXN312018/AMUL_MILK_AGENCY/HDFC/Payment_to_AMUL_MILK_AGENCY,393.15,,"111,309.96"
10-Jul-2026,UPI/CR/TXN962514/A_CHAKRABORTY/YESB/Payment_fr_A_CHAKRABORTY,,42.77,"111,352.73"
10-Jul-2026,UPI/CR/TXN974677/B_NATH/YESB/Payment_fr_B_NATH,,73.09,"111,425.82"
10-Jul-2026,UPI/CR/TXN444603/P_DEY/YESB/Payment_fr_P_DEY,,72.86,"111,498.68"
10-Jul-2026,UPI/CR/TXN607348/P_BANERJEE/YESB/Payment_fr_P_BANERJEE,,98.60,"111,597.28"
10-Jul-2026,UPI/CR/TXN900345/M_GUHA/YESB/Payment_fr_M_GUHA,,16.31,"111,613.59"
10-Jul-2026,UPI/CR/TXN287410/S_BASU/YESB/Payment_fr_S_BASU,,47.03,"111,660.62"
10-Jul-2026,UPI/CR/TXN492975/J_HALDER/YESB/Payment_fr_J_HALDER,,94.26,"111,754.88"
10-Jul-2026,UPI/CR/TXN788258/A_CHANDA/YESB/Payment_fr_A_CHANDA,,68.08,"111,822.96"
10-Jul-2026,UPI/CR/TXN752123/K_MALLICK/YESB/Payment_fr_K_MALLICK,,86.91,"111,909.87"
10-Jul-2026,UPI/CR/TXN182427/B_PRAMANIK/YESB/Payment_fr_B_PRAMANIK,,13.03,"111,922.90"
10-Jul-2026,UPI/DR/TXN618554/BRITANNIA_SALES/HDFC/Payment_to_BRITANNIA_SALES,313.72,,"111,609.18"
10-Jul-2026,UPI/CR/TXN595890/B_PRAMANIK/YESB/Payment_fr_B_PRAMANIK,,76.95,"111,686.13"
10-Jul-2026,UPI/CR/TXN879055/A_K_ROY/YESB/Payment_fr_A_K_ROY,,76.93,"111,763.06"
10-Jul-2026,UPI/CR/TXN438400/A_KUNDU/YESB/Payment_fr_A_KUNDU,,17.28,"111,780.34"
10-Jul-2026,UPI/CR/TXN626154/T_ROY/YESB/Payment_fr_T_ROY,,9.06,"111,789.40"
11-Jul-2026,UPI/CR/TXN581498/S_MUKHERJEE/YESB/Payment_fr_S_MUKHERJEE,,26.63,"111,816.03"
11-Jul-2026,UPI/CR/TXN518568/A_BAKSHI/YESB/Payment_fr_A_BAKSHI,,76.53,"111,892.56"
11-Jul-2026,UPI/CR/TXN822460/S_MUKHERJEE/YESB/Payment_fr_S_MUKHERJEE,,54.11,"111,946.67"
11-Jul-2026,UPI/CR/TXN512658/B_PRAMANIK/YESB/Payment_fr_B_PRAMANIK,,18.10,"111,964.77"
11-Jul-2026,UPI/CR/TXN318742/A_KUNDU/YESB/Payment_fr_A_KUNDU,,46.54,"112,011.31"
11-Jul-2026,UPI/CR/TXN129365/N_DAS/YESB/Payment_fr_N_DAS,,75.86,"112,087.17"
11-Jul-2026,UPI/CR/TXN755879/B_PRAMANIK/YESB/Payment_fr_B_PRAMANIK,,95.27,"112,182.44"
11-Jul-2026,UPI/CR/TXN917632/C_ROY/YESB/Payment_fr_C_ROY,,91.20,"112,273.64"
11-Jul-2026,UPI/CR/TXN927062/R_HALDER/YESB/Payment_fr_R_HALDER,,84.58,"112,358.22"
11-Jul-2026,UPI/CR/TXN357138/A_BAKSHI/YESB/Payment_fr_A_BAKSHI,,58.97,"112,417.19"
11-Jul-2026,UPI/CR/TXN891213/K_MALLICK/YESB/Payment_fr_K_MALLICK,,102.14,"112,519.33"
11-Jul-2026,UPI/DR/TXN861244/SUDIP_DISTRIBUTORS/HDFC/Payment_to_SUDIP_DISTRIBUTORS,442.74,,"112,076.59"
11-Jul-2026,UPI/CR/TXN723303/S_BASU/YESB/Payment_fr_S_BASU,,25.06,"112,101.65"
11-Jul-2026,UPI/CR/TXN701804/M_MITRA/YESB/Payment_fr_M_MITRA,,91.16,"112,192.81"
11-Jul-2026,UPI/CR/TXN449188/S_SOM/YESB/Payment_fr_S_SOM,,96.40,"112,289.21"
11-Jul-2026,UPI/CR/TXN368113/B_BARUA/YESB/Payment_fr_B_BARUA,,34.71,"112,323.92"
11-Jul-2026,UPI/CR/TXN810587/A_KUNDU/YESB/Payment_fr_A_KUNDU,,63.83,"112,387.75"
11-Jul-2026,UPI/CR/TXN232434/D_SEN/YESB/Payment_fr_D_SEN,,88.55,"112,476.30"
11-Jul-2026,UPI/CR/TXN501975/S_GHOSH/YESB/Payment_fr_S_GHOSH,,95.44,"112,571.74"
11-Jul-2026,UPI/CR/TXN858183/S_SOM/YESB/Payment_fr_S_SOM,,11.65,"112,583.39"
11-Jul-2026,UPI/CR/TXN883968/R_HALDER/YESB/Payment_fr_R_HALDER,,29.50,"112,612.89"
11-Jul-2026,UPI/DR/TXN878999/HUL_DISTRIBUTORS/HDFC/Payment_to_HUL_DISTRIBUTORS,409.50,,"112,203.39"
12-Jul-2026,UPI/CR/TXN666310/D_PAL/YESB/Payment_fr_D_PAL,,21.60,"112,224.99"
12-Jul-2026,UPI/CR/TXN308328/A_K_ROY/YESB/Payment_fr_A_K_ROY,,87.07,"112,312.06"
12-Jul-2026,UPI/CR/TXN538587/C_ROY/YESB/Payment_fr_C_ROY,,58.25,"112,370.31"
12-Jul-2026,UPI/CR/TXN305967/J_BOSE/YESB/Payment_fr_J_BOSE,,54.79,"112,425.10"
12-Jul-2026,UPI/CR/TXN249898/RAM_SEN/YESB/Payment_fr_RAM_SEN,,4.00,"112,429.10"
12-Jul-2026,UPI/DR/TXN100370/METRO_CASH_CARRY/HDFC/Payment_to_METRO_CASH_CARRY,436.92,,"111,992.18"
12-Jul-2026,UPI/DR/TXN792502/DELHI_SPICES/HDFC/Payment_to_DELHI_SPICES,258.74,,"111,733.44"
12-Jul-2026,UPI/CR/TXN760891/S_SOM/YESB/Payment_fr_S_SOM,,43.45,"111,776.89"
12-Jul-2026,UPI/DR/TXN974857/DELHI_SPICES/HDFC/Payment_to_DELHI_SPICES,508.43,,"111,268.46"
12-Jul-2026,UPI/CR/TXN517848/S_DUTA/YESB/Payment_fr_S_DUTA,,78.46,"111,346.92"
12-Jul-2026,UPI/CR/TXN995857/S_MUKHERJEE/YESB/Payment_fr_S_MUKHERJEE,,92.19,"111,439.11"
12-Jul-2026,UPI/CR/TXN600466/P_MANDAL/YESB/Payment_fr_P_MANDAL,,55.19,"111,494.30"
12-Jul-2026,UPI/CR/TXN555238/J_BOSE/YESB/Payment_fr_J_BOSE,,24.43,"111,518.73"
12-Jul-2026,UPI/CR/TXN717545/A_KUNDU/YESB/Payment_fr_A_KUNDU,,44.12,"111,562.85"
12-Jul-2026,UPI/CR/TXN684745/P_BANERJEE/YESB/Payment_fr_P_BANERJEE,,41.63,"111,604.48"
12-Jul-2026,UPI/CR/TXN355790/N_DAS/YESB/Payment_fr_N_DAS,,68.33,"111,672.81"
12-Jul-2026,UPI/CR/TXN283722/P_PAUL/YESB/Payment_fr_P_PAUL,,42.22,"111,715.03"
12-Jul-2026,UPI/CR/TXN593357/A_K_ROY/YESB/Payment_fr_A_K_ROY,,81.07,"111,796.10"
12-Jul-2026,UPI/CR/TXN331757/A_K_ROY/YESB/Payment_fr_A_K_ROY,,35.44,"111,831.54"
12-Jul-2026,UPI/CR/TXN941356/R_HALDER/YESB/Payment_fr_R_HALDER,,87.11,"111,918.65"
12-Jul-2026,UPI/CR/TXN290407/T_ROY/YESB/Payment_fr_T_ROY,,76.47,"111,995.12"
12-Jul-2026,UPI/CR/TXN290065/S_MALAKAR/YESB/Payment_fr_S_MALAKAR,,78.59,"112,073.71"
13-Jul-2026,UPI/CR/TXN987730/A_CHAKRABORTY/YESB/Payment_fr_A_CHAKRABORTY,,5.09,"112,078.80"
13-Jul-2026,UPI/CR/TXN876619/D_CHATTERJEE/YESB/Payment_fr_D_CHATTERJEE,,75.99,"112,154.79"
13-Jul-2026,UPI/CR/TXN657593/B_NATH/YESB/Payment_fr_B_NATH,,93.58,"112,248.37"
13-Jul-2026,UPI/CR/TXN426558/RAM_SEN/YESB/Payment_fr_RAM_SEN,,1.86,"112,250.23"
13-Jul-2026,UPI/CR/TXN260017/B_PRAMANIK/YESB/Payment_fr_B_PRAMANIK,,7.77,"112,258.00"
13-Jul-2026,UPI/CR/TXN291482/K_GANGULY/YESB/Payment_fr_K_GANGULY,,49.76,"112,307.76"
13-Jul-2026,UPI/CR/TXN598796/B_NATH/YESB/Payment_fr_B_NATH,,61.93,"112,369.69"
13-Jul-2026,UPI/CR/TXN816546/P_DEY/YESB/Payment_fr_P_DEY,,73.97,"112,443.66"
13-Jul-2026,UPI/CR/TXN962588/R_DHAR/YESB/Payment_fr_R_DHAR,,11.03,"112,454.69"
13-Jul-2026,UPI/CR/TXN201843/K_MALLICK/YESB/Payment_fr_K_MALLICK,,26.36,"112,481.05"
13-Jul-2026,UPI/CR/TXN643814/D_PAL/YESB/Payment_fr_D_PAL,,37.14,"112,518.19"
13-Jul-2026,UPI/CR/TXN687173/T_SAMANTA/YESB/Payment_fr_T_SAMANTA,,59.00,"112,577.19"
13-Jul-2026,UPI/DR/TXN714391/NESTLE_INDIA/HDFC/Payment_to_NESTLE_INDIA,247.52,,"112,329.67"
13-Jul-2026,UPI/CR/TXN335745/N_DAS/YESB/Payment_fr_N_DAS,,61.46,"112,391.13"
13-Jul-2026,UPI/DR/TXN354240/PARLE_PRODUCTS/HDFC/Payment_to_PARLE_PRODUCTS,226.79,,"112,164.34"
13-Jul-2026,UPI/CR/TXN255214/D_PAL/YESB/Payment_fr_D_PAL,,59.32,"112,223.66"
13-Jul-2026,UPI/CR/TXN852110/S_GHOSH/YESB/Payment_fr_S_GHOSH,,46.05,"112,269.71"
13-Jul-2026,UPI/CR/TXN391835/G_MODAK/YESB/Payment_fr_G_MODAK,,54.27,"112,323.98"
13-Jul-2026,UPI/CR/TXN909508/D_CHATTERJEE/YESB/Payment_fr_D_CHATTERJEE,,48.51,"112,372.49"
13-Jul-2026,UPI/CR/TXN217432/K_GANGULY/YESB/Payment_fr_K_GANGULY,,14.78,"112,387.27"
13-Jul-2026,UPI/CR/TXN990941/R_HALDER/YESB/Payment_fr_R_HALDER,,28.11,"112,415.38"
13-Jul-2026,UPI/CR/TXN998541/D_PAL/YESB/Payment_fr_D_PAL,,66.18,"112,481.56"
14-Jul-2026,UPI/CR/TXN385925/D_SEN/YESB/Payment_fr_D_SEN,,1.38,"112,482.94"
14-Jul-2026,UPI/DR/TXN480160/AMUL_MILK_AGENCY/HDFC/Payment_to_AMUL_MILK_AGENCY,179.96,,"112,302.98"
14-Jul-2026,UPI/CR/TXN919370/A_CHAKRABORTY/YESB/Payment_fr_A_CHAKRABORTY,,64.58,"112,367.56"
14-Jul-2026,UPI/CR/TXN293084/S_SARKAR/YESB/Payment_fr_S_SARKAR,,10.78,"112,378.34"
14-Jul-2026,UPI/CR/TXN320544/A_KUNDU/YESB/Payment_fr_A_KUNDU,,67.51,"112,445.85"
14-Jul-2026,UPI/CR/TXN388115/D_PAL/YESB/Payment_fr_D_PAL,,19.48,"112,465.33"
14-Jul-2026,UPI/CR/TXN291021/A_KUNDU/YESB/Payment_fr_A_KUNDU,,42.51,"112,507.84"
14-Jul-2026,UPI/DR/TXN389635/DELHI_SPICES/HDFC/Payment_to_DELHI_SPICES,88.22,,"112,419.62"
14-Jul-2026,UPI/CR/TXN658224/A_CHANDA/YESB/Payment_fr_A_CHANDA,,98.37,"112,517.99"
14-Jul-2026,UPI/CR/TXN782039/G_MODAK/YESB/Payment_fr_G_MODAK,,11.13,"112,529.12"
14-Jul-2026,UPI/CR/TXN763664/G_MODAK/YESB/Payment_fr_G_MODAK,,53.51,"112,582.63"
14-Jul-2026,UPI/CR/TXN883572/A_BAKSHI/YESB/Payment_fr_A_BAKSHI,,33.16,"112,615.79"
14-Jul-2026,UPI/CR/TXN498325/P_BANERJEE/YESB/Payment_fr_P_BANERJEE,,57.50,"112,673.29"
14-Jul-2026,UPI/CR/TXN831618/A_CHAKRABORTY/YESB/Payment_fr_A_CHAKRABORTY,,30.77,"112,704.06"
14-Jul-2026,UPI/CR/TXN340500/T_ROY/YESB/Payment_fr_T_ROY,,20.52,"112,724.58"
14-Jul-2026,UPI/CR/TXN234425/K_MALLICK/YESB/Payment_fr_K_MALLICK,,35.68,"112,760.26"
14-Jul-2026,UPI/CR/TXN650750/R_SHAW/YESB/Payment_fr_R_SHAW,,79.17,"112,839.43"
14-Jul-2026,UPI/CR/TXN206367/P_NASKAR/YESB/Payment_fr_P_NASKAR,,59.04,"112,898.47"
14-Jul-2026,UPI/CR/TXN535293/A_CHANDA/YESB/Payment_fr_A_CHANDA,,87.68,"112,986.15"
14-Jul-2026,UPI/CR/TXN568516/P_NASKAR/YESB/Payment_fr_P_NASKAR,,10.42,"112,996.57"
14-Jul-2026,UPI/CR/TXN133833/S_MALAKAR/YESB/Payment_fr_S_MALAKAR,,69.59,"113,066.16"
14-Jul-2026,UPI/CR/TXN917326/S_DUTA/YESB/Payment_fr_S_DUTA,,29.55,"113,095.71"
15-Jul-2026,UPI/DR/TXN426275/HUL_DISTRIBUTORS/HDFC/Payment_to_HUL_DISTRIBUTORS,170.40,,"112,925.31"
15-Jul-2026,UPI/CR/TXN626704/A_CHANDA/YESB/Payment_fr_A_CHANDA,,18.28,"112,943.59"
15-Jul-2026,UPI/CR/TXN471910/S_GHOSH/YESB/Payment_fr_S_GHOSH,,15.58,"112,959.17"
15-Jul-2026,UPI/CR/TXN398042/A_BAKSHI/YESB/Payment_fr_A_BAKSHI,,58.77,"113,017.94"
15-Jul-2026,UPI/CR/TXN561809/A_CHAKRABORTY/YESB/Payment_fr_A_CHAKRABORTY,,73.61,"113,091.55"
15-Jul-2026,UPI/CR/TXN663706/B_BARUA/YESB/Payment_fr_B_BARUA,,7.34,"113,098.89"
15-Jul-2026,UPI/CR/TXN755216/G_MODAK/YESB/Payment_fr_G_MODAK,,84.31,"113,183.20"
15-Jul-2026,UPI/CR/TXN856646/K_MALLICK/YESB/Payment_fr_K_MALLICK,,66.70,"113,249.90"
15-Jul-2026,UPI/CR/TXN480272/A_CHAKRABORTY/YESB/Payment_fr_A_CHAKRABORTY,,14.86,"113,264.76"
15-Jul-2026,UPI/CR/TXN361118/A_CHAKRABORTY/YESB/Payment_fr_A_CHAKRABORTY,,49.54,"113,314.30"
15-Jul-2026,UPI/CR/TXN627499/T_SAMANTA/YESB/Payment_fr_T_SAMANTA,,37.31,"113,351.61"
15-Jul-2026,UPI/CR/TXN712763/N_DAS/YESB/Payment_fr_N_DAS,,54.47,"113,406.08"
15-Jul-2026,UPI/CR/TXN942726/B_NATH/YESB/Payment_fr_B_NATH,,77.67,"113,483.75"
15-Jul-2026,UPI/CR/TXN535239/S_MUKHERJEE/YESB/Payment_fr_S_MUKHERJEE,,4.55,"113,488.30"
15-Jul-2026,UPI/CR/TXN778522/R_HALDER/YESB/Payment_fr_R_HALDER,,77.19,"113,565.49"
15-Jul-2026,UPI/CR/TXN728441/P_NASKAR/YESB/Payment_fr_P_NASKAR,,87.03,"113,652.52"
15-Jul-2026,UPI/CR/TXN669113/A_K_ROY/YESB/Payment_fr_A_K_ROY,,88.45,"113,740.97"
15-Jul-2026,UPI/CR/TXN306984/P_BANERJEE/YESB/Payment_fr_P_BANERJEE,,97.92,"113,838.89"
15-Jul-2026,UPI/CR/TXN613405/B_NATH/YESB/Payment_fr_B_NATH,,76.80,"113,915.69"
15-Jul-2026,UPI/CR/TXN573431/A_CHANDA/YESB/Payment_fr_A_CHANDA,,81.10,"113,996.79"
15-Jul-2026,UPI/CR/TXN548264/A_CHANDA/YESB/Payment_fr_A_CHANDA,,52.82,"114,049.61"
15-Jul-2026,UPI/CR/TXN893751/P_PAUL/YESB/Payment_fr_P_PAUL,,39.61,"114,089.22"
16-Jul-2026,UPI/CR/TXN860636/K_GANGULY/YESB/Payment_fr_K_GANGULY,,33.90,"114,123.12"
16-Jul-2026,UPI/CR/TXN606755/K_GANGULY/YESB/Payment_fr_K_GANGULY,,56.69,"114,179.81"
16-Jul-2026,UPI/CR/TXN454180/M_MITRA/YESB/Payment_fr_M_MITRA,,88.11,"114,267.92"
16-Jul-2026,UPI/CR/TXN698745/S_SARKAR/YESB/Payment_fr_S_SARKAR,,11.63,"114,279.55"
16-Jul-2026,UPI/CR/TXN440401/A_BAKSHI/YESB/Payment_fr_A_BAKSHI,,90.50,"114,370.05"
16-Jul-2026,UPI/CR/TXN698301/R_HALDER/YESB/Payment_fr_R_HALDER,,56.48,"114,426.53"
16-Jul-2026,UPI/CR/TXN222060/P_BANERJEE/YESB/Payment_fr_P_BANERJEE,,27.04,"114,453.57"
16-Jul-2026,UPI/DR/TXN804892/KOLKATA_GRAINS/HDFC/Payment_to_KOLKATA_GRAINS,55.37,,"114,398.20"
16-Jul-2026,UPI/CR/TXN975958/S_DUTA/YESB/Payment_fr_S_DUTA,,54.04,"114,452.24"
16-Jul-2026,UPI/CR/TXN481024/S_DUTA/YESB/Payment_fr_S_DUTA,,54.06,"114,506.30"
16-Jul-2026,UPI/DR/TXN509992/PEPSI_DIST/HDFC/Payment_to_PEPSI_DIST,435.89,,"114,070.41"
16-Jul-2026,UPI/CR/TXN959860/S_MALAKAR/YESB/Payment_fr_S_MALAKAR,,72.11,"114,142.52"
16-Jul-2026,UPI/CR/TXN800822/S_MUKHERJEE/YESB/Payment_fr_S_MUKHERJEE,,71.26,"114,213.78"
16-Jul-2026,UPI/CR/TXN894758/K_MALLICK/YESB/Payment_fr_K_MALLICK,,49.82,"114,263.60"
16-Jul-2026,UPI/CR/TXN477338/K_GANGULY/YESB/Payment_fr_K_GANGULY,,20.82,"114,284.42"
16-Jul-2026,UPI/CR/TXN403404/B_PRAMANIK/YESB/Payment_fr_B_PRAMANIK,,42.30,"114,326.72"
16-Jul-2026,UPI/CR/TXN695213/R_SHAW/YESB/Payment_fr_R_SHAW,,18.56,"114,345.28"
16-Jul-2026,UPI/CR/TXN847315/T_SAMANTA/YESB/Payment_fr_T_SAMANTA,,71.89,"114,417.17"
16-Jul-2026,UPI/CR/TXN683469/D_SEN/YESB/Payment_fr_D_SEN,,93.12,"114,510.29"
16-Jul-2026,UPI/CR/TXN388134/J_HALDER/YESB/Payment_fr_J_HALDER,,21.59,"114,531.88"
16-Jul-2026,UPI/CR/TXN678788/S_BASU/YESB/Payment_fr_S_BASU,,31.49,"114,563.37"
16-Jul-2026,UPI/CR/TXN785362/S_MUKHERJEE/YESB/Payment_fr_S_MUKHERJEE,,42.76,"114,606.13"
17-Jul-2026,UPI/CR/TXN119788/B_BARUA/YESB/Payment_fr_B_BARUA,,74.44,"114,680.57"
17-Jul-2026,UPI/CR/TXN468706/S_BAG/YESB/Payment_fr_S_BAG,,43.68,"114,724.25"
17-Jul-2026,UPI/CR/TXN316157/G_MODAK/YESB/Payment_fr_G_MODAK,,52.94,"114,777.19"
17-Jul-2026,UPI/CR/TXN584664/P_PAUL/YESB/Payment_fr_P_PAUL,,8.69,"114,785.88"
17-Jul-2026,UPI/CR/TXN388060/A_K_ROY/YESB/Payment_fr_A_K_ROY,,31.56,"114,817.44"
17-Jul-2026,UPI/CR/TXN887887/A_K_ROY/YESB/Payment_fr_A_K_ROY,,53.56,"114,871.00"
17-Jul-2026,UPI/CR/TXN759835/K_GANGULY/YESB/Payment_fr_K_GANGULY,,29.40,"114,900.40"
17-Jul-2026,UPI/CR/TXN459609/RAM_SEN/YESB/Payment_fr_RAM_SEN,,38.00,"114,938.40"
17-Jul-2026,UPI/CR/TXN445521/S_GHOSH/YESB/Payment_fr_S_GHOSH,,18.24,"114,956.64"
17-Jul-2026,UPI/CR/TXN870651/S_DUTA/YESB/Payment_fr_S_DUTA,,27.76,"114,984.40"
17-Jul-2026,UPI/CR/TXN833543/A_BAKSHI/YESB/Payment_fr_A_BAKSHI,,101.95,"115,086.35"
17-Jul-2026,UPI/CR/TXN987409/K_GANGULY/YESB/Payment_fr_K_GANGULY,,77.22,"115,163.57"
17-Jul-2026,UPI/CR/TXN898304/S_DUTA/YESB/Payment_fr_S_DUTA,,39.31,"115,202.88"
17-Jul-2026,UPI/CR/TXN361982/D_CHATTERJEE/YESB/Payment_fr_D_CHATTERJEE,,87.30,"115,290.18"
17-Jul-2026,UPI/CR/TXN594761/B_NATH/YESB/Payment_fr_B_NATH,,46.10,"115,336.28"
17-Jul-2026,UPI/CR/TXN611265/P_DEY/YESB/Payment_fr_P_DEY,,66.11,"115,402.39"
17-Jul-2026,UPI/CR/TXN598372/T_ROY/YESB/Payment_fr_T_ROY,,90.53,"115,492.92"
17-Jul-2026,UPI/DR/TXN544612/ITC_FOODS/HDFC/Payment_to_ITC_FOODS,259.88,,"115,233.04"
17-Jul-2026,UPI/CR/TXN897671/S_SARKAR/YESB/Payment_fr_S_SARKAR,,30.29,"115,263.33"
17-Jul-2026,UPI/DR/TXN924508/PEPSI_DIST/HDFC/Payment_to_PEPSI_DIST,152.40,,"115,110.93"
17-Jul-2026,UPI/CR/TXN163214/S_BHATTACHARYA/YESB/Payment_fr_S_BHATTACHARYA,,86.24,"115,197.17"
17-Jul-2026,UPI/DR/TXN173822/KOLKATA_GRAINS/HDFC/Payment_to_KOLKATA_GRAINS,138.49,,"115,058.68"
18-Jul-2026,UPI/CR/TXN286049/S_MUKHERJEE/YESB/Payment_fr_S_MUKHERJEE,,31.75,"115,090.43"
18-Jul-2026,UPI/CR/TXN164153/S_DUTA/YESB/Payment_fr_S_DUTA,,66.34,"115,156.77"
18-Jul-2026,UPI/CR/TXN360704/S_MALAKAR/YESB/Payment_fr_S_MALAKAR,,9.23,"115,166.00"
18-Jul-2026,UPI/CR/TXN325272/A_BAKSHI/YESB/Payment_fr_A_BAKSHI,,78.84,"115,244.84"
18-Jul-2026,UPI/DR/TXN302764/ITC_FOODS/HDFC/Payment_to_ITC_FOODS,20.18,,"115,224.66"
18-Jul-2026,UPI/CR/TXN594797/S_BHATTACHARYA/YESB/Payment_fr_S_BHATTACHARYA,,76.65,"115,301.31"
18-Jul-2026,UPI/CR/TXN748938/A_K_ROY/YESB/Payment_fr_A_K_ROY,,54.71,"115,356.02"
18-Jul-2026,UPI/CR/TXN201690/B_NATH/YESB/Payment_fr_B_NATH,,33.91,"115,389.93"
18-Jul-2026,UPI/CR/TXN910237/S_SOM/YESB/Payment_fr_S_SOM,,1.63,"115,391.56"
18-Jul-2026,UPI/CR/TXN187128/R_DHAR/YESB/Payment_fr_R_DHAR,,34.04,"115,425.60"
18-Jul-2026,UPI/CR/TXN924076/J_BOSE/YESB/Payment_fr_J_BOSE,,46.79,"115,472.39"
18-Jul-2026,UPI/CR/TXN369804/B_BARUA/YESB/Payment_fr_B_BARUA,,50.04,"115,522.43"
18-Jul-2026,UPI/CR/TXN669711/A_K_ROY/YESB/Payment_fr_A_K_ROY,,25.48,"115,547.91"
18-Jul-2026,UPI/CR/TXN127498/S_GHOSH/YESB/Payment_fr_S_GHOSH,,9.73,"115,557.64"
18-Jul-2026,UPI/CR/TXN993761/R_SHAW/YESB/Payment_fr_R_SHAW,,35.21,"115,592.85"
18-Jul-2026,UPI/CR/TXN977504/M_MITRA/YESB/Payment_fr_M_MITRA,,1.87,"115,594.72"
18-Jul-2026,UPI/CR/TXN331795/A_CHANDA/YESB/Payment_fr_A_CHANDA,,51.15,"115,645.87"
18-Jul-2026,UPI/CR/TXN870109/J_BOSE/YESB/Payment_fr_J_BOSE,,84.59,"115,730.46"
18-Jul-2026,UPI/CR/TXN788428/C_ROY/YESB/Payment_fr_C_ROY,,59.09,"115,789.55"
18-Jul-2026,UPI/CR/TXN548088/C_ROY/YESB/Payment_fr_C_ROY,,73.01,"115,862.56"
18-Jul-2026,UPI/CR/TXN309709/B_PRAMANIK/YESB/Payment_fr_B_PRAMANIK,,76.42,"115,938.98"
18-Jul-2026,UPI/CR/TXN293595/K_MALLICK/YESB/Payment_fr_K_MALLICK,,39.66,"115,978.64"
19-Jul-2026,UPI/CR/TXN301225/R_SHAW/YESB/Payment_fr_R_SHAW,,61.82,"116,040.46"
19-Jul-2026,UPI/CR/TXN364583/S_SOM/YESB/Payment_fr_S_SOM,,31.56,"116,072.02"
19-Jul-2026,UPI/CR/TXN815153/S_DUTA/YESB/Payment_fr_S_DUTA,,79.93,"116,151.95"
19-Jul-2026,UPI/CR/TXN705203/S_BHATTACHARYA/YESB/Payment_fr_S_BHATTACHARYA,,101.49,"116,253.44"
19-Jul-2026,UPI/CR/TXN932773/P_NASKAR/YESB/Payment_fr_P_NASKAR,,99.76,"116,353.20"
19-Jul-2026,UPI/CR/TXN258733/S_BHATTACHARYA/YESB/Payment_fr_S_BHATTACHARYA,,73.70,"116,426.90"
19-Jul-2026,UPI/CR/TXN693194/A_K_ROY/YESB/Payment_fr_A_K_ROY,,97.02,"116,523.92"
19-Jul-2026,UPI/CR/TXN259151/A_BAKSHI/YESB/Payment_fr_A_BAKSHI,,12.67,"116,536.59"
19-Jul-2026,UPI/CR/TXN261943/D_SEN/YESB/Payment_fr_D_SEN,,26.91,"116,563.50"
19-Jul-2026,UPI/CR/TXN317822/P_NASKAR/YESB/Payment_fr_P_NASKAR,,39.50,"116,603.00"
19-Jul-2026,UPI/CR/TXN718887/B_BARUA/YESB/Payment_fr_B_BARUA,,62.21,"116,665.21"
19-Jul-2026,UPI/CR/TXN970177/A_CHAKRABORTY/YESB/Payment_fr_A_CHAKRABORTY,,75.78,"116,740.99"
19-Jul-2026,UPI/CR/TXN559822/A_K_ROY/YESB/Payment_fr_A_K_ROY,,21.15,"116,762.14"
19-Jul-2026,UPI/CR/TXN772534/K_GANGULY/YESB/Payment_fr_K_GANGULY,,14.62,"116,776.76"
19-Jul-2026,UPI/CR/TXN375632/S_BHATTACHARYA/YESB/Payment_fr_S_BHATTACHARYA,,92.41,"116,869.17"
19-Jul-2026,UPI/CR/TXN650549/S_BHATTACHARYA/YESB/Payment_fr_S_BHATTACHARYA,,14.34,"116,883.51"
19-Jul-2026,UPI/CR/TXN285973/P_PAUL/YESB/Payment_fr_P_PAUL,,51.73,"116,935.24"
19-Jul-2026,UPI/CR/TXN396012/S_MALAKAR/YESB/Payment_fr_S_MALAKAR,,42.37,"116,977.61"
19-Jul-2026,UPI/CR/TXN885088/D_CHATTERJEE/YESB/Payment_fr_D_CHATTERJEE,,49.35,"117,026.96"
19-Jul-2026,UPI/CR/TXN441505/B_BARUA/YESB/Payment_fr_B_BARUA,,13.18,"117,040.14"
19-Jul-2026,UPI/DR/TXN593993/ITC_FOODS/HDFC/Payment_to_ITC_FOODS,242.11,,"116,798.03"
19-Jul-2026,UPI/CR/TXN690913/S_SOM/YESB/Payment_fr_S_SOM,,84.82,"116,882.85"
20-Jul-2026,UPI/CR/TXN875788/S_SARKAR/YESB/Payment_fr_S_SARKAR,,4.85,"116,887.70"
20-Jul-2026,UPI/DR/TXN385320/RELIANCE_RETAIL/HDFC/Payment_to_RELIANCE_RETAIL,425.92,,"116,461.78"
20-Jul-2026,UPI/CR/TXN913602/N_DAS/YESB/Payment_fr_N_DAS,,70.21,"116,531.99"
20-Jul-2026,UPI/CR/TXN129861/A_CHANDA/YESB/Payment_fr_A_CHANDA,,83.23,"116,615.22"
20-Jul-2026,UPI/CR/TXN305821/B_PRAMANIK/YESB/Payment_fr_B_PRAMANIK,,20.31,"116,635.53"
20-Jul-2026,UPI/CR/TXN435560/T_ROY/YESB/Payment_fr_T_ROY,,16.82,"116,652.35"
20-Jul-2026,UPI/DR/TXN991253/DELHI_SPICES/HDFC/Payment_to_DELHI_SPICES,495.56,,"116,156.79"
20-Jul-2026,UPI/CR/TXN657075/S_DUTA/YESB/Payment_fr_S_DUTA,,37.65,"116,194.44"
20-Jul-2026,UPI/CR/TXN247290/A_K_ROY/YESB/Payment_fr_A_K_ROY,,2.15,"116,196.59"
20-Jul-2026,UPI/CR/TXN750033/S_BAG/YESB/Payment_fr_S_BAG,,21.58,"116,218.17"
20-Jul-2026,UPI/CR/TXN756326/T_ROY/YESB/Payment_fr_T_ROY,,58.90,"116,277.07"
20-Jul-2026,UPI/CR/TXN302408/K_GANGULY/YESB/Payment_fr_K_GANGULY,,3.12,"116,280.19"
20-Jul-2026,UPI/CR/TXN938641/M_MITRA/YESB/Payment_fr_M_MITRA,,94.32,"116,374.51"
20-Jul-2026,UPI/CR/TXN560996/D_PAL/YESB/Payment_fr_D_PAL,,59.84,"116,434.35"
20-Jul-2026,UPI/CR/TXN857065/B_NATH/YESB/Payment_fr_B_NATH,,10.67,"116,445.02"
20-Jul-2026,UPI/CR/TXN821211/B_BARUA/YESB/Payment_fr_B_BARUA,,98.88,"116,543.90"
20-Jul-2026,UPI/CR/TXN543054/T_ROY/YESB/Payment_fr_T_ROY,,69.45,"116,613.35"
20-Jul-2026,UPI/CR/TXN320869/D_CHATTERJEE/YESB/Payment_fr_D_CHATTERJEE,,79.16,"116,692.51"
20-Jul-2026,UPI/CR/TXN857619/R_HALDER/YESB/Payment_fr_R_HALDER,,69.16,"116,761.67"
20-Jul-2026,UPI/DR/TXN897530/METRO_CASH_CARRY/HDFC/Payment_to_METRO_CASH_CARRY,457.66,,"116,304.01"
20-Jul-2026,UPI/CR/TXN208656/B_NATH/YESB/Payment_fr_B_NATH,,28.39,"116,332.40"
21-Jul-2026,UPI/DR/TXN363537/SUDIP_DISTRIBUTORS/HDFC/Payment_to_SUDIP_DISTRIBUTORS,324.51,,"116,007.89"
21-Jul-2026,UPI/DR/TXN895302/COCA_COLA_SUPPLY/HDFC/Payment_to_COCA_COLA_SUPPLY,520.16,,"115,487.73"
21-Jul-2026,UPI/CR/TXN384245/J_HALDER/YESB/Payment_fr_J_HALDER,,29.37,"115,517.10"
21-Jul-2026,UPI/CR/TXN236113/K_GANGULY/YESB/Payment_fr_K_GANGULY,,84.78,"115,601.88"
21-Jul-2026,UPI/CR/TXN397539/K_GANGULY/YESB/Payment_fr_K_GANGULY,,35.30,"115,637.18"
21-Jul-2026,UPI/CR/TXN766876/T_ROY/YESB/Payment_fr_T_ROY,,103.80,"115,740.98"
21-Jul-2026,UPI/CR/TXN131000/S_MUKHERJEE/YESB/Payment_fr_S_MUKHERJEE,,51.10,"115,792.08"
21-Jul-2026,UPI/CR/TXN123470/S_MALAKAR/YESB/Payment_fr_S_MALAKAR,,91.85,"115,883.93"
21-Jul-2026,UPI/CR/TXN492547/S_BHATTACHARYA/YESB/Payment_fr_S_BHATTACHARYA,,1.62,"115,885.55"
21-Jul-2026,UPI/CR/TXN302999/P_DEY/YESB/Payment_fr_P_DEY,,27.40,"115,912.95"
21-Jul-2026,UPI/DR/TXN410899/PEPSI_DIST/HDFC/Payment_to_PEPSI_DIST,118.95,,"115,794.00"
21-Jul-2026,UPI/CR/TXN329964/D_PAL/YESB/Payment_fr_D_PAL,,3.30,"115,797.30"
21-Jul-2026,UPI/CR/TXN441501/R_SHAW/YESB/Payment_fr_R_SHAW,,62.32,"115,859.62"
21-Jul-2026,UPI/CR/TXN473818/A_KUNDU/YESB/Payment_fr_A_KUNDU,,9.47,"115,869.09"
21-Jul-2026,UPI/CR/TXN140147/S_SOM/YESB/Payment_fr_S_SOM,,45.89,"115,914.98"
21-Jul-2026,UPI/CR/TXN907327/A_KUNDU/YESB/Payment_fr_A_KUNDU,,87.73,"116,002.71"
21-Jul-2026,UPI/CR/TXN434713/RAM_SEN/YESB/Payment_fr_RAM_SEN,,97.06,"116,099.77"
21-Jul-2026,UPI/CR/TXN488283/M_MITRA/YESB/Payment_fr_M_MITRA,,23.36,"116,123.13"
21-Jul-2026,UPI/CR/TXN980779/RAM_SEN/YESB/Payment_fr_RAM_SEN,,39.92,"116,163.05"
21-Jul-2026,UPI/CR/TXN453737/K_GANGULY/YESB/Payment_fr_K_GANGULY,,33.05,"116,196.10"
21-Jul-2026,UPI/CR/TXN968454/S_BAG/YESB/Payment_fr_S_BAG,,33.79,"116,229.89"
22-Jul-2026,UPI/DR/TXN151288/METRO_CASH_CARRY/HDFC/Payment_to_METRO_CASH_CARRY,311.75,,"115,918.14"
22-Jul-2026,UPI/CR/TXN457546/K_MALLICK/YESB/Payment_fr_K_MALLICK,,83.98,"116,002.12"
22-Jul-2026,UPI/CR/TXN247031/G_MODAK/YESB/Payment_fr_G_MODAK,,67.46,"116,069.58"
22-Jul-2026,UPI/DR/TXN437558/COCA_COLA_SUPPLY/HDFC/Payment_to_COCA_COLA_SUPPLY,196.89,,"115,872.69"
22-Jul-2026,UPI/CR/TXN988217/G_MODAK/YESB/Payment_fr_G_MODAK,,68.93,"115,941.62"
22-Jul-2026,UPI/CR/TXN899840/A_CHAKRABORTY/YESB/Payment_fr_A_CHAKRABORTY,,98.25,"116,039.87"
22-Jul-2026,UPI/CR/TXN264592/A_BAKSHI/YESB/Payment_fr_A_BAKSHI,,35.16,"116,075.03"
22-Jul-2026,UPI/CR/TXN739135/T_ROY/YESB/Payment_fr_T_ROY,,28.25,"116,103.28"
22-Jul-2026,UPI/CR/TXN899316/P_BANERJEE/YESB/Payment_fr_P_BANERJEE,,47.57,"116,150.85"
22-Jul-2026,UPI/CR/TXN176573/M_GUHA/YESB/Payment_fr_M_GUHA,,57.34,"116,208.19"
22-Jul-2026,UPI/CR/TXN119628/S_SARKAR/YESB/Payment_fr_S_SARKAR,,58.76,"116,266.95"
22-Jul-2026,UPI/CR/TXN107217/J_BOSE/YESB/Payment_fr_J_BOSE,,75.76,"116,342.71"
22-Jul-2026,UPI/CR/TXN696985/T_ROY/YESB/Payment_fr_T_ROY,,15.05,"116,357.76"
22-Jul-2026,UPI/CR/TXN170461/K_GANGULY/YESB/Payment_fr_K_GANGULY,,46.32,"116,404.08"
22-Jul-2026,UPI/CR/TXN762574/B_BARUA/YESB/Payment_fr_B_BARUA,,81.14,"116,485.22"
22-Jul-2026,UPI/DR/TXN856597/KOLKATA_GRAINS/HDFC/Payment_to_KOLKATA_GRAINS,181.41,,"116,303.81"
22-Jul-2026,UPI/CR/TXN685410/M_MITRA/YESB/Payment_fr_M_MITRA,,4.03,"116,307.84"
22-Jul-2026,UPI/CR/TXN337248/S_BAG/YESB/Payment_fr_S_BAG,,41.80,"116,349.64"
22-Jul-2026,UPI/CR/TXN733992/S_DUTA/YESB/Payment_fr_S_DUTA,,89.74,"116,439.38"
22-Jul-2026,UPI/CR/TXN716472/S_MUKHERJEE/YESB/Payment_fr_S_MUKHERJEE,,25.04,"116,464.42"
22-Jul-2026,UPI/CR/TXN271055/D_CHATTERJEE/YESB/Payment_fr_D_CHATTERJEE,,85.97,"116,550.39"
23-Jul-2026,UPI/CR/TXN709970/RAM_SEN/YESB/Payment_fr_RAM_SEN,,55.30,"116,605.69"
23-Jul-2026,UPI/CR/TXN899541/B_BARUA/YESB/Payment_fr_B_BARUA,,12.98,"116,618.67"
23-Jul-2026,UPI/CR/TXN298049/C_ROY/YESB/Payment_fr_C_ROY,,68.81,"116,687.48"
23-Jul-2026,UPI/CR/TXN919938/J_BOSE/YESB/Payment_fr_J_BOSE,,32.22,"116,719.70"
23-Jul-2026,UPI/CR/TXN547898/A_CHANDA/YESB/Payment_fr_A_CHANDA,,61.77,"116,781.47"
23-Jul-2026,UPI/CR/TXN790138/N_DAS/YESB/Payment_fr_N_DAS,,78.32,"116,859.79"
23-Jul-2026,UPI/CR/TXN813447/S_GHOSH/YESB/Payment_fr_S_GHOSH,,76.62,"116,936.41"
23-Jul-2026,UPI/CR/TXN507937/A_CHAKRABORTY/YESB/Payment_fr_A_CHAKRABORTY,,83.49,"117,019.90"
23-Jul-2026,UPI/CR/TXN770699/P_NASKAR/YESB/Payment_fr_P_NASKAR,,51.76,"117,071.66"
23-Jul-2026,UPI/CR/TXN535029/S_BAG/YESB/Payment_fr_S_BAG,,40.95,"117,112.61"
23-Jul-2026,UPI/CR/TXN417929/K_MALLICK/YESB/Payment_fr_K_MALLICK,,98.64,"117,211.25"
23-Jul-2026,UPI/CR/TXN525362/B_PRAMANIK/YESB/Payment_fr_B_PRAMANIK,,101.66,"117,312.91"
23-Jul-2026,UPI/CR/TXN216941/J_HALDER/YESB/Payment_fr_J_HALDER,,86.87,"117,399.78"
23-Jul-2026,UPI/CR/TXN578482/T_SAMANTA/YESB/Payment_fr_T_SAMANTA,,18.15,"117,417.93"
23-Jul-2026,UPI/DR/TXN111292/RELIANCE_RETAIL/HDFC/Payment_to_RELIANCE_RETAIL,426.52,,"116,991.41"
23-Jul-2026,UPI/CR/TXN147573/A_CHANDA/YESB/Payment_fr_A_CHANDA,,73.22,"117,064.63"
23-Jul-2026,UPI/CR/TXN425039/S_SOM/YESB/Payment_fr_S_SOM,,33.70,"117,098.33"
23-Jul-2026,UPI/CR/TXN226204/S_SARKAR/YESB/Payment_fr_S_SARKAR,,9.45,"117,107.78"
23-Jul-2026,UPI/CR/TXN527456/G_MODAK/YESB/Payment_fr_G_MODAK,,49.44,"117,157.22"
23-Jul-2026,UPI/CR/TXN580501/J_BOSE/YESB/Payment_fr_J_BOSE,,52.47,"117,209.69"
23-Jul-2026,UPI/CR/TXN460934/R_SHAW/YESB/Payment_fr_R_SHAW,,34.31,"117,244.00"
24-Jul-2026,UPI/CR/TXN274544/P_PAUL/YESB/Payment_fr_P_PAUL,,83.96,"117,327.96"
24-Jul-2026,UPI/CR/TXN939133/P_NASKAR/YESB/Payment_fr_P_NASKAR,,80.00,"117,407.96"
24-Jul-2026,UPI/CR/TXN874831/A_BAKSHI/YESB/Payment_fr_A_BAKSHI,,7.49,"117,415.45"
24-Jul-2026,UPI/CR/TXN320290/P_BANERJEE/YESB/Payment_fr_P_BANERJEE,,56.22,"117,471.67"
24-Jul-2026,UPI/CR/TXN447688/A_K_ROY/YESB/Payment_fr_A_K_ROY,,10.44,"117,482.11"
24-Jul-2026,UPI/CR/TXN296868/R_DHAR/YESB/Payment_fr_R_DHAR,,21.58,"117,503.69"
24-Jul-2026,UPI/CR/TXN964352/C_ROY/YESB/Payment_fr_C_ROY,,38.88,"117,542.57"
24-Jul-2026,UPI/CR/TXN739434/A_CHANDA/YESB/Payment_fr_A_CHANDA,,24.78,"117,567.35"
24-Jul-2026,UPI/CR/TXN367762/K_MALLICK/YESB/Payment_fr_K_MALLICK,,4.51,"117,571.86"
24-Jul-2026,UPI/CR/TXN615909/A_CHAKRABORTY/YESB/Payment_fr_A_CHAKRABORTY,,50.03,"117,621.89"
24-Jul-2026,UPI/CR/TXN957479/J_HALDER/YESB/Payment_fr_J_HALDER,,6.84,"117,628.73"
24-Jul-2026,UPI/CR/TXN226120/B_NATH/YESB/Payment_fr_B_NATH,,26.37,"117,655.10"
24-Jul-2026,UPI/DR/TXN682753/NESTLE_INDIA/HDFC/Payment_to_NESTLE_INDIA,399.10,,"117,256.00"
24-Jul-2026,UPI/CR/TXN695833/K_MALLICK/YESB/Payment_fr_K_MALLICK,,42.16,"117,298.16"
24-Jul-2026,UPI/CR/TXN371426/G_MODAK/YESB/Payment_fr_G_MODAK,,98.75,"117,396.91"
24-Jul-2026,UPI/CR/TXN880080/A_BAKSHI/YESB/Payment_fr_A_BAKSHI,,48.95,"117,445.86"
24-Jul-2026,UPI/CR/TXN482801/P_DEY/YESB/Payment_fr_P_DEY,,36.94,"117,482.80"
24-Jul-2026,UPI/CR/TXN462163/S_BASU/YESB/Payment_fr_S_BASU,,66.30,"117,549.10"
24-Jul-2026,UPI/CR/TXN356578/P_PAUL/YESB/Payment_fr_P_PAUL,,51.46,"117,600.56"
24-Jul-2026,UPI/CR/TXN751493/S_MUKHERJEE/YESB/Payment_fr_S_MUKHERJEE,,14.49,"117,615.05"
24-Jul-2026,UPI/CR/TXN724719/S_DUTA/YESB/Payment_fr_S_DUTA,,76.75,"117,691.80"
25-Jul-2026,UPI/CR/TXN132390/J_BOSE/YESB/Payment_fr_J_BOSE,,24.84,"117,716.64"
25-Jul-2026,UPI/DR/TXN962392/COCA_COLA_SUPPLY/HDFC/Payment_to_COCA_COLA_SUPPLY,181.27,,"117,535.37"
25-Jul-2026,UPI/DR/TXN173957/RELIANCE_RETAIL/HDFC/Payment_to_RELIANCE_RETAIL,224.69,,"117,310.68"
25-Jul-2026,UPI/CR/TXN335206/S_SARKAR/YESB/Payment_fr_S_SARKAR,,74.39,"117,385.07"
25-Jul-2026,UPI/CR/TXN210339/S_BAG/YESB/Payment_fr_S_BAG,,87.35,"117,472.42"
25-Jul-2026,UPI/CR/TXN608817/B_BARUA/YESB/Payment_fr_B_BARUA,,72.48,"117,544.90"
25-Jul-2026,UPI/CR/TXN458997/J_BOSE/YESB/Payment_fr_J_BOSE,,68.51,"117,613.41"
25-Jul-2026,UPI/DR/TXN907346/SUDIP_DISTRIBUTORS/HDFC/Payment_to_SUDIP_DISTRIBUTORS,242.27,,"117,371.14"
25-Jul-2026,UPI/DR/TXN259222/BRITANNIA_SALES/HDFC/Payment_to_BRITANNIA_SALES,45.45,,"117,325.69"
25-Jul-2026,UPI/CR/TXN100519/S_MUKHERJEE/YESB/Payment_fr_S_MUKHERJEE,,7.98,"117,333.67"
25-Jul-2026,UPI/CR/TXN267003/M_GUHA/YESB/Payment_fr_M_GUHA,,9.83,"117,343.50"
25-Jul-2026,UPI/CR/TXN823201/P_DEY/YESB/Payment_fr_P_DEY,,57.65,"117,401.15"
25-Jul-2026,UPI/CR/TXN995739/A_CHAKRABORTY/YESB/Payment_fr_A_CHAKRABORTY,,28.50,"117,429.65"
25-Jul-2026,UPI/CR/TXN315621/A_KUNDU/YESB/Payment_fr_A_KUNDU,,20.26,"117,449.91"
25-Jul-2026,UPI/CR/TXN424333/N_DAS/YESB/Payment_fr_N_DAS,,34.35,"117,484.26"
25-Jul-2026,UPI/CR/TXN470789/C_ROY/YESB/Payment_fr_C_ROY,,93.75,"117,578.01"
25-Jul-2026,UPI/CR/TXN487125/S_BHATTACHARYA/YESB/Payment_fr_S_BHATTACHARYA,,73.16,"117,651.17"
25-Jul-2026,UPI/CR/TXN459065/A_BAKSHI/YESB/Payment_fr_A_BAKSHI,,65.66,"117,716.83"
25-Jul-2026,UPI/DR/TXN367861/AMUL_MILK_AGENCY/HDFC/Payment_to_AMUL_MILK_AGENCY,198.84,,"117,517.99"
25-Jul-2026,UPI/CR/TXN937055/K_GANGULY/YESB/Payment_fr_K_GANGULY,,66.46,"117,584.45"
25-Jul-2026,UPI/CR/TXN817606/P_BANERJEE/YESB/Payment_fr_P_BANERJEE,,35.35,"117,619.80"
26-Jul-2026,UPI/CR/TXN739664/S_MUKHERJEE/YESB/Payment_fr_S_MUKHERJEE,,14.67,"117,634.47"
26-Jul-2026,UPI/CR/TXN257726/G_MODAK/YESB/Payment_fr_G_MODAK,,49.27,"117,683.74"
26-Jul-2026,UPI/CR/TXN884267/S_DUTA/YESB/Payment_fr_S_DUTA,,44.61,"117,728.35"
26-Jul-2026,UPI/CR/TXN919176/S_DUTA/YESB/Payment_fr_S_DUTA,,99.90,"117,828.25"
26-Jul-2026,UPI/CR/TXN705659/S_SARKAR/YESB/Payment_fr_S_SARKAR,,80.97,"117,909.22"
26-Jul-2026,UPI/CR/TXN765748/R_SHAW/YESB/Payment_fr_R_SHAW,,44.98,"117,954.20"
26-Jul-2026,UPI/CR/TXN779309/P_DEY/YESB/Payment_fr_P_DEY,,102.80,"118,057.00"
26-Jul-2026,UPI/DR/TXN890888/MOTHER_DAIRY_CO/HDFC/Payment_to_MOTHER_DAIRY_CO,336.96,,"117,720.04"
26-Jul-2026,UPI/CR/TXN346120/D_CHATTERJEE/YESB/Payment_fr_D_CHATTERJEE,,82.05,"117,802.09"
26-Jul-2026,UPI/CR/TXN848476/S_SOM/YESB/Payment_fr_S_SOM,,102.02,"117,904.11"
26-Jul-2026,UPI/CR/TXN805676/R_SHAW/YESB/Payment_fr_R_SHAW,,101.35,"118,005.46"
26-Jul-2026,UPI/CR/TXN888432/A_KUNDU/YESB/Payment_fr_A_KUNDU,,44.46,"118,049.92"
26-Jul-2026,UPI/CR/TXN484265/R_SHAW/YESB/Payment_fr_R_SHAW,,101.09,"118,151.01"
26-Jul-2026,UPI/CR/TXN980817/G_MODAK/YESB/Payment_fr_G_MODAK,,95.50,"118,246.51"
26-Jul-2026,UPI/CR/TXN899908/S_GHOSH/YESB/Payment_fr_S_GHOSH,,57.03,"118,303.54"
26-Jul-2026,UPI/CR/TXN948743/R_HALDER/YESB/Payment_fr_R_HALDER,,91.00,"118,394.54"
26-Jul-2026,UPI/CR/TXN596789/S_BHATTACHARYA/YESB/Payment_fr_S_BHATTACHARYA,,29.73,"118,424.27"
26-Jul-2026,UPI/CR/TXN446723/A_BAKSHI/YESB/Payment_fr_A_BAKSHI,,24.23,"118,448.50"
26-Jul-2026,UPI/CR/TXN618870/S_MALAKAR/YESB/Payment_fr_S_MALAKAR,,99.12,"118,547.62"
26-Jul-2026,UPI/CR/TXN188129/P_DEY/YESB/Payment_fr_P_DEY,,83.13,"118,630.75"
26-Jul-2026,UPI/CR/TXN157994/S_MALAKAR/YESB/Payment_fr_S_MALAKAR,,34.50,"118,665.25"
27-Jul-2026,UPI/CR/TXN968543/S_MALAKAR/YESB/Payment_fr_S_MALAKAR,,34.54,"118,699.79"
27-Jul-2026,UPI/CR/TXN504032/P_BANERJEE/YESB/Payment_fr_P_BANERJEE,,2.57,"118,702.36"
27-Jul-2026,UPI/CR/TXN957011/S_BHATTACHARYA/YESB/Payment_fr_S_BHATTACHARYA,,19.57,"118,721.93"
27-Jul-2026,UPI/CR/TXN126658/B_BARUA/YESB/Payment_fr_B_BARUA,,59.63,"118,781.56"
27-Jul-2026,UPI/CR/TXN441293/R_SHAW/YESB/Payment_fr_R_SHAW,,55.96,"118,837.52"
27-Jul-2026,UPI/CR/TXN886249/D_PAL/YESB/Payment_fr_D_PAL,,37.07,"118,874.59"
27-Jul-2026,UPI/DR/TXN208055/HUL_DISTRIBUTORS/HDFC/Payment_to_HUL_DISTRIBUTORS,204.47,,"118,670.12"
27-Jul-2026,UPI/CR/TXN668714/S_GHOSH/YESB/Payment_fr_S_GHOSH,,96.97,"118,767.09"
27-Jul-2026,UPI/CR/TXN805983/A_BAKSHI/YESB/Payment_fr_A_BAKSHI,,51.73,"118,818.82"
27-Jul-2026,UPI/DR/TXN230929/AMUL_MILK_AGENCY/HDFC/Payment_to_AMUL_MILK_AGENCY,214.10,,"118,604.72"
27-Jul-2026,UPI/CR/TXN889056/D_CHATTERJEE/YESB/Payment_fr_D_CHATTERJEE,,41.78,"118,646.50"
27-Jul-2026,UPI/CR/TXN277985/S_BHATTACHARYA/YESB/Payment_fr_S_BHATTACHARYA,,20.34,"118,666.84"
27-Jul-2026,UPI/CR/TXN339834/S_BASU/YESB/Payment_fr_S_BASU,,70.22,"118,737.06"
27-Jul-2026,UPI/CR/TXN456316/B_PRAMANIK/YESB/Payment_fr_B_PRAMANIK,,21.14,"118,758.20"
27-Jul-2026,UPI/CR/TXN902097/C_ROY/YESB/Payment_fr_C_ROY,,31.15,"118,789.35"
27-Jul-2026,UPI/DR/TXN867305/SUDIP_DISTRIBUTORS/HDFC/Payment_to_SUDIP_DISTRIBUTORS,358.42,,"118,430.93"
27-Jul-2026,UPI/CR/TXN923982/S_MALAKAR/YESB/Payment_fr_S_MALAKAR,,80.31,"118,511.24"
27-Jul-2026,UPI/CR/TXN862010/M_GUHA/YESB/Payment_fr_M_GUHA,,103.39,"118,614.63"
27-Jul-2026,UPI/CR/TXN915807/R_HALDER/YESB/Payment_fr_R_HALDER,,89.89,"118,704.52"
27-Jul-2026,UPI/CR/TXN269748/P_PAUL/YESB/Payment_fr_P_PAUL,,96.48,"118,801.00"
27-Jul-2026,UPI/DR/TXN759077/PARLE_PRODUCTS/HDFC/Payment_to_PARLE_PRODUCTS,204.74,,"118,596.26"
28-Jul-2026,UPI/CR/TXN747554/S_SARKAR/YESB/Payment_fr_S_SARKAR,,40.94,"118,637.20"
28-Jul-2026,UPI/CR/TXN552492/B_PRAMANIK/YESB/Payment_fr_B_PRAMANIK,,25.35,"118,662.55"
28-Jul-2026,UPI/CR/TXN465603/RAM_SEN/YESB/Payment_fr_RAM_SEN,,61.77,"118,724.32"
28-Jul-2026,UPI/CR/TXN549407/A_BAKSHI/YESB/Payment_fr_A_BAKSHI,,22.02,"118,746.34"
28-Jul-2026,UPI/CR/TXN487395/A_CHAKRABORTY/YESB/Payment_fr_A_CHAKRABORTY,,71.96,"118,818.30"
28-Jul-2026,UPI/CR/TXN588337/S_BASU/YESB/Payment_fr_S_BASU,,67.01,"118,885.31"
28-Jul-2026,UPI/CR/TXN105948/C_ROY/YESB/Payment_fr_C_ROY,,91.54,"118,976.85"
28-Jul-2026,UPI/CR/TXN223542/A_BAKSHI/YESB/Payment_fr_A_BAKSHI,,100.37,"119,077.22"
28-Jul-2026,UPI/CR/TXN547232/S_SOM/YESB/Payment_fr_S_SOM,,9.36,"119,086.58"
28-Jul-2026,UPI/CR/TXN255570/T_ROY/YESB/Payment_fr_T_ROY,,25.10,"119,111.68"
28-Jul-2026,UPI/CR/TXN921079/J_BOSE/YESB/Payment_fr_J_BOSE,,86.95,"119,198.63"
28-Jul-2026,UPI/CR/TXN187436/A_BAKSHI/YESB/Payment_fr_A_BAKSHI,,48.94,"119,247.57"
28-Jul-2026,UPI/CR/TXN116929/S_MUKHERJEE/YESB/Payment_fr_S_MUKHERJEE,,6.56,"119,254.13"
28-Jul-2026,UPI/CR/TXN579083/D_PAL/YESB/Payment_fr_D_PAL,,6.45,"119,260.58"
28-Jul-2026,UPI/CR/TXN804055/K_GANGULY/YESB/Payment_fr_K_GANGULY,,99.43,"119,360.01"
28-Jul-2026,UPI/CR/TXN631316/P_DEY/YESB/Payment_fr_P_DEY,,80.38,"119,440.39"
28-Jul-2026,UPI/CR/TXN616533/S_BASU/YESB/Payment_fr_S_BASU,,20.46,"119,460.85"
28-Jul-2026,UPI/CR/TXN738727/S_DUTA/YESB/Payment_fr_S_DUTA,,46.11,"119,506.96"
28-Jul-2026,UPI/CR/TXN440310/J_BOSE/YESB/Payment_fr_J_BOSE,,3.66,"119,510.62"
28-Jul-2026,UPI/CR/TXN493235/P_MANDAL/YESB/Payment_fr_P_MANDAL,,87.95,"119,598.57"
28-Jul-2026,UPI/CR/TXN700554/A_CHANDA/YESB/Payment_fr_A_CHANDA,,104.33,"119,702.90"
29-Jul-2026,UPI/CR/TXN417467/S_BHATTACHARYA/YESB/Payment_fr_S_BHATTACHARYA,,64.69,"119,767.59"
29-Jul-2026,UPI/CR/TXN367685/P_BANERJEE/YESB/Payment_fr_P_BANERJEE,,79.25,"119,846.84"
29-Jul-2026,UPI/CR/TXN500464/S_GHOSH/YESB/Payment_fr_S_GHOSH,,83.22,"119,930.06"
29-Jul-2026,UPI/CR/TXN336170/RAM_SEN/YESB/Payment_fr_RAM_SEN,,94.76,"120,024.82"
29-Jul-2026,UPI/CR/TXN199161/T_ROY/YESB/Payment_fr_T_ROY,,32.68,"120,057.50"
29-Jul-2026,UPI/CR/TXN216006/S_SARKAR/YESB/Payment_fr_S_SARKAR,,46.78,"120,104.28"
29-Jul-2026,UPI/DR/TXN542157/PEPSI_DIST/HDFC/Payment_to_PEPSI_DIST,431.42,,"119,672.86"
29-Jul-2026,UPI/CR/TXN696711/S_BHATTACHARYA/YESB/Payment_fr_S_BHATTACHARYA,,74.18,"119,747.04"
29-Jul-2026,UPI/CR/TXN934197/P_PAUL/YESB/Payment_fr_P_PAUL,,94.96,"119,842.00"
29-Jul-2026,UPI/CR/TXN186997/T_SAMANTA/YESB/Payment_fr_T_SAMANTA,,36.71,"119,878.71"
29-Jul-2026,UPI/CR/TXN715656/G_MODAK/YESB/Payment_fr_G_MODAK,,59.54,"119,938.25"
29-Jul-2026,UPI/CR/TXN442452/J_BOSE/YESB/Payment_fr_J_BOSE,,96.73,"120,034.98"
29-Jul-2026,UPI/CR/TXN271220/T_ROY/YESB/Payment_fr_T_ROY,,1.38,"120,036.36"
29-Jul-2026,UPI/CR/TXN904378/J_BOSE/YESB/Payment_fr_J_BOSE,,88.56,"120,124.92"
29-Jul-2026,UPI/CR/TXN698626/A_KUNDU/YESB/Payment_fr_A_KUNDU,,39.97,"120,164.89"
29-Jul-2026,UPI/CR/TXN337212/P_PAUL/YESB/Payment_fr_P_PAUL,,27.18,"120,192.07"
29-Jul-2026,UPI/CR/TXN651105/R_DHAR/YESB/Payment_fr_R_DHAR,,74.12,"120,266.19"
29-Jul-2026,UPI/CR/TXN519753/C_ROY/YESB/Payment_fr_C_ROY,,19.46,"120,285.65"
29-Jul-2026,UPI/CR/TXN498895/S_SARKAR/YESB/Payment_fr_S_SARKAR,,13.08,"120,298.73"
29-Jul-2026,UPI/CR/TXN389455/M_GUHA/YESB/Payment_fr_M_GUHA,,82.68,"120,381.41"
29-Jul-2026,UPI/CR/TXN639009/S_BAG/YESB/Payment_fr_S_BAG,,70.72,"120,452.13"
30-Jul-2026,UPI/CR/TXN937383/R_SHAW/YESB/Payment_fr_R_SHAW,,16.90,"120,469.03"
30-Jul-2026,UPI/CR/TXN910540/A_KUNDU/YESB/Payment_fr_A_KUNDU,,86.42,"120,555.45"
30-Jul-2026,UPI/DR/TXN901733/KOLKATA_GRAINS/HDFC/Payment_to_KOLKATA_GRAINS,347.49,,"120,207.96"
30-Jul-2026,UPI/CR/TXN274853/S_BHATTACHARYA/YESB/Payment_fr_S_BHATTACHARYA,,93.97,"120,301.93"
30-Jul-2026,UPI/CR/TXN683715/K_MALLICK/YESB/Payment_fr_K_MALLICK,,40.62,"120,342.55"
30-Jul-2026,UPI/CR/TXN680160/S_BASU/YESB/Payment_fr_S_BASU,,101.61,"120,444.16"
30-Jul-2026,UPI/CR/TXN899995/M_GUHA/YESB/Payment_fr_M_GUHA,,84.07,"120,528.23"
30-Jul-2026,UPI/CR/TXN496811/D_PAL/YESB/Payment_fr_D_PAL,,80.91,"120,609.14"
30-Jul-2026,UPI/CR/TXN690225/G_MODAK/YESB/Payment_fr_G_MODAK,,10.96,"120,620.10"
30-Jul-2026,UPI/CR/TXN328909/S_MALAKAR/YESB/Payment_fr_S_MALAKAR,,41.54,"120,661.64"
30-Jul-2026,UPI/DR/TXN647093/PEPSI_DIST/HDFC/Payment_to_PEPSI_DIST,323.43,,"120,338.21"
30-Jul-2026,UPI/CR/TXN796500/S_GHOSH/YESB/Payment_fr_S_GHOSH,,60.28,"120,398.49"
30-Jul-2026,UPI/DR/TXN250776/KOLKATA_GRAINS/HDFC/Payment_to_KOLKATA_GRAINS,231.92,,"120,166.57"
30-Jul-2026,UPI/CR/TXN492415/P_NASKAR/YESB/Payment_fr_P_NASKAR,,85.26,"120,251.83"
30-Jul-2026,UPI/CR/TXN491616/K_GANGULY/YESB/Payment_fr_K_GANGULY,,90.36,"120,342.19"
30-Jul-2026,UPI/CR/TXN879286/M_MITRA/YESB/Payment_fr_M_MITRA,,60.64,"120,402.83"
30-Jul-2026,UPI/DR/TXN854981/MOTHER_DAIRY_CO/HDFC/Payment_to_MOTHER_DAIRY_CO,320.84,,"120,081.99"
30-Jul-2026,UPI/CR/TXN247083/A_K_ROY/YESB/Payment_fr_A_K_ROY,,50.58,"120,132.57"
30-Jul-2026,UPI/CR/TXN557351/A_BAKSHI/YESB/Payment_fr_A_BAKSHI,,50.44,"120,183.01"
30-Jul-2026,UPI/DR/TXN777468/KOLKATA_GRAINS/HDFC/Payment_to_KOLKATA_GRAINS,206.23,,"119,976.78"
30-Jul-2026,UPI/CR/TXN579653/N_DAS/YESB/Payment_fr_N_DAS,,10.37,"119,987.15"
31-Jul-2026,UPI/CR/TXN982298/S_SOM/YESB/Payment_fr_S_SOM,,53.17,"120,040.32"
31-Jul-2026,UPI/CR/TXN538493/S_SARKAR/YESB/Payment_fr_S_SARKAR,,36.21,"120,076.53"
31-Jul-2026,UPI/CR/TXN325437/P_MANDAL/YESB/Payment_fr_P_MANDAL,,75.56,"120,152.09"
31-Jul-2026,UPI/CR/TXN327788/N_DAS/YESB/Payment_fr_N_DAS,,37.33,"120,189.42"
31-Jul-2026,UPI/DR/TXN599694/PEPSI_DIST/HDFC/Payment_to_PEPSI_DIST,407.64,,"119,781.78"
31-Jul-2026,UPI/CR/TXN283906/P_BANERJEE/YESB/Payment_fr_P_BANERJEE,,83.27,"119,865.05"
31-Jul-2026,UPI/CR/TXN665680/S_DUTA/YESB/Payment_fr_S_DUTA,,4.30,"119,869.35"
31-Jul-2026,UPI/CR/TXN667092/G_MODAK/YESB/Payment_fr_G_MODAK,,8.46,"119,877.81"
31-Jul-2026,UPI/CR/TXN648351/B_PRAMANIK/YESB/Payment_fr_B_PRAMANIK,,84.15,"119,961.96"
31-Jul-2026,UPI/CR/TXN313990/D_CHATTERJEE/YESB/Payment_fr_D_CHATTERJEE,,22.51,"119,984.47"
31-Jul-2026,UPI/CR/TXN266846/P_DEY/YESB/Payment_fr_P_DEY,,95.45,"120,079.92"
31-Jul-2026,UPI/CR/TXN474597/B_NATH/YESB/Payment_fr_B_NATH,,13.10,"120,093.02"
31-Jul-2026,UPI/CR/TXN405998/T_ROY/YESB/Payment_fr_T_ROY,,73.97,"120,166.99"
31-Jul-2026,UPI/CR/TXN192280/T_SAMANTA/YESB/Payment_fr_T_SAMANTA,,23.17,"120,190.16"
31-Jul-2026,UPI/DR/TXN983241/METRO_CASH_CARRY/HDFC/Payment_to_METRO_CASH_CARRY,27.43,,"120,162.73"
31-Jul-2026,UPI/CR/TXN471872/B_PRAMANIK/YESB/Payment_fr_B_PRAMANIK,,70.33,"120,233.06"
31-Jul-2026,UPI/CR/TXN124829/S_SOM/YESB/Payment_fr_S_SOM,,34.89,"120,267.95"
31-Jul-2026,UPI/CR/TXN592292/P_BANERJEE/YESB/Payment_fr_P_BANERJEE,,44.65,"120,312.60"
31-Jul-2026,UPI/DR/TXN933047/NESTLE_INDIA/HDFC/Payment_to_NESTLE_INDIA,416.97,,"119,895.63"
31-Jul-2026,UPI/CR/TXN868959/A_KUNDU/YESB/Payment_fr_A_KUNDU,,71.06,"119,966.69"
31-Jul-2026,UPI/CR/TXN730565/C_ROY/YESB/Payment_fr_C_ROY,,33.31,"120,000.00"
