transaction_frequency,average_transaction_amount,median_transaction_amount,largest_deposit,largest_withdrawal,average_balance,minimum_balance,maximum_balance,balance_variance,active_month_count,transaction_consistency,average_monthly_income,median_income,income_variance,income_consistency,average_monthly_expense,monthly_savings,monthly_transaction_count,cash_flow_stability,expense_stability,total_income,total_expense,essential_expense,discretionary_expense,atm_withdrawals,emi_payments,utility_payments,investment_amount,atm_ratio,emi_ratio,food_ratio,groceries_ratio,investment_ratio,others_ratio,salary_ratio,shopping_ratio,travel_ratio,utilities_ratio,expense_ratio,savings_ratio,essential_expense_ratio,discretionary_expense_ratio,atm_cash_ratio,financial_buffer,cash_reserve_ratio,Gender,Age,Education,Employment_Type,Annual_Income,Monthly_Income,Account_Type,Customer_Segment,Savings_Balance,Credit_Card_Holder,Device_Age_Years,OS,Rooted,SIM_Age_Years,Phone_Vintage_Years,KYC_Status,Face_Match_Score,OCR_Match_Score,Liveness_Score,Address_Match_Score,kyc_verified,total_loans,total_loan_amount,total_monthly_emi,avg_interest_rate,max_debt_to_income,avg_credit_score,approved_loan_count,income_stability_index,net_disposable_income,dti_ratio,device_risk_index,biometric_identity_score
98,6399.608265306122,1743.145,149361.8,23081.59,24503.80193877551,232.48,150032.26,1328822775.4010444,12,0.2603353092680783,27885.40833333333,3632.445,2557025623.335015,0.3654805457805272,24378.059166666662,3507.349166666667,8.166666666666666,0.0825597455928126,0.4948367253093525,334624.89999999997,292536.71,64652.6,200947.63,26936.48,0.0,44275.329999999994,72998.68000000001,0.0920789736098419,0.0,0.1116556277671954,0.069657138073372,0.218150771206805,0.0,0.0,0.0621179475218682,0.2636038396685325,0.1513496545442108,0.8742227789982158,0.1257772210017844,0.2210067926175829,0.686914233772575,0.0920789736098419,0.0095364441611447,1.005158030475239,Male,63,High School,Salaried - Private,411719.2,34309.93,Savings,Mass Market,28028.8,0,2.7,Android 12,0,4.3,4.0,VERIFIED,0.96,0.93,0.9,0.93,1,1.0,388384.25,13395.1,14.64,0.3904,613.0,0.0,0.4172230175920573,-3463.229166666664,0.3904146700386739,0.1785714285714285,0.933
99,8104.051919191919,2623.93,127233.97,83868.83,35037.441414141416,1624.18,240184.89,2005199914.723412,12,0.3169847360616548,20952.19166666667,4110.745,1415186448.776688,0.367789507238711,45906.236666666664,-24954.045,8.25,0.2295087122374309,0.3935537474096726,251426.3,550874.84,270961.79,212341.65,67571.40000000001,0.0,47351.26,26379.41,0.1226619825294616,0.0,0.2197414389083371,0.4059189379569414,0.1049190558028336,0.0,0.0,0.0321032450855806,0.0857315247870097,0.0859564760663239,2.1909992709593227,-1.190999270959323,0.4918754140232652,0.385462603447273,0.1226619825294617,0.0353803778731299,0.7632392449974608,Male,42,High School,Self-Employed Professional,2065426.23,172118.85,Savings,Affluent,324053.72,1,0.3,Android 14,0,2.3,1.2,VERIFIED,0.86,0.93,0.95,0.85,1,0.0,0.0,0.0,0.0,0.0,650.0,0.0,0.3780952033070957,126212.61333333334,0.0,1.25,0.8970000000000001
95,7076.234736842106,1701.57,136437.58,41480.65,26261.362105263157,249.16,138645.67,952260995.4823444,12,0.2688262334796721,28415.49416666666,4049.16,2436803165.579063,0.3754876098993546,27604.6975,810.7966666666644,7.916666666666667,0.0174553211013476,0.5491056238362961,340985.93,331256.37,95904.47,210609.29,24742.61,0.0,62560.079999999994,21687.52,0.0746932353331047,0.0,0.2401302350804605,0.1006603737159831,0.063602389693909,0.0,0.0,0.2359637038828868,0.0942249653946277,0.1888569871124289,0.9714663886571508,0.0285336113428491,0.2895173608284122,0.6357894038384831,0.0746932353331047,0.0090260000132223,0.9513367101835896,Female,52,Bachelor's,Salaried - Private,276908.53,23075.71,Salary,Mass Market,23257.34,0,5.0,Android 14,0,5.9,6.6,VERIFIED,0.91,0.99,0.92,0.82,1,1.0,987745.08,22998.47,14.03,0.9967,617.0,0.0,0.4449348154741313,-27527.457499999997,0.9966527573799464,0.0980392156862745,0.918
100,7540.605,2105.3500000000004,137477.95,36880.84,26363.6049,1360.0,141182.45,1020613058.3160352,12,0.2828519354495782,31385.596666666668,5209.9800000000005,2491506664.48397,0.3964127077014453,31452.778333333332,-67.18166666666609,8.333333333333334,0.0012493978560189,0.5135202313294521,376627.16,377433.34,155997.55,202794.41,18641.38,0.0,86793.94,49251.81,0.0493898604717855,0.0,0.2739114143970429,0.1833531982097818,0.1307707335817204,0.0,0.0,0.0893100222677731,0.0435857627203786,0.2299583285355766,1.0021405253938669,-0.0021405253938669,0.4133115267453585,0.537298612782856,0.0493898604717855,0.0432394234171257,0.8381963787300826,Male,54,Bachelor's,Self-Employed Professional,330155.6,27512.97,Savings,Mass Market,22252.15,0,1.5,Android 14,0,7.4,6.8,VERIFIED,0.94,0.99,0.85,0.84,1,0.0,0.0,0.0,0.0,0.0,650.0,0.0,0.443255717152648,-3939.80833333333,0.0,0.3125,0.917
90,4724.047222222222,1006.09,123879.87,20453.34,19651.604555555554,490.75,135818.16,934818254.3182678,12,0.2545218987261925,17696.3425,3629.215,1357330894.422075,0.3340959061992774,17734.011666666665,-37.66916666666547,7.5,0.0013641086816024,0.4567037378871214,212356.11,212808.14,61018.48,122100.49,29689.17,0.0,42825.060000000005,24295.72,0.1395114397409798,0.0,0.1471126057490094,0.0854921245023803,0.1144102705592036,0.0,0.0,0.146041876029742,0.1664368195690258,0.2012378849793997,1.0021286413656756,-0.0021286413656757,0.2867300094817802,0.57375855077724,0.1395114397409798,0.0276728136433127,1.1081308011369615,Male,45,Bachelor's,Salaried - Private,320494.74,26707.9,Savings,Mass Market,3912.36,0,1.8,Android 14,1,4.6,5.7,VERIFIED,0.95,0.89,0.93,0.88,1,2.0,3353435.19,30542.13,11.465,1.1436,539.0,0.0,0.383139038874415,-21568.24166666666,1.1435616428098052,0.763157894736842,0.914
91,5917.37989010989,889.94,127179.41,36297.85,19281.344835164837,118.62,130376.64,812578664.5021743,12,0.2532289589776696,24566.56,848.0350000000001,2097724849.958891,0.3590771659122551,20306.904166666664,4259.655833333335,7.583333333333333,0.0855209761424378,0.4266951045607101,294798.72,243682.85,136282.94,100513.95,6885.959999999999,0.0,104194.88,23419.36,0.0282578769905227,0.0,0.2239151421612148,0.1316795991182801,0.0794418646051109,0.0,0.0,0.0771152340019004,0.0153422778829121,0.4275839682603843,0.8266075578618524,0.1733924421381477,0.5592635673786646,0.4124785556308127,0.0282578769905227,0.0058413630667894,0.9494970122927324,Female,68,High School,Salaried - Govt,230638.09,19219.84,Salary,Mass Market,7617.58,0,4.2,Android 13,0,2.4,6.9,REJECTED,0.68,0.54,0.35,0.41,0,1.0,1300445.7,21953.51,10.54,1.1422,635.0,0.0,0.3861243413716371,-23040.57416666666,1.1422316731044586,0.1162790697674418,0.518
96,7165.219791666666,1924.05,147860.57,42107.12,25167.660520833335,433.41,151687.03,883449799.9239901,12,0.2629206535280134,30064.944999999996,5069.305,2617724982.1589365,0.3803338085086877,27256.813333333335,2808.1316666666676,8.0,0.0757211858994249,0.5556353075281412,360779.34,327081.76,174274.21,83734.57,69072.98000000001,0.0,97675.73999999998,21795.069999999996,0.2111795533936224,0.0,0.069779250301209,0.2341875315823175,0.0604110811888507,0.0,0.0,0.0248166085446036,0.0947742240349935,0.2986279026993129,0.9065978112826528,0.0934021887173473,0.5328154342816304,0.2560050123247472,0.2111795533936224,0.0159009783975725,0.9233530058356052,Female,34,Bachelor's,Self-Employed Business,287966.33,23997.19,Savings,Mass Market,35947.65,0,0.5,Android 13,0,8.3,6.6,VERIFIED,0.99,1.0,0.96,0.89,1,0.0,0.0,0.0,0.0,0.0,650.0,0.0,0.4504544081164691,-3259.6233333333366,0.0,0.8333333333333334,0.967
94,8031.022340425532,2276.0299999999997,76642.76,93947.92,31867.558085106382,1948.51,223553.38,1630199554.9168184,12,0.3235726622495156,21039.335,5373.3099999999995,956708948.0809726,0.4153716682113955,41870.34,-20831.005,7.833333333333333,0.229082300502527,0.4173648590743983,252472.02,502444.08,134295.83,255650.81,112497.44,0.0,37194.100000000006,28416.81,0.2239004189282119,0.0,0.0861122495462579,0.1932587801611674,0.1125542941352471,0.0,0.0,0.2494577107963935,0.1166873336431787,0.0740263473698406,1.9900980710654592,-0.9900980710654592,0.2672851275310079,0.50881445354078,0.2239004189282118,0.0465367608670003,0.7611010105269359,Female,63,High School,Salaried - Private,983130.15,81927.51,Savings,Affluent,317501.3,0,0.9,Android 14,0,2.0,1.0,VERIFIED,0.92,0.97,0.86,0.82,1,0.0,0.0,0.0,0.0,0.0,650.0,0.0,0.4161689445565966,40057.17,0.0,0.5,0.903
100,4478.0521,920.385,105857.53,19850.65,16364.3449,149.43,106006.96,487294582.61681515,12,0.2655477683894832,17501.664166666666,2611.75,1062372903.6088812,0.3593304550415345,19815.436666666665,-2313.7724999999996,8.333333333333334,0.060865720906644,0.5131772580325416,210019.97,237785.24,57002.32,122581.1,58201.81999999999,0.0,41980.630000000005,42098.399999999994,0.2447663278006658,0.0,0.1325846381381788,0.0631733491952654,0.2004495096347266,0.0,0.0,0.1349937027209931,0.0708896817985842,0.1765485107486065,1.132202999552852,-0.132202999552852,0.239721859943872,0.5155118122554622,0.2447663278006658,0.0075410904394234,0.8258382177127563,Male,54,Bachelor's,Unemployed,347099.35,28924.95,Salary,Mass Market,72771.34,0,0.8,Android 12,0,7.1,1.0,VERIFIED,0.93,0.94,0.89,0.83,1,1.0,1765854.71,155962.11,10.87,5.392,636.0,0.0,0.4208691762379373,-146852.59666666665,5.391957808051526,0.5555555555555556,0.905
91,6070.550659340659,1646.96,129347.15,29082.07,19605.8521978022,1540.34,136705.96,827324389.9747794,12,0.2428848863121168,27831.784166666665,6134.8150000000005,2356415259.379117,0.3745542152187321,18203.225,9628.559166666664,7.583333333333333,0.1488384453604351,0.4576223694634709,333981.41,218438.7,52848.56,117961.71,47628.43,0.0,7976.950000000001,72438.04,0.2180402556872934,0.0,0.0267194869773533,0.2054196898260243,0.2168924312284327,0.0,0.0,0.1328813987631312,0.0488038978441091,0.0365180254231507,0.6540444870868711,0.3459555129131288,0.2419377152491751,0.5400220290635314,0.2180402556872935,0.0846190716205507,1.077053774691144,Male,32,Diploma,Salaried - Private,450215.28,37517.94,Savings,Mass Market,21163.25,1,4.1,Android 14,0,7.3,6.7,VERIFIED,0.92,0.94,0.87,0.88,1,1.0,893151.74,20057.75,12.42,0.5346,631.0,0.0,0.4077814769166276,-743.0350000000035,0.5346175722867513,0.119047619047619,0.908
95,9289.72560168421,3474.09,132316.45,53104.38,35423.40894736842,150.66,202750.84,2012354405.4779088,12,0.3245337339017909,28927.696666666667,8653.115,2197981916.3673697,0.3919059431733567,44615.96434666667,-15688.26768,7.916666666666667,0.2123988197415991,0.567337809543063,347132.36000000004,535391.57216,160833.35216,245763.16,128795.06,37430.29216000001,105624.14,61364.759999999995,0.2405623597704112,0.069911993588151,0.0946734178042912,0.0332073213783926,0.1767762590615291,0.0,0.0,0.1954125269060716,0.054331878782931,0.1972839048882797,1.5423268869545896,-0.5423268869545899,0.3004032198548234,0.4590344203747654,0.2405623597704112,0.0033768181906675,0.7939626424328305,Male,26,Doctorate,Salaried - Private,1659716.74,138309.73,Savings,Affluent,200131.96,1,0.3,Android 13,0,0.9,2.3,VERIFIED,0.93,0.95,0.83,0.91,1,1.0,3275503.15,40927.56,8.68,0.2959,730.0,1.0,0.4620786897212392,52766.20565333334,0.2959123700118566,1.25,0.912
100,5122.4113512,1602.545,119916.05,33607.83,16575.3913,45.29,120248.68,523154589.13312274,12,0.2737819202947369,20019.491666666665,3193.36,1252877366.8662157,0.371371624779468,22667.269593333334,-2647.777926666668,8.333333333333334,0.0618508548714082,0.5077774524168337,240233.9,272007.23512,143877.70512,96837.22,31292.31,6714.205120000002,114059.85,14823.65,0.1150421972643299,0.0246839210620185,0.0530574489815798,0.0849376303898956,0.0617050715989708,0.0,0.0,0.1351846026587412,0.113270406158158,0.4193265298611665,1.132259997943671,-0.1322599979436708,0.5289480813130806,0.3560097214225894,0.1150421972643298,0.0019980350881484,0.7312478122585608,Female,43,Master's,Salaried - Private,573771.14,47814.26,Savings,Mass Market,40680.92,0,1.0,iOS 17,0,7.6,2.6,VERIFIED,0.97,0.9,0.83,0.95,1,2.0,470241.33,10822.71,13.505,0.2263,657.0,2.0,0.4259339558344143,14324.280406666663,0.2263490013230362,0.4545454545454545,0.917
93,8493.604516129031,2703.64,146069.59,43111.42,26776.160967741936,823.74,151032.03,881147221.3614609,12,0.2800911286515958,33848.57750000001,7036.200000000001,2923934337.3749294,0.3953423155441181,31976.8575,1871.7200000000012,7.75,0.0301048299508782,0.5090857394486373,406182.93,383722.29,104310.29,185048.51,94363.49,0.0,91711.0,40720.57,0.2459161025021507,0.0,0.1845226921792841,0.0328343969801702,0.1002518003403048,0.0,0.0,0.0824163746130046,0.1091869591417272,0.2390035773006566,0.9447031415131107,0.0552968584868891,0.2718379742808269,0.4822459232170224,0.2459161025021507,0.0257605050777738,0.8373606120533243,Male,41,Diploma,Salaried - Private,388642.08,32386.84,Savings,Mass Market,74108.34,0,1.0,iOS 17,1,9.2,1.7,VERIFIED,0.96,0.97,0.83,0.82,1,0.0,0.0,0.0,0.0,0.0,650.0,0.0,0.4408396851059257,409.98249999999825,0.0,0.9545454545454546,0.909
91,6607.582857142857,1247.09,115512.43,28332.59,18934.64263736264,528.29,117323.6,614990223.7392218,12,0.2602908763809853,28127.875,3028.3,2242746387.6270275,0.3828601424442047,21979.62833333333,6148.246666666666,7.583333333333333,0.1208466637806738,0.4365562012387109,337534.5,263755.54,105461.28,114234.17,44060.09,0.0,58165.600000000006,23226.21,0.1670489651136806,0.0,0.1163547882254909,0.179316347250943,0.0688113659492585,0.0,0.0,0.0797897932305042,0.1489020477067515,0.2205284484261449,0.7814180180100108,0.2185819819899891,0.3998447956770879,0.4331062392092314,0.1670489651136806,0.0240354382698463,0.8614632763670166,Male,34,Bachelor's,Salaried - Govt,260772.62,21731.05,Savings,Mass Market,35867.35,0,2.3,Android 13,0,7.4,6.4,VERIFIED,0.92,0.89,0.85,0.97,1,1.0,1736648.94,17121.83,8.52,0.7879,611.0,0.0,0.4043385659620072,-17370.40833333333,0.7878970413302626,0.2083333333333333,0.907
100,5314.6441,1311.995,113839.65,37507.54,16453.680800000002,394.19,120045.91,576436427.8196336,12,0.2623734426444739,22696.088333333333,2967.75,1599000110.0477607,0.3721919962040093,21592.6125,1103.4758333333327,8.333333333333334,0.0251628057491621,0.467544160274107,272353.06,259111.35,60881.0,160980.69,37249.66,0.0,41293.75,17955.11,0.1437592756936351,0.0,0.3775604194876063,0.0755939483160424,0.0659258610863413,0.0,0.0,0.0993826013410836,0.0750419848455113,0.159366812762158,0.9513803516655918,0.0486196483344082,0.2349607610782005,0.6212799632281643,0.1437592756936351,0.018255780767612,0.7620050978083361,Male,26,Master's,Self-Employed Business,230885.29,19240.44,Current,Mass Market,8234.82,0,0.6,Android 14,0,5.7,1.0,VERIFIED,0.95,0.9,0.88,0.89,1,0.0,0.0,0.0,0.0,0.0,650.0,0.0,0.4103328618320484,-2352.1725000000006,0.0,0.7142857142857143,0.909
91,6892.9231868131865,1072.68,138750.89,30347.82,18728.195494505493,712.78,142798.13,1005473422.0364854,12,0.2411154905667537,31880.825,4243.91,2954439226.0263186,0.3798958565946501,20390.509166666667,11490.315833333334,7.583333333333333,0.158249885577665,0.4274097677351972,382569.9,244686.11,140114.56,56152.58,48418.97,0.0,51988.02,12476.77,0.1978819721315607,0.0,0.1049465374229865,0.3601615964224533,0.0326130466615381,0.0,0.0,0.0453635476079945,0.0281872150405268,0.2124682108028118,0.6395853672753659,0.3604146327246341,0.5726298072252651,0.2294882206431742,0.1978819721315607,0.034956459114087,0.9184761077531778,Male,47,Bachelor's,Self-Employed Business,357119.3,29759.94,Savings,Mass Market,4914.34,0,2.1,Android 14,0,6.3,3.6,VERIFIED,0.95,0.91,0.85,0.76,1,0.0,0.0,0.0,0.0,0.0,650.0,0.0,0.3989014210508689,9369.430833333332,0.0,0.2272727272727272,0.8800000000000001
98,17573.670612244896,4108.82,129293.33,186328.2,92579.8162244898,1879.32,791674.08,22503707775.75998,12,0.3360704290297495,33962.18583333333,3851.88,2867289473.842717,0.3984857811964669,109556.12416666666,-75593.93833333334,8.166666666666666,0.2663275978903215,0.361853007028526,407546.23,1314673.49,421030.3,730682.85,162960.34,0.0,114179.28,37379.35,0.123954990527724,0.0,0.259709709366696,0.2334047368674027,0.0917180610405842,0.0,0.0,0.2038773672997695,0.0637708607024547,0.0868499143464131,3.2258266503900677,-2.2258266503900677,0.3202546512138158,0.55579035825846,0.1239549905277241,0.0171539474793851,0.8450446465562165,Male,21,Bachelor's,Salaried - Private,6535909.84,544659.15,Salary,HNI,978002.28,1,0.5,Android 13,0,4.1,1.0,VERIFIED,0.91,0.9,0.93,0.82,1,0.0,0.0,0.0,0.0,0.0,650.0,0.0,0.3838326715292905,435103.0258333334,0.0,0.8333333333333334,0.8930000000000001
90,4159.870222222222,822.675,99527.12,22567.0,16240.027666666669,396.87,100260.45,557774369.553418,12,0.2437054598507304,15604.370833333334,1205.19,1118694852.8080993,0.3276488793740008,15594.655833333332,9.714999999999728,7.5,0.0005551167925769,0.4648344905142327,187252.45,187135.87,45257.34,96401.27,45477.259999999995,0.0,26344.11,18152.85,0.2430173328074409,0.0,0.2536379583454524,0.1010668344876906,0.0969431908634573,0.0,0.0,0.1550084438648774,0.0094905375436574,0.1407753094048725,0.9993774180257722,0.0006225819742278,0.2418421438925632,0.5151405232999959,0.2430173328074409,0.0254491028363509,1.0413841664882313,Female,52,Bachelor's,Salaried - Private,404092.86,33674.4,Savings,Mass Market,2017.59,1,0.3,Android 12,0,7.8,0.7,VERIFIED,0.89,0.9,0.93,0.75,1,0.0,0.0,0.0,0.0,0.0,650.0,0.0,0.3825231238300935,18079.74416666667,0.0,1.25,0.8730000000000001
99,6254.0296969696965,2290.42,122260.75,30700.16,20688.1898989899,2469.07,127808.32,595089081.8459848,12,0.2958653004268137,24267.7525,6602.15,1551262451.112966,0.3915701654377633,27327.992499999997,-3060.2400000000016,8.25,0.0556642445373599,0.500057910996359,291213.02999999997,327935.91,72163.43000000001,225812.09,29960.39,0.0,32182.750000000004,49183.33000000001,0.0913605039472499,0.0,0.1205103460612166,0.1219161390407046,0.1688912408898737,0.0,0.0,0.315950150137568,0.102147062820903,0.0981373159163935,1.1261031486125466,-0.1261031486125467,0.2200534549570982,0.6885860410956519,0.0913605039472499,0.0903494832267683,0.7570329177670077,Male,20,Bachelor's,Salaried - Govt,578338.57,48194.88,Salary,Mass Market,63499.88,1,1.0,Android 12,0,6.7,1.2,VERIFIED,0.91,0.96,0.89,0.9,1,1.0,899085.48,30676.24,13.88,0.6365,687.0,0.0,0.4349652636612016,-9809.3525,0.6365041265794209,0.4545454545454545,0.919
92,4633.827608695652,1100.125,109645.81,22476.25,13465.806413043478,297.96,111110.06,341341360.1305419,12,0.2619212486221848,18386.730833333335,2617.2200000000003,1089489062.7871356,0.367828777067033,17139.280833333334,1247.4499999999996,7.666666666666667,0.0329873800840277,0.5120002715535029,220640.77,205671.37,57768.22,124436.13,23467.019999999997,0.0,47292.2,6778.99,0.1140995949022948,0.0,0.1651783133452167,0.0509357233337824,0.0307241041626169,0.0,0.0,0.2787324750158469,0.1281529850265499,0.229940608651559,0.9321548778133796,0.0678451221866203,0.2808763319853414,0.6050240731123637,0.1140995949022948,0.0173846267470285,0.7856692788914749,Female,27,High School,Self-Employed Business,553763.62,46146.97,Savings,Mass Market,74413.28,1,0.7,Android 13,1,3.2,0.9,VERIFIED,0.93,0.94,0.83,0.76,1,0.0,0.0,0.0,0.0,0.0,650.0,0.0,0.425497374861621,29007.689166666667,0.0,1.125,0.879
93,5426.84494623656,2293.01,99522.79,32044.51,16445.622150537634,764.88,104095.33,391565049.3309541,12,0.2879121956510359,22408.950833333336,8939.585,1092415423.9825175,0.4145802685983829,19649.0975,2759.853333333335,7.75,0.0735647494838799,0.5714605204906589,268907.41000000003,235789.17,74607.35,119246.1,41935.72,0.0,43132.780000000006,15943.36,0.1778526129932091,0.0,0.0818143174260293,0.1334860714764804,0.0592894037393763,0.0,0.0,0.2857823792331089,0.0705181667164781,0.1829294364961715,0.8768414749151017,0.1231585250848982,0.316415507972652,0.5057318790341389,0.1778526129932091,0.0389269787072917,0.8369657766998019,Female,38,Diploma,Salaried - Private,292053.71,24337.81,Salary,Mass Market,38932.58,0,5.4,Android 14,0,2.0,6.1,VERIFIED,0.86,0.98,0.91,0.89,1,0.0,0.0,0.0,0.0,0.0,650.0,0.0,0.4773323693552933,4688.7125000000015,0.0,0.0909090909090909,0.912
93,8090.549333333333,2690.49,87741.95,60476.2,37954.90376344086,324.65,301007.59,2666501225.078115,12,0.3465531753717412,20069.490833333333,3912.465,1048208285.0426809,0.3930135237917829,42632.266500000005,-22562.77566666667,7.75,0.2509695277057941,0.4524993308319504,240833.89,511587.198,204056.72800000003,210727.97,96802.5,7998.968000000028,88238.00000000001,128999.97,0.1892199421299827,0.0156355906310228,0.0465142014753856,0.2107553911073435,0.5356387757553557,0.0,0.0,0.0355241883906563,0.0777154122609612,0.1724789055413384,2.12423259035512,-1.12423259035512,0.3988698872797048,0.4119101705903125,0.1892199421299827,0.007615124098551,0.89028585340263,Male,21,High School,Salaried - Govt,988477.85,82373.15,Savings,Affluent,299156.19,1,5.7,Android 14,0,6.4,6.3,VERIFIED,0.86,0.88,0.97,0.94,1,1.0,127347.63,2703.26,9.96,0.0328,718.0,1.0,0.4168078466078499,37037.62349999999,0.032817246882024,0.0862068965517241,0.904
97,9643.835901030929,3318.65,72702.06,120839.27,42506.52773195876,748.35,366487.52,3202041931.2878094,12,0.3486481051947661,23811.663333333338,5500.385,1213203535.0392244,0.4165902501336719,54142.67686666667,-30331.013533333335,8.083333333333334,0.2468369059724136,0.4000141339368923,285739.96,649712.1224,300288.81240000005,311983.83999999997,37439.47,21621.60240000005,85316.06999999998,91207.50999999998,0.057624705941611,0.0332787424684813,0.1595686557563913,0.2975950937867248,0.3191976019034928,0.0,0.0,0.0867936399150061,0.0934440930172799,0.1313136496281572,2.2737881058008127,-1.2737881058008127,0.4621874858833634,0.4801878081750256,0.057624705941611,0.0138218138316823,0.7850836011790953,Male,66,Diploma,Salaried - Private,2214798.47,184566.54,Salary,Affluent,404834.57,0,5.0,Android 13,0,0.2,5.8,VERIFIED,0.94,0.88,0.85,0.88,1,1.0,359129.71,9969.38,14.86,0.054,745.0,1.0,0.4099598036549601,120454.48313333334,0.0540150993782513,0.0980392156862745,0.8920000000000001
92,7694.317391304347,3216.295,102398.24,79466.77,34274.10391304348,327.94,232651.41,1933423052.290239,12,0.3261758846727544,20602.989166666663,3745.55,1151900962.140354,0.3880315592510031,38386.7775,-17783.788333333334,7.666666666666667,0.2401313148374806,0.48279147472878,247235.87,460641.33,119380.49,323967.14,17293.7,0.0,76291.04000000001,172163.96,0.0375426581891815,0.0,0.1823503765934333,0.093542301121786,0.6963551041359816,0.0,0.0,0.0954340332423059,0.0517630495726469,0.1656191814138779,1.8631654460171985,-0.8631654460171981,0.2591614825356639,0.7032958592751545,0.0375426581891815,0.0085430458443665,0.8928622339565616,Male,34,Diploma,Unemployed,2327237.96,193936.5,Savings,Affluent,245141.62,0,0.5,Android 13,0,3.8,1.1,VERIFIED,0.86,1.0,0.95,0.82,1,0.0,0.0,0.0,0.0,0.0,650.0,0.0,0.4259355254421139,155549.7225,0.0,0.8333333333333334,0.912
91,5439.626813186813,1835.95,115338.09,39679.19,16714.494835164835,1276.38,116737.13,339692624.6869229,12,0.2781917151064216,21463.854166666668,7554.965,1239665046.7032447,0.3890337420258221,19786.649166666662,1677.2050000000006,7.583333333333333,0.0678852853147814,0.4731791423767757,257566.25,237439.79,116823.11,108192.89,12423.79,0.0,39817.48,12091.98,0.0523239596867904,0.0,0.1318949532426725,0.3243164509200416,0.0469470670167384,0.0,0.0,0.1438675884947506,0.128975476267057,0.1676950607141288,0.9218590945048118,0.0781409054951881,0.4920115116341705,0.455664528679039,0.0523239596867904,0.0645071325239969,0.8447359982165501,Male,35,Diploma,Salaried - Private,206162.56,17180.21,Current,Mass Market,39187.82,0,2.4,Android 14,0,7.0,3.1,VERIFIED,0.86,0.89,0.93,0.77,1,0.0,0.0,0.0,0.0,0.0,650.0,0.0,0.4226919021662035,-2606.439166666667,0.0,0.2,0.8650000000000001
91,4232.277912087912,925.88,90325.56,18048.63,13661.744725274726,336.97,94621.35,389138029.53454745,12,0.2656670626281909,17658.524999999998,3314.7,835514088.4059364,0.3895408553224651,14436.249166666668,3222.275833333333,7.583333333333333,0.116479878206774,0.430521188566431,211902.3,173234.99,33002.14,104583.56,35649.29,0.0,15464.63,17934.85,0.205785736472753,0.0,0.217647485649406,0.1012353797578653,0.0846373541013948,0.0,0.0,0.1800805368476657,0.1024521662742613,0.0892696677501467,0.8175229339181311,0.1824770660818688,0.1905050475080121,0.6037092160192349,0.205785736472753,0.0233419357140263,0.946350022609732,Male,25,High School,Salaried - Govt,397566.45,33130.54,Savings,Mass Market,2544.81,0,2.1,Android 10,0,6.9,6.4,VERIFIED,0.91,0.92,0.83,0.82,1,0.0,0.0,0.0,0.0,0.0,650.0,0.0,0.4059329886200514,18694.290833333333,0.0,0.2272727272727272,0.8790000000000001
93,18211.17297376344,2657.7,91247.56,419634.19,80590.97903225807,529.21,882645.12,29382846052.358788,12,0.2565679663223594,18025.65166666667,2379.6850000000004,871788769.3907605,0.3893806002400082,123110.93888000002,-105085.28721333336,7.75,0.2833142900608113,0.3239860408763585,216307.82,1477331.26656,214136.38656000013,1139840.65,123354.23000000004,22577.10656000014,134400.69,489878.2900000001,0.0834980161810513,0.0152823588527788,0.1261937415256271,0.0386904354451896,2.264727599769625,0.0,0.0,0.0215827558258106,0.2921805892628951,0.0909753235731313,6.8297635589873735,-5.8297635589873735,0.1449481178710998,0.7715538659478487,0.0834980161810513,0.0042986431978708,0.6546207815928733,Male,27,Bachelor's,Salaried - Private,4370655.37,364221.28,Salary,HNI,1302279.31,0,1.5,Android 14,0,6.0,3.1,VERIFIED,0.98,0.98,0.93,0.86,1,1.0,822798.01,27565.06,12.6,0.0757,779.0,1.0,0.3632227764945483,213545.28112,0.0756821787019143,0.3125,0.946
92,6221.7625,1025.44,139800.27,34989.21,22097.889782608698,0.0,142608.61,988875291.1990983,12,0.238839946988032,25728.898333333334,1594.525,2574619415.5970325,0.3462488274888766,21971.280833333338,3757.6174999999985,7.666666666666667,0.0598490866079723,0.4648496459984332,308746.77999999997,263655.37,106092.74,86661.3,70901.33,0.0,40883.23,16047.380000000005,0.2689166922714299,0.0,0.0268739074041996,0.247328586556003,0.0519758619021063,0.0,0.0,0.213044399588751,0.0279082880049057,0.1550631417065391,0.853953424226805,0.146046575773195,0.4023917282625421,0.3286915794660279,0.2689166922714299,0.0,1.0057624746702651,Male,61,High School,Self-Employed Professional,487125.25,40593.77,Current,Mass Market,58191.5,0,5.8,Android 13,0,1.1,6.6,REJECTED,0.47,0.66,0.55,0.14,0,3.0,10453510.42,107424.57,10.573333333333332,2.6463,675.0,0.0,0.3936891548926993,-88802.08083333334,2.6463314444556394,0.0847457627118644,0.477
96,7347.323125,2134.485,131986.74,28178.08,26098.144166666665,444.13,139314.38,1046466457.7738014,12,0.2807548403482184,30169.384166666667,3973.61,2600881050.0127535,0.3819130234302877,28609.200833333336,1560.1833333333316,8.0,0.028494584437862,0.5448372371363851,362032.61,343310.41000000003,160764.97,102223.0,80322.44,0.0,68056.52999999998,21873.52,0.2339644754727944,0.0,0.1196317932800231,0.2700426124567559,0.0604186457126058,0.0,0.0,0.0388318256938378,0.0755796190392245,0.1982361385429588,0.948285874026652,0.051714125973348,0.4682787509997148,0.2977567735274907,0.2339644754727944,0.0155240267838076,0.912229052419354,Male,35,Bachelor's,Salaried - Govt,442079.36,36839.95,Savings,Mass Market,21975.75,1,1.4,Android 14,0,0.6,2.9,VERIFIED,0.96,0.91,0.88,0.76,1,0.0,0.0,0.0,0.0,0.0,650.0,0.0,0.4470827089127267,8230.749166666661,0.0,0.3333333333333333,0.889
92,8258.65736347826,2137.5950000000003,96557.45,54922.06,26347.956739130434,212.65,193333.76,1081346556.802796,12,0.3231509923200927,24770.515833333335,5177.375,1456991251.8851175,0.4039907333602379,38545.857286666665,-13775.341453333333,7.666666666666667,0.175075592095267,0.45629746186062,297246.19,462550.28744,164865.63743999996,250665.65,47019.00000000001,16621.317439999973,109290.79,108419.19999999998,0.1016516501594415,0.0359340765562836,0.0588238095161262,0.0842146920188713,0.3647454657030254,0.0,0.0,0.0886964533674012,0.1600061917799594,0.2362787203200619,1.556118473511805,-0.5561184735118051,0.3564274888952168,0.5419208609453415,0.1016516501594415,0.005516805565343,0.6835483394020766,Female,41,Bachelor's,Salaried - Private,1114364.98,92863.75,Salary,Affluent,223106.75,1,1.9,Android 11,0,5.0,2.3,VERIFIED,0.94,0.97,0.94,0.87,1,1.0,1299695.95,42939.18,11.63,0.4624,732.0,1.0,0.4249134247603907,11378.712713333342,0.4623890377030865,0.25,0.935
94,210547.74521276596,5704.435,111741.82,5947001.53,1238222.5235106382,1171.22,13261228.45,7889269272472.902,12,0.2268464392363956,27712.373333333337,2633.92,2234792668.492606,0.3797684640578752,1621578.2975,-1593865.9241666666,7.833333333333333,0.3125638509339128,0.3169225590637716,332548.48,19458939.57,4277671.399999999,11485718.06,3695550.11,0.0,2400746.0799999996,3462743.3,0.1899152878658125,0.0,0.0085786057045656,0.0964556836845143,10.41274733837304,0.0,0.0,0.3755755802473053,0.0281485878523646,0.1233749697080743,58.51459483441332,-57.51459483441331,0.2198306533925887,0.5902540587415988,0.1899152878658125,0.0007222716299334,0.7635909566745037,Male,25,High School,Salaried - Private,23065569.98,1922130.83,Salary,Ultra HNI,19208229.98,0,0.2,Android 14,0,3.1,1.9,VERIFIED,0.96,0.92,0.87,0.8,1,0.0,0.0,0.0,0.0,0.0,650.0,0.0,0.3546301020602337,300552.5325,0.0,1.6666666666666663,0.8980000000000001
92,25419.363630434786,3549.375,128538.0,424496.85,172772.51847826087,984.56,1670849.71,116100265253.50089,12,0.2943062946094272,31511.194166666664,6529.73,2252839830.4486446,0.4094853911557336,163370.59366666668,-131859.3995,7.666666666666667,0.3116678806287855,0.3695997813676814,378134.33,1960447.124,752538.9640000002,842412.33,365495.83,30950.22400000012,271178.14999999997,177652.69,0.1864349339115356,0.0157873291358406,0.2656134835901853,0.2297489100756792,0.4698137035058415,0.0,0.0,0.0101776425162079,0.0632946017675914,0.1383246437408122,5.184525626118106,-4.184525626118105,0.3838608829523321,0.4297041831361323,0.1864349339115355,0.0060265435651709,1.0575496764783594,Female,51,Bachelor's,Salaried - Private,6512465.07,542705.42,Savings,HNI,1670687.99,0,4.0,Android 12,0,2.7,6.9,VERIFIED,0.98,0.9,0.82,0.95,1,2.0,2898320.7199999997,28949.89,10.435,0.0533,757.0,2.0,0.3935311472405127,350384.9363333334,0.0533436537265465,0.1219512195121951,0.918
96,9594.419375,3102.635,137839.5,87212.76,34951.119375,2278.99,262677.54,1964737909.2858496,12,0.3222421518883642,26398.0875,4784.424999999999,2051480538.1505115,0.378405076609642,50357.267499999994,-23959.179999999997,8.0,0.2110703261880319,0.3941487295329536,316777.05,604287.21,259800.51,320932.83999999997,23553.86,0.0,126411.35,120353.7,0.0389779224352605,0.0,0.1259055607018391,0.2207380162820259,0.3799318795348337,0.0,0.0,0.1406222547718658,0.0653990177948661,0.209190841553638,1.9076104471583408,-0.9076104471583404,0.429928857835664,0.5310932197290755,0.0389779224352605,0.0452564269894112,0.6940630639857496,Male,34,Diploma,Salaried - Private,1281025.65,106752.14,Savings,Affluent,349890.3,0,1.0,Android 13,0,3.2,1.8,VERIFIED,0.89,0.94,0.85,0.8,1,0.0,0.0,0.0,0.0,0.0,650.0,0.0,0.3847025377789667,56394.872500000005,0.0,0.4545454545454545,0.879
98,8971.875026938775,2994.485,98822.39,69518.27,49816.97051020408,449.03,317127.91,4398487272.468785,12,0.3538903063212877,20964.114166666663,4680.865,1064129054.8124264,0.4016510434425341,52306.19855333333,-31342.08438666667,8.166666666666666,0.3249027733666951,0.4826315235142855,251569.37,627674.38264,171659.16264,342211.3,113803.92,34260.192639999994,110966.27999999996,145676.19,0.1813104424006288,0.0545827479781818,0.159716045090688,0.0421121057845694,0.579069661779572,0.0,0.0,0.0908191756372745,0.0625811265943112,0.176789563297574,2.495034998259128,-1.4950349982591284,0.2734844170603253,0.5452051405390458,0.1813104424006288,0.0085846422110402,0.9524104578047068,Male,60,Doctorate,Salaried - Private,1257660.31,104805.03,Savings,Affluent,386646.18,0,3.4,Android 13,0,3.2,4.9,VERIFIED,0.97,0.92,0.84,0.95,1,2.0,7025198.95,171215.05,9.525,1.6337,731.0,1.0,0.4340432354712347,-118716.21855333332,1.6336529840218543,0.1428571428571428,0.925
95,6166.477378526315,1662.82,114260.79,22270.19,21606.648631578948,289.22,117353.31,797332519.2390245,12,0.288005205502827,25042.510833333337,5046.1,1478712022.6706266,0.4048388957705268,23775.43508,1267.0757533333333,7.916666666666667,0.0303729437617063,0.5607642383459703,300510.12999999995,285305.22096,70170.86095999999,148056.23,67078.13000000002,21728.000959999987,31817.16,64853.990000000005,0.2351100683481863,0.0761570394221642,0.094216186824596,0.058273381552772,0.215812991062897,0.0,0.0,0.1571972985600845,0.04021188242331,0.1115197257622593,0.9494030066806736,0.0505969933193267,0.2459501467371955,0.5189397849146181,0.2351100683481863,0.0121646564627241,0.9087803675885012,Male,19,High School,Salaried - Private,727813.8,60651.15,Savings,Affluent,82072.01,0,0.2,Android 13,0,3.5,3.6,VERIFIED,0.97,1.0,0.87,0.97,1,3.0,3034193.16,191452.44,12.583333333333334,3.1566,666.0,1.0,0.4672090328007042,-154576.72508,3.156616816004313,1.6666666666666663,0.959
91,5611.214835164835,1403.45,138906.28,31906.34,17332.66065934066,2032.5,150143.75,699177965.076631,12,0.2637308104263026,20949.359166666665,4537.025,1571435308.312081,0.3556692704087416,21602.353333333333,-652.9941666666673,7.583333333333333,0.0267162658151223,0.4191126717701369,251392.31,259228.24,74467.89,171469.78,13290.57,0.0,65932.79,51825.29,0.0512697613500751,0.0,0.2971395014678956,0.0329250393398497,0.2061530442200081,0.0,0.0,0.1070921902644557,0.0573094196835961,0.2543426210045634,1.0311701260869912,-0.0311701260869913,0.2872676603444131,0.6614625783055118,0.0512697613500751,0.094086971388611,0.8023505768973626,Female,46,Diploma,Self-Employed Business,450010.4,37500.87,Savings,Mass Market,52672.99,1,0.9,Android 11,0,6.2,3.3,VERIFIED,0.97,0.93,0.92,0.9,1,1.0,1888014.34,23287.68,8.38,0.621,631.0,0.0,0.3810466309532997,-7389.16333333333,0.6209903930228818,0.5,0.9340000000000002
100,8408.4159,2061.88,139871.49,40667.08,27223.210499999997,636.38,140507.87,1131507185.3142376,12,0.2784551423132257,34394.50083333333,3368.205,3207001140.9911714,0.3881454802111644,35675.63166666666,-1281.1308333333327,8.333333333333334,0.0247487778391097,0.5331660842553133,412734.0099999999,428107.58,94581.93,257826.63,75699.01999999999,0.0,82050.37,57616.07000000001,0.1768224239337224,0.0,0.0780361328804316,0.0292719881297126,0.1395961287512992,0.0,0.0,0.1219341175879203,0.267693881991064,0.1916582976643394,1.0372481298548673,-0.037248129854867,0.220930285794052,0.6022472902722255,0.1768224239337224,0.0178379462470624,0.76307578109222,Male,51,Diploma,Salaried - Private,286958.78,23913.23,Savings,Mass Market,37693.42,0,2.9,Android 14,0,1.7,4.8,VERIFIED,0.89,0.95,0.83,0.85,1,0.0,0.0,0.0,0.0,0.0,650.0,0.0,0.446153721828824,-11762.40166666666,0.0,0.1666666666666666,0.8880000000000001
93,4576.423548387097,1737.72,65229.01,22588.61,15420.395913978497,187.49,70736.65,252835446.78840703,12,0.3116407739788218,17095.425833333335,5542.9,680911177.4361722,0.4062858932309112,18371.856666666667,-1276.4308333333329,7.75,0.0514064561219342,0.5840160772097505,205145.11,220462.28,61162.42,136813.01,22486.85,0.0,47624.17999999999,54728.94,0.1019986276110362,0.0,0.07831947487797,0.0614084187099943,0.2667815966951394,0.0,0.0,0.2347401106438707,0.0592674628966007,0.216019629298944,1.0746650505098565,-0.0746650505098561,0.2774280480089383,0.6205733243800255,0.1019986276110362,0.0102052831894871,0.8393488036490503,Female,23,Bachelor's,Salaried - Private,395642.49,32970.21,Salary,Mass Market,49494.28,1,2.8,Android 14,0,1.9,3.5,VERIFIED,0.93,0.91,0.86,0.93,1,1.0,5552407.94,68990.48,8.55,2.0925,646.0,0.0,0.4773779668224469,-54392.12666666667,2.092509571519259,0.1724137931034483,0.91
95,6068.691684210526,1855.4,102662.77,24265.43,19946.88094736842,961.52,104174.75,553664627.5441471,12,0.2936167728823982,22048.625,3046.7799999999997,1376934045.6403365,0.3829593595661164,25995.18416666667,-3946.5591666666664,7.916666666666667,0.0912677059908099,0.5633615280453308,264583.5,311942.21,104653.31,151232.81,56056.09,0.0,56217.06,34729.08,0.1797002399899648,0.0,0.0871170977470474,0.1552731513955742,0.1312594322775229,0.0,0.0,0.2318695504529509,0.0544919201540567,0.1802162650575566,1.178993436854528,-0.1789934368545279,0.3354894164531308,0.4848103435569043,0.1797002399899648,0.0369883896122938,0.7673298569258101,Male,41,Bachelor's,Salaried - Govt,953329.74,79444.15,Salary,Affluent,59025.8,0,1.2,Android 11,1,4.3,4.0,VERIFIED,0.87,0.88,0.91,0.97,1,0.0,0.0,0.0,0.0,0.0,650.0,0.0,0.4551202269578021,53448.96583333332,0.0,0.8846153846153846,0.901
100,6616.9085,1751.935,114862.28,37144.3,23200.0969,1063.54,115925.82,801210930.1636558,12,0.2773579819028964,27998.647499999995,4986.344999999999,1936745488.5807295,0.3992275903008965,27142.256666666668,856.3908333333329,8.333333333333334,0.0211493726416731,0.5447378687062723,335983.77,325707.08,115759.06,175570.36,34377.66,0.0,56442.009999999995,36809.52,0.1055477823816418,0.0,0.0273155867535946,0.1821177789564783,0.1095574348725237,0.0,0.0,0.2106980910577688,0.1880158699651233,0.173290706483875,0.9694131356404508,0.0305868643595492,0.3554084854403533,0.5390437321780048,0.1055477823816418,0.039183919489868,0.8547593217807853,Male,35,Bachelor's,Self-Employed Business,376426.11,31368.84,Savings,Mass Market,47215.47,1,3.2,Android 11,0,5.2,5.7,VERIFIED,0.95,0.97,0.96,0.86,1,1.0,9445204.28,82147.11,8.53,2.6187,630.0,0.0,0.4574317016630468,-77920.52666666667,2.6187487328189376,0.1515151515151515,0.94
94,6342.072136170213,1185.865,93925.95,32639.69,19889.909893617023,0.0,104365.8,739801242.8907388,12,0.2804129104247853,24650.375833333335,1218.5,1774319106.4384446,0.3793642310644345,25029.189233333334,-378.8133999999979,7.833333333333333,0.0079362482458832,0.5148529705469692,295804.51,300350.2708,99416.9608,186573.42,14359.89,12263.140799999985,58996.4,18113.610000000004,0.047810477952131,0.0408294647690392,0.1390278087273827,0.0937486086661454,0.0612350704186356,0.0,0.0,0.2690441722751395,0.1528058552361391,0.1964253264791796,1.015367449265733,-0.0153674492657328,0.3310033999143642,0.6211861221335047,0.047810477952131,0.0,0.7946685650979086,Female,44,High School,Salaried - Govt,515435.43,42952.95,Savings,Mass Market,70090.96,1,4.5,Android 12,0,4.3,5.3,VERIFIED,0.98,0.92,0.83,0.8,1,3.0,2692777.0300000003,134649.12,12.840000000000002,3.1348,658.0,1.0,0.4335597268574484,-116725.35923333334,3.134804943548697,0.108695652173913,0.8960000000000001
93,23192.44903225806,2850.75,134882.1,343738.99,111708.22258064516,164.59,1361426.36,55594766845.78648,12,0.2872693892511233,20869.444166666664,1228.705,1669985318.8001535,0.3478631300406983,158872.03583333336,-138002.59166666667,7.75,0.2729085002041694,0.3073205159262161,250433.33,1906464.43,783172.39,932985.21,190306.83,0.0,498751.6,411997.52999999985,0.0998218623989748,0.0,0.0887586347467285,0.149187567060981,1.6451385684165916,0.0,0.0,0.0121932880751412,0.17232234959663,0.2616107555701943,7.612662539766571,-6.612662539766573,0.4107983226311755,0.4893798149698497,0.0998218623989748,0.0010359910045633,0.7031333235877585,Female,35,Bachelor's,Self-Employed Professional,5026713.28,418892.77,Savings,HNI,1705165.35,1,2.0,Android 14,0,5.7,3.6,VERIFIED,0.89,0.99,0.87,0.88,1,0.0,0.0,0.0,0.0,0.0,650.0,0.0,0.3316460843949054,260020.73416666663,0.0,0.238095238095238,0.914
93,6899.828387096774,1819.16,129620.72,30384.13,26288.30247311828,1064.7,144525.26,1006930428.5516752,12,0.2823701078853734,28814.585833333334,4759.175,2310837800.119354,0.3850280171722499,24659.084166666667,4155.501666666666,7.75,0.073582408543585,0.5417685159527516,345775.03,295909.01,87700.56999999999,131927.12,76281.32,0.0,60766.93,43216.25,0.2577864053548082,0.0,0.1301201338884544,0.0910200064540109,0.1249837213520016,0.0,0.0,0.0952598570756598,0.0744110495317462,0.20535680883796,0.8557847858476073,0.1442152141523926,0.2963768152919709,0.4458367793532207,0.2577864053548082,0.0431767859991826,1.0660697005387545,Male,68,Bachelor's,Salaried - Private,450797.83,37566.49,Salary,Mass Market,26795.23,0,0.7,iOS 15,0,7.1,6.1,VERIFIED,0.86,0.99,0.86,0.96,1,1.0,3155747.32,40421.07,9.26,1.076,641.0,0.0,0.4477242166844505,-27513.66416666667,1.075987402602692,0.625,0.919
94,5284.767446808511,1395.59,129887.46,27669.69,16674.933829787235,213.28,137388.03,613741650.1772302,12,0.2629652365639523,21514.038333333338,5561.37,1642371900.9418883,0.3567058614844142,19883.306666666667,1630.7316666666684,7.833333333333333,0.0397806021741365,0.4848107565884093,258168.46,238599.68,98630.85,127712.46,12256.37,0.0,22730.910000000003,93042.05,0.0513679230416402,0.0,0.0132640161126787,0.3181057912567192,0.3603927838435415,0.0,0.0,0.0955172278521077,0.0365266206559874,0.0952679819185004,0.924201507806182,0.075798492193818,0.4133737731752197,0.53525830378314,0.0513679230416402,0.0107265860540969,0.8386398756169615,Male,48,High School,Self-Employed Business,183862.76,15321.9,Salary,Mass Market,9407.42,0,0.3,Android 13,0,3.4,1.9,VERIFIED,0.88,0.92,0.94,0.9,1,1.0,281790.16,25551.06,15.88,1.6676,641.0,0.0,0.4079478195260123,-30112.466666666667,1.6676169404577763,1.25,0.908
95,4705.662736842106,1420.4,89515.29,28209.75,16654.836210526315,595.56,91071.52,371110481.6284557,12,0.2776161035041717,19333.963333333333,3263.185,1024099673.0984788,0.3868995116567903,17919.2,1414.7633333333322,7.916666666666667,0.0402121836510816,0.5024806378696082,232007.56,215030.4,60235.57,125747.48,29047.35,0.0,26589.35,21000.94,0.1350848531184428,0.0,0.260491400285727,0.156471922109618,0.0905183434539805,0.0,0.0,0.210253061892644,0.0163798700090777,0.1236539112609193,0.9268249707035408,0.073175029296459,0.2801258333705373,0.5847893135110198,0.1350848531184428,0.0332358587436939,0.9294408349996828,Female,41,Bachelor's,Salaried - Private,484955.64,40412.97,Savings,Mass Market,10855.12,0,0.2,Android 13,0,0.3,1.5,VERIFIED,0.94,0.93,0.94,0.8,1,0.0,0.0,0.0,0.0,0.0,650.0,0.0,0.4331319621419174,22493.77,0.0,1.6666666666666663,0.909
98,7550.535673469387,1780.19,146219.27,41452.31,22694.305,48.89,146268.16,863650725.8387078,12,0.2709042762980851,30900.625,5009.085,2692083498.660155,0.3834994817508284,30762.083,138.54200000000006,8.166666666666666,0.0033038307481719,0.5019358830171108,370807.5,369144.996,123617.336,174167.0,71360.66,6017.075999999999,72951.28000000001,28557.24,0.1933133613437903,0.0163000340386572,0.1653438910492504,0.1209524183825046,0.0770136526364758,0.0,0.0,0.1999701223093378,0.0291373853541279,0.1976222914857012,0.995516530814506,0.0044834691854938,0.3348747439068631,0.4718118947493467,0.1933133613437902,0.0015892941970152,0.7377362904846203,Female,60,Master's,Salaried - Private,572051.14,47670.93,Savings,Mass Market,27155.55,0,0.9,Android 14,0,8.8,6.6,VERIFIED,0.97,0.97,0.83,0.79,1,1.0,146924.87,2652.13,12.74,0.0556,684.0,1.0,0.4308740422573414,14256.717000000004,0.0556341149627246,0.5,0.906
93,21903.52682580645,2235.96,131813.61,438857.04,72754.6376344086,159.32,1422935.67,39274261208.00795,12,0.2477951305689135,20847.225833333338,5627.615,1586943474.909753,0.3534272604914824,148905.10706666665,-128057.88123333332,7.75,0.2376639717372462,0.2702985623261646,250166.71,1786861.2848,1296235.4148,366284.74,124341.12999999998,15365.044799999932,462733.21,23455.94,0.0695863361401986,0.008598901845769,0.0587911445021644,0.4578627154550347,0.0937612362572142,0.0,0.0,0.1174328481930742,0.0156368993148381,0.2589642598092291,7.142682113059728,-6.142682113059727,0.7254258771100327,0.2049877867497686,0.0695863361401986,0.0010699431546607,0.4885973293168209,Female,46,High School,Self-Employed Business,6101670.58,508472.55,Salary,HNI,1673131.17,1,0.5,Android 12,0,8.8,1.1,REJECTED,0.67,0.66,0.58,0.32,0,1.0,117693.89,10432.2,11.55,0.0205,786.0,1.0,0.3201757812253553,349135.2429333333,0.0205167417592159,0.8333333333333334,0.579
90,4605.040222222222,1827.415,80308.87,23998.25,19355.447888888888,626.08,87222.46,439666883.5845179,12,0.319210337568332,15616.341666666667,7027.8,655385061.6446152,0.389188680154618,18921.46,-3305.1183333333324,7.5,0.1442555797759741,0.5720654320480856,187396.1,227057.52,69258.64,110413.28,47385.600000000006,0.0,45483.94,28794.33,0.20869425509448,0.0,0.0496290983888135,0.1047078290998686,0.1536549053048596,0.0,0.0,0.2784274222672739,0.0314072398923409,0.2003190204843248,1.2116448528010988,-0.2116448528010988,0.3050268495841934,0.4862788953213265,0.20869425509448,0.0330883557611304,1.022936279171316,Female,36,Diploma,Salaried - Private,327246.77,27270.56,Savings,Mass Market,45063.99,1,2.2,Android 13,0,5.5,4.7,VERIFIED,0.87,0.9,0.92,0.79,1,0.0,0.0,0.0,0.0,0.0,650.0,0.0,0.462339380912005,8349.100000000002,0.0,0.217391304347826,0.8730000000000001
94,264375.12451489357,3267.1659999987305,101532.54,5255151.23,1131670.475425532,35.26,20031857.23,11833895377208.184,12,0.2289339011962765,18325.314166666667,2958.08,1066195571.8220084,0.369565242663149,2052613.1611999995,-2034287.847033333,7.833333333333333,0.2693863255541483,0.2713791877879108,219903.77,24631357.934399996,7649530.7843999965,15160935.6,1820891.55,26597.17439999696,5965298.1,1628287.13,0.0739257476120289,0.0010798095042438,0.0028999428366976,0.0672977719870229,7.404543951201929,0.0,0.0,0.3635196294839646,0.1829877525227799,0.2421830788171407,112.00971194991337,-111.00971194991337,0.3105606603084075,0.6155135920795636,0.0739257476120289,1.7178102852749067e-05,0.551331588833784,Male,29,High School,Self-Employed Professional,11928481.55,994040.13,Savings,Ultra HNI,24475006.24,0,2.7,Android 14,0,8.3,4.1,VERIFIED,0.96,0.94,0.87,0.89,1,2.0,873574.07,43505.09,13.52,0.0438,769.0,2.0,0.3302908207130537,-1102078.1212,0.0437659292487517,0.1785714285714285,0.922
90,7704.930111111112,1796.005,147466.89,50772.88,22414.034888888888,1150.39,148617.28,743288368.6025823,12,0.2613605238508755,27054.26166666667,4417.415,2890059427.4345064,0.3445395719107643,30732.71416666667,-3678.4524999999976,7.5,0.2017786367248747,0.4320292598787686,324651.14,368792.57,104215.3,212468.34,52108.93,0.0,83328.00000000001,38549.630000000005,0.1412960407526648,0.0,0.2304028793204809,0.0566369870195595,0.1187417053271397,0.0,0.0,0.1543416126848759,0.0868450251044916,0.225948152914252,1.135965732324242,-0.1359657323242418,0.2825851399338115,0.5761188193135236,0.1412960407526648,0.0374320990252054,0.7293216852678638,Male,59,Bachelor's,Retired,462021.24,38501.77,Savings,Mass Market,48156.6,1,2.1,Android 14,0,7.1,2.7,VERIFIED,0.93,0.91,0.88,0.96,1,0.0,0.0,0.0,0.0,0.0,650.0,0.0,0.379535447097966,7769.055833333328,0.0,0.2272727272727272,0.9200000000000002
98,8710.016122448978,2026.375,141449.35,49559.45,27318.30224489796,1806.43,143289.4,1062589595.537846,12,0.2749335559487277,35895.1725,3912.525,3451058744.2848024,0.3895790961222009,35236.62583333333,658.5466666666667,8.166666666666666,0.0153906221939403,0.5115425374460288,430742.07,422839.51,94309.98,271605.47,56924.06,0.0,62825.63,71138.96,0.1346233231610735,0.0,0.0675160890239419,0.0744593380121928,0.165154427567291,0.0,0.0,0.2251150797142868,0.181464806824698,0.148580320698981,0.981653614656214,0.0183463853437859,0.2230396587111738,0.6423370181277525,0.1346233231610735,0.051265691798763,0.7752814464730969,Male,65,Bachelor's,Salaried - Private,369010.18,30750.85,Savings,Mass Market,26286.38,1,0.6,Android 14,0,2.5,0.9,VERIFIED,0.95,0.89,0.84,0.84,1,1.0,978667.95,33097.89,13.26,1.0763,679.0,0.0,0.438364472651732,-37583.66583333334,1.076324394285036,0.7142857142857143,0.8880000000000001
90,5497.862888888889,1731.185,123555.43,33871.77,16461.65011111111,921.21,137011.51,589303648.7778707,12,0.2757840106925441,17888.24583333333,4155.72,1327357302.2728631,0.3389969827720808,23345.72583333333,-5457.4800000000005,7.5,0.2088863503116002,0.4362868600553797,214658.95,280148.71,71011.13,195317.06,13820.52,0.0,39434.49,21006.67,0.0493327989980749,0.0,0.1953905481128219,0.1127138511542673,0.097860676202879,0.0,0.0,0.1391321416400597,0.2876839589944926,0.1407627042080615,1.3050874887816233,-0.3050874887816232,0.2534765553623288,0.6971906456395961,0.0493327989980749,0.0394594713643336,0.7051247936616711,Female,43,Diploma,Self-Employed Business,232901.18,19408.43,Salary,Mass Market,73478.06,0,0.3,Android 13,0,7.1,0.8,VERIFIED,0.94,0.98,0.83,0.86,1,1.0,675197.11,19131.82,15.99,0.9857,652.0,0.0,0.3779129336854004,-23069.11583333333,0.9857479456092018,1.25,0.914
100,7161.8321,2199.0550000000003,147721.77,32381.89,21682.9067,444.2,148556.97,660714882.6623718,12,0.2862547961988967,29607.278333333332,9045.455,2062766172.4465787,0.4050801124972256,30074.655833333338,-467.3774999999999,8.333333333333334,0.0102809295818571,0.5412764273891784,355287.33999999997,360895.87,123182.69,132036.68,105676.5,0.0,87373.12,20915.08,0.2928171497224393,0.0,0.099690694714794,0.0992241058341842,0.0588680699965273,0.0,0.0,0.1539214621658042,0.054292724380581,0.2421006369510407,1.015785898816434,-0.015785898816434,0.341324742785225,0.3658581074923356,0.2928171497224393,0.0147699113320415,0.7209694042771949,Male,60,Bachelor's,Self-Employed Professional,440790.0,36732.5,Salary,Mass Market,27723.37,0,0.8,Android 14,0,9.7,5.5,VERIFIED,0.86,0.98,0.92,0.78,1,1.0,1906009.0,42301.86,11.9,1.1516,662.0,0.0,0.4595586384540067,-35644.01583333334,1.1516194106036888,0.5555555555555556,0.8920000000000001
92,9883.472327826086,2871.525,144815.25,90380.42,38312.12423913043,669.96,238429.25,2021063047.9163513,12,0.3090922502390133,27910.045833333337,5471.965,2349543435.1910625,0.3755546195429015,47863.242013333336,-19953.196180000003,7.666666666666667,0.185684442130271,0.418404819378693,334920.55,574358.90416,279421.23416,202931.87,92005.80000000002,27938.724160000012,76197.22,160402.03999999998,0.1601886892213475,0.0486433203309704,0.0267634050567758,0.3051842475679118,0.4789256437086347,0.0,0.0,0.0302464362860483,0.0170376395823646,0.1326648188930551,1.7149109069598747,-0.7149109069598746,0.4864923867919373,0.353318923986715,0.1601886892213476,0.0139973802822083,0.800449836399669,Female,19,Bachelor's,Salaried - Private,1807823.36,150651.95,Savings,Affluent,328809.67,0,3.2,Android 14,0,4.0,5.7,VERIFIED,0.98,0.99,0.88,0.76,1,3.0,5209590.659999999,82734.43,11.293333333333337,0.5492,731.0,3.0,0.3926946994772181,20054.27798666668,0.5491759648647095,0.1515151515151515,0.919
94,6900.433936170212,1185.78,144373.09,32673.7,20168.53606382979,296.54,146838.8,1117335449.0190794,12,0.2455895969818367,30457.044166666663,2553.7749999999996,2995899966.2679534,0.3675726994379178,23596.355,6860.6891666666625,7.833333333333333,0.1036338462954706,0.4488129795603131,365484.53,283156.26,81506.08,174267.0,27383.180000000004,0.0,36450.5,64651.7,0.096706956081423,0.0,0.1359344483501795,0.1591191379629043,0.1768931232191961,0.0,0.0,0.2423161684647198,0.0088688485997095,0.1287292747827648,0.7747421210960693,0.2252578789039305,0.2878484127456691,0.6154446311729078,0.096706956081423,0.0125671952299412,0.8547309982338285,Male,47,High School,Unemployed,460568.17,38380.68,Savings,Mass Market,14897.81,0,0.5,Android 13,0,6.0,2.8,VERIFIED,0.94,0.93,0.92,0.76,1,0.0,0.0,0.0,0.0,0.0,650.0,0.0,0.4000688114868759,14784.325,0.0,0.8333333333333334,0.897
94,8234.004282553191,3018.545,135747.33,32497.15,27620.554893617023,401.31,136613.1,997088134.771146,12,0.2952064784163281,31494.204166666663,4868.01,2410604051.631263,0.401198138407538,33005.49604666666,-1511.2918799999964,7.833333333333333,0.031119591175567,0.5932813576846081,377930.4499999999,396065.95256,176844.74255999998,180912.43,38308.78,20985.202559999976,81007.36,38225.130000000005,0.0967232344825111,0.0529841114197285,0.074645472070769,0.1889891810093437,0.101143292370329,0.0,0.0,0.1669219218988148,0.1186940702581052,0.2045299765768889,1.0479863492343633,-0.0479863492343629,0.4465032690059612,0.4567734965115275,0.0967232344825111,0.012158884066841,0.8368471376574423,Male,62,Bachelor's,Self-Employed Business,2255626.63,187968.89,Savings,Affluent,87939.68,0,1.1,Android 13,0,5.3,2.7,VERIFIED,0.96,0.96,0.95,0.9,1,2.0,1809504.39,108353.28,11.905,0.5764,757.0,1.0,0.4780314261183661,46610.11395333335,0.5764426230319283,0.4166666666666666,0.946
100,7264.087,1883.375,145089.04,42322.12,26181.565100000003,470.69,147181.39,1152984678.8584068,12,0.2636375744328009,29030.810833333333,1634.715,2838602202.913081,0.3627066535625292,31503.2475,-2472.436666666666,8.333333333333334,0.0446282958184024,0.5006105480706676,348369.73000000004,378038.97,153590.05000000002,155502.6,68946.31999999999,0.0,88353.70999999999,34446.979999999996,0.1823788695646906,0.0,0.0895143958306732,0.1725651194108374,0.0988805198430988,0.0,0.0,0.1606890950951432,0.0700164588851778,0.2337158785508277,1.0851659528512996,-0.0851659528512996,0.4062809979616652,0.4113401324736442,0.1823788695646906,0.0149409993366556,0.8310751169383412,Male,33,Bachelor's,Salaried - Govt,332250.83,27687.57,Savings,Mass Market,62151.83,0,0.5,Android 13,0,9.5,4.9,VERIFIED,0.93,0.92,0.97,0.96,1,3.0,10224031.04,126512.98,11.463333333333331,4.5693,632.0,0.0,0.4178682113657845,-130328.65749999996,4.569306009880968,0.8333333333333334,0.941
99,4762.102828282828,1828.82,102978.05,20478.06,17140.693535353534,334.76,106861.68,389557400.6115376,12,0.290750232574558,17327.39416666667,3917.435,978803631.196772,0.3664879462528025,21959.954166666663,-4632.56,8.25,0.1223542856278643,0.5349649575968829,207928.73,263519.45,68239.25,145045.03,50235.17,0.0,35330.69,57655.49000000001,0.1906317351527562,0.0,0.1001238807989315,0.1248809528101246,0.2772848658287866,0.0,0.0,0.0758843417440344,0.1556164070621732,0.1340724185634115,1.2673546844632777,-0.2673546844632773,0.2589533713735362,0.5504148934737075,0.1906317351527562,0.0152441119621341,0.7805432290642774,Male,60,High School,Salaried - Private,249625.31,20802.11,Salary,Mass Market,71035.96,0,2.9,Android 13,0,0.9,3.9,VERIFIED,0.95,0.99,0.83,0.92,1,1.0,692368.68,61827.49,12.96,2.9722,644.0,0.0,0.4338787507904347,-62985.33416666667,2.972173976582183,0.1666666666666666,0.932
95,6018.508210526316,1472.24,138026.19,29651.1,24343.113473684207,943.36,142424.95,1041709289.7028446,12,0.2527408941735491,25101.158333333336,3833.93,2294079453.055251,0.3537527504349902,22545.365,2555.7933333333326,7.916666666666667,0.0439855880535033,0.4416524481000859,301213.89999999997,270544.38,87859.0,167908.56,14776.82,0.0,41634.73,30424.35,0.0546188392455241,0.0,0.0794983802657442,0.1708565152970466,0.1010057968772357,0.0,0.0,0.3402048492007116,0.08847295220104,0.1538924223818658,0.8981802632614233,0.1018197367385767,0.3247489376789124,0.6206322230755634,0.0546188392455241,0.0418427468351033,1.0797391602967708,Male,43,Bachelor's,Retired,462492.89,38541.07,Salary,Mass Market,34393.77,1,1.2,Android 14,0,6.4,2.2,VERIFIED,0.9,0.93,0.91,0.87,1,0.0,0.0,0.0,0.0,0.0,650.0,0.0,0.3889126295010285,15995.704999999998,0.0,0.3846153846153846,0.905
94,3788.437021276596,1249.64,58958.35,15959.39,13862.46510638298,387.77,61018.49,222896427.2563221,12,0.3070348572994045,14739.061666666666,4265.135,459168982.08661515,0.4180862746437104,14937.028333333334,-197.96666666666775,7.833333333333333,0.0080042594966108,0.5701671486601648,176868.74,179244.34,62952.46,92624.8,23667.08,0.0,40683.53,25935.7,0.1320380883435426,0.0,0.2084554524845805,0.1242378420428784,0.1466381227117918,0.0,0.0,0.1067983513454316,0.0568031325284804,0.2269724667456724,1.0134314294317923,-0.0134314294317922,0.3512103087885508,0.5167516028679064,0.1320380883435426,0.0259603176312289,0.9280604412758346,Male,32,High School,Salaried - Private,592098.19,49341.52,Savings,Mass Market,48122.39,0,4.2,Android 14,0,3.4,6.6,VERIFIED,0.89,0.99,0.84,0.85,1,2.0,1924248.92,46991.130000000005,12.145,0.9524,659.0,0.0,0.4789186242502922,-12586.638333333343,0.9523648643171108,0.1162790697674418,0.902
91,5681.053846153846,1220.47,142287.95,43787.95,17579.65197802198,384.03,148216.52,628677726.8684138,12,0.2541300218150555,23043.5675,3436.12,1827323021.7436757,0.360229560893071,20037.7575,3005.8099999999995,7.583333333333333,0.0534160927445533,0.3856438171009236,276522.81,240453.09,63587.27,136129.07,40736.75,0.0,55229.77,69522.25,0.1694166209300949,0.0,0.0285379572373139,0.0347572992303821,0.2514159681799848,0.0,0.0,0.1439835520516704,0.1044839556854936,0.2296904148746851,0.8695596938277894,0.1304403061722105,0.2644477141050672,0.5661356649648379,0.1694166209300949,0.019165318274762,0.8773263164813717,Male,48,Bachelor's,Retired,573465.43,47788.79,Savings,Mass Market,5814.83,1,0.3,Android 14,0,6.4,1.6,VERIFIED,0.87,0.96,0.95,0.82,1,0.0,0.0,0.0,0.0,0.0,650.0,0.0,0.3703952633762121,27751.0325,0.0,1.25,0.903
94,8651.95418893617,2566.51,96806.46,83434.07,36191.33031914893,465.89,260678.91,2037226697.8474424,12,0.3362175737578569,24957.35166666667,10967.19,1200887655.0302153,0.4293033701723593,42816.28948,-17858.937813333334,7.833333333333333,0.1959020729394309,0.4289338984711781,299488.22000000003,513795.47376,184002.89376,237482.61,92309.97,36580.45376,104304.6,11897.12,0.1796628711507861,0.0711965278563103,0.1913347528746824,0.0839202410337714,0.0397248345861483,0.0,0.0,0.1053251006747443,0.1423971283059128,0.2030080164713983,1.7155782413077882,-0.7155782413077882,0.3581247853614801,0.4622123434877337,0.1796628711507861,0.0108811390631507,0.8452701240273129,Female,30,Master's,Retired,2131044.36,177587.03,Salary,Affluent,270218.12,1,3.2,Android 13,0,8.3,5.7,VERIFIED,0.89,0.93,0.91,0.9,1,1.0,623804.75,21752.92,15.42,0.1225,719.0,1.0,0.4291555814918868,113017.82052,0.122491603131152,0.1515151515151515,0.908
90,5618.011444444444,1649.48,132599.11,40570.62,17554.866777777777,537.3,137785.89,513707302.3792649,12,0.2597068145675433,21032.77333333333,4703.335,1581702714.5000422,0.3558336810792668,21102.3125,-69.53916666666782,7.5,0.0049055192164988,0.4139184283774388,252393.27999999997,253227.75,57737.64,87397.85,108092.26,0.0,38861.619999999995,11014.46,0.4268578779379432,0.0,0.0661517941852739,0.0745416724667813,0.0436400683885086,0.0,0.0,0.014433291769958,0.2210540116555156,0.1534650921946745,1.0033062290723431,-0.003306229072343,0.2280067646614559,0.3451353574006008,0.4268578779379433,0.0254616644502824,0.8318930343666258,Female,25,High School,Salaried - Private,442853.3,36904.44,Salary,Mass Market,5979.18,0,5.8,Android 14,0,1.4,5.9,VERIFIED,0.92,0.92,0.89,0.95,1,1.0,6934685.8,68858.88,8.64,1.8659,608.0,0.0,0.3790675799985356,-53056.7525,1.8658697977804295,0.0847457627118644,0.9200000000000002
95,7929.016071578947,1778.3,134861.75,36227.85,30299.12052631579,139.81,149142.54,1401402008.0724072,12,0.2679687807971531,34244.111666666664,3211.8999999999996,3373938390.264396,0.3811031646764332,28527.26556666667,5716.846099999999,7.916666666666667,0.0990166563557652,0.6072074043617367,410929.34,342327.1868,106704.2368,214997.19,20625.76,21266.526800000007,61823.61,64482.98,0.0602515978727985,0.0621233942848503,0.1832229878856937,0.0689810827493412,0.1569198733777442,0.0,0.0,0.1898055208742772,0.066650885117489,0.1805980137829941,0.8330560840459822,0.1669439159540177,0.3117024908171856,0.6280459113100157,0.0602515978727985,0.0049009253856901,1.0621109287712274,Male,57,Master's,Salaried - Private,361472.29,30122.69,Savings,Mass Market,34076.56,0,1.7,iOS 16,0,9.3,2.7,VERIFIED,0.91,0.97,0.96,0.89,1,1.0,612659.37,11078.97,12.8,0.3678,647.0,1.0,0.4715448605505546,-9483.545566666671,0.3677948416957449,0.2777777777777778,0.934
93,6196.227956989247,2224.33,104518.93,26531.56,23791.233440860215,812.63,106878.0,690389237.5504489,12,0.2934411179639947,23254.8025,3973.47,1549217547.6410563,0.3816165848526421,24765.96416666667,-1511.161666666668,7.75,0.0276364876464459,0.482089887133145,279057.63,297191.57,135737.97,117092.17,44361.43000000001,0.0,83686.15999999999,26504.47,0.1492688032840232,0.0,0.1163870496057475,0.1751456476373135,0.094978481684948,0.0,0.0,0.0187323281074224,0.1696931040136838,0.2815899522318214,1.0649827779301355,-0.0649827779301358,0.4567355998691349,0.3939955968468419,0.1492688032840232,0.0328123708219583,0.9606423267333004,Male,22,Bachelor's,Salaried - Private,431254.62,35937.89,Current,Mass Market,55703.41,0,0.5,Android 12,0,1.3,3.6,VERIFIED,0.94,0.9,0.91,0.86,1,1.0,972555.77,85371.98,9.71,2.3755,678.0,0.0,0.4218059057648433,-74200.05416666667,2.3755423593316136,0.8333333333333334,0.906
94,6471.922021276596,1763.74,121656.4,40909.35,18343.42989361702,357.78,122911.15,634232553.943829,12,0.2633003312884509,27544.62,5317.504999999999,2159479521.3978176,0.3823791677947867,23152.102499999997,4392.517499999999,7.833333333333333,0.107285207917961,0.5387783497197278,330535.44,277825.23,72023.26,128849.66,76952.31,0.0,46622.22,19593.48,0.2769809998897508,0.0,0.1465572439191358,0.0914281255161743,0.0592780005678059,0.0,0.0,0.1315667047229656,0.1151311203809675,0.1678113251269512,0.8405308368748597,0.1594691631251402,0.2592394506431255,0.4637795494671237,0.2769809998897508,0.0154534561169984,0.7923008242390522,Male,27,Bachelor's,Salaried - Govt,385650.51,32137.54,Savings,Mass Market,32327.34,1,0.7,Android 13,0,3.0,4.8,VERIFIED,0.89,0.97,0.94,0.91,1,1.0,764508.62,26058.6,13.81,0.8108,661.0,0.0,0.4449388405647632,-17073.1625,0.8108461319690305,0.625,0.928
90,14998.863469333332,2489.35,114269.45,171583.17,72167.4508888889,231.47,705606.75,18439319319.182938,12,0.3157197845208312,20800.9325,2747.795,1770851585.875184,0.3405023601703582,91690.54352,-70889.61102,7.5,0.2879814544474104,0.3510105096166431,249611.19,1100286.5222399998,450706.8522399999,511343.92,138235.75,35570.04223999992,198641.6,5634.06,0.1256361385928595,0.0323279814130461,0.1811486698884823,0.1967625755873586,0.0225713438568198,0.0,0.0,0.1046875678941335,0.1737802800771677,0.1805362475908537,4.408001589351823,-3.4080015893518234,0.4096268045912586,0.4647370568158819,0.1256361385928595,0.0025244697120757,0.7870762689191321,Male,43,High School,Salaried - Govt,5312436.78,442703.07,Savings,HNI,854298.83,1,5.9,Android 14,0,8.0,6.0,VERIFIED,0.93,0.94,0.87,0.75,1,1.0,1804291.05,161052.8,12.88,0.3638,738.0,1.0,0.3447056199488721,189959.72648,0.3637941792452444,0.0833333333333333,0.885
100,4643.5740000000005,986.99,68113.12,22060.09,15419.9126,271.57,68964.28,290657365.49266994,12,0.2918525813890553,18307.649166666662,3227.095,797805560.4169899,0.4037044973648222,20388.80083333333,-2081.151666666669,8.333333333333334,0.0739164810208381,0.6181124332146214,219691.79,244665.61,68859.23,123312.73,52493.649999999994,0.0,26767.630000000005,44094.86,0.2145526296074058,0.0,0.1191630078293389,0.1720372552562658,0.2007123707262798,0.0,0.0,0.1316952554141139,0.0729218953166323,0.1094049547870663,1.1136766194130423,-0.1136766194130423,0.2814422100433322,0.5040051603492619,0.2145526296074057,0.0133195670613454,0.7562932575607991,Male,41,Diploma,Salaried - Private,446158.87,37179.91,Savings,Mass Market,45322.68,0,1.1,Android 14,0,0.6,2.9,VERIFIED,0.97,0.95,0.88,0.93,1,1.0,1237269.69,21289.3,11.16,0.5726,624.0,0.0,0.4894676717047419,-4498.190833333327,0.5726022467510007,0.4166666666666666,0.938
96,5306.243125,1883.12,104522.59,30810.08,17715.7071875,1440.41,105963.0,297468456.2513488,12,0.2908714367741026,19183.075833333332,4575.11,1023805054.381608,0.3850768287271359,23266.869166666667,-4083.793333333335,8.0,0.1140827327321878,0.5900227894802865,230196.91,279202.43,87880.04,137741.4,53580.990000000005,0.0,43706.93,49735.95,0.1919073197178119,0.0,0.0850146612262651,0.1582117677127666,0.2160582867945534,0.0,0.0,0.133547584095167,0.0966407778041186,0.1565420831043626,1.2128852207442749,-0.212885220744275,0.3147538508171293,0.4933388294650587,0.1919073197178119,0.0619082004408056,0.7614134527768974,Male,54,Bachelor's,Salaried - Private,555519.61,46293.3,Salary,Mass Market,71091.33,1,1.5,Android 13,0,6.2,3.3,VERIFIED,0.95,0.98,0.91,0.97,1,1.0,1630856.58,13641.45,8.96,0.2947,640.0,0.0,0.4670552130283961,9384.980833333337,0.2946743913266066,0.3125,0.955
94,5212.093085106383,893.3399999999999,142529.94,43747.36,14303.003510638298,176.36,145067.51,619054111.2040962,12,0.2219994585041071,23049.87,824.99,2212874597.0271454,0.3385383484288471,17778.1925,5271.6775,7.833333333333333,0.1327607519204812,0.4784285699697074,276598.44,213338.31,118216.91,82682.96,12438.44,0.0,40034.68,11447.72,0.0583038273810268,0.0,0.2720434506113787,0.3664706540517735,0.0413875074638888,0.0,0.0,0.0392920052661896,0.0225719421889111,0.187658184786408,0.7712925278971204,0.2287074721028795,0.5541288388381815,0.3875673337807916,0.0583038273810268,0.0099200185845664,0.8045251794094533,Male,39,Diploma,Salaried - Private,292784.18,24398.68,Salary,Mass Market,22984.7,0,2.0,iOS 17,0,6.4,4.7,VERIFIED,0.86,0.97,0.89,0.9,1,2.0,6479289.040000001,82271.27,8.965,3.372,621.0,0.0,0.3944944370451912,-75650.7825,3.371955777935528,0.238095238095238,0.907
99,43948.32878787879,5070.72,124087.88,1070406.21,249448.54090909092,3093.54,3418870.46,338218772327.8926,12,0.2494770559905773,28649.63666666667,12822.585,1582651084.3443696,0.4292903825518672,333924.07583333337,-305274.43916666665,8.25,0.272306864223138,0.2928406503429346,343795.64,4007088.91,215930.77,3561083.3400000003,230074.8,16642.86,76840.94,283001.31,0.0574169441126775,0.0041533543112723,0.3865134602166838,0.0305575875030933,0.8231672455182968,0.0,0.0,0.0403615177083754,0.3911957221832645,0.0191762503218327,11.65543841684554,-10.65543841684554,0.0538871921361984,0.8886958637511241,0.0574169441126775,0.0092642017269339,0.7470217302737839,Male,58,Bachelor's,Salaried - Private,19998915.63,1666576.3,Salary,Ultra HNI,3687373.55,0,0.8,Android 13,0,3.6,2.4,VERIFIED,0.88,0.91,0.87,0.9,1,1.0,251158.57,5547.62,11.69,0.0033,779.0,1.0,0.3747104896682942,1327104.6041666667,0.0033287524849597,0.5555555555555556,0.8910000000000001
93,6959.849247311828,1539.67,147413.85,30759.98,20377.46258064516,288.32,150039.77,992894633.3876454,12,0.2477109839193482,30604.9275,6177.049999999999,2886856899.0647297,0.3730247212660831,23333.904166666664,7271.023333333332,7.75,0.1184253976287174,0.4909674300895956,367259.13,280006.85,90744.61,186110.93,3151.31,0.0,18284.339999999997,35156.89,0.0112544032404921,0.0,0.3212533907652616,0.2587803476950653,0.0957277495048251,0.0,0.0,0.070183533009996,0.1476714587518126,0.0652996167772324,0.762423115253799,0.2375768847462008,0.3240799644722977,0.6646656322872101,0.0112544032404921,0.0123562691412727,0.8732984602617471,Male,56,Master's,Salaried - Private,383505.96,31958.83,Savings,Mass Market,24076.62,0,2.7,Android 13,0,6.4,5.3,VERIFIED,0.94,0.95,0.97,0.84,1,2.0,1646821.53,35979.86,12.45,1.1258,605.0,0.0,0.4202018047954881,-27354.93416666666,1.1258190615864223,0.1785714285714285,0.929
91,7106.91421978022,2271.86,131148.83,30453.62,28846.991648351646,121.31,137112.75,995403726.3954476,12,0.2705371485860928,29100.514166666664,4650.745000000001,2302754282.7760806,0.3877844682914169,24793.585333333333,4306.9288333333325,7.583333333333333,0.0750815735216623,0.5349993902363149,349206.17000000004,297523.024,120591.554,139838.08,37093.38999999999,12818.284,34580.86,37422.47,0.1246740151444548,0.0430833346195083,0.0634384517414692,0.2460058687760581,0.1071644009039129,0.0,0.0,0.1323134239184124,0.1484756352839436,0.1162291897113818,0.8519981877754335,0.1480018122245663,0.4053183931069483,0.4700075917485969,0.1246740151444548,0.0048927978091537,1.163486089668878,Female,58,Bachelor's,Salaried - Private,497669.54,41472.46,Savings,Mass Market,59971.82,0,0.4,Android 13,0,5.1,0.9,VERIFIED,0.88,0.92,0.89,0.97,1,3.0,1136340.8,58772.490000000005,13.06,1.4171,627.0,1.0,0.4466704370693761,-42093.61533333334,1.4171450162348702,1.0,0.912
98,11811.563775510203,3689.625,146823.88,120602.68,52171.51714285714,2474.92,419362.22,4129987629.6777344,12,0.3156981904288369,32779.96166666666,7118.875,2869691408.976397,0.3899252844805383,63681.142499999994,-30901.180833333332,8.166666666666666,0.2313285329158128,0.4263156526003336,393359.54,764173.71,199402.17,484784.96,79986.58,0.0,114105.98,92384.48,0.1046706775609959,0.0,0.0390223448016812,0.1116188490703246,0.2348601485551869,0.0,0.0,0.3380744150436685,0.1363996806432925,0.1493194263382863,1.9426850814397432,-0.9426850814397436,0.2609382754086109,0.6343910470303931,0.1046706775609959,0.0388642524747416,0.8192616384490455,Male,44,Master's,Self-Employed Business,2081370.85,173447.57,Savings,Affluent,423084.2,1,2.7,Android 12,0,0.7,3.4,VERIFIED,0.94,0.94,0.84,0.89,1,0.0,0.0,0.0,0.0,0.0,650.0,0.0,0.4044814317284564,109766.42750000002,0.0,0.1785714285714285,0.91
91,5566.607582417583,763.72,108912.94,21650.05,15780.90945054945,291.01,109203.95,667843526.6966921,12,0.2468663611595875,24839.240833333333,2293.4249999999997,1778958062.7600265,0.380854965272685,17374.2,7465.040833333333,7.583333333333333,0.1523304507336668,0.4221190409139454,298070.89,208490.4,82881.31,113398.09,12211.0,0.0,45851.01000000001,63823.36,0.0585686439279698,0.0,0.1280914612855076,0.1776115351114487,0.2141214125270669,0.0,0.0,0.0655753454355692,0.0441126306055338,0.2199190466323629,0.6994658217043602,0.3005341782956396,0.3975305817438117,0.5439007743282185,0.0585686439279698,0.0167495481806356,0.9082956021312896,Female,44,Diploma,Retired,587349.11,48945.76,Salary,Mass Market,5150.67,0,2.2,Android 14,0,6.4,4.0,VERIFIED,0.91,0.95,0.86,0.79,1,0.0,0.0,0.0,0.0,0.0,650.0,0.0,0.3973605955291891,31571.56,0.0,0.217391304347826,0.8880000000000001
96,6278.645104166667,2361.685,127576.19,33368.83,23334.0384375,369.76,138388.78,629713654.8515333,12,0.2873259796518196,24369.369166666667,6436.495000000001,1527648045.1140263,0.3943965320913756,25859.791666666668,-1490.4225000000013,8.0,0.0482181204595702,0.5657562888046068,292432.43,310317.5,87062.62,207992.57,15262.31,0.0,43485.66,80502.03,0.0491828852707307,0.0,0.1340867337484995,0.1404270142676452,0.2752842083896099,0.0,0.0,0.1246335446760173,0.1521187493454284,0.140132799471509,1.061159666867317,-0.061159666867317,0.2805598137391542,0.6702573009901149,0.0491828852707307,0.0142986457418611,0.9023289413262224,Male,60,Bachelor's,Salaried - Private,184255.1,15354.59,Current,Mass Market,48435.01,0,2.3,Android 13,0,6.1,4.3,VERIFIED,0.87,0.95,0.91,0.93,1,0.0,0.0,0.0,0.0,0.0,650.0,0.0,0.4629404347766681,-10505.201666666668,0.0,0.2083333333333333,0.914
99,5917.91191919192,1628.18,126729.2,29465.23,17977.53696969697,1013.76,128061.44,500731244.6757111,12,0.2795389178118294,22700.720833333336,2465.4700000000003,1570431154.355081,0.3743485005179738,26122.0525,-3421.3316666666656,8.25,0.0918248158287218,0.5287692692878527,272408.65,313464.63,117926.38,145822.23,49716.02,0.0,94024.19,83487.85999999999,0.158601689766402,0.0,0.0717893435058367,0.0762516332384932,0.306480209053567,0.0,0.0,0.0273625448587293,0.0997042632848241,0.2999515128708461,1.150714670771284,-0.1507146707712841,0.3762031461093393,0.4651951641242586,0.158601689766402,0.0388085890264557,0.6882130326358148,Male,29,High School,Self-Employed Business,336274.55,28022.88,Savings,Mass Market,57467.13,0,1.5,Android 13,0,4.3,2.1,REJECTED,0.52,0.58,0.33,0.24,0,0.0,0.0,0.0,0.0,0.0,650.0,0.0,0.4361168080259253,1900.8274999999992,0.0,0.3125,0.4439999999999999
95,7589.533052631579,2799.53,129352.37,38234.24,28164.48536842105,436.61,138301.54,1090886199.453578,12,0.2955326147223543,29023.709166666667,4362.87,2219258573.3993535,0.3915477350555917,31060.094166666662,-2036.385000000002,7.916666666666667,0.0366157172470539,0.5642949923248316,348284.51,372721.13,147761.77,156954.83000000002,68004.53,0.0,91973.25999999998,67423.01000000001,0.182454184982751,0.0,0.0595097466033117,0.1496789570261283,0.1935860139171851,0.0,0.0,0.154272471753882,0.0264290623931087,0.246761593580702,1.0701628102840404,-0.0701628102840405,0.3964405506068303,0.4211052644104186,0.182454184982751,0.0140569438604138,0.9067739852072584,Female,31,Bachelor's,Salaried - Govt,466908.0,38909.0,Savings,Mass Market,70077.37,1,2.5,Android 14,0,5.5,6.2,VERIFIED,0.92,0.91,0.87,0.77,1,1.0,931358.45,22352.98,15.4,0.5745,673.0,0.0,0.4606466379632876,-14504.074166666664,0.5744938189107919,0.1923076923076923,0.8770000000000001
99,3995.197131313131,966.29,70551.23,16342.84,12679.714747474747,0.0,73350.48,308883907.0820395,12,0.2709445436844433,16802.101666666666,1833.595,806054950.3145424,0.3820144175849734,16158.274666666666,643.8269999999999,8.25,0.0186698423117787,0.4936477076232503,201625.22,193899.296,65402.626,73305.18,55191.48999999999,11365.696,11091.45,46999.579999999994,0.2846399710497144,0.0586164892522353,0.0693746201120812,0.2214834240553405,0.2331036762166954,0.0,0.0,0.0266862237601935,0.0396054558135167,0.05720211588597,0.9616817578673936,0.0383182421326062,0.3373020291935459,0.3780579997567396,0.2846399710497143,0.0,0.7847195946998021,Male,67,Master's,Salaried - Private,560260.43,46688.37,Savings,Mass Market,8663.93,0,1.1,Android 13,0,5.2,6.9,REJECTED,0.47,0.68,0.34,0.15,0,2.0,4820408.970000001,48073.08,12.37,1.0297,641.0,1.0,0.4266677336002841,-17542.984666666664,1.0296585637922249,0.4166666666666666,0.4429999999999999
98,5988.452448979591,2198.485,92436.63,29856.91,21208.412142857145,642.19,93956.3,489674990.8323509,12,0.303299941027628,23021.028333333332,3489.91,1338425445.6039605,0.3965963456721644,25884.666666666668,-2863.638333333334,8.166666666666666,0.0884797155439029,0.5303412311739997,276252.34,310616.0,97202.11,178649.02,34764.87,0.0,37014.15,63535.58,0.111922341411904,0.0,0.1835580588250444,0.1937696705900533,0.2299911016138361,0.0,0.0,0.1048562855744713,0.0821829203904499,0.1191636940788626,1.124392285690684,-0.1243922856906841,0.3129333646689159,0.5751442939191799,0.1119223414119041,0.0248096685296314,0.8193426794314708,Male,21,Bachelor's,Salaried - Private,239993.63,19999.47,Savings,Mass Market,52521.38,0,0.8,Android 13,0,8.2,1.2,VERIFIED,0.88,0.89,0.93,0.83,1,2.0,2326339.1799999997,58091.42,11.66,2.9046,649.0,0.0,0.4500942998728985,-63976.61666666667,2.9046479731712886,0.5555555555555556,0.8830000000000001
94,6038.100319148935,1686.765,145434.52,30495.37,20999.07882978723,443.39,151069.49,920143542.9410232,12,0.2637208063501262,22821.88333333333,2892.06,1953384083.8545144,0.3503753078262632,24476.569166666668,-1654.6858333333355,7.833333333333333,0.028651161763817,0.4805388674578096,273862.60000000003,293718.83,53838.03,212951.23,26929.57,0.0,28400.819999999996,75242.03,0.0916848606539798,0.0,0.2420813469807162,0.0866039470469087,0.2747437218517606,0.0,0.0,0.1323029919464134,0.0944626873258347,0.0966939028049376,1.0725043507218583,-0.0725043507218584,0.1832978498518463,0.7250172894941738,0.0916848606539798,0.0181148753724778,0.8579257446907532,Male,30,High School,Self-Employed Business,261882.47,21823.54,Salary,Mass Market,38858.54,0,1.1,Android 14,0,4.0,5.0,VERIFIED,0.96,0.94,0.86,0.79,1,1.0,9799880.5,101978.27,9.44,4.6729,657.0,0.0,0.4024407316788818,-104631.29916666666,4.672856465999558,0.4166666666666666,0.9
98,7500.4795918367345,2348.075,130634.99,33677.35,23625.07806122449,1740.17,135397.55,774845224.4719455,12,0.289553564068317,30297.01166666667,5324.415,2328550590.1007605,0.3960591085836557,30956.905,-659.8933333333347,8.166666666666666,0.0257339770187461,0.5126541685947741,363564.14,371482.86,86853.8,242493.52,42135.53999999999,0.0,54014.88,51227.420000000006,0.113425260051029,0.0,0.2233844113292333,0.0883995563079276,0.1409033905269095,0.0,0.0,0.083324167365353,0.2081633591385616,0.1454034245348493,1.0217808059947826,-0.0217808059947826,0.2338029808427769,0.652771759106194,0.1134252600510289,0.0562126607940942,0.7631602080771476,Male,26,Master's,Retired,328858.48,27404.87,Current,Mass Market,38911.29,0,0.7,Android 12,0,5.5,0.9,VERIFIED,0.85,0.91,0.93,0.86,1,1.0,903023.23,21720.59,15.5,0.7926,663.0,0.0,0.442697132588103,-25272.624999999996,0.7925813915555885,0.625,0.8860000000000001
93,6752.093225806452,1687.16,131776.2,38347.87,23221.65623655914,817.72,132593.92,626667215.4348433,12,0.2730689047966304,27730.885,2926.185,2044955880.0790093,0.3904366330653323,24597.8375,3133.047500000002,7.75,0.0621403589073975,0.5706421473942025,332770.62,295174.05,96124.14,182198.09,16851.820000000003,0.0,34857.60999999999,58880.83,0.0570911297927443,0.0,0.2160796994180213,0.2075606917342496,0.1769411915030239,0.0,0.0,0.1023457854780933,0.0993526361819407,0.1180917157182347,0.8870195632054296,0.1129804367945704,0.3256524074524844,0.6172564627547713,0.0570911297927443,0.0332435727327656,0.9440527540910516,Female,67,Master's,Salaried - Private,533095.27,44424.61,Savings,Mass Market,55494.51,0,0.1,Android 12,0,3.3,0.7,VERIFIED,0.87,0.92,0.89,0.77,1,1.0,829282.61,73599.31,11.79,1.6567,643.0,0.0,0.4625188387968804,-53772.53749999999,1.6567238294269775,2.5,0.8690000000000001
90,6496.022999999999,1175.895,128944.34,39087.36,23543.33011111111,577.17,134080.4,1247807239.0381742,12,0.2567929594400562,24412.501666666663,4279.905000000001,2438194573.330979,0.3405454307105662,24307.670833333337,104.83083333333146,7.5,0.0049210918011085,0.4376958126191353,292950.02,291692.05,114476.35,175036.83,2178.8700000000003,0.0,76189.36,59858.34,0.0074697613459125,0.0,0.1064336857998015,0.1312582567814241,0.2043295303410458,0.0,0.0,0.0962049874173807,0.1922246423925506,0.2611979311743326,0.9957058545345038,0.004294145465496,0.3924561879557568,0.6000740506983306,0.0074697613459125,0.0237443564197241,0.9685555754204934,Male,41,Master's,Salaried - Private,267312.23,22276.02,Savings,Mass Market,3936.85,0,1.4,iOS 17,0,5.0,1.5,VERIFIED,0.85,0.99,0.84,0.88,1,1.0,1899210.72,15190.71,8.42,0.6819,625.0,0.0,0.3794055834739939,-17222.36083333333,0.6819310630893669,0.3333333333333333,0.8960000000000001
92,5389.707065217392,2394.5,69554.6,22807.39,19754.810217391303,2651.31,82493.06,266324507.47307688,12,0.31645627050359,21473.310833333333,7169.65,998758686.6117538,0.4151067749802937,19847.77666666667,1625.5341666666664,7.666666666666667,0.0440709507774487,0.6060587813862413,257679.73,238173.32,91648.7,102826.68,43697.939999999995,0.0,38593.71,37984.23,0.1834711797274354,0.0,0.0936820295405043,0.2227579058813136,0.1474086844161161,0.0,0.0,0.1155465272096807,0.0630204508212758,0.1620404418093512,0.9242997887338674,0.0757002112661325,0.3847983476906649,0.4317304725818995,0.1834711797274354,0.1335822165135876,0.9953160270373508,Female,29,Doctorate,Salaried - Private,263201.01,21933.42,Savings,Mass Market,43269.11,0,0.4,Android 14,0,5.5,6.6,VERIFIED,0.87,0.9,0.85,0.96,1,0.0,0.0,0.0,0.0,0.0,650.0,0.0,0.4914875775426727,2085.64333333333,0.0,1.0,0.893
90,6638.492666666666,1667.9450000000002,126282.73,27102.57,19958.104555555554,2010.66,128293.39,687214494.973409,12,0.2775898625400468,22655.953333333335,3475.7250000000004,2043871570.785933,0.3435919019140943,27132.74166666667,-4476.788333333334,7.5,0.1809092988295083,0.4566710086566722,271871.44,325592.9,102933.06,166250.35,56409.490000000005,0.0,30391.36999999999,45265.45,0.1732515973167719,0.0,0.0691895922791928,0.2227987465328635,0.1664957893333702,0.0,0.0,0.1419681141695657,0.1604256419596373,0.0933416238499058,1.1975987621208024,-0.1975987621208024,0.3161403703827694,0.5106080323004586,0.1732515973167719,0.0741045643194308,0.7355727187744777,Female,69,Doctorate,Salaried - Private,268955.22,22412.93,Savings,Mass Market,59855.4,0,3.5,iOS 15,0,3.3,4.3,VERIFIED,0.89,0.9,0.85,0.82,1,0.0,0.0,0.0,0.0,0.0,650.0,0.0,0.3888235446111254,-4719.811666666668,0.0,0.1388888888888889,0.8710000000000001
91,4149.560659340659,979.22,106053.03,16870.73,11467.835054945055,986.71,111954.54,252636467.07054973,12,0.2493276061665296,18058.2875,3812.69,1130465632.7733843,0.3593867850609094,13409.214166666668,4649.073333333333,7.583333333333333,0.1140099977437606,0.4732956111204408,216699.45,160910.57,58058.93,84414.3,18437.34,0.0,28387.24,22016.730000000003,0.1145812857415146,0.0,0.1041141672669483,0.184398638324381,0.1016003040155385,0.0,0.0,0.1678106043624107,0.1158531723553027,0.17641625407206,0.7425518154291577,0.2574481845708422,0.360814892396441,0.5246038218620442,0.1145812857415146,0.0735844761472164,0.8552205157146647,Male,33,Bachelor's,Salaried - Private,266091.28,22174.27,Savings,Mass Market,56165.66,0,2.8,Android 13,0,2.6,3.0,VERIFIED,0.95,0.95,0.92,0.76,1,0.0,0.0,0.0,0.0,0.0,650.0,0.0,0.4049503154847219,8765.055833333334,0.0,0.1724137931034483,0.906
97,7786.973402061856,2297.86,134640.95,35955.97,27312.05381443299,1879.73,142600.76,971529306.0053278,12,0.2834598664174104,30728.63083333334,3914.755,2668693918.6925,0.3832114861405532,32216.07083333333,-1487.439999999997,8.083333333333334,0.0316073023449374,0.568316801720324,368743.57,386592.85,124211.22,203861.88,58519.74999999999,0.0,86030.18,94890.35,0.1513730789382162,0.0,0.1743367214370364,0.0987629233184214,0.2573342499233275,0.0,0.0,0.080686619010155,0.0268533936931321,0.2225343277817993,1.0484056711822798,-0.0484056711822797,0.3212972511002208,0.5273296699615629,0.1513730789382162,0.0583475871320434,0.8477773082797468,Male,21,Diploma,Unemployed,554659.55,46221.63,Salary,Mass Market,48073.12,0,2.3,Android 14,0,0.6,4.5,VERIFIED,0.87,0.99,0.97,0.96,1,3.0,3437201.4000000004,74988.3,12.066666666666668,1.6224,657.0,0.0,0.4572536123724615,-60982.74083333334,1.6223638153825386,0.2083333333333333,0.944
93,7265.658365591398,1367.28,123060.95,72549.97,21873.38892473118,101.95,150977.0,1088405042.115784,12,0.2859073816885752,21944.575833333332,896.345,1848594550.3369715,0.3477329616921695,34364.2765,-12419.700666666666,7.75,0.1608818500362032,0.4174911330444353,263334.91,412371.318,143898.348,109677.84,158795.12999999998,10678.688000000002,45471.39000000001,22826.039999999997,0.3850780184474421,0.0258958068465857,0.0524280401092299,0.2127894598139825,0.0866806455703119,0.0,0.0,0.0884968435171332,0.0696906374075221,0.1102680715538998,1.565957654456069,-0.5659576544560688,0.3489533382144681,0.2659686433380898,0.385078018447442,0.0029667436763873,0.6365153337283612,Male,28,Master's,Salaried - Private,2205369.86,183780.82,Current,Affluent,223526.97,1,4.4,Android 14,0,8.2,6.8,VERIFIED,0.96,0.97,0.89,0.84,1,3.0,2928432.72,151495.46,13.06,0.8243,756.0,1.0,0.3756362302330758,-2078.916499999992,0.8243268258352531,0.1111111111111111,0.925
92,5818.034130434783,2202.01,140516.05,17782.59,18854.97597826087,1651.59,146310.78,529782644.91548365,12,0.2619417809157077,26146.9075,8737.869999999999,1852012642.973511,0.3882345561493936,18458.020833333332,7688.886666666665,7.666666666666667,0.141803749536549,0.5602125167971169,313762.89,221496.25,75984.64,106375.14,39136.469999999994,0.0,58990.780000000006,41503.1,0.176691343532904,0.0,0.0682724425357088,0.0767230144979881,0.1322753624560253,0.0,0.0,0.156345446028996,0.0682630970050283,0.2663285721541561,0.7059351410232102,0.2940648589767897,0.3430515866521442,0.4802570698149517,0.176691343532904,0.089478174009718,1.021505834699822,Male,44,Bachelor's,Salaried - Private,195762.04,16313.5,Current,Mass Market,43553.81,0,1.3,Android 14,0,6.8,1.3,VERIFIED,0.94,0.93,0.9,0.76,1,0.0,0.0,0.0,0.0,0.0,650.0,0.0,0.457025740408483,-2144.520833333332,0.0,0.3571428571428571,0.893
91,7442.436263736265,1545.34,135600.16,46892.76,24846.228131868134,1120.3,146482.12,1212428525.504424,12,0.2686898026698749,30736.048333333336,5473.71,2626831614.368615,0.3851388756146865,25702.426666666663,5033.621666666667,7.583333333333333,0.0912681873906281,0.4505470326761517,368832.58,308429.12,108240.46,193458.16,6730.5,0.0,93909.63999999998,55914.84,0.021821869478472,0.0,0.2294767433113967,0.0464639006848639,0.1515995143379145,0.0,0.0,0.1897343869476397,0.0267367750489966,0.3044772166778545,0.836230682224439,0.1637693177755609,0.3509411173627185,0.6272370131588094,0.021821869478472,0.0435873240503361,0.9666880273251036,Male,26,Diploma,Self-Employed Professional,595432.63,49619.39,Salary,Mass Market,21348.45,1,1.9,Android 13,0,6.7,5.2,VERIFIED,0.88,0.96,0.92,0.94,1,2.0,4988847.68,62073.130000000005,11.41,1.251,629.0,0.0,0.4113021384392726,-38156.16666666667,1.250985350686496,0.25,0.9240000000000002
100,6156.3119136,1826.165,87542.51,56374.22,28640.164,889.52,189928.08,1527141746.54382,12,0.3320286995494776,19285.344166666662,5467.97,829331804.2874081,0.4115873584297087,32017.25511333333,-12731.910946666663,8.333333333333334,0.2247661574791693,0.4781214415907265,231424.13,384207.06135999993,100496.21135999996,154730.11,128980.73999999996,21874.07135999995,38939.53,47119.17,0.3357063234169601,0.0569330279422013,0.1088154649006475,0.1032844369375543,0.203605259313279,0.0,0.0,0.0768646466191019,0.0944056828929907,0.1013503756598421,1.660185830060158,-0.6601858300601582,0.2615678405395978,0.402725836043442,0.33570632341696,0.0277825190464115,0.8945227783774954,Male,22,Bachelor's,Salaried - Private,1637680.03,136473.34,Salary,Affluent,186827.77,1,0.9,Android 14,0,10.0,3.9,VERIFIED,0.86,0.98,0.92,0.9,1,2.0,2240243.4299999997,47114.82,11.65,0.3452,718.0,2.0,0.4382009916941158,57341.26488666667,0.3452309440070859,0.5,0.916
95,7565.619866947368,1934.07,126409.65,58554.28,24593.920842105264,117.33,153307.22,1221743163.352332,12,0.3113611290231837,22249.44083333333,1255.4,1651161586.1698992,0.3638368168917554,37645.04978,-15395.608946666664,7.916666666666667,0.1799644406076848,0.435574776746144,266993.29,451740.59736,181287.04735999997,174321.07,96132.48,10085.127359999984,114516.27,67283.08,0.2128046063643696,0.0223250410056968,0.1529858737600355,0.1254827445911978,0.2520028874133878,0.0,0.0,0.0271573112350213,0.0568025104450621,0.2535000632425781,1.6919548703265164,-0.6919548703265165,0.4013078488394727,0.3858875447961576,0.2128046063643696,0.0031167444507494,0.653310886446788,Male,29,Master's,Self-Employed Professional,1231756.12,102646.34,Savings,Affluent,211861.5,1,0.9,Android 14,0,3.2,5.0,REJECTED,0.32,0.43,0.37,0.2,0,1.0,3225445.25,40492.9,8.79,0.3945,716.0,1.0,0.3925320008335109,24508.39022,0.3944894674276745,0.5,0.3389999999999999
91,18818.6618989011,3056.11,137073.05,278559.27,93215.02835164836,771.07,877130.06,30479581739.714306,12,0.3069377933566412,32100.292499999996,2628.0899999999997,2933346144.9475107,0.3823589687293047,110607.89356666668,-78507.60106666667,7.583333333333333,0.2614748336214693,0.3539130799687825,385203.51,1327294.7228,621846.1928000001,541888.91,163559.62000000002,24915.23280000009,246975.93,98561.0,0.1232278085570642,0.0187714396599423,0.1543956714961483,0.2636603792575555,0.2558673465877816,0.0,0.0,0.0220578139105669,0.1575551581783174,0.186074671855088,3.4456973738375334,-2.445697373837534,0.4685064907725858,0.40826570067035,0.1232278085570642,0.0069712022816459,0.8427520436908499,Male,21,Bachelor's,Salaried - Private,6011298.58,500941.55,Salary,HNI,1066244.27,0,1.4,Android 11,0,4.1,5.9,VERIFIED,0.92,0.95,0.91,0.86,1,1.0,466383.68,10535.42,12.68,0.021,766.0,1.0,0.3709806132250958,379798.2364333333,0.021031236079339,0.3333333333333333,0.915
96,5607.534270833334,1272.64,97907.48,19375.65,20733.5346875,86.07,97993.55,688437940.8125473,12,0.2738606189861033,23931.001666666667,5318.385,1509617423.6404333,0.3914828150328757,20929.2725,3001.7291666666665,8.0,0.0648050731604433,0.5129051779206611,287172.02,251151.27,96590.28,102207.86,52353.130000000005,0.0,49059.42999999999,24948.01,0.2084525791965933,0.0,0.0484525123046361,0.1892518799526675,0.0868747937211988,0.0,0.0,0.1437747457936406,0.1153955144244343,0.1953381720904696,0.8745673412054558,0.1254326587945441,0.3845900520431372,0.4069573687602695,0.2084525791965933,0.0041124219678443,0.9906476533047196,Female,56,Bachelor's,Salaried - Private,277447.64,23120.64,Salary,Mass Market,3049.85,0,4.3,Android 14,0,5.6,6.4,VERIFIED,0.92,0.92,0.91,0.93,1,3.0,8547938.06,126942.91,11.76,5.4905,619.0,0.0,0.4400517601879898,-124751.5425,5.490458309112551,0.1136363636363636,0.9200000000000002
95,6885.466842105263,1866.04,114105.6,28562.16,19971.663368421057,606.89,118170.45,666649762.1986011,12,0.2912272335930538,26116.823333333337,2659.04,1934507843.411224,0.3828000006370264,28393.1225,-2276.2991666666653,7.916666666666667,0.0456610951271318,0.5391807967884331,313401.88,340717.47,83300.88,190715.81,66700.78000000001,0.0,66673.98999999999,49922.1,0.1957656588609911,0.0,0.2139882642354675,0.0487996403589167,0.1592910036149113,0.0,0.0,0.1443116785294279,0.0549272099255726,0.1956870306650257,1.0871583476142517,-0.0871583476142516,0.2444866710239425,0.5597476701150663,0.1957656588609912,0.0213745423737737,0.7033979220996582,Male,62,Bachelor's,Salaried - Private,404512.91,33709.41,Savings,Mass Market,51284.48,0,1.3,Android 14,0,9.2,1.4,VERIFIED,0.86,0.9,0.82,0.89,1,1.0,7808708.58,78552.11,8.86,2.3303,660.0,0.0,0.4453523190975891,-73235.8225,2.330272466946173,0.3571428571428571,0.8700000000000001
93,7692.516989247311,1607.55,136514.21,38760.25,20790.27064516129,296.23,139380.07,942286150.3305364,12,0.2630447762679059,32942.799999999996,4202.92,2963016191.450963,0.3873007344426113,26674.206666666665,6268.593333333331,7.75,0.0908357102842326,0.4572556374178791,395313.6,320090.48,154811.25,128114.21,37165.02,0.0,35255.04,23782.71,0.1161078580031496,0.0,0.0567126519976476,0.3735075469910883,0.0601616286411598,0.0,0.0,0.097448071557767,0.1717830533416676,0.1101408576724931,0.8097127951074792,0.1902872048925207,0.4836484046635814,0.400243737333269,0.1161078580031496,0.0111054849241377,0.779414769667425,Female,42,Bachelor's,Salaried - Private,428274.73,35689.56,Savings,Mass Market,15587.92,0,0.3,Android 14,0,8.9,1.3,VERIFIED,0.88,0.98,0.91,0.84,1,2.0,4387886.43,47151.240000000005,12.33,1.3211,635.0,0.0,0.4152826956327184,-38135.88666666667,1.3211493781374724,1.25,0.908
99,5803.92618020202,1713.86,125496.03,30880.11,19601.386161616163,110.93,137248.7,840411024.3113588,12,0.2798927579427627,22768.0525,3614.4,1820659494.7824209,0.3578819271817764,25114.338486666664,-2346.285986666666,8.25,0.0444428422352686,0.4860715346198568,273216.63,301372.06184,115591.73184,143751.86,42028.47,11908.251840000004,73239.79000000001,49818.93,0.1394570875063831,0.039513456447473,0.0451451269800291,0.101016961605959,0.1823422315105782,0.0,0.0,0.1546694465154076,0.1118696928778326,0.2430211664373965,1.1030516767592071,-0.1030516767592074,0.3835515844908287,0.4769913280027881,0.1394570875063832,0.0044169986822027,0.7804858635644591,Female,40,Bachelor's,Salaried - Private,441819.42,36818.28,Savings,Mass Market,45980.25,0,1.2,Android 13,0,0.7,4.5,VERIFIED,0.91,0.96,0.89,0.87,1,1.0,232645.02,6228.59,12.89,0.1692,620.0,1.0,0.4091577701570086,5475.351513333335,0.1691711291239025,0.3846153846153846,0.913
97,6270.541443298969,2767.51,91214.53,26366.56,26154.32474226804,2445.71,102751.73,396518176.18661886,12,0.3156669066971668,25198.346666666668,10071.3,1188474823.3842242,0.4329342732072825,25488.53,-290.18333333333277,8.083333333333334,0.0095639258928169,0.6444893499562003,302380.16,305862.36,95219.41,159783.75999999998,50859.189999999995,0.0,75121.65999999999,49332.95999999999,0.1662812972475593,0.0,0.1426833298481055,0.065708477499487,0.1631487991804753,0.0,0.0,0.195964354685552,0.0224650721978343,0.2456060954999497,1.0115159671851488,-0.0115159671851486,0.3113145729994367,0.5224041297530039,0.1662812972475593,0.0959533562743712,1.026121347220418,Female,28,Diploma,Self-Employed Business,553211.7,46100.97,Savings,Mass Market,26022.39,0,1.9,Android 13,0,1.8,3.3,VERIFIED,0.96,0.98,0.9,0.96,1,1.0,9811756.39,96390.33,8.46,2.0909,673.0,0.0,0.5175563039068496,-75777.89,2.09085253520696,0.25,0.954
95,6770.825578947369,2596.36,101226.78,24476.06,23203.121263157896,2177.1,103403.88,503228788.78994703,12,0.3323891969275359,24558.4875,8450.170000000002,1155521885.9746747,0.4300738725698667,29043.881666666668,-4485.39416666667,7.916666666666667,0.1118500153642143,0.6055896405103248,294701.85,348526.58,117559.65,186254.94,44711.99,0.0,70513.01000000001,62512.439999999995,0.1282886085761378,0.0,0.1772697508465495,0.1349872368414483,0.2121209622538847,0.0,0.0,0.1383574245614208,0.0394174814443133,0.2023174530906653,1.1826413034054588,-0.1826413034054589,0.3373046899321136,0.5344067014917485,0.1282886085761378,0.0749589887807122,0.7988987673706113,Male,22,Bachelor's,Self-Employed Professional,540015.29,45001.27,Savings,Mass Market,68148.46,0,1.9,Android 11,0,7.3,4.3,VERIFIED,0.89,0.99,0.93,0.88,1,0.0,0.0,0.0,0.0,0.0,650.0,0.0,0.50028017974605,15957.388333333329,0.0,0.25,0.9260000000000002
98,7781.368979591837,2089.6099999999997,118314.59,41476.37,25186.53418367347,842.5,120015.91,937441280.5542904,12,0.2947150148053315,30776.1075,3198.74,2383392092.52013,0.3970281897597279,32771.739166666666,-1995.6316666666664,8.166666666666666,0.0517702523473638,0.5868353686669702,369313.29,393260.87,96624.4,230612.75,66023.72000000002,0.0,30211.960000000003,70441.60999999999,0.1678878450327386,0.0,0.1222238307106425,0.1688762983207558,0.1907367319491805,0.0,0.0,0.1338519899017667,0.1512139766155732,0.0768242210317034,1.06484353704141,-0.06484353704141,0.2457005193524593,0.5864116356148019,0.1678878450327387,0.0257081260080617,0.7685443258163001,Female,44,High School,Salaried - Private,461112.47,38426.04,Savings,Mass Market,66843.87,0,0.8,Android 13,0,7.0,1.3,VERIFIED,0.95,0.93,0.98,0.76,1,0.0,0.0,0.0,0.0,0.0,650.0,0.0,0.4729510613226248,5654.300833333335,0.0,0.5555555555555556,0.912
99,6397.197777777777,1628.55,126874.57,33963.67,23044.509898989894,737.92,129169.23,840252951.4962071,12,0.2777021832707999,25664.672500000004,6168.27,1890194364.90113,0.3814124535211241,27112.209166666667,-1447.5366666666644,8.25,0.0332807870531275,0.519781166264317,307976.07,325346.51,104183.88,180242.55,40920.08,0.0,70274.57,52196.2,0.1257738403279629,0.0,0.0713248775897427,0.1042252151406203,0.1694813496386261,0.0,0.0,0.2324473067192268,0.0897969675470008,0.2159991511819198,1.0564019146033,-0.0564019146033,0.3202243663225402,0.5540017933494967,0.1257738403279629,0.0272172583010034,0.8499679888617179,Male,30,Bachelor's,Salaried - Private,434476.66,36206.39,Savings,Mass Market,33269.68,0,5.6,Android 14,0,3.3,6.3,VERIFIED,0.87,0.97,0.91,0.81,1,0.0,0.0,0.0,0.0,0.0,650.0,0.0,0.4367599386184012,9094.180833333332,0.0,0.087719298245614,0.8960000000000001
98,7544.61224489796,1996.35,134146.39,39286.19,24419.320408163265,953.02,142315.73,758391730.9526595,12,0.2885839356631691,29971.33,6139.995,2237977386.818092,0.3982208944653828,31643.003333333338,-1671.6733333333316,8.166666666666666,0.0530026225047884,0.5571493318738614,359655.96,379716.04,129098.07,225524.07,25093.9,0.0,95571.46,5835.72,0.0660859625524378,0.0,0.296996934867434,0.0882938998310421,0.0162258398275952,0.0,0.0,0.2531261255121063,0.0284365127161865,0.2516919222058673,1.055775747467107,-0.0557757474671071,0.3399858220369095,0.5939282154106527,0.0660859625524378,0.030117874398985,0.7717131067151104,Male,51,Bachelor's,Salaried - Private,407516.02,33959.67,Salary,Mass Market,57618.83,1,0.5,Android 13,0,6.3,4.8,VERIFIED,0.95,0.9,0.94,0.93,1,2.0,571988.61,18893.1,13.29,0.5563,649.0,0.0,0.4617922694287742,-16576.433333333334,0.5563393283856999,0.8333333333333334,0.929
95,6779.870954947369,2936.71,72805.41,42152.12,27102.02684210526,171.6,169978.02,935428360.3212936,12,0.359937826774642,19950.709166666667,6406.33,750407062.3564628,0.4320511436102922,33723.26922666667,-13772.560060000003,7.916666666666667,0.2073705023312568,0.4448171456445968,239408.51,404679.2307200001,136398.44072,194248.13,74032.66,35310.43072000002,59594.44,58332.29000000001,0.1829415852854174,0.0872553569333819,0.2266024867074255,0.1025344689080662,0.2436516980954436,0.0,0.0,0.0330248477941952,0.0762333415162226,0.1472634014203554,1.690329348442961,-0.6903293484429607,0.3370532272618035,0.4800051874527789,0.1829415852854174,0.0050884746329489,0.80365953430975,Male,27,Bachelor's,Salaried - Govt,1018004.44,84833.7,Savings,Affluent,212130.14,1,2.0,Android 14,0,3.8,3.8,VERIFIED,0.95,0.92,0.82,0.84,1,1.0,1422551.74,24320.17,10.95,0.2867,713.0,1.0,0.437157544424014,26790.260773333328,0.2866805290821925,0.238095238095238,0.893
98,11114.996020408164,3022.44,135546.87,69830.01,42953.6112244898,465.66,347652.64,3892288157.7355328,12,0.3372225506547657,31176.05,4816.15,2458961299.2077093,0.3963829423774544,59596.4175,-28420.367500000004,8.166666666666666,0.2106636346025648,0.3878947856871672,374112.6,715157.01,395060.25,174390.23,145706.53,36090.35000000002,196681.01,85388.89,0.2037406163438151,0.0504649321692309,0.0398889469041211,0.2269276364920201,0.2282438228490567,0.0,0.0,0.0241292887557656,0.0604318344023503,0.2750179432625571,1.9116089915175272,-0.9116089915175272,0.5524105119238082,0.2438488717323766,0.2037406163438151,0.0078135569138866,0.7207414980017851,Male,41,Master's,Salaried - Private,1584019.08,132001.59,Savings,Affluent,403791.49,0,4.2,Android 13,0,7.9,6.3,REJECTED,0.62,0.44,0.22,0.3,0,1.0,973253.04,26502.91,13.81,0.2008,761.0,1.0,0.3929876797013395,45902.2625,0.2007772027594516,0.1162790697674418,0.422
99,5474.587575757576,1942.72,108878.86,21899.22,21603.056767676768,461.6,112808.66,607212792.2278585,12,0.2871186178776768,22533.99166666667,5346.6449999999995,1294990189.495052,0.3954274794838282,22631.35583333333,-97.36416666666598,8.25,0.0023180954184018,0.5212783823531619,270407.9,271576.27,81809.29,166409.12,23357.859999999997,0.0,54316.65999999999,21852.54,0.086008471947862,0.0,0.146289880187249,0.101233550339284,0.0808132454710088,0.0,0.0,0.1997390272721545,0.1862583207288324,0.2000051771828223,1.0043207687349371,-0.004320768734937,0.3012387275221063,0.6127528005300316,0.086008471947862,0.0203964801490203,0.9545630817159438,Male,54,Diploma,Salaried - Private,225785.72,18815.48,Savings,Mass Market,20143.41,0,4.5,Android 12,0,2.8,5.2,VERIFIED,0.91,0.93,0.96,0.96,1,2.0,1117143.5,27548.29,11.735,1.4641,617.0,0.0,0.4457678406315617,-31364.16583333333,1.4641290044155133,0.108695652173913,0.936
90,4422.727515555555,730.27,113078.83,33373.33,13418.501111111113,62.77,113141.6,443303839.3993154,12,0.2413767066796123,16482.949166666665,2745.085,1214323777.7023177,0.3306872220115487,16687.5072,-204.55803333333225,7.5,0.0135622686068909,0.4340345805217477,197795.39,200250.0864,119707.4064,71747.56,8795.12,17578.726399999985,52240.829999999994,5412.38,0.0439206801760461,0.0877838642470617,0.0803191164066334,0.2491277327109308,0.0273635295544552,0.0,0.0,0.2291902631608552,0.0217523002277216,0.2608779398758851,1.0124102811496265,-0.0124102811496263,0.5977895368338777,0.3582897829900761,0.0439206801760461,0.003761496504403,0.8041045885577872,Male,28,Bachelor's,Salaried - Private,394674.24,32889.52,Savings,Mass Market,5420.19,0,5.4,Android 13,0,8.1,6.2,PENDING_REVERIFICATION,0.61,0.44,0.31,0.11,0,1.0,310968.62,8675.0,15.13,0.2638,657.0,1.0,0.3720261654156283,7527.012799999997,0.2637618305162252,0.0909090909090909,0.399
99,7820.824646464646,2541.27,147736.3,39470.21,29525.308585858584,1209.46,150789.32,1242701864.2057977,12,0.2804721941142318,32961.79,9743.565,2639012035.832491,0.401265511419444,31560.013333333332,1401.7766666666696,8.25,0.0219048727668326,0.5233256552455321,395541.48,378720.16,139916.44,201568.53,37235.189999999995,0.0,106889.88,73580.72,0.098318478741665,0.0,0.1081451011216302,0.0872057088273304,0.1860252937315196,0.0,0.0,0.1417957258995665,0.0880074089533549,0.282239741343582,0.9574726777075314,0.0425273222924686,0.3694454501709125,0.5322360710874224,0.098318478741665,0.0383225440124444,0.9355290276342908,Male,68,Diploma,Salaried - Private,498998.46,41583.21,Salary,Mass Market,17037.14,1,1.3,Android 11,0,5.4,1.5,VERIFIED,0.92,0.98,0.88,0.87,1,0.0,0.0,0.0,0.0,0.0,650.0,0.0,0.4500895689498793,10023.196666666669,0.0,0.3571428571428571,0.9200000000000002
98,6073.195306122449,2223.9300000000003,102942.69,24971.68,26861.729693877547,168.45,103111.14,732983211.3267742,12,0.2907453369885582,25266.844166666662,4220.87,1577775191.6671357,0.3991885685244375,24330.9175,935.9266666666656,8.166666666666666,0.0224139746237528,0.5800077041359828,303202.13,291971.01,84114.02,183440.52,24416.47,0.0,56996.52,45757.439999999995,0.0836263504380109,0.0,0.1316706751125736,0.0928773716267241,0.1509139793971763,0.0,0.0,0.0526940328767571,0.2871995065537499,0.1952129425452205,0.9629583077137354,0.0370416922862645,0.2880903141719447,0.6282833353900443,0.0836263504380109,0.0069232900896565,1.1040163073948013,Male,55,High School,Self-Employed Business,403616.69,33634.72,Savings,Mass Market,32009.98,0,0.8,Android 13,0,6.9,1.4,VERIFIED,0.89,0.98,0.91,0.9,1,1.0,8540118.65,84800.23,8.64,2.5212,629.0,0.0,0.4715162227690557,-75496.42749999999,2.5212111175594742,0.5555555555555556,0.923
90,6749.140555555556,2770.16,133774.59,40935.67,26228.88822222222,606.56,145937.97,925611341.8051808,12,0.2828382174972316,23324.079166666663,5700.475,1999309690.831244,0.3526881819802767,27294.475,-3970.3958333333353,7.5,0.1788212738931364,0.485293155495407,279888.95,327533.7,98286.35,206855.06,22392.29,0.0,53120.67999999999,96113.71,0.0683663696285298,0.0,0.2125668900635263,0.1378962531183813,0.3433994446726103,0.0,0.0,0.0933929241479579,0.0321469210649163,0.1621838607752423,1.1702273348054648,-0.1702273348054649,0.3000801138936237,0.6315535164778464,0.0683663696285298,0.0222228124922717,0.960959616267476,Male,23,High School,Salaried - Private,539293.45,44941.12,Savings,Mass Market,53367.02,1,2.0,Android 14,0,6.5,2.6,VERIFIED,0.94,0.9,0.83,0.9,1,1.0,747526.73,25266.41,13.22,0.5622,639.0,0.0,0.4057301713863288,-7619.764999999999,0.5622114001609216,0.238095238095238,0.8980000000000001
98,7143.567346938776,1837.625,142509.98,30082.21,30257.78469387755,486.62,146938.43,1175134565.4996932,12,0.2727178093401905,26490.099166666667,3597.8050000000003,2587932697.957463,0.3522889788659131,31849.034166666668,-5358.935000000002,8.166666666666666,0.0933490695261101,0.5170194203004508,317881.19,382188.41,116401.73,204307.98,61478.7,0.0,61939.77000000001,41239.22,0.1608596660479578,0.0,0.0633707861523064,0.1425002919371626,0.1297315515900768,0.0,0.0,0.1031922972232465,0.2601080446160049,0.1620660605589792,1.202299544682087,-0.2022995446820871,0.3045663524961419,0.5345739814559003,0.1608596660479578,0.0152789562613895,0.9500377479435616,Female,64,Diploma,Salaried - Private,1744990.14,145415.85,Savings,Affluent,115892.36,1,4.0,Android 14,0,3.9,4.4,REJECTED,0.58,0.58,0.53,0.53,0,0.0,0.0,0.0,0.0,0.0,650.0,0.0,0.4181811554397281,113566.81583333334,0.0,0.1219512195121951,0.5599999999999999
91,5408.462378021978,1281.84,128228.82,22353.0,16114.35175824176,0.0,133598.93,555777979.9570904,12,0.2561024242569588,23964.833333333332,3975.355,1797904245.126752,0.3712043542829644,17049.3397,6915.493633333334,7.583333333333333,0.1337707811642985,0.5016958296263964,287578.0,204592.0764,70294.73640000002,118105.38,16191.96,9197.926400000024,53328.670000000006,13951.8,0.0791426544219774,0.0449573930811331,0.2447285881302097,0.0379689191130375,0.0485148377135942,0.0,0.0,0.0869472577482477,0.1774034001641326,0.2606585305666314,0.7114315990792064,0.2885684009207937,0.3435848427608021,0.5772725028172205,0.0791426544219774,0.0,0.9451598737423104,Male,20,Bachelor's,Salaried - Private,574162.51,47846.88,Savings,Mass Market,50309.77,1,6.2,Android 14,0,7.2,6.8,VERIFIED,0.9,0.93,0.9,0.79,1,1.0,730745.86,24048.45,11.36,0.5026,688.0,1.0,0.4234009444203372,6749.090299999996,0.5026127095434436,0.0793650793650793,0.8870000000000001
99,7490.523131313132,1202.41,134652.46,42408.06,20772.946565656566,230.48,135953.93,978936263.753286,12,0.2683181142042217,31999.145,1387.685,2763330638.351282,0.3886833980650235,29797.670833333337,2201.474166666668,8.25,0.0316731514280924,0.4576998503122738,383989.74,357572.05,83335.65,248712.99,25523.409999999996,0.0,42633.29,70512.18,0.0713797680775105,0.0,0.188909396022424,0.1138298141591324,0.1836303751240853,0.0,0.0,0.144917478868944,0.1645364899186052,0.1192299286255735,0.9312020940976184,0.0687979059023817,0.2330597427847059,0.6955604891377836,0.0713797680775105,0.0077348327421005,0.697133231716178,Male,60,High School,Retired,240086.02,20007.17,Savings,Mass Market,3023.06,0,4.8,Android 13,0,3.9,5.8,VERIFIED,0.86,0.99,0.86,0.83,1,1.0,609289.66,13785.36,12.75,0.689,617.0,0.0,0.4162899789639236,-23575.86083333334,0.6890209859765275,0.1020408163265306,0.893
90,4039.4046666666663,1567.4,58299.49,20855.49,17467.700666666668,464.66,73315.45,377640157.6111839,12,0.3219636972927777,11815.991666666669,2045.84,482421229.6819787,0.3597695112070836,18479.54333333333,-6663.551666666666,7.5,0.286293118211186,0.5268713159056504,141791.9,221754.52,56043.17,139635.80000000002,26075.550000000003,0.0,14609.78,29896.99,0.1175874566164423,0.0,0.1886682625454489,0.1868434970344685,0.2108511840239111,0.0,0.0,0.2086671333689162,0.0975307741190574,0.0658826706215503,1.5639434974776416,-0.5639434974776415,0.2527261676560189,0.6296863757275388,0.1175874566164423,0.0251445607512306,0.9452452558802412,Female,25,Diploma,Self-Employed Business,1230335.74,102527.98,Salary,Affluent,83303.06,1,0.3,Android 12,0,9.9,2.3,PENDING_REVERIFICATION,0.31,0.67,0.35,0.48,0,1.0,8297380.83,105827.54,9.16,1.0322,675.0,0.0,0.4266102330865103,-21779.103333333333,1.0321820443551115,1.25,0.4600000000000001
98,5387.216734693878,1985.405,82412.6,18307.2,24250.2893877551,355.62,85668.04,516164141.91950893,12,0.3129401208564807,20263.73,4332.3150000000005,955909793.5010002,0.40638158043155,23731.873333333333,-3468.143333333332,8.166666666666666,0.0988344758756759,0.5689669914637147,243164.76,284782.48,83542.62,151023.69,50216.17,0.0,24275.81,58086.49,0.1763316689987389,0.0,0.07000142705408,0.2081125566432317,0.2388770889334457,0.0,0.0,0.0824397624460605,0.1739033243898992,0.0852433408122578,1.171150293323753,-0.1711502933237529,0.2933558974554895,0.5303124335457715,0.1763316689987389,0.0149849105886008,1.0218447168978275,Male,43,Bachelor's,Self-Employed Business,405969.54,33830.79,Current,Mass Market,63327.89,0,0.6,Android 13,1,5.2,2.3,VERIFIED,0.89,1.0,0.82,0.91,1,3.0,11176382.31,166185.56,11.123333333333331,4.9123,589.0,0.0,0.4714157448444158,-156086.6433333333,4.912257739177831,1.2142857142857144,0.913
100,6715.2086,2036.425,117656.12,34870.45,20655.6536,1918.38,119574.5,712614555.2452719,12,0.2893464379753728,27891.328333333335,7040.994999999999,1836049132.9667428,0.4047219554754476,28068.743333333332,-177.41500000000028,8.333333333333334,0.0036174352683449,0.4885029119406182,334695.94,336824.92,104358.39,169790.26,62676.26999999999,0.0,73938.12,75724.38,0.1860796701146697,0.0,0.1308833087528084,0.090314784309902,0.2262482777651859,0.0,0.0,0.0866852725742501,0.0617037480480957,0.2195149931305557,1.0063609376319294,-0.0063609376319294,0.3098297774404578,0.5040905524448726,0.1860796701146696,0.0683457744159784,0.7358952039534368,Male,57,Bachelor's,Self-Employed Business,235552.86,19629.4,Savings,Mass Market,16358.24,0,0.2,Android 14,0,4.6,2.1,VERIFIED,0.88,0.98,0.85,0.77,1,0.0,0.0,0.0,0.0,0.0,650.0,0.0,0.4382343380615159,-8439.34333333333,0.0,1.6666666666666663,0.8820000000000001
100,5904.701239999999,2160.4700000000003,123883.06,21560.02,23365.7006,759.98,128459.73,622672816.8831007,12,0.2855770469624035,25168.07416666667,4813.77,1576228531.79239,0.3983671231822109,24037.7695,1130.304666666667,8.333333333333334,0.0272995488815908,0.6031078893457362,302016.89,288453.234,148861.824,105811.02,33780.39,16125.344,90386.29,4435.349999999999,0.1171087234196167,0.0559028019079168,0.1188548990232503,0.146818218720335,0.0146857680707857,0.0,0.0,0.1604787346568629,0.0721121400219766,0.3133481595841633,0.955089743490836,0.0449102565091641,0.5160691802124153,0.3668220963679679,0.1171087234196167,0.0316160781889517,0.9720411288576504,Male,23,High School,Unemployed,208238.36,17353.2,Salary,Mass Market,45423.86,0,5.8,Android 13,0,3.0,5.9,VERIFIED,0.94,0.91,0.87,0.88,1,2.0,3097188.32,31899.58,11.255,1.8383,670.0,1.0,0.480263429647621,-38584.1495,1.8382534633381735,0.0847457627118644,0.905
96,4705.791145833334,947.91,117745.85,24093.66,17955.389791666665,622.39,118724.19,545375740.3115492,12,0.2570879238002293,19004.555833333336,1161.5,1348391051.2484453,0.3508974647655623,18641.773333333334,362.78250000000145,8.0,0.0105875824825577,0.5067063827374806,228054.67,223701.28,69141.17,132301.24,22258.87,0.0,47300.07,30956.19,0.0995026492472461,0.0,0.2589754515486009,0.0976351141128919,0.13574021527382,0.0,0.0,0.1047880906179884,0.0892738745169451,0.2114430011307937,0.9809107614415438,0.0190892385584562,0.3090781152436856,0.5914192355090682,0.0995026492472461,0.0333868451713821,0.9631803514937418,Male,36,Master's,Salaried - Private,410551.66,34212.64,Savings,Mass Market,18010.39,0,3.2,Android 14,0,7.3,5.2,VERIFIED,0.93,0.93,0.89,0.92,1,2.0,9543174.38,110794.81,12.0,3.2384,645.0,0.0,0.4132210319543296,-95223.94333333331,3.2384174387010183,0.1515151515151515,0.9200000000000002
97,6757.422989690722,1475.0,127232.55,41887.79,18428.84051546392,286.18,128829.61,628767505.34398,12,0.2706857947561132,25967.999166666665,2358.895,2309385184.852027,0.3607848884176996,28654.50333333333,-2686.5041666666652,8.083333333333334,0.0636619164342119,0.5016412370913411,311615.99,343854.04,84621.75,201395.28,57837.01000000001,0.0,19250.74,59656.14,0.168202211612811,0.0,0.1932743323300782,0.1901126710624077,0.1914412030011682,0.0,0.0,0.0958887672222783,0.1230441846778941,0.055985208142385,1.1034544151601462,-0.1034544151601462,0.2460978792047928,0.5856999091823961,0.1682022116128111,0.0099872608738289,0.6431394151587314,Female,60,Bachelor's,Salaried - Private,566756.1,47229.67,Salary,Mass Market,47015.47,0,0.9,Android 12,0,6.1,1.5,PENDING_REVERIFICATION,0.32,0.57,0.48,0.49,0,1.0,784799.47,20701.48,12.09,0.4383,654.0,0.0,0.4171274278871562,-2126.3133333333317,0.4383151523184473,0.5,0.4609999999999999
90,6451.1613333333335,1438.885,137824.68,38359.36,19561.030666666666,1136.08,140555.88,731645662.6821456,12,0.2485730764765411,23054.75,2192.33,2423548858.7919636,0.3284788139573633,25328.960000000003,-2274.210000000001,7.5,0.1056461681869546,0.4381309629677682,276657.0,303947.52,101575.22,169007.55000000002,33364.74999999999,0.0,77690.86,51116.0,0.1097714171183235,0.0,0.2200319976290644,0.0785805391667614,0.1847630820835908,0.0,0.0,0.064317912513318,0.1035181994575905,0.2556061651695661,1.098643880328349,-0.0986438803283488,0.3341867043363275,0.5560418785453489,0.1097714171183235,0.0448530062031761,0.7722792671576987,Male,34,Bachelor's,Salaried - Govt,515123.95,42927.0,Current,Mass Market,30905.84,0,1.1,Android 13,0,9.9,2.7,VERIFIED,0.85,0.92,0.92,0.97,1,2.0,1633733.33,78802.28,14.41,1.8357,678.0,0.0,0.3723396735615253,-61204.240000000005,1.8357276306287416,0.4166666666666666,0.909
95,6659.380842105263,1799.59,137150.52,31712.5,24474.00989473684,664.79,137815.31,879105168.1229184,12,0.2692430809785631,24630.745,3355.34,2117018924.3344088,0.3586242355467517,28089.353333333333,-3458.608333333332,7.916666666666667,0.0649152411912477,0.5201723076363839,295568.94,337072.24,126518.03,123596.78,86957.43000000001,0.0,91428.18,68829.3,0.2579786160972497,0.0,0.073513291987498,0.1041018684896745,0.2328705445166193,0.0,0.0,0.0549258224290437,0.0340408335020409,0.2712420933862723,1.1404183403032808,-0.1404183403032808,0.3753439618759468,0.3666774220268035,0.2579786160972497,0.0236669741774048,0.871291325375362,Male,26,Master's,Salaried - Private,192088.72,16007.39,Savings,Mass Market,57125.02,0,0.5,Android 13,0,9.4,0.7,VERIFIED,0.99,0.94,0.87,0.9,1,0.0,0.0,0.0,0.0,0.0,650.0,0.0,0.4232434643826046,-12081.963333333331,0.0,0.8333333333333334,0.933
96,6465.416041666667,1266.71,98162.28,32975.04,16693.8934375,158.76,101395.89,567582152.5321217,12,0.2749878531747914,26770.734166666665,3863.425,1747083007.114518,0.4008321325577182,24952.594166666662,1818.1400000000017,8.0,0.0502990194645034,0.5276495232956849,321248.81,299431.13,152875.77000000002,128765.77,17789.59,0.0,67724.84,47242.19,0.0594112910037109,0.0,0.1092981882010731,0.2843756759692955,0.1470579455220394,0.0,0.0,0.1499454649221007,0.0130178849473666,0.2261783536000415,0.9320847912245964,0.0679152087754037,0.510554029569337,0.430034679426952,0.0594112910037109,0.0063624647176798,0.6690243637994486,Male,26,Master's,Retired,401624.54,33468.71,Current,Mass Market,17449.42,0,2.0,iOS 17,0,3.0,2.3,VERIFIED,0.97,1.0,0.96,0.84,1,0.0,0.0,0.0,0.0,0.0,650.0,0.0,0.4515590888529048,8516.115833333333,0.0,0.238095238095238,0.951
94,6201.11755319149,1842.58,87328.53,30565.18,20798.48574468085,611.7,99209.08,459064729.29641175,12,0.3049540779232392,23749.405833333338,5387.9349999999995,1139594971.8916082,0.4235764290950775,24826.015,-1076.609166666669,7.833333333333333,0.0257959497809464,0.5394863580305004,284992.87,297912.18,112703.66,139502.15,45706.37,0.0,66830.20999999999,37419.27,0.1534222937779852,0.0,0.0962435305599119,0.153983130196288,0.1312989689882417,0.0,0.0,0.225832861214335,0.0205845897270799,0.2243285588390511,1.0453320463771605,-0.0453320463771603,0.3783116890353392,0.4682660171866756,0.1534222937779852,0.024639475969059,0.8377698049679277,Male,22,Bachelor's,Unemployed,199607.62,16633.97,Savings,Mass Market,58905.81,0,3.5,Android 12,0,1.6,5.3,VERIFIED,0.93,0.92,0.88,0.84,1,2.0,2225141.84,40032.0,12.515,2.4066,647.0,0.0,0.4699404006692466,-48224.045,2.406641348998465,0.1388888888888889,0.8990000000000001
97,12363.196824742268,3275.41,117761.06,118615.65,56069.13628865979,582.77,562075.8,12732610046.506454,12,0.3325524586817601,24026.87833333333,3832.695,1990692701.3823245,0.3599920772015972,75908.96266666667,-51882.08433333333,8.083333333333334,0.260334491710281,0.3579444360897391,288322.54,910907.552,296054.37200000003,468942.45,145910.72999999998,16275.77200000004,95539.26,166084.97999999998,0.1601817107341316,0.017867644158032,0.0530301454784733,0.2022590981878257,0.5760388348410083,0.0,0.0,0.0775579803294901,0.2018906963678351,0.1048835963542434,3.1593352084093045,-2.1593352084093045,0.3250103387001011,0.5148079505657672,0.1601817107341316,0.0076772225509005,0.7386365762218617,Female,62,High School,Salaried - Private,3700253.35,308354.45,Savings,HNI,637811.25,0,0.3,Android 14,0,4.1,5.2,VERIFIED,0.89,0.93,0.9,0.79,1,1.0,112320.73,5425.27,14.61,0.0176,739.0,1.0,0.359173020756854,227020.21733333333,0.0175942653008575,1.25,0.8840000000000001
94,16249.996382978725,3281.01,74196.82,294252.92,61885.22276595745,1734.43,879118.16,18190611566.878952,12,0.2801567865719113,19922.789999999997,5861.99,893823272.3805271,0.4103947235121704,107368.84833333331,-87446.05833333333,7.833333333333333,0.2584571880027924,0.3066662461207934,239073.48,1288426.18,148318.55,1038524.44,101583.19000000002,0.0,37912.75,264739.11,0.0788428484121612,0.0,0.3189445824517474,0.0856904351322634,1.107354567307089,0.0,0.0,0.1853011089855377,0.0963205978940912,0.0294256284050359,5.389247607053697,-4.389247607053698,0.1151160635372994,0.8060410880505393,0.0788428484121612,0.0161539406161399,0.5763796829954895,Male,57,High School,Salaried - Govt,5553982.96,462831.91,Savings,HNI,1086578.41,0,1.0,Android 13,0,2.5,1.0,VERIFIED,0.98,0.94,0.89,0.76,1,0.0,0.0,0.0,0.0,0.0,650.0,0.0,0.3689033325556196,355463.06166666665,0.0,0.4545454545454545,0.906
92,21312.401847826088,2858.16,132286.31,348743.49,116106.33586956524,1437.56,1369722.54,71474760066.14305,12,0.2989889785154977,24540.911666666663,3378.5499999999997,1850673114.201506,0.3733751579534832,138854.16916666666,-114313.2575,7.666666666666667,0.2824558748451737,0.3321471613855796,294490.94,1666250.03,296897.3,1056127.04,313225.69,0.0,46842.07,401472.3599999999,0.1879824062178711,0.0,0.1364882195981115,0.1500706529619687,1.3632757598586902,0.0,0.0,0.1262589144559535,0.1301438896298174,0.0281122695613694,5.658068903579852,-4.658068903579853,0.1781829225233382,0.6338346712587907,0.1879824062178711,0.0103530200686628,0.8361746468714439,Male,51,Diploma,Salaried - Private,3173707.99,264475.67,Savings,HNI,1462511.61,1,2.6,iOS 16,0,7.5,4.4,VERIFIED,0.95,0.95,0.97,0.86,1,0.0,0.0,0.0,0.0,0.0,650.0,0.0,0.3568839593263218,125621.50083333332,0.0,0.1851851851851851,0.936
93,7163.845268817204,1762.86,125541.28,27431.71,23514.00559139785,452.99,126613.73,895936589.8671117,12,0.2777866070663933,28998.745,6581.844999999999,2215947456.027009,0.3915205959666344,26521.055833333332,2477.6891666666684,7.75,0.0450521609057783,0.5414818485417391,347984.94,318252.67,142198.26,142830.04,33224.37,0.0,76727.29,52836.82,0.1043962019234591,0.0,0.1664462076626097,0.2057200965509574,0.1518365133847459,0.0,0.0,0.0967483792044855,0.0195782803644663,0.24108922636847,0.9145587449847684,0.0854412550152314,0.4468093229194275,0.4487944751571134,0.1043962019234591,0.0170803908730757,0.8866164959331659,Male,26,Bachelor's,Salaried - Govt,344254.25,28687.85,Savings,Mass Market,72767.1,0,1.2,Android 14,0,1.1,4.7,VERIFIED,0.99,0.89,0.93,0.85,1,1.0,7411471.26,92726.14,8.71,3.2322,645.0,0.0,0.4515050969966763,-90559.34583333333,3.232244312487691,0.3846153846153846,0.9200000000000002
93,6657.34752688172,2578.53,121145.83,27228.86,24910.31462365591,1299.34,128960.63,631367096.3636166,12,0.2996418957453285,25971.633333333335,8848.150000000001,1549526782.8455875,0.4079845750230171,25622.81,348.8233333333337,7.75,0.0076645045759977,0.5786248816639871,311659.6,307473.72,95872.93,166425.03,45175.759999999995,0.0,45167.96000000001,35916.47000000001,0.1469255974136586,0.0,0.2736771129578163,0.1649083050089614,0.1152426236830183,0.0,0.0,0.0487550610829439,0.1020221825787257,0.1469002293919623,0.986569064453654,0.013430935546346,0.3118085344009238,0.5412658681854177,0.1469255974136586,0.0507102850936333,0.9721929258990686,Female,57,Diploma,Salaried - Govt,241328.83,20110.74,Current,Mass Market,70478.68,0,1.5,Android 13,0,1.0,2.1,VERIFIED,0.87,0.93,0.92,0.97,1,2.0,3251439.3600000003,209646.21,10.635,10.4246,635.0,0.0,0.4762406976794051,-215158.28000000003,10.424589547674527,0.3125,0.918
93,3524.414623655914,902.85,66582.07,12496.27,12051.764193548388,249.56,67274.01,216932274.5474312,12,0.2790080894219437,15377.169166666668,4241.92,538433177.7867719,0.4090540899065391,11937.044166666668,3440.1249999999995,7.75,0.1132568125996723,0.5471802417065273,184526.03,143244.53,10041.1,113238.45,19964.98,0.0,1843.91,25493.78,0.1393769102387365,0.0,0.1316578720318325,0.0572251519831158,0.1381581774668863,0.0,0.0,0.2485579030487237,0.2323358525452944,0.0128724636116995,0.7762835953279871,0.2237164046720129,0.0700976155948153,0.7905254741664481,0.1393769102387365,0.0209063480469376,1.0096104215817572,Female,47,Bachelor's,Salaried - Govt,303148.52,25262.38,Salary,Mass Market,25992.51,0,3.5,Android 12,0,3.7,5.0,VERIFIED,0.86,0.96,0.83,0.94,1,0.0,0.0,0.0,0.0,0.0,650.0,0.0,0.4643045506265344,13325.335833333334,0.0,0.1388888888888889,0.9000000000000001
99,4878.344848484849,1199.55,89260.02,27013.85,14992.770808080808,377.0,90221.87,389105954.77059954,12,0.2721669282784475,19988.9675,3609.155,1189113824.909239,0.3771305339356902,20257.3775,-268.40999999999894,8.25,0.0091190605173768,0.5339537127512046,239867.61,243088.53,82374.15,115152.11,45562.27,0.0,40198.67,51881.66,0.1874307685352328,0.0,0.0662397769240696,0.173498436968622,0.2162928959020352,0.0,0.0,0.0636566439395556,0.1303809768400014,0.165366379071855,1.0134279071692922,-0.0134279071692922,0.3388648160404771,0.4737044154242901,0.1874307685352328,0.018610503753509,0.7401141045073978,Male,50,Bachelor's,Salaried - Private,311807.26,25983.94,Savings,Mass Market,19629.55,1,1.3,Android 11,0,5.0,3.5,VERIFIED,0.96,1.0,0.91,0.86,1,0.0,0.0,0.0,0.0,0.0,650.0,0.0,0.4398598054618959,5726.5625,0.0,0.3571428571428571,0.942
99,5732.04,2455.8,107463.03,23002.69,26016.88919191919,1557.03,124733.43,1006099597.0483408,12,0.3024064271069454,24100.632499999996,7228.49,1308575594.5850382,0.4103395244092067,23188.6975,911.9349999999976,8.25,0.0195474749405329,0.5451759313819974,289207.58999999997,278264.37,108747.68,137613.0,31903.69,0.0,39344.9,14334.64,0.1146524436455878,0.0,0.0709749149702493,0.2494131030861047,0.0495652275239387,0.0,0.0,0.2394312286549657,0.1326198894957338,0.1413939556832231,0.962161366511854,0.0378386334881459,0.3908070587693279,0.4945404975850843,0.1146524436455878,0.0671460740733713,1.1219642324420849,Female,47,Master's,Salaried - Private,590698.55,49224.88,Savings,Mass Market,16641.22,1,0.3,Android 13,0,1.9,2.0,VERIFIED,0.95,0.89,0.96,0.86,1,0.0,0.0,0.0,0.0,0.0,650.0,0.0,0.4642740871983229,26036.1825,0.0,1.25,0.916
98,11527.866530612244,3216.87,134464.77,87671.26,58860.08836734694,1352.15,338629.08,5546413291.438993,12,0.3315136224470307,29929.5925,6083.49,2733396771.436112,0.3741946250257047,64214.65083333334,-34285.05833333333,8.166666666666666,0.270813801396636,0.4754511260280326,359155.11,770575.8099999999,398075.09,287501.47,84999.25,0.0,241484.33,67362.14,0.1103061488525055,0.0,0.100797804696205,0.2032126598939045,0.1875572367604626,0.0,0.0,0.0842083791859492,0.1006754156998517,0.3133816645503056,2.145523726503571,-1.145523726503571,0.51659432444421,0.3730995267032844,0.1103061488525055,0.0210567212069634,0.916614629270757,Male,69,Bachelor's,Salaried - Private,2285117.82,190426.48,Savings,Affluent,426300.34,0,2.6,Android 13,1,0.8,6.5,VERIFIED,0.98,0.89,0.97,0.94,1,0.0,0.0,0.0,0.0,0.0,650.0,0.0,0.4146972254266359,126211.82916666666,0.0,0.6851851851851851,0.9429999999999998
99,6034.312828282828,1724.02,135213.32,35946.76,19183.756666666664,147.04,136790.71,666074285.6008164,12,0.2692647901160148,25010.056666666667,5806.67,1744779624.2515883,0.3847658200413918,24773.024166666662,237.03250000000116,8.25,0.0054237643996542,0.5189734058720782,300120.68,297276.29,135449.74,132353.73,29472.82,0.0,77535.31,69917.44,0.099142854615146,0.0,0.0870939959591126,0.1948168486629054,0.2329644195128439,0.0,0.0,0.0778732135011507,0.0450606067507099,0.2608190178907305,0.990522512477314,0.0094774875226859,0.455635866553636,0.445221278831218,0.099142854615146,0.0059354884979222,0.7743808966399574,Female,24,Diploma,Retired,572463.13,47705.26,Savings,Mass Market,27668.46,0,0.3,Android 14,0,5.0,4.4,VERIFIED,0.99,0.9,0.93,0.84,1,0.0,0.0,0.0,0.0,0.0,650.0,0.0,0.4384488543736664,22932.235833333336,0.0,1.25,0.921
91,5888.103186813187,1441.17,142987.35,32420.56,16928.864835164833,425.11,145353.08,617450194.0948606,12,0.2387891227704912,26419.484166666665,3276.3500000000004,2367610643.15459,0.3618894037836599,18231.965,8187.519166666665,7.583333333333333,0.1502328904983138,0.4909207437489822,317033.81,218783.58,33098.35,150138.83000000002,35546.4,0.0,24913.939999999995,36591.37,0.1624728875905587,0.0,0.2428178568062557,0.0374087031577049,0.1154178792476424,0.0,0.0,0.2357485877139409,0.0404279882429933,0.1138748163824725,0.690095419160499,0.3099045808395009,0.1512835195401775,0.6862435928692638,0.1624728875905587,0.0233167406804477,0.9285266198769488,Female,20,Master's,Retired,388813.4,32401.12,Salary,Mass Market,47102.85,0,5.8,Android 14,0,5.3,5.9,VERIFIED,0.98,0.88,0.85,0.75,1,1.0,548905.21,49463.0,14.69,1.5266,641.0,0.0,0.4135019397697888,-35293.845,1.5265830316976698,0.0847457627118644,0.8780000000000001
93,6702.797419354839,2337.44,146681.06,37691.92,26064.17849462366,1652.23,150226.53,1024291967.003137,12,0.2831686202654919,24773.289999999997,6969.43,1854261649.295691,0.3753555679580651,27173.39,-2400.0999999999985,7.75,0.0539304763846635,0.5552342248801316,297279.48,326080.68,89688.1,209819.03,26573.55,0.0,67977.67000000001,21664.41,0.0814937885924428,0.0,0.1287962844042155,0.0665799335305606,0.0728755647715745,0.0,0.0,0.0738099540273284,0.374412369355952,0.208468867275424,1.0968825698968527,-0.0968825698968525,0.2750488008059846,0.6434574106015726,0.0814937885924428,0.0608032343406545,0.9591802309032352,Male,62,Bachelor's,Salaried - Private,902825.84,75235.49,Savings,Affluent,125973.9,1,0.3,Android 14,0,8.9,5.8,VERIFIED,0.93,0.93,0.89,0.88,1,0.0,0.0,0.0,0.0,0.0,650.0,0.0,0.4473070307268917,48062.100000000006,0.0,1.25,0.912
91,7480.644175824175,1238.0,144660.7,44514.87,20526.623076923075,547.67,146507.61,802452083.6359754,12,0.2535482260684487,31251.883333333335,2879.21,3011064216.263061,0.3729908838328157,25476.335000000003,5775.548333333337,7.583333333333333,0.1068083008711382,0.4306005821738225,375022.6,305716.02,52567.92,166095.1,87053.0,0.0,40248.41,84611.34,0.2847511883740996,0.0,0.1209155149932934,0.0402972340147565,0.2256166428369916,0.0,0.0,0.0646480678375964,0.080970568699671,0.1316529307165519,0.8151935909995824,0.1848064090004176,0.1719501647313084,0.543298646894592,0.2847511883740996,0.0214972051513689,0.8057133444399703,Male,55,Bachelor's,Salaried - Private,541251.41,45104.28,Savings,Mass Market,58929.12,0,1.8,Android 13,0,0.6,4.3,VERIFIED,0.88,0.97,0.93,0.86,1,0.0,0.0,0.0,0.0,0.0,650.0,0.0,0.3960347631692185,19627.944999999996,0.0,0.2631578947368421,0.913
92,9667.13935652174,2562.9449999999997,144495.27,41120.83,28741.091739130436,391.41,157667.2,1324838851.3698082,12,0.2789994601465245,39995.21833333333,8772.51,3895011822.0091248,0.4009675184547239,34119.51673333333,5875.701600000003,7.666666666666667,0.0749960539078396,0.5247359887524973,479942.62,409434.2008,94425.3408,234857.25,80151.60999999999,16757.39080000001,37192.420000000006,43963.27999999999,0.1957618827235011,0.0409281656668091,0.2283436015294401,0.0988572276593265,0.0916011168168394,0.0,0.0,0.1398174355931821,0.0980774198187109,0.0908385765706165,0.8530898981215713,0.1469101018784288,0.2306239698967522,0.5736141473797467,0.195761882723501,0.0114717334087445,0.842365147307365,Female,63,Diploma,Self-Employed Professional,571253.06,47604.42,Savings,Mass Market,61931.61,0,0.6,Android 14,0,4.6,0.7,VERIFIED,0.95,0.92,0.93,0.94,1,2.0,799094.36,16773.38,12.395,0.3523,642.0,2.0,0.4504749065738332,-3288.4767333333293,0.3523492146317506,0.7142857142857143,0.935
95,6837.777368421052,1975.03,130414.88,44402.71,23806.41810526316,566.99,138079.66,1007664317.1277816,12,0.2640090552039872,28618.13666666667,2975.5449999999996,2580907404.812733,0.3704313266836025,25514.2675,3103.8691666666673,7.916666666666667,0.0628788187405986,0.5213249101239122,343417.64,306171.21,98576.58,194464.54,13130.09,0.0,51606.259999999995,74788.58,0.0428847963856562,0.0,0.2750281452001969,0.1534119422920267,0.2177773395682295,0.0,0.0,0.0550875766535984,0.0607634858940525,0.1685536011044278,0.8915418846859469,0.1084581153140532,0.3219655433964545,0.6351496602178892,0.0428847963856562,0.0222224682719188,0.9330629658587362,Female,42,Bachelor's,Salaried - Govt,286844.46,23903.71,Savings,Mass Market,28415.28,0,0.6,Android 13,0,6.6,4.7,VERIFIED,0.93,0.92,0.94,0.9,1,1.0,747147.92,12322.62,9.79,0.5155,637.0,0.0,0.4307887600597264,-13933.177499999998,0.515510772177206,0.7142857142857143,0.9230000000000002
94,14556.933725957446,4188.3150000000005,148494.54,114768.53,79003.93872340425,151.53,637255.95,15761860549.53892,12,0.3496007276547024,28983.7225,2998.69,2662711418.552875,0.3697532455657323,85045.59168666667,-56061.869186666656,7.833333333333333,0.3011972705003299,0.4395846974018267,347804.67000000004,1020547.10024,426684.79023999994,563792.5800000001,30069.73,33751.73023999992,71853.28,47821.83,0.0294643235896986,0.0330721925838235,0.2236014878160309,0.3146153469295953,0.1374962274083323,0.0,0.0,0.1496718671427107,0.132309140820885,0.0704066279577909,2.934253586186752,-1.934253586186752,0.4180941674712097,0.5524415089390917,0.0294643235896986,0.0017817502000371,0.9289598338556844,Female,53,Diploma,Retired,6741579.57,561798.3,Savings,HNI,700302.36,0,1.0,Android 14,0,4.3,2.3,VERIFIED,0.91,0.99,0.96,0.96,1,1.0,935927.13,24660.34,12.03,0.0439,756.0,1.0,0.3976858263001701,452092.36831333337,0.0438953624459169,0.4545454545454545,0.954
90,199565.4160355555,5447.915,110706.3,2511401.84,1290282.370777778,432.45,16352375.89,10483098208475.518,12,0.2732833301957177,17831.663333333334,1876.34,1323248742.7586246,0.3386345414509779,1478908.9569333328,-1461077.2935999995,7.5,0.313029240932629,0.3161447759701692,213979.96,17746907.4832,6483189.813199997,8642736.9,2620980.7699999996,117790.78319999747,2798678.939999999,618356.47,0.147686619343744,0.0066372568466648,0.2400700997643211,0.2009769923788927,2.8897868286357284,0.0,0.0,0.0835222075397177,0.1285642409619748,0.1576995283628627,82.937240866855,-81.93724086685498,0.3653137775884203,0.4869996030678356,0.1476866193437439,0.0002924115091551,0.8724555793165989,Male,69,Bachelor's,Salaried - Govt,15408692.55,1284057.71,Savings,Ultra HNI,17535489.04,1,2.2,Android 11,0,5.9,2.3,VERIFIED,0.92,0.89,0.87,0.93,1,1.0,1066898.73,95267.46,12.95,0.0742,782.0,1.0,0.3296386352586544,-290118.70693333284,0.0741925065034655,0.217391304347826,0.903
95,7183.820842105263,1874.11,115069.21,52025.47,26490.46305263158,237.73,121889.67,954499525.6794428,12,0.2913634609903641,24700.556666666667,3322.92,1844591997.344515,0.3752791541780998,32171.358333333337,-7470.801666666666,7.916666666666667,0.125251699796298,0.4744273239051848,296406.68,386056.3,170424.26,135739.26,79892.78,0.0,92044.49,44382.78999999999,0.2069459299071145,0.0,0.0491748224287493,0.2030267865075638,0.1497361328024051,0.0,0.0,0.0729481166348017,0.1145173385332657,0.2384224528909384,1.302454789480453,-0.3024547894804529,0.4414492393985023,0.3516048306943832,0.2069459299071145,0.0073894921543826,0.8234176119689769,Male,24,Bachelor's,Salaried - Private,883091.77,73590.98,Savings,Affluent,173915.14,0,0.3,Android 12,0,3.6,0.5,VERIFIED,0.94,0.91,0.93,0.77,1,0.0,0.0,0.0,0.0,0.0,650.0,0.0,0.4149384220689338,41419.62166666666,0.0,1.25,0.895
90,7405.691111111112,1810.33,146793.23,37409.51,27888.544,881.46,148009.93,1223052053.9081302,12,0.2660795990237742,24862.321666666667,1394.325,2929481128.796761,0.3242319112423018,30680.361666666664,-5818.039999999998,7.5,0.1924311858005684,0.4659675121340875,298347.86,368164.34,114103.32,235335.85,18725.17,0.0,78510.76,37917.01000000001,0.0508609008683459,0.0,0.2909619926796821,0.0966757399698189,0.127089934548215,0.0,0.0,0.0697681638585638,0.1754946174309005,0.2132492245175075,1.234010326067028,-0.2340103260670278,0.3099249644873265,0.6392141346443276,0.0508609008683459,0.0287304305463152,0.9090031044288536,Male,24,Bachelor's,Salaried - Private,530670.7,44222.56,Savings,Mass Market,73861.36,1,0.9,Android 13,0,2.0,4.8,VERIFIED,0.93,0.94,0.93,0.97,1,2.0,2304413.8899999997,56392.23,12.89,1.2752,670.0,0.0,0.3809261515990161,-42850.03166666666,1.2751914407487943,0.5,0.941
98,3484.7880612244894,1056.48,61561.71,14420.38,11685.650408163265,560.52,62122.23,149537183.03202036,12,0.3175368876958883,12886.089166666668,3366.8500000000004,402432610.1078993,0.4015448940295147,15573.013333333334,-2686.924166666666,8.166666666666666,0.1362645347828736,0.5246516015515317,154633.07,186876.16,49595.97,111587.15,25693.04,0.0,22935.69000000001,29659.75,0.1374869860339596,0.0,0.1180761633800694,0.1426628201264409,0.1918072893463215,0.0,0.0,0.1049899569854175,0.2153386499380124,0.1227320274560436,1.208513547587201,-0.2085135475872011,0.2653948475824845,0.5971181663835557,0.1374869860339596,0.0359930341034404,0.7503782445977013,Male,39,High School,Salaried - Private,440224.69,36685.39,Salary,Mass Market,50434.8,1,1.2,Android 14,0,6.8,2.8,VERIFIED,0.92,0.99,0.88,0.85,1,0.0,0.0,0.0,0.0,0.0,650.0,0.0,0.4507875770383215,21112.376666666663,0.0,0.3846153846153846,0.919
91,20690.6089010989,2690.86,115772.45,318343.33,95655.19604395604,1631.5,1129960.36,36728238251.44268,12,0.2896862252678896,21418.0425,2641.12,1480909800.2250204,0.3676248310251299,135485.74166666667,-114067.69916666669,7.583333333333333,0.2814357649899997,0.3252617592345347,257016.51,1625828.9,806492.17,732665.98,86670.75000000001,0.0,156216.46999999997,247468.97000000003,0.0533086538195993,0.0,0.0219206276872062,0.3999656421410641,0.9628524253169574,0.0,0.0,0.162402741149453,0.1141071794209095,0.0960842004961284,6.325776114538323,-5.325776114538323,0.4960498426371926,0.450641503543208,0.0533086538195993,0.0120418575410979,0.706016698637521,Male,38,Bachelor's,Salaried - Govt,7509105.22,625758.77,Salary,HNI,1410683.7,0,1.9,Android 14,0,4.7,2.3,VERIFIED,0.88,0.97,0.82,0.83,1,0.0,0.0,0.0,0.0,0.0,650.0,0.0,0.3506796023088918,490273.0283333333,0.0,0.25,0.885
97,5057.61206185567,1922.63,61674.41,46409.87,20193.73402061855,448.32,137041.49,598203122.3515139,12,0.3413641436050158,13884.7125,2868.58,446650994.54080224,0.4069658679760776,26997.65166666667,-13112.939166666663,8.083333333333334,0.2298715102465377,0.4192299894713998,166616.55000000002,323971.82,80410.03,239291.58,4270.21,0.0,62516.06,36765.38,0.0131808068985753,0.0,0.2550217176296382,0.0552331063856109,0.2206586320506575,0.0,0.0,0.2894091529318816,0.080704364966064,0.192967585884476,1.9444156057726556,-0.9444156057726556,0.2482006922700869,0.7386185008313377,0.0131808068985753,0.0166058887467434,0.7479811307274276,Male,24,Master's,Self-Employed Business,1473170.39,122764.2,Salary,Affluent,183451.36,0,0.7,iOS 17,0,7.0,4.0,VERIFIED,0.99,0.92,0.94,0.94,1,0.0,0.0,0.0,0.0,0.0,650.0,0.0,0.4118715165742065,95766.54833333332,0.0,0.625,0.9489999999999998
100,6017.1835,2581.3100000000004,106032.74,29803.45,27238.644,1178.76,114186.1,982257581.9009048,12,0.2993932292178181,25321.5,6848.865,1476273055.569945,0.4077103059559659,24821.695833333335,499.80416666666343,8.333333333333334,0.0109490835547589,0.556680852532168,303858.0,297860.35,80441.94,164814.37,52604.04,0.0,36011.81,13126.49,0.176606386180638,0.0,0.120729865522551,0.1491642979671514,0.0431994220984802,0.0,0.0,0.1502686074195508,0.2382599093837095,0.1209016574377892,0.980261668279262,0.0197383317207378,0.2700659554049406,0.5533276584144214,0.176606386180638,0.0474891001773146,1.0973724028726883,Male,62,Bachelor's,Salaried - Govt,228191.62,19015.97,Savings,Mass Market,11208.05,0,2.8,Android 14,0,9.0,3.9,VERIFIED,0.88,0.89,0.84,0.95,1,1.0,1109545.91,24179.59,11.1,1.2715,642.0,0.0,0.4672985245864468,-29985.315833333338,1.2715412361294216,0.1724137931034483,0.889
91,27629.870879120877,3550.22,120640.85,427211.81,119101.5679120879,2124.29,1502366.98,68382096219.42256,12,0.2963529009913331,27796.78583333333,1861.375,2236699226.4836087,0.3803845828702527,181729.735,-153932.9491666667,7.583333333333333,0.2691879709329718,0.3092530299204651,333561.43,2180756.82,1593678.79,533175.32,53902.71000000001,0.0,1144254.1700000002,108329.32,0.0247174327305325,0.0,0.0517433897099998,0.206086536508,0.3247657260613135,0.0,0.0,0.1115402587620934,0.0315322044940343,0.5247050746355111,6.537796711088569,-5.53779671108857,0.7307916111435112,0.2444909561259563,0.0247174327305325,0.0116892813385767,0.6553774367859387,Male,28,High School,Unemployed,5403180.26,450265.02,Savings,HNI,1929578.79,0,2.8,Android 14,0,5.2,6.2,VERIFIED,0.89,0.91,0.94,0.81,1,0.0,0.0,0.0,0.0,0.0,650.0,0.0,0.3519319616903376,268535.28500000003,0.0,0.1724137931034483,0.89
97,6001.054742268042,1240.8,118752.77,28057.58,18908.448350515464,194.26,121228.68,605065097.4260932,12,0.2785701314904096,22747.806666666667,2571.16,1575916844.2983696,0.3744254301869724,25760.719166666662,-3012.9125,8.083333333333334,0.0734494768204542,0.5289888369337097,272973.68,309128.63,93564.69,194227.5,21336.44,0.0,60036.63,50533.44,0.0690212355937397,0.0,0.2786421949982439,0.1084598990394386,0.1851220234859273,0.0,0.0,0.1576514281449764,0.0285421961725123,0.1942124545371291,1.132448483677987,-0.1324484836779868,0.3026723535765678,0.6283064108296925,0.0690212355937397,0.0075409385406974,0.7340031242210907,Male,60,Bachelor's,Salaried - Private,573468.49,47789.04,Savings,Mass Market,55477.76,1,0.8,Android 14,0,4.9,1.9,VERIFIED,0.92,0.91,0.98,0.97,1,2.0,5733893.18,60185.29,11.06,1.2594,660.0,0.0,0.4362507928856673,-38156.96916666667,1.259395250459101,0.5555555555555556,0.939
94,5944.48914893617,1559.765,130718.36,27125.6,18810.64680851064,321.45,132274.7,769646237.9593832,12,0.2613216091692681,25458.11333333333,5062.0,1796959248.3400605,0.3854814248573888,21107.051666666663,4351.061666666666,7.833333333333333,0.0850956823221974,0.4828106008444487,305497.36,253284.62,109054.59,107888.1,36341.93,0.0,80872.98999999999,22016.44,0.1434825770313254,0.0,0.2529116848863543,0.1112645528970531,0.0720675294869978,0.0,0.0,0.0768994185276626,0.0092211678703586,0.3192968842719309,0.8290893904942419,0.170910609505758,0.430561437168984,0.4259559857996905,0.1434825770313254,0.0152295074213349,0.8912020070627568,Male,24,Master's,Salaried - Private,349135.56,29094.63,Salary,Mass Market,51093.03,1,0.2,Android 14,0,3.9,5.9,REJECTED,0.64,0.52,0.29,0.3,0,1.0,142117.39,12647.58,12.31,0.4347,636.0,0.0,0.4244130952522128,-4660.001666666667,0.4347049610185797,1.6666666666666663,0.4659999999999999
93,18703.03218064516,2678.11,121588.56,411659.13,68577.79225806451,542.78,878338.06,22180945156.0932,12,0.2578331984630244,20550.921666666665,4734.08,1373922721.1135242,0.3667342992443994,124397.57773333334,-103846.65606666666,7.75,0.26178518684737,0.3044029347885874,246611.06,1492770.9328,534558.9828,862910.45,95301.5,24745.932799999977,449626.9,32941.68,0.0638420121305834,0.0165771802332618,0.110265424107138,0.0403184096618953,0.1335774640439889,0.0,0.0,0.0855415169161177,0.360185108234578,0.3012028772268709,6.053138625656125,-5.053138625656125,0.3580984671220281,0.5780595207473884,0.0638420121305834,0.0043632682395435,0.5512791607974256,Female,39,Diploma,Salaried - Private,4575568.67,381297.39,Savings,HNI,1289997.19,1,0.7,Android 14,0,9.3,0.9,VERIFIED,0.94,0.94,0.92,0.76,1,2.0,7412741.48,75856.29,10.55,0.1989,771.0,2.0,0.3418017534620746,181043.5222666667,0.198942589142821,0.625,0.9
91,9540.778013186811,2223.59,136162.11,72286.22,37888.09032967033,232.84,250988.57,2264816815.075908,12,0.312225809840529,27462.87,4103.6449999999995,2368631057.456218,0.3708302421523536,44888.02993333333,-17425.15993333334,7.583333333333333,0.1926332187248127,0.4708521172021576,329554.44,538656.3592000001,192550.9692,196586.54,149518.85,30208.759200000022,68163.25000000001,39688.8,0.2775774340101766,0.0560816904582085,0.0537157122640723,0.1748405238172114,0.1204316955948158,0.0,0.0,0.0814847708568554,0.156075647421782,0.126543108302359,1.63449886822948,-0.63449886822948,0.357465322577779,0.3649572434120443,0.2775774340101766,0.0051871289594533,0.844057767425767,Female,64,Master's,Salaried - Private,1406974.3,117247.86,Savings,Affluent,254173.0,0,2.6,Android 10,0,3.3,4.7,VERIFIED,0.95,0.89,0.95,0.75,1,2.0,901029.75,36722.130000000005,14.43,0.3132,745.0,2.0,0.4108389921722752,35637.70006666666,0.3132008550092087,0.1851851851851851,0.892
94,7114.603404255319,1666.225,126073.27,30856.18,22423.98340425532,765.88,129229.16,883194020.621197,12,0.2809721579774154,29306.3775,8341.35,2085273031.1728752,0.4013165268469814,26424.6825,2881.6949999999983,7.833333333333333,0.059468639780999,0.5116972560578797,351676.53,317096.19,59690.23,184819.85,72586.11,0.0,35782.05,60296.89,0.2289088052429769,0.0,0.045002685147368,0.0753972477562723,0.1714555418298741,0.0,0.0,0.1329529377189931,0.2147421260406818,0.1128428884623306,0.9016700375199902,0.0983299624800096,0.1882401362186029,0.5828510585384201,0.2289088052429769,0.0289835081272972,0.8485999180597655,Male,47,Diploma,Salaried - Private,188429.9,15702.49,Savings,Mass Market,25511.78,0,6.4,Android 14,0,5.8,6.7,VERIFIED,0.87,0.99,0.83,0.87,1,0.0,0.0,0.0,0.0,0.0,650.0,0.0,0.4454688185313407,-10722.1925,0.0,0.0769230769230769,0.8980000000000001
95,3696.7444210526314,1152.37,65901.98,23725.72,10855.029684210524,730.76,73996.03,215215962.24626476,12,0.2755091089979608,15748.5175,3813.515,655512957.3444203,0.3911707663413921,13517.375833333332,2231.141666666667,7.916666666666667,0.0936979140991198,0.5594174921346865,188982.21,162208.51,28858.64,119145.8,14204.07,0.0,22824.31,28834.199999999997,0.0875667374048377,0.0,0.2180492873031137,0.0372010691670862,0.1525762663057014,0.0,0.0,0.1098651359290582,0.2288479809104959,0.140709695194167,0.8583268763763532,0.1416731236236469,0.1779107643612532,0.7345224982339088,0.0875667374048377,0.0540607887958529,0.803042677665471,Male,42,Bachelor's,Salaried - Private,499321.73,41610.14,Savings,Mass Market,12009.01,1,5.8,Android 10,0,8.1,6.7,VERIFIED,0.94,0.93,0.85,0.78,1,1.0,5234942.41,47100.14,9.0,1.1319,598.0,0.0,0.4584694566587098,-19007.37583333333,1.1319389937164357,0.0847457627118644,0.887
98,7555.050408163266,2547.525,116064.39,39597.81,30866.336632653063,2229.25,118677.97,1009481633.1247852,12,0.2935813034212359,29834.02666666667,7796.035,2118066760.07217,0.403731566488863,31865.551666666663,-2031.524999999999,8.166666666666666,0.0437630960775941,0.5461773029757989,358008.32,382386.62,64101.34,272888.04,45397.24,0.0,40189.93,105455.35,0.1187207857848164,0.0,0.1858024216433096,0.0625320258329122,0.2945611710923366,0.0,0.0,0.1604101628869755,0.0916497287483542,0.1051028668314806,1.0680942275308014,-0.0680942275308014,0.1676348926643929,0.7136443215507906,0.1187207857848164,0.0699579917309868,0.968642782511158,Female,34,Master's,Salaried - Private,544732.0,45394.33,Savings,Mass Market,69631.86,1,0.8,Android 11,0,7.6,5.3,REJECTED,0.46,0.58,0.27,0.23,0,0.0,0.0,0.0,0.0,0.0,650.0,0.0,0.4607098610836374,13528.778333333335,0.0,0.5555555555555556,0.412
97,4115.900206185567,1090.87,94707.93,23116.74,12995.914329896908,0.0,97308.28,372350563.6104061,12,0.2661080321899176,16464.83916666667,2892.575,883576484.7514809,0.3665153515103073,16805.354166666668,-340.5150000000006,8.083333333333334,0.017958379153805,0.4955512764091265,197578.07,201664.25,71992.73,106797.71,22873.81,0.0,22353.730000000003,6137.060000000001,0.1134252104673981,0.0,0.1713385986856867,0.2461467513453673,0.0310614432057161,0.0,0.0,0.1135201206956612,0.2142909811729148,0.1108462704718362,1.020681343835376,-0.020681343835376,0.3569930218172035,0.5295817677153982,0.1134252104673981,0.0,0.7733198718105111,Female,63,Diploma,Retired,593920.14,49493.35,Current,Mass Market,42446.26,1,2.8,Android 14,0,3.7,3.3,VERIFIED,0.91,0.99,0.84,0.92,1,2.0,1889143.84,147355.9,11.065,2.9773,656.0,0.0,0.418129721469835,-114667.90416666665,2.9772868476270045,0.1724137931034483,0.9220000000000002
94,4889.561489361702,1627.085,88398.37,22788.51,17482.996914893618,786.89,89185.26,344502503.1234581,12,0.2941331212767066,19036.0475,3262.4449999999997,965254244.9491658,0.3902400889374895,19265.5175,-229.46999999999875,7.833333333333333,0.0074813569438974,0.5528932615161212,228432.57,231186.21,107762.82,88404.15,35019.24,0.0,57021.31,16411.77,0.1514763358939099,0.0,0.0893502255173437,0.219483290114925,0.071845140121656,0.0,0.0,0.1918646012666585,0.0301894736714616,0.2466466749898274,1.0120544981829869,-0.0120544981829867,0.4661299651047526,0.3823936990013374,0.1514763358939099,0.0408444777047904,0.9074761119130912,Female,68,Diploma,Salaried - Private,180836.7,15069.73,Salary,Mass Market,54467.99,0,3.1,Android 14,0,4.6,3.8,VERIFIED,0.96,0.95,0.92,0.95,1,3.0,1891339.45,104470.77,11.753333333333332,6.9325,617.0,0.0,0.4553013579689422,-108666.5575,6.932491159430196,0.15625,0.947
98,7503.344081632653,2047.26,126212.79,29956.24,24769.801836734696,1079.44,128603.81,763010106.380681,12,0.2974133212539545,27063.602499999997,3735.795,2007749557.6548204,0.386831045660108,34213.7075,-7150.1050000000005,8.166666666666666,0.171095746969155,0.5607424950561168,324763.23,410564.49,152155.04,201160.31,57249.14,0.0,90010.99,58772.350000000006,0.1394400670160246,0.0,0.0678223292033853,0.1513624570892626,0.1809698407051808,0.0,0.0,0.161505857459811,0.1174820306549161,0.2192371532179998,1.2641963500609352,-0.2641963500609352,0.3705996103072626,0.4899603226767127,0.1394400670160246,0.0315499277592175,0.7239730402422684,Male,19,Bachelor's,Salaried - Private,1575168.58,131264.05,Salary,Affluent,102431.94,0,1.2,Android 10,0,9.6,6.0,VERIFIED,0.97,1.0,0.92,0.84,1,0.0,0.0,0.0,0.0,0.0,650.0,0.0,0.4563956254185115,97050.3425,0.0,0.3846153846153846,0.943
94,5273.8421276595745,1580.37,85523.53,15928.34,18273.27425531915,565.45,95399.31,501048298.661358,12,0.2906413128620062,21531.063333333335,1847.665,1246538315.4715333,0.3891197079262406,19780.7,1750.363333333332,7.833333333333333,0.044464862003041,0.5444178893911464,258372.76,237368.4,48515.97,145524.88,43327.55,0.0,13912.7,30908.21,0.1825329319319673,0.0,0.0814429384871785,0.1457787557231712,0.119626426562924,0.0,0.0,0.2599091960008156,0.1415119282937408,0.0586122668392254,0.9187052071588352,0.0812947928411647,0.2043910225623967,0.613076045505636,0.1825329319319673,0.0285859448856713,0.923793104152995,Female,65,Bachelor's,Self-Employed Professional,215612.65,17967.72,Savings,Mass Market,54291.61,0,4.1,Android 12,0,6.8,5.9,VERIFIED,0.86,0.9,0.84,0.92,1,1.0,505671.6,11126.11,11.52,0.6192,630.0,0.0,0.4512389805122029,-12939.09,0.6192277039045577,0.119047619047619,0.8800000000000001
94,5604.493510638298,1756.495,100265.49,23246.87,16074.204255319148,922.9,103679.03,364813033.0142958,12,0.2876660568932882,21754.59,3496.3450000000003,1168801721.3712363,0.399274068036258,22147.275833333333,-392.6858333333342,7.833333333333333,0.0094278549452347,0.5124426923607138,261055.08,265767.31,77696.18000000001,140328.29,47742.84,0.0,44348.329999999994,22825.62,0.1796415066999775,0.0,0.1024463091416322,0.125477621758673,0.0874360307410987,0.0,0.0,0.1941989780458702,0.1454808343433961,0.1668690178637847,1.0180507117501794,-0.0180507117501793,0.2923466396224577,0.5280118536775649,0.1796415066999775,0.0416710392260056,0.7257869715572987,Male,30,Master's,Salaried - Private,324518.48,27043.21,Savings,Mass Market,39999.7,0,0.2,Android 11,0,6.8,6.4,VERIFIED,0.89,0.96,0.88,0.78,1,2.0,2558247.99,130466.56,10.81,4.8244,654.0,0.0,0.4445415177660403,-125570.62583333332,4.824374029562319,1.6666666666666663,0.887
94,4851.858510638298,1878.99,88667.22,14759.08,21341.642872340424,247.44,89931.06,506540522.5473387,12,0.2807066748251584,20077.99,3536.2000000000003,1080355108.0142,0.3895170203147609,17928.235,2149.754999999999,7.833333333333333,0.0551855386345838,0.5812820530221561,240935.88,215138.82,79323.89,101588.48,34226.45,0.0,34867.24,29567.46,0.1590900703090219,0.0,0.1190475526453106,0.206641693024067,0.1227192064544309,0.0,0.0,0.1588866202761547,0.056831166035028,0.1620685657753445,0.8929297703604793,0.1070702296395206,0.3687102587994114,0.4721996708915666,0.1590900703090218,0.0138016932508972,1.1903928564267716,Female,51,Bachelor's,Salaried - Private,406925.75,33910.48,Current,Mass Market,64134.0,0,0.9,Android 14,0,7.4,1.4,VERIFIED,0.89,0.99,0.84,0.95,1,1.0,4753664.85,40840.81,9.29,1.2044,639.0,0.0,0.466223033397719,-24858.564999999995,1.2043713329920425,0.5,0.9220000000000002
100,7253.636799999999,1509.735,144119.3,41039.12,25888.6529,334.83,144454.13,1068585804.2983056,12,0.2662929040206614,31713.875833333335,4335.515,2696714931.5798264,0.3894550936602267,28733.097500000003,2980.778333333332,8.333333333333334,0.0578095760432391,0.5226597521436405,380566.51,344797.17,120930.51,201845.4,22021.26,0.0,63841.45,73005.79000000001,0.0638672875418322,0.0,0.1668746875155617,0.1655728786869103,0.1918345100834017,0.0,0.0,0.142749779529803,0.0640433620728383,0.1851565371026682,0.9060102792544724,0.0939897207455274,0.3507294157895786,0.5854032966685893,0.0638672875418322,0.0116531118860401,0.9010045958323843,Male,27,High School,Salaried - Govt,516149.73,43012.48,Savings,Mass Market,19060.98,0,1.1,Android 14,0,1.3,4.4,VERIFIED,0.97,0.98,0.95,0.82,1,1.0,2398149.82,30417.7,9.03,0.7072,632.0,0.0,0.4427369570535922,-16138.317499999996,0.707183124525719,0.4166666666666666,0.939
90,6261.692420444445,2090.725,84507.32,51415.62,26987.19388888889,229.67,216274.78,1571815452.509755,12,0.3386466669172809,14867.376666666669,6562.055,668583521.962297,0.3752314115954297,32095.316486666667,-17227.939820000003,7.5,0.2928938907819267,0.4497609042723424,178408.52,385143.79784,104645.40784000004,212692.96,67805.43000000001,16191.38784000004,67719.01999999997,53646.369999999995,0.1760522443312675,0.042039850909728,0.2257221081776722,0.0538370346771465,0.3006939915201359,0.0,0.0,0.1217163570149833,0.0655153221771013,0.1758278865706477,2.158774692150353,-1.1587746921503526,0.2717047721575223,0.5522429835112102,0.1760522443312675,0.0071558727297614,0.8408452336059736,Female,39,Bachelor's,Salaried - Private,1804682.93,150390.24,Savings,Affluent,229234.19,1,2.9,Android 14,0,3.0,5.3,VERIFIED,0.85,0.93,0.94,0.83,1,1.0,496314.11,16854.57,13.55,0.1121,715.0,1.0,0.4050432086661948,101440.35351333332,0.1120722328789421,0.1666666666666666,0.888
100,6132.154200000001,1766.29,108320.76,34864.37,22110.3698,1108.96,109429.72,541092029.4244243,12,0.2817265716091969,25019.744166666667,5112.825,1558486073.0394807,0.3983070331145888,26081.540833333333,-1061.7966666666664,8.333333333333334,0.0279296062588144,0.6082017513094985,300236.93,312978.49,108669.37,171028.31,33280.810000000005,0.0,90818.83999999998,47035.25,0.1063357740654956,0.0,0.1627987277975556,0.0570343668026515,0.1566604414720068,0.0,0.0,0.1425990009728783,0.0907734585849653,0.2901759798253228,1.0424383502722334,-0.0424383502722333,0.3472103466279743,0.54645387930653,0.1063357740654957,0.0425189603285516,0.8477401677028987,Female,56,High School,Salaried - Private,572227.51,47685.63,Savings,Mass Market,25079.4,1,1.4,Android 13,0,4.2,2.2,VERIFIED,0.96,0.89,0.91,0.75,1,1.0,6431465.14,81088.7,8.89,1.7005,633.0,0.0,0.4822649203925527,-59484.61083333333,1.7004850308153632,0.3333333333333333,0.887
100,7833.5108,2102.21,129248.65,47104.41,30786.4425,491.17,137630.82,1124020036.2894733,12,0.2797875066973325,33643.31333333333,3246.9399999999996,2858726637.3384967,0.3965846986973465,31635.943333333333,2007.37,8.333333333333334,0.0363767444816859,0.5615916942247423,403719.76,379631.32,115652.36,183671.38,80307.58,0.0,56048.94,66309.94,0.2115409761238877,0.0,0.1424588203101893,0.1570034316452077,0.1642474472886836,0.0,0.0,0.1098773673362882,0.0568096436300355,0.1476404528477787,0.940333760230116,0.0596662397698839,0.3046438844929865,0.4838151393831257,0.2115409761238877,0.0155256947714429,0.9731476054188576,Male,35,Bachelor's,Salaried - Govt,252460.03,21038.34,Savings,Mass Market,43462.12,0,1.1,Android 13,0,5.5,3.0,VERIFIED,0.96,0.99,0.83,0.84,1,3.0,1966201.01,55988.49,14.476666666666668,2.6613,628.0,0.0,0.4625874969083048,-66586.09333333334,2.6612598712636073,0.4166666666666666,0.919
97,9092.158041237111,2260.96,129272.62,56333.79,38361.81288659794,1372.89,211901.66,2182591067.2729173,12,0.3084459380066059,29427.291666666668,3057.0,2496464609.3033786,0.3808709272189196,44067.6525,-14640.36083333333,8.083333333333334,0.1623027466363646,0.4524864069055925,353127.5,528811.83,134754.83,264872.27999999997,129184.72,0.0,100436.72,92697.3,0.2442924168319003,0.0,0.0470031277477283,0.0648966381860254,0.262503769884815,0.0,0.0,0.0431879332200264,0.2353973056918942,0.1899290339249786,1.4975096247106214,-0.4975096247106214,0.254825672111004,0.5008819110570957,0.2442924168319003,0.0311541441877349,0.8705209084281933,Female,20,Bachelor's,Self-Employed Professional,1698194.26,141516.19,Savings,Affluent,245271.07,1,1.3,Android 14,0,0.8,6.1,VERIFIED,0.93,0.94,0.95,0.94,1,0.0,0.0,0.0,0.0,0.0,650.0,0.0,0.4095171190935888,97448.5375,0.0,0.3571428571428571,0.9389999999999998
97,7111.9888659793805,2470.33,134322.77,41772.57,29799.99041237113,2104.51,142077.28,970419730.5400044,12,0.2873660065900407,29015.978333333333,7998.16,2146753068.6508148,0.3954478340570767,28472.59833333333,543.3799999999986,8.083333333333334,0.0141854469774599,0.5917718382865622,348191.74,341671.18,195717.5,134677.88,11275.8,0.0,123032.33999999998,34726.64,0.033001905516292,0.0,0.1298650650019706,0.2127342434910664,0.0997342441265263,0.0,0.0,0.1159663217717104,0.0467049635266281,0.3600898969588245,0.9812730767249104,0.0187269232750897,0.572824140449891,0.394173954033817,0.033001905516292,0.0739135211813885,1.0466199840105144,Male,67,Diploma,Salaried - Private,361764.02,30147.0,Savings,Mass Market,45484.63,0,3.2,Android 14,0,7.1,3.6,VERIFIED,0.91,0.94,0.98,0.78,1,0.0,0.0,0.0,0.0,0.0,650.0,0.0,0.4739774357488708,1674.4016666666685,0.0,0.1515151515151515,0.907
94,7139.689042553192,1767.41,98321.7,60095.25,35012.67893617021,1754.51,265163.68,2420128190.716123,12,0.3292629137653577,18455.179166666665,2310.0600000000004,994214364.5303355,0.3794056958445451,37472.385,-19017.205833333337,7.833333333333333,0.2410956166703421,0.4534807659903163,221462.15,449668.62,95825.38,316631.39,37211.84999999999,0.0,36295.64,125357.73,0.082753940001417,0.0,0.2060395275080569,0.1323858000142416,0.5660458457573901,0.0,0.0,0.1654483027968462,0.0538779868606352,0.0807164173475124,2.0304536012135705,-1.0304536012135712,0.2131022173617541,0.7041438426368289,0.082753940001417,0.0468214126215878,0.9343595006341392,Male,49,High School,Salaried - Private,1365910.19,113825.85,Savings,Affluent,276166.38,1,3.4,Android 12,0,0.2,4.8,VERIFIED,0.88,0.95,0.93,0.87,1,0.0,0.0,0.0,0.0,0.0,650.0,0.0,0.4090357239028536,76353.465,0.0,0.1428571428571428,0.909
90,6656.293244444444,3074.88,105116.18,55185.45,31720.007666666665,939.91,195761.65,1407342801.4994454,12,0.3312330729492461,16854.530833333334,5194.765,879500274.0228448,0.3725033252716454,33067.66849999999,-16213.137666666664,7.5,0.3084271248800426,0.4704570843957662,202254.37,396812.022,113270.812,236491.55,47049.66,19114.911999999993,56388.99999999999,91642.01,0.1185691395206771,0.0481712018291623,0.254673786067903,0.095175795858322,0.4531027438368822,0.0,0.0,0.0839400727632188,0.0264192852503848,0.1421050695888442,1.961945356236308,-0.9619453562363076,0.2854520672763286,0.5959787932029942,0.1185691395206771,0.0284238364128998,0.9592453627828847,Male,32,Bachelor's,Self-Employed Business,1701295.84,141774.65,Savings,Affluent,199383.18,1,1.0,Android 11,0,1.3,1.3,VERIFIED,0.87,0.91,0.88,0.84,1,1.0,195791.87,6602.66,13.06,0.0466,713.0,1.0,0.4116848289212937,102104.3215,0.0465715133135578,0.4545454545454545,0.8780000000000001
90,4146.221444444444,1411.845,106962.54,27888.61,13940.249,1750.04,111543.8,439651843.4639599,12,0.2541775454736942,15349.275,3703.705,1061430229.3229362,0.3298094088580469,15747.385833333334,-398.11083333333454,7.5,0.0207772887447905,0.4504043455473105,184191.3,188968.63,78666.35,98577.46,11724.82,0.0,69927.46,18779.93,0.0620463830425187,0.0,0.1745393931257267,0.0462451889501447,0.1019588330176289,0.0,0.0,0.1583354866889811,0.0894043630416328,0.3700479809797002,1.025936784202077,-0.0259367842020769,0.416293169929845,0.5216604470276363,0.0620463830425187,0.1111320963696461,0.8852421060574974,Male,40,Diploma,Salaried - Private,334055.29,27837.94,Salary,Mass Market,9263.11,0,0.5,Android 14,0,5.4,0.6,VERIFIED,0.93,0.93,0.82,0.93,1,1.0,1416548.44,26117.61,13.45,0.9382,636.0,0.0,0.3780473835337523,-14027.055833333336,0.9382019646568676,0.8333333333333334,0.908
99,4399.364444444444,1164.37,102938.48,30659.18,14746.525555555556,792.47,103730.95,286327712.02316576,12,0.2730425135544446,16284.780833333332,3027.215,886921017.6738628,0.3635289742395392,20009.975833333338,-3725.195,8.25,0.0803885328114034,0.4477599631809578,195417.37,240119.71,61079.97,137023.55,42016.189999999995,0.0,37451.4,32655.28,0.1749801796778781,0.0,0.1041833258919061,0.0984032922578492,0.1671053090111692,0.0,0.0,0.2405240702647858,0.0899435952175687,0.155969703611586,1.2287531553617776,-0.2287531553617777,0.2543729958694353,0.5706468244526866,0.1749801796778781,0.0396037459815356,0.7369586889250643,Female,30,Doctorate,Self-Employed Professional,310001.6,25833.47,Salary,Mass Market,61407.04,1,3.4,Android 13,0,2.9,5.1,VERIFIED,0.97,0.94,0.89,0.81,1,0.0,0.0,0.0,0.0,0.0,650.0,0.0,0.3972213698161067,5823.494166666667,0.0,0.1428571428571428,0.913
90,12188.572777777776,4097.355,149081.34,118338.24,50454.60444444445,1355.2,361221.16,4584148612.474652,12,0.3152990517355946,30469.24,6732.745000000001,3250692798.435909,0.3582298145201261,60945.05583333334,-30475.815833333338,7.5,0.2874340318705657,0.4454159032301637,365630.88,731340.67,265896.87,362075.29,103368.51,0.0,58454.18,163499.8,0.1413411208212993,0.0,0.1270732010569027,0.2836471408051188,0.4471717487319451,0.0,0.0,0.1113489969045479,0.0331003607388605,0.0799274297161676,2.000215818751414,-1.000215818751414,0.3635745705212866,0.495084308657414,0.1413411208212993,0.0222364223228553,0.8278703457491751,Male,42,Bachelor's,Salaried - Govt,2327265.87,193938.82,Savings,Affluent,367064.99,0,0.6,Android 13,0,2.7,3.7,VERIFIED,0.89,0.89,0.94,0.89,1,0.0,0.0,0.0,0.0,0.0,650.0,0.0,0.3931042500041412,132993.76416666666,0.0,0.7142857142857143,0.9
97,3739.139793814433,1232.89,70985.52,18718.19,12123.198350515464,279.09,71452.8,235524315.22961807,12,0.2886904834153831,15284.88,2822.11,557536243.9223638,0.4033975223579731,14939.833333333334,345.0466666666671,8.083333333333334,0.020940817858333,0.5471172767013914,183418.56,179278.0,76731.58,80830.23,21716.19,0.0,49122.62,29696.41,0.1211313713896853,0.0,0.1118715626010999,0.1540008255335289,0.1619051528918338,0.0,0.0,0.0779886544919064,0.0953606131259831,0.2740024989123038,0.9774256214856336,0.0225743785143662,0.4280033244458327,0.4508653041644819,0.1211313713896853,0.0186809312910675,0.8114681121285688,Other,52,Bachelor's,Salaried - Private,278122.4,23176.87,Salary,Mass Market,31897.95,0,1.3,Android 13,0,4.1,5.3,VERIFIED,0.89,0.9,0.92,0.77,1,1.0,661930.39,11501.61,11.48,0.4963,623.0,0.0,0.4608854240953405,-3264.573333333338,0.496253808214828,0.3571428571428571,0.8750000000000001
99,5155.9302383838385,2015.83,103240.26,23013.97,18515.285454545457,113.52,104961.18,605004623.1476208,12,0.2844408330682106,21536.03,3799.3,1175133255.8364725,0.3962083576218937,21000.394466666665,535.635533333334,8.25,0.0141882093457234,0.5609753760263961,258432.36,252004.7336,83318.9036,140279.02,28406.81,17585.723599999998,31036.28,22089.549999999996,0.1127233190987964,0.0697833066418241,0.085906640287014,0.1376835248462967,0.0854751703695311,0.0,0.0,0.1796490064026321,0.20344137694404,0.1231575278631988,0.9751283995549164,0.0248716004450836,0.3306243593513197,0.5566523215498838,0.1127233190987964,0.005405612745998,0.8816636984573907,Female,36,Bachelor's,Salaried - Private,486154.46,40512.87,Savings,Mass Market,58926.92,1,1.4,Android 13,0,6.8,6.2,VERIFIED,0.96,0.95,0.95,0.77,1,1.0,469742.02,10506.21,12.24,0.2593,678.0,1.0,0.4621151649836947,9006.265533333339,0.2593301832232572,0.3333333333333333,0.917
93,5908.791935483871,1868.08,89160.37,22644.36,20098.25634408602,363.49,91456.87,567509265.3345476,12,0.281689904669086,24704.5425,6130.889999999999,1418943156.760984,0.4065368588920361,21088.595,3615.947499999998,7.75,0.0729137665170136,0.5134100830280662,296454.51,253063.14,100911.75,111253.16,40898.23,0.0,57493.82000000001,30695.09,0.1616127500828449,0.0,0.1367468213663989,0.1715695537485229,0.1035406410244863,0.0,0.0,0.1352115128264037,0.0463735651110627,0.2271916012738955,0.8536322824031248,0.146367717596875,0.3987611550224185,0.4396260948947365,0.1616127500828449,0.0172363308224184,0.9530391353281724,Female,54,High School,Retired,307378.03,25614.84,Savings,Mass Market,28468.57,0,2.0,Android 14,0,3.1,2.1,REJECTED,0.52,0.63,0.57,0.42,0,2.0,1826636.24,130052.01,13.0,5.0772,614.0,0.0,0.4492861485464482,-125525.76499999998,5.077213443456996,0.238095238095238,0.5429999999999999
95,8301.403684210525,2570.52,106822.06,67557.31,36999.633789473686,1419.55,287809.58,2875215034.704189,12,0.3438800374786005,23071.361666666664,5680.48,1182624046.665615,0.4120240356719197,42648.08416666667,-19576.7225,7.916666666666667,0.2424688547179412,0.4445836531651352,276856.33999999997,511777.01,151929.53,300730.68,59116.8,0.0,94571.06,105075.6,0.1155128089868671,0.0,0.1084715001168184,0.1120770743492366,0.3795311315608666,0.0,0.0,0.0972279313601836,0.1766059010739853,0.1847895824785095,1.8485291324735424,-0.8485291324735421,0.2968666568277461,0.5876205341853867,0.1155128089868671,0.0332851997396287,0.8675567616327358,Male,48,Diploma,Salaried - Private,660358.38,55029.86,Salary,Affluent,277955.87,0,1.3,Android 13,0,2.0,4.5,VERIFIED,0.98,0.96,0.84,0.88,1,0.0,0.0,0.0,0.0,0.0,650.0,0.0,0.4250478826692059,12381.775833333331,0.0,0.3571428571428571,0.926
95,3846.5456842105264,1778.23,41228.26,17343.23,14511.00357894737,403.11,56439.11,156434925.12251678,12,0.3744499165825136,14335.828333333331,6023.425,308950834.3040334,0.4600220821192915,16115.991666666669,-1780.163333333334,7.916666666666667,0.0840377617127454,0.6025573998583194,172029.94,193391.9,52502.57,112360.67,28528.66,0.0,26974.500000000004,13050.170000000002,0.1475173469002579,0.0,0.0433070878356332,0.1320017539514323,0.075859876484291,0.0,0.0,0.3106057699417607,0.1596065812477151,0.1394810227315621,1.1241758266032065,-0.1241758266032064,0.2714827766829945,0.5809998764167476,0.1475173469002579,0.0250130434625235,0.9004102185632823,Other,36,Master's,Salaried - Private,1222043.25,101836.94,Savings,Affluent,52792.9,1,0.4,iOS 16,0,0.8,4.4,VERIFIED,0.96,0.99,0.92,0.92,1,1.0,778266.15,70557.52,15.85,0.6928,653.0,0.0,0.5170362092149027,15163.42833333333,0.6928479979857997,1.0,0.953
98,5563.606836734693,1509.145,134215.52,36298.43,18260.02275510204,356.16,140011.91,529711352.89821815,12,0.2658764215526093,23016.775,2038.775,1626155551.6161726,0.3735037969562544,22419.347500000003,597.4274999999985,8.166666666666666,0.0291171158000675,0.4528464424116007,276201.3,269032.17,80861.59000000001,158410.54,29760.04,0.0,73058.70000000001,12394.21,0.1106188899268069,0.0,0.2300572455702974,0.0290035574556009,0.0448738293411363,0.0,0.0,0.2713859833193926,0.0413034991317209,0.2715612040002502,0.974043822386064,0.0259561776139358,0.3005647614558512,0.588816348617342,0.1106188899268069,0.0158862785814796,0.8144761017287429,Male,38,High School,Retired,486035.64,40502.97,Savings,Mass Market,25021.55,1,0.4,iOS 17,0,7.6,7.0,VERIFIED,0.95,0.95,0.85,0.87,1,0.0,0.0,0.0,0.0,0.0,650.0,0.0,0.405240855138393,18083.6225,0.0,1.0,0.914
92,9600.902166086957,2523.6949999999997,137651.09,75912.35,31460.893369565216,245.34,187472.09,1673629667.0467494,12,0.3148992837485834,27992.234166666665,5191.025,2294459029.5646443,0.3790322966265699,45614.68244,-17622.448273333335,7.666666666666667,0.1735651973344039,0.4459720718927046,335906.81,547376.18928,158648.62928,292216.96,96510.6,28941.649279999983,70386.76,108753.0,0.1763149400542007,0.0528734165767583,0.1108964752008038,0.1083719408365712,0.3237594379226786,0.0,0.0,0.1640136194416673,0.0602596909510934,0.1285893712194247,1.6295477584393123,-0.6295477584393124,0.2898347286327543,0.5338503313130449,0.1763149400542006,0.0053785313604388,0.6897097970800915,Male,56,Diploma,Salaried - Private,1716130.96,143010.91,Salary,Affluent,263384.44,0,0.3,iOS 17,0,9.5,0.8,VERIFIED,0.93,0.94,0.92,0.75,1,1.0,963016.8,21504.6,12.17,0.1504,758.0,1.0,0.4058082067330237,75891.62756,0.150370345870815,1.25,0.895
95,7677.793684210526,3066.34,128235.79,31203.38,33059.99894736842,4739.62,137048.68,783214409.8373924,12,0.3073696827930522,29663.72,7624.49,2086275434.9807992,0.4041738834298251,31118.813333333335,-1455.0933333333344,7.916666666666667,0.0326264441942444,0.6628820155918422,355964.64,373425.76,72848.61,232685.25,67891.9,0.0,18099.2,31691.33,0.1818082930325963,0.0,0.1655843721118757,0.1466139079425051,0.0890294328110792,0.0,0.0,0.214259321585099,0.1583996240644994,0.0484680007078247,1.049052962114439,-0.0490529621144392,0.1950819086503298,0.6231097983170738,0.1818082930325963,0.1523072216549817,1.0623798084214142,Female,20,Bachelor's,Salaried - Govt,377803.31,31483.61,Salary,Mass Market,50319.7,0,0.1,Android 14,0,6.5,1.5,VERIFIED,0.87,0.99,0.91,0.8,1,2.0,2728294.37,53112.95,10.565,1.687,612.0,0.0,0.507657136294632,-52748.153333333335,1.6870031740324567,2.5,0.9000000000000001
98,29091.11112244898,3982.185,144959.49,606909.31,104721.64030612246,2319.33,1514302.92,52915058331.05434,12,0.2606724703897602,31291.099166666667,4539.0650000000005,2727118148.7218266,0.384940786924508,206286.30833333335,-174995.2091666667,8.166666666666666,0.270116100021838,0.3086026940437245,375493.19,2475435.7,627574.21,1372973.82,474887.67,0.0,208689.43,301168.52,0.191840034463428,0.0,0.0299860262983199,0.1692165868012649,0.8020612038263597,0.0,0.0,0.3853303723461693,0.0176600264753392,0.084304120684694,6.592491597517388,-5.592491597517388,0.2535207074859589,0.5546392580506131,0.1918400344634279,0.0112432570961144,0.5076519190837675,Male,60,Bachelor's,Self-Employed Professional,9309936.24,775828.02,Salary,HNI,2121212.23,1,0.1,Android 12,0,5.9,3.2,VERIFIED,0.94,0.89,0.96,0.78,1,0.0,0.0,0.0,0.0,0.0,650.0,0.0,0.3544055497721946,569541.7116666667,0.0,2.5,0.8969999999999999
99,20223.027848888887,3488.37,103927.81,321587.37,86657.62919191919,106.88,1399473.27,54163735756.12816,12,0.2820873760169906,23855.67583333333,2559.525,1615071262.3326263,0.3827251204497572,142984.30391999998,-119128.62808666663,8.25,0.2565293686806757,0.2984683497234573,286268.11,1715811.6470399995,236046.0770399998,941640.83,538124.7400000001,19451.7670399998,195420.41000000003,56215.23,0.3136269303966643,0.0113367729339969,0.2592174267888224,0.0123404570871912,0.1963726591830294,0.0,0.0,0.2263802677118351,0.0304412317576384,0.1138938591174187,5.993722622614164,-4.993722622614163,0.1375710891386069,0.5488019804647287,0.3136269303966644,0.0007474946345145,0.6060639302087614,Male,52,Master's,Salaried - Private,8803290.54,733607.54,Current,HNI,1451840.87,1,2.1,Android 14,0,2.0,3.0,VERIFIED,0.88,1.0,0.84,0.84,1,2.0,2411005.31,52282.15,11.61,0.0713,783.0,2.0,0.3490224121592373,538341.08608,0.0712671928099321,0.2272727272727272,0.9000000000000001
98,10240.99844489796,2279.1849999999986,132766.64,55194.36,36068.35040816326,308.38,268353.69,2633685723.400736,12,0.3196193584556139,30471.750833333335,2438.8050000000003,2865042211.8162637,0.3728918403472566,53163.069800000005,-22691.31896666667,8.166666666666666,0.2136735699806887,0.4392131077966817,365661.01,637956.8376000001,159184.09760000007,457812.56,20960.18,21551.17760000007,24146.9,61712.42,0.0328551694482222,0.0337815606477012,0.2452227655220918,0.1778898090142516,0.1687694840639421,0.0,0.0,0.3339676094726443,0.0416982441948201,0.03785036632077,1.744667383596627,-0.7446673835966269,0.2495217359827229,0.7176230945690548,0.0328551694482222,0.0058006432126686,0.6784474738545527,Female,31,High School,Salaried - Private,1217273.39,101439.45,Savings,Affluent,323548.05,0,5.4,Android 11,0,5.5,5.8,REJECTED,0.43,0.69,0.2,0.35,0,1.0,1987830.67,17833.92,8.96,0.1758,693.0,1.0,0.3994203473270266,30442.460199999987,0.1758085241984257,0.0909090909090909,0.446
90,8453.886677333334,1260.955,91244.13,122073.38,28319.872666666663,102.71,311843.03,2364072474.333621,12,0.2909058097276071,13710.805,1741.675,861906461.2638999,0.3278752976118861,49693.34508,-35982.54008,7.5,0.2598145494009848,0.3311914207714265,164529.66,596320.14096,161548.58095999996,180657.59,254113.96999999997,10731.680959999976,114499.77,35821.259999999995,0.4261368223969572,0.0179965092957003,0.1097231763707758,0.0609020683781265,0.2177191638273609,0.0,0.0,0.0832588849339743,0.0499014505062576,0.19201056971792,3.624392957233365,-2.6243929572333644,0.270909147391747,0.3029540302112958,0.4261368223969571,0.0020668763560724,0.5698926611013055,Male,18,Bachelor's,Salaried - Govt,1604172.62,133681.05,Savings,Affluent,433916.41,1,3.2,Android 14,0,1.7,4.7,VERIFIED,0.96,0.99,0.82,0.79,1,2.0,980639.55,17380.98,11.865,0.13,740.0,2.0,0.3292017468757023,66606.72492,0.1300182785817436,0.1515151515151515,0.907
100,7649.9472,1735.0700000000002,129576.62,37229.6,24640.4112,1322.76,133258.01,1049682628.0672028,12,0.2766005297821007,31892.60416666666,5939.7,2637585754.127117,0.393434418061969,31856.95583333333,35.64833333333081,8.333333333333334,0.0007497327682883,0.5133511202400123,382711.25,382283.47,138598.25,209400.91,34284.31,0.0,101672.27,42960.030000000006,0.0896829517635172,0.0,0.1216769848824486,0.0965931903882739,0.1122518086416325,0.0,0.0,0.2320991540649142,0.0816098849369553,0.2659604141398005,0.9988822382409716,0.0011177617590284,0.3625536045280744,0.5477634437084082,0.0896829517635172,0.0415218581122537,0.7734703632359518,Male,29,Master's,Self-Employed Professional,489086.57,40757.21,Savings,Mass Market,22082.22,1,1.2,Android 13,0,0.9,2.3,VERIFIED,0.91,0.92,0.94,0.97,1,2.0,3854638.29,123432.05,9.415,3.0285,664.0,0.0,0.4414010989331863,-114531.79583333334,3.028471526878312,0.3846153846153846,0.931
95,6549.500315789474,1024.99,142035.21,30188.8,21427.263473684212,52.25,142758.44,1093190994.1184163,12,0.2547472402872126,28914.744166666667,3544.74,2351078583.615353,0.383806428477923,22935.46666666667,5979.277499999999,7.916666666666667,0.122719102420558,0.5078237526817585,346976.93,275225.6,81254.22,147988.41,45982.97000000001,0.0,53125.2,31223.870000000003,0.1670737387801134,0.0,0.1591792333271323,0.1022035014184726,0.0899883170907068,0.0,0.0,0.18644166821691,0.0786293862198865,0.1930241954236815,0.7932100846013018,0.2067899153986981,0.2952276968421543,0.5376985643777323,0.1670737387801135,0.0022781311040833,0.934241442962466,Female,57,Master's,Salaried - Govt,348792.62,29066.05,Savings,Mass Market,13219.45,1,0.7,Android 12,0,8.5,0.8,VERIFIED,0.9,0.98,0.88,0.77,1,1.0,844977.8,15143.05,12.5,0.521,654.0,0.0,0.4334133581594572,-9012.46666666667,0.5209875438871123,0.625,0.8940000000000001
99,4297.514545454545,1729.16,74253.95,15286.47,14817.736868686869,390.25,79679.51,283353384.5533299,12,0.3047481969602696,17936.4875,7494.195,674931872.7751842,0.4189932917615991,17518.0075,418.4800000000002,8.25,0.0149006053250242,0.5726450039411404,215237.85,210216.09,69848.71,122415.2,17952.18,0.0,38154.16,57107.11,0.0853986961702122,0.0,0.1377481619033062,0.1507712849192466,0.2653209461068301,0.0,0.0,0.1107639762493917,0.0621590859196363,0.1814997129858137,0.9766687875761628,0.0233312124238371,0.3322709979050605,0.5823303059247272,0.0853986961702122,0.0222770768878823,0.8458574337684733,Male,59,Diploma,Salaried - Private,583876.81,48656.4,Savings,Mass Market,24837.66,0,1.9,Android 12,0,9.6,4.4,VERIFIED,0.98,0.93,0.94,0.75,1,2.0,4847170.359999999,56598.66,10.84,1.1632,648.0,0.0,0.4804539766334156,-25460.26749999999,1.1632315584383557,0.25,0.911
97,5751.920820618558,1369.36,134255.74,35177.9,14942.186907216494,277.12,135464.64,470469856.63214445,12,0.2690184235546084,22272.805000000004,3873.545,1642847077.7773726,0.3646643717624237,24221.8883,-1949.083300000001,8.083333333333334,0.0771111765590547,0.4614806785966613,267273.66000000003,290662.6596,80051.99960000001,162290.44,48320.22,9850.359600000003,34944.880000000005,48415.98,0.1662415807606543,0.0338893190255526,0.1255350792228146,0.1212978648462074,0.1811475923216675,0.0,0.0,0.0829385516294917,0.1833017012688202,0.1202248684027385,1.0875095570584845,-0.0875095570584845,0.2754120522744986,0.558346366964847,0.1662415807606544,0.0114408916665675,0.6168877802651122,Female,40,High School,Salaried - Govt,358134.88,29844.57,Current,Mass Market,55760.43,0,2.4,Android 14,0,9.9,2.9,VERIFIED,0.94,0.88,0.93,0.79,1,1.0,148903.15,5169.07,15.1,0.1732,643.0,1.0,0.4033908944961187,453.61169999999765,0.1731996808799724,0.2,0.8900000000000001
98,6734.966836734694,2706.295,142843.47,38693.69,20943.1306122449,1228.65,153206.79,717562892.4842511,12,0.2877360300786577,25737.884166666667,7004.1849999999995,2122992183.3539724,0.368470884041476,29264.345,-3526.460833333333,8.166666666666666,0.0703752536046156,0.5221501605526429,308854.61,351172.14,159365.38,179313.46,12493.3,0.0,117466.66,94448.76,0.035575999850102,0.0,0.053611257430615,0.1193110592429114,0.305803303373066,0.0,0.0,0.1517795232845065,0.0362704740757623,0.3344988016418386,1.1370144029904556,-0.1370144029904555,0.4538098608847501,0.5106141392651478,0.035575999850102,0.0419845378394766,0.7156534893312971,Female,38,Master's,Salaried - Private,558814.88,46567.91,Current,Mass Market,60888.63,0,2.2,Android 13,0,3.0,4.3,VERIFIED,0.86,0.94,0.85,0.97,1,0.0,0.0,0.0,0.0,0.0,650.0,0.0,0.4299425946459427,17303.565000000002,0.0,0.217391304347826,0.904
90,3441.360777777778,860.27,70878.17,13468.7,12119.186222222224,994.79,72897.78,274283405.49993384,12,0.2602723317800055,12804.430833333332,2139.825,654136733.1796991,0.3433765303197271,13005.775,-201.34416666666695,7.5,0.017297803539584,0.4579679663116239,153653.16999999998,156069.3,47741.07,83478.9,24849.33,0.0,16693.550000000003,36372.11,0.1592198465681591,0.0,0.0813951879069106,0.1989341914136861,0.236715649927691,0.0,0.0,0.1404504281111019,0.079986903253875,0.1069624198993652,1.0157245698217616,-0.0157245698217615,0.3058966113130513,0.5348835421187895,0.1592198465681591,0.0764883292229798,0.9318311459503352,Male,68,Master's,Salaried - Private,321685.13,26807.09,Savings,Mass Market,3410.92,1,0.5,Android 14,0,1.1,1.3,VERIFIED,0.98,0.9,0.97,0.98,1,3.0,6145302.66,69763.41,11.25,2.6024,643.0,0.0,0.3892131047164858,-55962.095,2.6024238363805994,0.8333333333333334,0.954
95,21660.760526315786,2422.48,114220.0,418102.34,103856.39031578948,114.12,1109056.5,55237056427.520485,12,0.2704627859703419,24970.68333333333,4388.32,1692225200.2983153,0.38801788852527,146510.3375,-121539.65416666666,7.916666666666667,0.2919948214066797,0.3387089289585152,299648.2,1758124.0499999998,1010695.99,588342.02,159086.04,25816.319999999796,33552.18,72258.33,0.0904862429929219,0.0146840150443308,0.0998972967806225,0.5411037349725124,0.2411438813915785,0.0,0.0,0.0567420939381382,0.1369028596133475,0.0190840799885537,5.867293879956562,-4.867293879956563,0.574871830005397,0.3346419270016811,0.0904862429929219,0.0007789211460931,0.7088673201356148,Male,51,Bachelor's,Salaried - Private,4269598.03,355799.84,Savings,HNI,1517382.33,0,0.1,Android 13,0,5.5,1.4,VERIFIED,0.92,0.96,0.89,0.92,1,2.0,1311430.35,38106.07,12.37,0.1071,770.0,2.0,0.3682943046985681,171183.43250000002,0.1070997389993205,2.5,0.9260000000000002
95,7583.918315789474,2347.6,138326.62,39812.76,23188.988526315792,856.3,139182.92,737718624.9647065,12,0.2741730728491388,28901.924166666664,6956.389999999999,2619018730.2329535,0.3710233727803784,31137.42916666667,-2235.505000000001,7.916666666666667,0.048180379087521,0.5734097926814952,346823.08999999997,373649.15,187519.84,177850.6,8278.71,0.0,115052.14,46562.24,0.0221563731645047,0.0,0.1488879072787935,0.193945844651326,0.1342535757927766,0.0,0.0,0.1088676636893192,0.0936124436520195,0.3079148982407694,1.0773479643468953,-0.0773479643468951,0.5018607428920954,0.4759828839433998,0.0221563731645047,0.0275006647278603,0.7447303501581349,Male,41,High School,Salaried - Private,347505.57,28958.8,Savings,Mass Market,44352.58,0,1.6,Android 13,0,5.7,5.2,VERIFIED,0.94,0.93,0.91,0.79,1,0.0,0.0,0.0,0.0,0.0,650.0,0.0,0.4519779407408251,-2178.6291666666693,0.0,0.2941176470588235,0.901
94,3680.715638297872,1123.525,68188.44,19530.78,14182.747446808513,1213.94,72407.57,203275851.42698917,12,0.2818081217610502,15766.998333333337,4621.335,568771422.5290333,0.4084803326126613,13065.274166666668,2701.724166666667,7.833333333333333,0.1191874211378828,0.5979195685063304,189203.98,156783.29,35783.84,80813.81,40185.64,0.0,25513.289999999997,18402.16,0.2563132844067757,0.0,0.0429011280475106,0.0655079377400486,0.0972609561384491,0.0,0.0,0.1329577916115933,0.2222169849860912,0.162729650589677,0.8286468921002613,0.1713531078997386,0.2282375883297256,0.5154491272634986,0.2563132844067757,0.0929134731131104,1.0855300291357717,Male,54,Master's,Salaried - Private,492273.47,41022.79,Salary,Mass Market,13735.47,0,1.7,Android 10,0,9.1,3.0,VERIFIED,0.91,0.9,0.95,0.91,1,1.0,939401.63,24613.7,11.73,0.6,624.0,0.0,0.4842560269701289,3343.815833333334,0.6000006337940448,0.2777777777777778,0.915
99,5224.79494949495,1282.81,108098.15,32021.28,17059.90303030303,936.04,109034.19,515913587.40384984,12,0.2654979060707303,22843.3925,6705.075,1320958327.2523117,0.3963145648523125,20261.165833333333,2582.2266666666656,8.25,0.0575614197869985,0.4904136476029867,274120.70999999996,243133.99,101352.01,96327.76,45454.22,0.0,54118.92,33117.31,0.1869513184890356,0.0,0.0536225724753663,0.1942677368968443,0.1208128710887988,0.0,0.0,0.1057476990362392,0.1006116832944665,0.2225888696187645,0.8869595806898356,0.1130404193101644,0.4168566065156089,0.3961920749953554,0.1869513184890356,0.0461987235926988,0.8420000690303991,Female,43,Bachelor's,Salaried - Govt,201835.53,16819.63,Savings,Mass Market,4317.29,0,1.2,Android 13,0,0.9,6.3,VERIFIED,0.94,0.91,0.85,0.95,1,1.0,835912.78,13773.7,9.76,0.8189,620.0,0.0,0.4339541979525822,-17215.23583333333,0.8189062422895153,0.3846153846153846,0.915
98,6738.3618367346935,1465.545,125623.36,34155.64,17282.33336734694,370.74,129808.74,543184308.1974722,12,0.2796443560704831,27224.895833333332,5769.5599999999995,1930622647.2691176,0.3929032761210773,27805.059166666662,-580.1633333333315,8.166666666666666,0.0282464784123837,0.4885105809981598,326698.75,333660.70999999996,140866.33,170114.94,22679.44,0.0,78887.3,28374.82,0.0679715630887436,0.0,0.2343646034919724,0.1857546547809,0.0868531636561205,0.0,0.0,0.1039183786427835,0.0865201659494161,0.2364296953033517,1.0213100294996535,-0.0213100294996536,0.4221843500842517,0.5098440868270047,0.0679715630887436,0.0133335447257185,0.6215535548316831,Male,44,High School,Salaried - Govt,434996.82,36249.74,Savings,Mass Market,30377.02,1,2.2,Android 13,0,2.1,3.1,REJECTED,0.5,0.59,0.57,0.4,0,1.0,1768263.67,39093.21,11.73,1.0784,656.0,0.0,0.4311461980719103,-30648.529166666667,1.0784411143362684,0.217391304347826,0.5209999999999999
91,2716.455934065934,464.67,57881.68,15204.48,6598.446923076924,8.91,61540.92,111081402.054226,12,0.2601606967874649,11388.926666666666,2776.885,353274951.60096973,0.3876055744587803,9210.864166666666,2178.0624999999995,7.583333333333333,0.1400420951146839,0.3938434817588671,136667.12,110530.37,51273.91,47979.579999999994,11276.88,0.0,14356.99,23509.42,0.1020251719052419,0.0,0.0792153324014024,0.3339979772075312,0.1720195757399439,0.0,0.0,0.1187448300408294,0.0234284025286443,0.1298918116351189,0.8087561221748143,0.1912438778251857,0.4638897888426502,0.4340850392521078,0.1020251719052419,0.0009673359457676,0.7163765314177731,Female,24,Master's,Salaried - Private,336808.33,28067.36,Salary,Mass Market,13052.96,0,1.4,Android 11,0,2.3,5.7,REJECTED,0.5,0.71,0.39,0.13,0,2.0,1290507.2799999998,34849.68,11.645,1.2416,657.0,0.0,0.390100737378815,-15993.184166666666,1.2416443869320093,0.3333333333333333,0.467
98,4436.383061224489,1652.17,90162.23,22646.64,15480.518775510203,375.0,93591.19,260877992.1336212,12,0.2888629073326085,17508.522500000003,4697.475,779070495.9033477,0.3958468803915258,18721.939166666667,-1213.4166666666672,8.166666666666666,0.0698668778490967,0.555784458034146,210102.27,224663.27,84143.61,86955.32,53564.34,0.0,50252.18000000001,34651.780000000006,0.2384205482275763,0.0,0.0736577901674804,0.1508543430352456,0.1649281561784173,0.0,0.0,0.0664794472189423,0.0926713565595301,0.2236777734072864,1.069304344022556,-0.0693043440225562,0.374532116442532,0.3870473353298918,0.2384205482275763,0.0200299764175959,0.8268651360149901,Male,54,Master's,Retired,369024.63,30752.05,Salary,Mass Market,26634.16,1,1.2,iOS 17,0,0.9,3.9,VERIFIED,0.94,0.95,0.82,0.92,1,0.0,0.0,0.0,0.0,0.0,650.0,0.0,0.4598219114485739,12030.110833333332,0.0,0.3846153846153846,0.915
91,7100.612197802197,1071.88,140702.84,33110.21,21914.544725274725,111.75,142476.37,992666873.2328428,12,0.255568653514214,29099.506666666668,3843.92,2622183623.8703694,0.3724734844933153,24746.8025,4352.704166666667,7.583333333333333,0.0849451751222772,0.4141661092148448,349194.07999999996,296961.63,72834.57,196631.04,27496.02,0.0,6253.38,27071.35,0.0925911539480706,0.0,0.2380262056077749,0.2242080567782443,0.077525226086307,0.0,0.0,0.3029763811573906,0.029979226609175,0.0210578720220521,0.8504200013929217,0.1495799986070783,0.2452659288002965,0.6621429172516329,0.0925911539480706,0.0045157349116113,0.8855505564920851,Female,54,High School,Salaried - Private,383275.53,31939.63,Salary,Mass Market,2387.88,0,0.8,Android 12,0,8.8,4.6,VERIFIED,0.99,1.0,0.92,0.94,1,0.0,0.0,0.0,0.0,0.0,650.0,0.0,0.3891505343819271,7192.827499999999,0.0,0.5555555555555556,0.969
97,8496.901443298968,3388.3,134853.77,101033.4,33064.657113402056,682.54,216810.37,2137097882.2597687,12,0.3171231067681014,22074.9575,7066.645,1477457429.742911,0.374948782121443,46608.32916666666,-24533.37166666667,8.083333333333334,0.2479412484834858,0.4147814820434725,264899.49,559299.95,270575.14,264860.27,23864.54,0.0,100017.15,63673.93,0.0426685895466287,0.0,0.154578629946239,0.304949052829345,0.2403701494480038,0.0,0.0,0.2051323623397427,0.0,0.178825601539925,2.111366654575288,-1.1113666545752885,0.4837746543692701,0.4735567560841013,0.0426685895466287,0.0146441636549404,0.7094151990552202,Male,31,High School,Salaried - Private,1225628.74,102135.73,Salary,Affluent,315964.69,0,0.1,Android 13,1,8.7,2.0,REJECTED,0.35,0.71,0.42,0.53,0,3.0,2344467.1599999997,72494.27,10.723333333333334,0.7098,661.0,0.0,0.3908818620902548,-16966.86916666667,0.7097836379100635,3.0,0.508
97,6366.138350515464,1673.84,82766.09,50845.19,22304.887835051548,747.06,130291.95,633627484.8977858,12,0.3189010459713854,19594.414166666666,4470.34,985680602.87159,0.394636281958209,31865.204166666663,-12270.79,8.083333333333334,0.2143093190531742,0.4713074350325118,235132.96999999997,382382.45,144702.2,162066.55,75613.7,0.0,91391.24,58541.52999999999,0.197743646446117,0.0,0.130789736819773,0.1394179047704726,0.2489720178331435,0.0,0.0,0.0840386110816539,0.0559085020769127,0.2390047974220574,1.626239187128883,-0.6262391871288828,0.37842270219253,0.423833651361353,0.1977436464461169,0.0234443814040105,0.6999763038827189,Male,23,Bachelor's,Salaried - Private,814885.82,67907.15,Salary,Affluent,181137.14,0,0.8,Android 13,0,8.6,3.8,VERIFIED,0.87,0.99,0.94,0.97,1,0.0,0.0,0.0,0.0,0.0,650.0,0.0,0.4253047431879301,36041.94583333333,0.0,0.5555555555555556,0.94
90,3451.7023333333336,1307.715,61938.39,11947.73,16235.243333333332,527.81,71733.08,269171921.11180466,12,0.2983651747486951,11357.004166666666,1145.97,461943768.7128629,0.3556504049055439,14530.763333333334,-3173.7591666666667,7.5,0.1834389139938019,0.5384398085570077,136284.05,174369.16,60157.82,105041.84,9169.5,0.0,39599.2,29524.09,0.0525867074200506,0.0,0.1417717444988551,0.1179028447461695,0.2166364295748475,0.0,0.0,0.168603725567067,0.1227157371177334,0.2270997921880222,1.2794539052809188,-0.2794539052809188,0.3450026369341918,0.6024106556457575,0.0525867074200506,0.0363236251181114,1.1173014769354854,Male,44,Bachelor's,Salaried - Govt,553236.81,46103.07,Savings,Mass Market,38725.13,0,1.3,iOS 17,0,4.0,4.1,VERIFIED,0.89,0.98,0.82,0.84,1,0.0,0.0,0.0,0.0,0.0,650.0,0.0,0.4287661663661294,31572.306666666664,0.0,0.3571428571428571,0.893
90,6237.6577777777775,995.975,129328.13,34589.76,23342.582444444444,317.31,135201.97,1107552830.0581155,12,0.2465667659256598,23355.6225,2824.9849999999997,2350312328.36182,0.3347529895482174,23426.810833333337,-71.1883333333326,7.5,0.0023501897801677,0.4635042526669757,280267.47000000003,281121.73,137106.19,124893.28,19122.26,0.0,76571.53,49392.93999999999,0.0680212803186719,0.0,0.1162160249938701,0.2153325536236562,0.1762350086508433,0.0,0.0,0.13625332342683,0.0160987910824253,0.2723785528781429,1.003048016953234,-0.0030480169532339,0.4877111065017991,0.444267613179529,0.0680212803186719,0.013544737363419,0.9964046156564748,Female,33,High School,Self-Employed Business,334470.11,27872.51,Savings,Mass Market,6240.71,0,0.7,iOS 15,0,9.8,0.9,REJECTED,0.47,0.47,0.22,0.48,0,2.0,2249518.84,66674.61,11.005,2.3921,641.0,0.0,0.3862534947957207,-62228.91083333334,2.392127942549846,0.625,0.4219999999999999
91,10198.191346813186,2616.33,118826.17,121567.15,46700.46934065934,323.66,316096.47,4421178896.018189,12,0.3102872108983278,22035.181666666667,1163.595,1767975173.529615,0.3537482370763017,55301.10271333333,-33265.92104666666,7.583333333333333,0.2734269483562749,0.4221432103416635,264422.18,663613.2325599999,143651.42255999998,465669.73,54292.08,24365.08255999998,44805.7,189607.02,0.0818128351518235,0.0367157876976135,0.0580023846895184,0.1122350133264799,0.7170617079096768,0.0,0.0,0.2424345117100327,0.1155625087585429,0.0675177916919384,2.509673101401705,-1.5096731014017053,0.2164685927160319,0.7017185721321446,0.0818128351518235,0.0058526861874304,0.8444762771321677,Male,57,Bachelor's,Salaried - Private,1039191.54,86599.29,Current,Affluent,436693.69,1,2.7,Android 14,0,7.0,3.8,VERIFIED,0.92,0.92,0.93,0.9,1,2.0,9087130.55,100896.45,12.19,1.1651,699.0,1.0,0.3811062263824465,-69598.26271333334,1.16509557988293,0.1785714285714285,0.918
94,7931.332063829787,2634.46,138949.08,37803.13,31539.73478723404,403.99,172404.22,1412684342.2042344,12,0.3021873011878686,27277.176666666663,6542.045,2078234540.1663332,0.3846057501029216,34851.59116666667,-7574.414500000003,7.833333333333333,0.1106983767863206,0.5194466539411962,327326.12,418219.094,122303.33400000002,234294.17,61621.58999999999,18465.28400000002,50020.75000000001,5075.929999999999,0.1473428422663074,0.0441521782838543,0.1433994068190487,0.1286820730380139,0.0155072561884153,0.0,0.0,0.2256149500433856,0.1790673622376505,0.1196041757003089,1.277683229190509,-0.2776832291905089,0.292438427022177,0.5602187307115154,0.1473428422663074,0.011591723260727,0.9049725918224298,Female,27,Bachelor's,Salaried - Private,1187257.05,98938.09,Savings,Affluent,169753.35,1,3.1,Android 13,0,2.5,4.3,VERIFIED,0.85,0.93,0.86,0.76,1,1.0,327793.08,7364.67,12.44,0.0744,705.0,1.0,0.4385421116382314,56721.828833333326,0.0744371555990215,0.15625,0.8580000000000001
90,3618.953763555556,1084.295,63348.47,18318.23,11706.726888888888,273.64,72879.11,243661380.720988,12,0.3060264577988217,11080.1675,2835.99,417082216.42552954,0.3617240816997492,16061.985726666666,-4981.818226666667,7.5,0.2530196406035326,0.4597721056461403,132962.01,192743.82872,45856.01872,135233.21,11654.6,11696.358719999997,15961.57,38583.17,0.0604667868091937,0.06068344080158,0.1898422908945937,0.0944159412047192,0.2901819098553037,0.0,0.0,0.1335759498551897,0.1780247400286259,0.0828123530906271,1.449615786644621,-0.4496157866446212,0.2379117350969264,0.7016214780938798,0.0604667868091937,0.0170364987652612,0.728846799399963,Male,44,Bachelor's,Salaried - Govt,571828.44,47652.37,Salary,Mass Market,62407.96,0,2.5,Android 14,0,2.1,3.1,VERIFIED,0.93,0.95,0.92,0.81,1,1.0,324728.07,8693.92,12.89,0.1824,646.0,1.0,0.4009432912783056,22896.46427333334,0.1824446507067749,0.1923076923076923,0.91
97,8638.562098969072,2852.57,144686.07,44072.01,32305.99443298969,94.13,145729.16,1379319799.9577515,12,0.2793990713153825,36421.3725,6182.975,3474018092.781584,0.3922546599641353,33407.004466666665,3014.3680333333327,8.083333333333334,0.051229460596792,0.5656708142164469,437056.47,400884.0536,238287.1636,105874.13,56722.759999999995,24261.183600000004,157323.89999999997,3850.27,0.1414941789044013,0.0605192034508004,0.1209665726648898,0.1414425929163474,0.0088095481117119,0.0,0.0,0.0578838688933073,0.0756467355777106,0.3924423997093607,0.9172362866519284,0.0827637133480714,0.5944041960765086,0.26410162501909,0.1414941789044013,0.0028176725660608,0.96704253939393,Male,46,Bachelor's,Self-Employed Business,527284.5,43940.38,Salary,Mass Market,43073.85,0,1.4,Android 13,0,8.3,2.1,VERIFIED,0.95,0.89,0.95,0.94,1,1.0,494017.97,11187.39,12.79,0.2546,639.0,1.0,0.46162112166506,-654.0144666666674,0.254603851855628,0.3333333333333333,0.93
95,5785.759578947369,2026.68,78120.65,24887.06,18980.24894736842,1221.48,91267.78,428239936.5830775,12,0.3069933159041559,23960.950833333332,7296.545,1077410583.6154811,0.4326161931219816,21842.979166666668,2117.971666666666,7.916666666666667,0.0687782310823555,0.6043439700287776,287531.41,262115.75,92901.04,106339.14,62875.57,0.0,41807.59999999999,14013.94,0.2398771153583865,0.0,0.0330784014314286,0.194927012207393,0.0487388143090175,0.0,0.0,0.185599797036233,0.1335524477258615,0.1595005260080708,0.9116073614357472,0.0883926385642528,0.3544275382154639,0.4056953464261495,0.2398771153583865,0.0559209433237033,0.8689404866682794,Male,41,Bachelor's,Self-Employed Business,318984.2,26582.02,Current,Mass Market,20124.99,1,0.5,Android 12,0,1.8,4.0,VERIFIED,0.92,0.94,0.92,0.97,1,1.0,1775107.16,157350.97,11.56,5.9195,624.0,0.0,0.5013073038847,-152611.92916666667,5.919451192949219,0.8333333333333334,0.9360000000000002
98,8420.973673469389,2159.465,128043.03,48102.06,32506.548673469388,969.82,138485.88,1212423770.4333973,12,0.3121305624115013,28571.416666666668,1980.445,2485185779.6042423,0.3744661907844046,40199.86833333333,-11628.451666666666,8.166666666666666,0.1871647471605089,0.5534283190620245,342857.0,482398.42,197456.12,173315.47,111626.83,0.0,108728.96,24628.23,0.2313996592277395,0.0,0.1105069954416517,0.1839292093867139,0.071832367430153,0.0,0.0,0.1012848052031347,0.0964331723972064,0.2253924463517106,1.4069959779149908,-0.4069959779149907,0.4093216557384246,0.3592786850338357,0.2313996592277395,0.0241249546381184,0.8086232622437541,Male,37,Diploma,Self-Employed Business,1817517.06,151459.76,Savings,Affluent,170386.53,0,4.0,Android 13,0,3.3,7.0,VERIFIED,0.93,0.88,0.86,0.85,1,0.0,0.0,0.0,0.0,0.0,650.0,0.0,0.4460510420954526,111259.89166666668,0.0,0.1219512195121951,0.8850000000000001
91,11466.577498021978,2703.72,141676.67,132090.11,38065.593406593405,916.4,278931.05,2353491709.277407,12,0.3078410472398202,31118.286666666667,6662.900000000001,2494440908.813206,0.3942274678845229,55836.59269333333,-24718.30602666666,7.583333333333333,0.1954453493378951,0.3921938711845295,373419.44,670039.1123200001,327793.45232000004,232774.15,109471.51,25685.99232000005,262306.07,69258.45,0.1633807758191258,0.0383350640995608,0.0903406217443184,0.059401592038692,0.1854709278124352,0.0,0.0,0.1164839463322629,0.0372144693369651,0.3914787438180576,1.7943337720178685,-0.794333772017868,0.4892153999563104,0.3474038242245637,0.1633807758191258,0.0164121762413596,0.6817320250119469,Female,38,Bachelor's,Self-Employed Professional,785622.96,65468.58,Savings,Affluent,411021.16,0,4.6,Android 13,0,5.7,6.6,VERIFIED,0.9,0.96,0.94,0.93,1,2.0,2058947.31,129047.49,11.785,1.9711,699.0,1.0,0.3934140292045256,-119415.50269333331,1.9711362305399016,0.1063829787234042,0.932
100,6512.6448,2011.22,124111.35,24293.34,26743.4476,283.36,127387.54,954381150.3525456,12,0.2771585848689975,26629.17583333334,2813.115,2018374052.856754,0.382376557470183,27642.864166666663,-1013.688333333332,8.333333333333334,0.0203797186567176,0.5215945314615779,319550.11000000004,331714.37,59070.84,203251.45,69392.08,0.0,35401.49,37146.29,0.2091922638141965,0.0,0.263613029486784,0.0713546114990435,0.1162455866468016,0.0,0.0,0.0930321167575586,0.1441024095519286,0.1067228109532909,1.0380668308954737,-0.0380668308954735,0.1780774224523345,0.612730313733469,0.2091922638141965,0.0102507467493795,0.9674629748479092,Male,55,Bachelor's,Self-Employed Professional,208752.66,17396.06,Current,Mass Market,29091.24,0,0.8,Android 14,0,1.5,0.9,VERIFIED,0.88,0.93,0.96,0.8,1,1.0,1063413.33,17791.59,10.25,1.0227,648.0,0.0,0.4380637470667409,-28038.39416666666,1.022736757633625,0.5555555555555556,0.8950000000000001
96,8068.854270833333,1375.5700000000002,149527.38,46230.71,25169.551666666663,353.59,152894.42,1342057978.903785,12,0.2575640475530681,34092.0375,1859.81,3566029875.165602,0.3735527808051379,30458.796666666665,3633.2408333333337,8.0,0.0712179157794158,0.5517666653788326,409104.45,365505.56,147869.91999999998,144573.28,73062.36,0.0,108552.47,30129.97,0.199893976989023,0.0,0.0465800574962525,0.1075700462668748,0.0736486000091174,0.0,0.0,0.184812674258635,0.0817168964543247,0.2969926640787625,0.8934284630734278,0.1065715369265721,0.4045627103456374,0.3955433126653395,0.1998939769890231,0.011608797414737,0.8263475390087089,Female,57,Bachelor's,Salaried - Private,364575.46,30381.29,Savings,Mass Market,38231.56,0,0.5,Android 14,0,3.0,6.7,VERIFIED,0.88,0.97,0.86,0.95,1,0.0,0.0,0.0,0.0,0.0,650.0,0.0,0.4448383346346157,-77.50666666666439,0.0,0.8333333333333334,0.917
99,5792.6239393939395,1820.49,145813.04,23596.83,23178.6497979798,1073.66,146886.7,1149208723.5520737,12,0.2729319273081607,22149.125833333335,4507.095,1858934230.3510268,0.3492061617737295,25640.021666666667,-3490.8958333333353,8.25,0.0718341677412347,0.4945475251233362,265789.51,307680.26,146234.47,96176.33,65269.46000000001,0.0,69410.16,12642.240000000002,0.2121340511087711,0.0,0.0875079538739339,0.24968878406434,0.047564856867376,0.0,0.0,0.150156984396724,0.0338314846717823,0.2255918530490061,1.157608740841578,-0.157608740841578,0.4752806371133461,0.3125853117778827,0.2121340511087711,0.0418743795913329,0.9040027383484324,Male,47,Bachelor's,Retired,390150.97,32512.58,Salary,Mass Market,52434.53,0,1.7,Android 14,0,8.7,5.9,VERIFIED,0.87,0.9,0.97,0.79,1,2.0,6319489.85,126200.91,11.0,3.8816,652.0,0.0,0.4073427071135722,-119328.35166666668,3.8816024443461576,0.2777777777777778,0.8830000000000001
98,8913.100214693877,3103.6000000000004,119777.9,41947.34,32240.17112244898,342.63,184618.19,1289786377.7807302,12,0.3252599883681901,27493.938333333335,5650.88,2143850113.697251,0.3828020723896355,45296.380086666664,-17802.44175333333,8.166666666666666,0.2373524910837951,0.5213034580119958,329927.26,543556.56104,225906.87103999997,250204.08,67445.61000000002,34420.63103999997,159312.56000000003,104073.71,0.1240820456126123,0.0633248377577158,0.0635994346823016,0.0591910434094316,0.3154444103830644,0.0,0.0,0.0988269553718935,0.1064147581795879,0.2930928838301269,1.647504243935466,-0.647504243935466,0.4156087649972744,0.4603091893901132,0.1240820456126124,0.0075641806109988,0.711760433411303,Male,54,Diploma,Salaried - Govt,1800469.41,150039.12,Current,Affluent,224158.53,0,0.1,Android 14,0,7.2,1.6,VERIFIED,0.91,0.98,0.85,0.97,1,1.0,485005.28,43383.09,13.28,0.2891,743.0,1.0,0.4382026266385796,61359.64991333333,0.2891451909342043,2.5,0.931
95,30564.30696421053,3926.25,128679.44,612077.86,111175.62715789472,239.38,1784544.83,89366733275.49797,12,0.2589838398387051,23594.77666666667,4428.01,1595809981.0497332,0.3815451669014709,218372.65346666667,-194777.8768,7.916666666666667,0.2579823605137219,0.2835913575197695,283137.32,2620471.8416,611169.2315999999,1658950.33,350352.28,17992.561599999957,348904.77,30532.089999999997,0.1336981662760714,0.0068661533829014,0.4945082673389029,0.0932167620052933,0.1078349191127471,0.0,0.0,0.1000480851722959,0.0268654136565784,0.13314578102353,9.255126952533136,-8.255126952533137,0.2332286964117248,0.6330731373122037,0.1336981662760714,0.0010961995295649,0.5091096590758103,Male,26,Bachelor's,Self-Employed Professional,8183887.21,681990.6,Salary,HNI,2396622.69,1,1.6,Android 14,0,1.5,3.8,VERIFIED,0.93,1.0,0.83,0.83,1,1.0,457266.92,21446.22,11.63,0.0314,751.0,1.0,0.3423636431487903,442171.7265333333,0.031446503808117,0.2941176470588235,0.911
94,9357.38414893617,2481.8450000000003,146420.73,35730.0,33473.190744680855,1300.5,152732.06,1548025260.5228326,12,0.2811728212273356,37606.293333333335,6101.1849999999995,3713314134.8916607,0.3919467824173443,35693.21583333333,1913.0775000000035,7.833333333333333,0.026571376519371,0.5239002319723385,451275.52,428318.59,154770.68,238556.39,34991.52,0.0,71499.64,104868.43,0.0816950765550474,0.0,0.1593623335377528,0.1944137890442719,0.2323822705915889,0.0,0.0,0.114709053370763,0.0380513252997027,0.166930975375129,0.949128793868544,0.0508712061314561,0.3613447644194009,0.5569601590255514,0.0816950765550474,0.0364354953633929,0.9378026037491632,Female,64,High School,Salaried - Govt,245839.38,20486.62,Savings,Mass Market,51890.35,0,3.0,Android 14,0,4.7,6.4,VERIFIED,0.91,0.91,0.97,0.83,1,1.0,514503.38,13887.26,13.33,0.6779,627.0,0.0,0.444728162239342,-29093.85583333333,0.6778697510863189,0.1612903225806451,0.906
99,6576.593131313131,3089.44,89658.26,25933.36,25237.100303030304,4152.67,98851.72,373662462.3539724,12,0.3454506448817236,24868.745,10473.46,1031606684.6274638,0.4471287215699202,29388.148333333334,-4519.403333333333,8.25,0.1034757084843844,0.590852393606533,298424.94,352657.78,131615.41,182009.68,39032.69,0.0,76047.19,56815.64,0.1106814941102391,0.0,0.2023268847209325,0.1575698117307946,0.1903850261308589,0.0,0.0,0.0542926062768273,0.0983820064879895,0.2156401880599373,1.1817302535103134,-0.1817302535103131,0.3732099997907319,0.5161085060990288,0.1106814941102391,0.1413042411824857,0.8587509501034222,Male,57,Bachelor's,Salaried - Private,1010996.25,84249.69,Savings,Affluent,73383.19,0,2.8,Android 10,0,1.6,4.3,VERIFIED,0.92,0.96,0.86,0.92,1,0.0,0.0,0.0,0.0,0.0,650.0,0.0,0.5046181903845652,54861.54166666667,0.0,0.1724137931034483,0.9200000000000002
93,9164.014852473118,3032.92,123661.33,82092.64,37192.97139784946,865.02,174427.5,1526513707.1335816,12,0.3279592784034702,27480.51833333333,7011.820000000001,1843412585.5481784,0.4006716151234688,43540.59677333333,-16060.078440000005,7.75,0.184972014240609,0.4872577561322008,329766.22,522487.16128,109281.98127999998,326201.83,87003.35,37900.20127999998,37627.43999999999,57415.31,0.1665176801413787,0.0725380527765529,0.0784067304154218,0.0646031950666651,0.1741091310080214,0.0,0.0,0.2006888929923526,0.2353409789032204,0.0720160087911433,1.5844168674402128,-0.5844168674402128,0.2091572566343615,0.6243250632242597,0.1665176801413787,0.0198669762039133,0.8542136340360978,Male,55,Bachelor's,Salaried - Govt,2356533.74,196377.81,Savings,Affluent,256520.14,0,4.7,Android 14,0,8.9,5.2,VERIFIED,0.89,0.95,0.93,0.9,1,1.0,462159.07,15636.6,13.29,0.0796,765.0,1.0,0.4353060715269616,137200.61322666667,0.0796250859503932,0.1041666666666666,0.918
97,5073.284432989691,2039.35,92708.18,26787.83,19284.10855670103,977.36,100699.29,364612195.2505811,12,0.3112774865784465,19446.130833333333,7433.389999999999,838940369.6279718,0.4122032716164479,21562.91833333333,-2116.787500000001,8.083333333333334,0.0779159835187216,0.5990267920078481,233353.57,258755.02,95946.89,115579.74,47228.39,0.0,56404.3,19724.01,0.1825216376478415,0.0,0.1222945162571145,0.1528186390354861,0.0845241407705911,0.0,0.0,0.0678482682191054,0.1803069559771246,0.2179834037615965,1.1088539163981936,-0.1088539163981935,0.3708020427970827,0.4466763195550757,0.1825216376478415,0.0453259612122694,0.8943181186607022,Male,29,High School,Self-Employed Professional,566416.82,47201.4,Savings,Mass Market,49468.62,0,1.2,iOS 16,0,7.1,4.0,VERIFIED,0.89,0.95,0.94,0.97,1,0.0,0.0,0.0,0.0,0.0,650.0,0.0,0.486932679773008,25638.48166666667,0.0,0.3846153846153846,0.934
95,7784.112375578948,1789.32,145755.37,40800.7,30239.21147368421,222.98,148191.56,1498824254.5179064,12,0.2804747713400144,30057.085833333334,2869.73,2771272025.5239544,0.3735789326741622,31567.137140000003,-1510.0513066666656,7.916666666666667,0.0242318677308819,0.5307065696009806,360685.03,378805.64568,101160.04568000004,232543.39,45102.21,27305.05568000003,60706.47,87746.54,0.1190642497395631,0.0720819660197627,0.1679752947867944,0.0347104647197031,0.2432774656602742,0.0,0.0,0.0900653419215956,0.1242051182092086,0.1602575639838336,1.0502394448696697,-0.0502394448696692,0.2670499947232994,0.6138857555371375,0.1190642497395631,0.0070636750811796,0.9579332880132128,Female,68,Bachelor's,Salaried - Private,1572502.01,131041.83,Savings,Affluent,81712.11,0,1.3,Android 13,0,3.5,4.9,VERIFIED,0.97,0.98,0.96,0.76,1,1.0,1994203.89,66598.63,12.38,0.5082,695.0,1.0,0.4364299874448896,32876.06285999999,0.5082242059653777,0.3571428571428571,0.929
97,7384.917113402062,1118.15,138283.42,41988.9,20764.29463917526,141.97,145471.96,1036771071.06134,12,0.2570779851799902,31861.00583333334,4444.505,2974262437.661481,0.3789621413620924,27833.740833333333,4027.265,8.083333333333334,0.0978925718475723,0.4615269507772299,382332.07000000007,334004.89,151309.97,165128.06,17566.859999999997,0.0,99147.91999999998,48972.67,0.0525946191985392,0.0,0.1763492744073297,0.1561715159319973,0.1280893595977967,0.0,0.0,0.0809981554461672,0.0904181073516618,0.2968457138456865,0.8735989371752151,0.1264010628247847,0.4530172297776837,0.4943881510237769,0.0525946191985392,0.0051006438857826,0.7460116397400742,Male,58,Bachelor's,Salaried - Private,403687.56,33640.63,Savings,Mass Market,5783.12,1,1.8,Android 12,0,9.1,4.1,VERIFIED,0.97,0.93,0.95,0.85,1,0.0,0.0,0.0,0.0,0.0,650.0,0.0,0.4119880651281474,5806.889166666664,0.0,0.2631578947368421,0.93
96,5940.421875,1842.77,85252.3,27554.71,22213.313229166662,201.06,92449.25,555897418.655123,12,0.3056947254942612,23264.263333333336,4387.84,1243238105.650206,0.4079925698582928,24259.111666666668,-994.848333333332,8.0,0.0264363590571983,0.6010412339379808,279171.16,291109.34,107475.94,169399.72,14233.68,12606.81,36090.39,50404.16,0.0488946180840504,0.0433060993508487,0.1608831238461809,0.2019129307221815,0.1805493088899298,0.0,0.0,0.0874414403879999,0.1604412967306373,0.1239753763998091,1.0427629415588633,-0.0427629415588629,0.3691944064728393,0.5819109754431101,0.0488946180840504,0.0082880198897087,0.9156688643174417,Male,48,Bachelor's,Salaried - Private,975895.68,81324.64,Savings,Affluent,73426.12,0,0.7,Android 12,0,8.1,4.3,VERIFIED,0.91,1.0,0.85,0.93,1,1.0,126338.06,4202.27,12.1,0.0517,642.0,1.0,0.485212035490168,52863.25833333333,0.0516727771558533,0.625,0.929
99,10595.40313131313,3184.96,130308.37,80050.98,48218.73777777778,2055.34,296109.39,3268472534.0704,12,0.3163687948576272,33139.225,4206.8150000000005,2944578050.857354,0.3894542296338339,54272.85083333333,-21133.62583333334,8.25,0.2023984414884596,0.4851490502443829,397670.7,651274.21,231747.69,286906.97,132619.55,0.0,117520.88,90375.44,0.2036308945812548,0.0,0.1740527849244944,0.1753897333045016,0.2272620034616581,0.0,0.0,0.0740194057430893,0.0536924531373659,0.1804476182159892,1.6377223919187407,-0.637722391918741,0.3558373515204909,0.4405317538982543,0.2036308945812548,0.0378705000463629,0.8884504321664041,Male,69,Diploma,Salaried - Private,800867.4,66738.95,Savings,Affluent,293327.8,1,0.5,Android 14,0,5.4,6.4,VERIFIED,0.88,0.95,0.86,0.88,1,0.0,0.0,0.0,0.0,0.0,650.0,0.0,0.4277321578780535,12466.099166666669,0.0,0.8333333333333334,0.897
92,8836.812065217391,2361.825,143642.65,84350.18,36456.41141304348,3353.05,174168.24,1526782681.177698,12,0.2984528049189581,28613.354166666668,4232.76,2304471966.877208,0.3836961244967106,39135.53833333333,-10522.184166666666,7.666666666666667,0.1259820785268572,0.466082332081947,343360.25,469626.46,141816.34,300829.58999999997,26980.53,0.0,81690.51000000001,43491.12,0.0574510431120086,0.0,0.0683039452248921,0.1280290510036423,0.1266632348968758,0.0,0.0,0.1293744820085308,0.3502857356035688,0.1739478435691208,1.367736830340728,-0.3677368303407281,0.3019768945727632,0.6405720623152281,0.0574510431120086,0.0856778810972448,0.9315423516735446,Male,18,Bachelor's,Salaried - Private,1991258.67,165938.22,Current,Affluent,258518.42,1,2.5,Android 14,0,4.3,4.6,VERIFIED,0.98,1.0,0.9,0.97,1,0.0,0.0,0.0,0.0,0.0,650.0,0.0,0.4166506075308052,126802.68166666669,0.0,0.1923076923076923,0.968
92,5840.26,1710.315,149849.62,15441.23,18866.336304347824,1653.6,151703.95,583871452.7873971,12,0.2571289322626179,25939.07416666667,5949.085,1876556801.541954,0.3847814126629952,18836.2525,7102.821666666667,7.666666666666667,0.1286380056962067,0.5492759667087823,311268.89,226035.03,88199.7,85002.66,52832.670000000006,0.0,44101.57,36263.37,0.2337366469259211,0.0,0.0601261671697523,0.1950942294209884,0.116501748697083,0.0,0.0,0.113547532875767,0.0419534529670025,0.195109448301,0.7261728918685063,0.2738271081314936,0.3902036777219885,0.3760596753520903,0.2337366469259212,0.0877881627462787,1.0015971225883613,Female,55,High School,Salaried - Private,273147.39,22762.28,Savings,Mass Market,58974.39,0,0.6,Android 13,0,3.9,1.1,VERIFIED,0.98,0.88,0.86,0.97,1,0.0,0.0,0.0,0.0,0.0,650.0,0.0,0.4505792342813101,3926.0275,0.0,0.7142857142857143,0.9240000000000002
98,82420.22578367346,4725.6900000000005,142678.21,1616479.75,499448.97673469386,1179.92,7459185.52,1665029493529.133,12,0.25334972778542,26726.564166666667,5879.755,2038986572.7141535,0.3820389163181555,646371.9464,-619645.3822333333,8.166666666666666,0.2702984370928383,0.2796303814959152,320718.76999999996,7756463.3568,1880252.8867999995,3340582.52,2535627.95,106939.41679999985,231879.29,903530.89,0.3269051671309766,0.0137871362089588,0.1668760091369791,0.198728996592067,2.817206146057495,0.0,0.0,0.1319587256352704,0.0153615062070191,0.0298949765290535,24.184625542184516,-23.184625542184513,0.2424111093300794,0.4306837235389439,0.3269051671309766,0.001825450511229,0.772695936939094,Male,43,Bachelor's,Salaried - Private,34230992.77,2852582.73,Savings,Ultra HNI,7456216.21,1,3.0,Android 13,0,3.6,3.4,VERIFIED,0.87,0.95,0.87,0.88,1,1.0,9205012.94,82879.1,9.01,0.0291,748.0,1.0,0.3410755023892594,2123331.6836,0.0290540565671867,0.1612903225806451,0.8960000000000001
94,7496.706595744681,2643.1099999999997,130324.71,29848.92,31455.374787234043,721.14,147700.24,956107400.0189092,12,0.2809478253090293,30697.483333333337,5622.81,2545585050.3092427,0.3885671938708276,28026.718333333338,2670.7650000000026,7.833333333333333,0.0458028896746546,0.5386996243915972,368369.8,336320.62,94470.03,198075.83,43774.759999999995,0.0,43390.53999999999,71428.0,0.1301578238051535,0.0,0.0925184129358467,0.1518773663059969,0.1939029746738196,0.0,0.0,0.1087164682320103,0.1753338525600958,0.1290154020291709,0.9129972652481284,0.0870027347518717,0.2808927683351678,0.5889494078596788,0.1301578238051535,0.0257304473332619,1.1223352806818936,Female,31,Master's,Salaried - Private,358320.5,29860.04,Savings,Mass Market,70158.56,0,3.4,iOS 17,0,8.1,4.6,VERIFIED,0.9,0.97,0.86,0.91,1,2.0,1240142.02,72530.04,12.335,2.429,635.0,0.0,0.4486201660791355,-70696.71833333332,2.429000095110388,0.1428571428571428,0.915
90,5663.865666666667,1582.48,117443.89,28221.08,19460.905222222224,1231.9,122451.26,710402926.4920433,12,0.2672833755590867,20326.566666666666,3479.92,1622922396.054515,0.345131655925278,22152.42583333333,-1825.8591666666673,7.5,0.1027910573931707,0.4408862969507041,243918.8,265829.11,100670.54,128706.04,36452.53,0.0,63816.73,28970.820000000003,0.1371276832699022,0.0,0.1037854356883638,0.1386372244935853,0.1187723947477603,0.0,0.0,0.231682865732801,0.0397171701774873,0.240066748145077,1.0898262454554548,-0.0898262454554548,0.3787039726386624,0.4841683440914353,0.1371276832699022,0.0556101624837099,0.8784999606200642,Male,43,Diploma,Salaried - Private,439667.0,36638.92,Savings,Mass Market,28930.7,0,3.3,Android 14,0,8.3,6.4,VERIFIED,0.91,0.9,0.87,0.83,1,0.0,0.0,0.0,0.0,0.0,650.0,0.0,0.3834335123354485,14486.494166666667,0.0,0.1470588235294117,0.8830000000000001
96,8869.070104166667,3768.775,139069.72,39134.53,46308.105104166665,664.2,159564.41,1843587594.776308,12,0.3191592596274937,30942.755833333333,12604.025,2093816606.6982088,0.41394149223177,40009.805,-9067.049166666664,8.0,0.1675814529596631,0.6271061567911643,371313.07,480117.66,69872.92,338565.21,71679.53,0.0,39599.66,65374.72,0.1492957580439761,0.0,0.1061378579575681,0.0630538355952163,0.1760636112270435,0.0,0.0,0.0990221646918799,0.3638473535841193,0.0824790739836564,1.29302655573099,-0.2930265557309899,0.1455329095788728,0.7051713323771511,0.1492957580439761,0.0166009306968629,1.1574189152925556,Male,57,Bachelor's,Self-Employed Business,1215271.23,101272.6,Savings,Affluent,153769.37,0,3.4,Android 13,0,3.4,6.9,VERIFIED,0.88,0.88,0.84,0.96,1,1.0,387889.08,9175.0,14.74,0.0906,671.0,0.0,0.4992073580555277,52087.795000000006,0.0905970617916396,0.1428571428571428,0.8880000000000001
100,33014.690656000006,6554.985000000001,144784.0,651285.12,204599.187,288.75,2364514.78,168652166039.87286,12,0.2796814314088039,40373.23583333333,6608.9349999999995,4143227101.827408,0.3958188088754126,234749.18630000003,-194375.9504666667,8.333333333333334,0.2918753525513856,0.3396097477186662,484478.83,2816990.2356,904310.9856,1693297.56,219381.69000000003,70973.02560000014,711889.71,94464.0,0.0778780441719469,0.0251946296096703,0.4018120459543989,0.0431127692475413,0.1949806558111115,0.0,0.0,0.1218107417141662,0.043945228647068,0.2527128780935843,5.814475393279826,-4.814475393279827,0.321020276950796,0.6011016788772571,0.0778780441719469,0.0012300362124833,0.871565053003125,Male,65,Bachelor's,Salaried - Private,3301692.62,275141.05,Salary,HNI,2360873.79,0,3.9,iOS 15,0,5.7,6.2,VERIFIED,0.97,0.98,0.86,0.8,1,1.0,515556.39,45263.28,9.74,0.1645,779.0,1.0,0.373335184412714,-4871.416300000041,0.1645093671046178,0.125,0.917
97,5374.033917525773,2013.56,103100.87,28671.84,19798.774536082474,674.93,103775.8,423733851.8978686,12,0.312628926446811,19049.806666666667,4869.01,1065066284.8146788,0.3787679291372672,24390.30083333333,-5340.494166666666,8.083333333333334,0.1513954796967188,0.5607232156571247,228597.68,292683.61,166509.8,104131.81,22041.999999999996,0.0,102731.23,40833.329999999994,0.0753099908805962,0.0,0.0356362626523569,0.2179096055293291,0.1786253036338776,0.0,0.0,0.1320629809096587,0.0485700582960555,0.3509975498798857,1.2803437462707408,-0.2803437462707407,0.5689071554092148,0.355782853710189,0.0753099908805962,0.0276720654087873,0.8117478612245821,Male,52,High School,Self-Employed Professional,894038.01,74503.17,Savings,Affluent,91725.23,0,0.9,Android 14,0,3.5,5.8,VERIFIED,0.94,0.96,0.92,0.81,1,2.0,915477.57,28065.98,13.28,0.3767,663.0,0.0,0.4515500437452102,22046.889166666668,0.3767085346838262,0.5,0.916
91,8695.09043956044,2843.93,147263.72,45089.22,31199.226153846153,3376.17,151708.42,1105821991.99132,12,0.2825475513456187,34847.8775,7030.465,2941364341.403784,0.4016036208202989,31089.891666666663,3757.985833333332,7.583333333333333,0.0693881596280117,0.5122527323293107,418174.53,373078.7,109558.01,191845.99,71674.7,0.0,62808.46000000001,30096.28,0.1921168375466088,0.0,0.1170297044564591,0.1253074753396535,0.0719706195401235,0.0,0.0,0.2787934288395451,0.0377307254474726,0.1683517713554807,0.892160266193161,0.1078397338068389,0.2936592466951343,0.5142239157582569,0.1921168375466088,0.1085938168005839,1.0035167213945846,Female,54,Diploma,Self-Employed Business,562523.47,46876.96,Salary,Mass Market,57039.22,1,0.2,iOS 17,0,4.6,0.8,VERIFIED,0.85,0.88,0.86,0.76,1,3.0,18924181.549999997,234142.32,9.206666666666669,4.9948,678.0,0.0,0.4458632654239036,-218355.25166666668,4.994827309620761,1.6666666666666663,0.8430000000000001
95,4978.83452631579,1059.46,111486.35,39508.62,13842.67452631579,701.78,114458.39,344623143.081159,12,0.2626889647444757,19365.115833333333,1657.695,1276137474.9705174,0.3615216178075706,20050.6575,-685.5416666666673,7.916666666666667,0.0277417116796725,0.4782734248805271,232381.39,240607.89,78650.51,118730.4,43226.98,0.0,42863.88,22045.83,0.1796573670131931,0.0,0.2189687960773023,0.1487342331126381,0.0948691717525228,0.0,0.0,0.1589910871168854,0.0238746950484458,0.1781482726938006,1.0354008554643728,-0.0354008554643726,0.3268825058064388,0.4934601271803679,0.1796573670131931,0.0350003484923125,0.6903850672386075,Male,64,Master's,Salaried - Private,582790.15,48565.85,Savings,Mass Market,46778.33,1,0.4,Android 11,0,6.7,0.6,VERIFIED,0.88,0.99,0.93,0.85,1,0.0,0.0,0.0,0.0,0.0,650.0,0.0,0.4082223406367532,28515.192499999997,0.0,1.0,0.917
97,7799.676701030928,1769.69,145492.25,38762.99,27358.489896907216,1896.78,150636.6,1172260290.6041095,12,0.2683937852126704,31729.289166666666,3391.285,2873449380.5232263,0.3820498192580975,31318.0975,411.1916666666687,8.083333333333334,0.009091294242321,0.5371476586523057,380751.47,375817.17,114588.47,215385.01,45843.689999999995,0.0,88194.52999999998,48836.54,0.1219840221775923,0.0,0.3182273444292074,0.0702307986620196,0.1282635625805988,0.0,0.0,0.1191332210819425,0.0058029812741126,0.2346740304600771,0.9870406278405176,0.0129593721594824,0.3049048291220968,0.5731111487003109,0.1219840221775923,0.0605649816372147,0.8735680670547505,Male,39,Bachelor's,Self-Employed Professional,192588.91,16049.08,Salary,Mass Market,24478.89,0,3.3,Android 11,0,8.0,3.7,VERIFIED,0.94,0.94,0.88,0.95,1,0.0,0.0,0.0,0.0,0.0,650.0,0.0,0.4440889550157808,-15269.0175,0.0,0.1470588235294117,0.93
100,10384.8994184,1643.335,72713.62,149069.5,46493.7041,115.61,493162.64,7867666101.987859,12,0.2945567914016662,18092.368333333336,4504.47,818702648.1013789,0.3977595023153232,68448.46015333333,-50356.091819999994,8.333333333333334,0.2678367527817454,0.3431049144108449,217108.42,821381.52184,123635.39183999995,620955.83,76790.3,29750.93183999996,84199.67,62935.25,0.0934891983301254,0.0362206003531149,0.3687724302848434,0.0117908544841681,0.2898793607359862,0.0,0.0,0.2431619712512913,0.0674339128982614,0.1025098176196877,3.7832780591374577,-2.783278059137457,0.1505212724569708,0.7559895292129037,0.0934891983301254,0.0016890080469453,0.6792512789308648,Female,31,Bachelor's,Salaried - Govt,3923606.32,326967.19,Salary,HNI,629454.84,1,0.7,Android 13,0,2.4,0.9,VERIFIED,0.94,0.89,0.94,0.82,1,1.0,895704.25,79913.64,12.79,0.2444,760.0,1.0,0.3758976671535319,178605.08984666667,0.2444087432748221,0.625,0.901
98,9744.423673469388,2016.025,137386.79,78612.64,30883.12612244898,1394.42,247956.86,1546470027.4942706,12,0.3209268731615638,28156.117500000004,6077.15,2137039057.091748,0.3888182391856425,51423.3425,-23267.224999999995,8.166666666666666,0.2108371462270403,0.4061024925028585,337873.41000000003,617080.11,128686.36,326168.8,162224.95,0.0,82252.83,121896.72,0.2628912314156423,0.0,0.0766942885260067,0.0752471668548837,0.3607763037641819,0.0,0.0,0.0944921397644789,0.1598436546593602,0.1332936010528682,1.8263648210730756,-0.8263648210730755,0.2085407679077519,0.5285680006766058,0.2628912314156423,0.0271164792525884,0.6005662919023395,Female,21,Master's,Salaried - Govt,1256680.45,104723.37,Savings,Affluent,306386.21,1,1.4,Android 12,1,3.8,3.9,VERIFIED,0.98,0.89,0.84,0.76,1,0.0,0.0,0.0,0.0,0.0,650.0,0.0,0.3957319405125289,53300.0275,0.0,0.8333333333333333,0.881
100,15822.8578,4185.5,140481.92,179624.61,106533.7302,1264.04,777465.99,32826540946.597157,12,0.3329862109632718,33763.839166666665,7226.045,2858220901.1886086,0.3974619440092761,98093.30916666666,-64329.47,8.333333333333334,0.3205977500724227,0.4513636044234536,405166.07,1177119.71,284178.31,820444.37,72497.03,0.0,211393.24999999997,224026.11999999997,0.0615884938329679,0.0,0.261713942416273,0.061833184324133,0.5529241873585317,0.0,0.0,0.0633278496373151,0.181634160216381,0.1795851757507314,2.9052771126664183,-1.9052771126664183,0.2414183600748644,0.6969931460921677,0.0615884938329679,0.0128860980502994,1.0860448190099543,Female,46,Master's,Self-Employed Professional,2538567.63,211547.3,Savings,HNI,811133.77,0,4.9,Android 12,1,2.2,6.6,VERIFIED,0.85,0.96,0.92,0.88,1,2.0,901255.94,41329.39,12.09,0.1954,714.0,0.0,0.4190226081749472,72124.60083333333,0.1953671353876887,0.6,0.903
95,6981.427368421052,1945.49,119025.11,27374.48,27424.306315789476,646.44,121375.5,1322723913.2477212,12,0.2788649567848362,28260.5475,4690.59,2218834943.711057,0.3852410624644797,27009.08583333333,1251.4616666666657,7.916666666666667,0.0225205006241883,0.5211495244974991,339126.57,324109.03,97849.96,161860.94,64398.13,0.0,79800.24999999999,47045.74999999999,0.1986927979143314,0.0,0.0818903132689638,0.0556902410278417,0.1387262283813385,0.0,0.0,0.1467928554782938,0.1255654925751374,0.2462142137786163,0.9557170056005934,0.0442829943994066,0.3019044548064581,0.4994027472792103,0.1986927979143314,0.02393416807918,1.0153733630608002,Male,49,Bachelor's,Salaried - Private,582184.03,48515.34,Salary,Mass Market,31129.58,1,2.7,Android 14,0,4.9,5.7,VERIFIED,0.91,0.95,0.85,0.9,1,1.0,1528319.29,34547.5,12.71,0.7121,651.0,0.0,0.4396044472776875,-13041.245833333334,0.7120943602580133,0.1785714285714285,0.908
97,22361.49534020619,4618.27,136414.54,401203.48,110686.7137113402,1210.5,1286275.34,43264671978.92907,12,0.294489243817618,33293.916666666664,5393.04,3090339288.8370247,0.3848274698127557,147461.50400000002,-114167.58733333331,8.083333333333334,0.269218844762589,0.3320408956285632,399527.0,1769538.0480000002,515172.1880000002,1125006.98,129358.88,48204.9780000002,344911.63000000006,846563.83,0.073103192184088,0.0272415606177461,0.0726551939051609,0.0689759568255409,2.1189151922147937,0.0,0.0,0.0359036755789497,0.0487947123248293,0.1949161988293116,4.429082510068156,-3.429082510068156,0.2911337162725987,0.6357630915433132,0.073103192184088,0.0082089221062061,0.7506143007421123,Female,60,Diploma,Salaried - Private,2827304.64,235608.72,Current,HNI,1419832.03,0,1.5,Android 13,0,8.8,1.7,VERIFIED,0.98,0.94,0.89,0.81,1,2.0,2556771.95,71869.14,9.95,0.305,762.0,2.0,0.3637128401390787,16278.075999999972,0.3050359935744313,0.3125,0.916
92,5233.935326086957,1963.845,86727.91,24303.26,18962.297173913044,1217.63,87945.54,435670474.6293127,12,0.3108306647907912,19711.631666666668,4841.9400000000005,924404053.1325424,0.4037632059468805,20415.205833333333,-703.5741666666672,7.666666666666667,0.0169604890929238,0.5130887476820847,236539.58,244982.47,78384.94,132474.33,34123.2,0.0,33498.719999999994,57191.630000000005,0.1392883335693366,0.0,0.0998829426448349,0.1832221709577832,0.2417846095778136,0.0,0.0,0.0950977431160686,0.1123176282776478,0.1367392532208529,1.0356933499247778,-0.0356933499247779,0.3199614241786361,0.5407502422520272,0.1392883335693366,0.0596432879462763,0.9288320347450024,Male,41,Diploma,Retired,505712.22,42142.68,Savings,Mass Market,30697.89,1,1.5,Android 12,0,6.3,5.7,VERIFIED,0.87,0.99,0.97,0.95,1,0.0,0.0,0.0,0.0,0.0,650.0,0.0,0.4474934226409622,21727.474166666667,0.0,0.3125,0.942
95,6128.770421052631,1476.54,149038.62,46448.32,20590.714842105263,312.16,152430.22,808822145.5932934,12,0.2435608864896658,25712.756666666664,2413.38,2414462564.512115,0.3534098535922447,22806.67583333333,2906.080833333331,7.916666666666667,0.077318660273644,0.5344855485914779,308553.08,273680.11,43066.79,189452.24,41161.08,0.0,20736.090000000004,98002.27,0.150398507220711,0.0,0.1495497060418457,0.0815941648079577,0.3176188356311335,0.0,0.0,0.0878245043090635,0.0967749172565006,0.0757676178952135,0.8869790248083084,0.1130209751916914,0.1573617827031712,0.6922397100761177,0.150398507220711,0.013687220456028,0.9028371777008682,Male,67,High School,Self-Employed Professional,508423.19,42368.6,Salary,Mass Market,56877.53,0,0.4,Android 14,0,5.3,0.6,VERIFIED,0.94,0.96,0.88,0.97,1,0.0,0.0,0.0,0.0,0.0,650.0,0.0,0.425840131591938,19561.924166666668,0.0,1.0,0.94
90,8097.157222222222,2607.69,147630.06,53966.49,27148.61533333333,829.77,155459.76,1340623656.2481558,12,0.2644630168455804,29243.721666666665,4747.54,3406394459.195214,0.3435531176817752,31484.9575,-2241.235833333336,7.5,0.0977794938662195,0.4441028166231774,350924.66,377819.49,161558.64,177100.52000000002,39160.33,0.0,111622.17,1153.07,0.103648252767479,0.0,0.0722767107647093,0.1321701799978608,0.0032858049930147,0.0,0.0,0.2161264364630845,0.1772886835456794,0.2954378293189692,1.0766398975780158,-0.0766398975780158,0.4276080093168301,0.4687437379156909,0.103648252767479,0.0263544900767295,0.8622725736038657,Male,63,High School,Self-Employed Professional,349898.2,29158.18,Savings,Mass Market,28543.64,0,0.1,Android 12,0,9.9,1.2,VERIFIED,0.92,0.94,0.91,0.92,1,0.0,0.0,0.0,0.0,0.0,650.0,0.0,0.3837729972583361,-2326.7775,0.0,2.5,0.9240000000000002
96,5864.033541666667,1379.055,113496.53,23969.09,21611.638645833333,482.03,118180.55,766351132.099239,12,0.2720577522271789,24805.619166666667,4087.05,1640806614.4393177,0.3901086798420634,22106.649166666662,2698.9700000000003,8.0,0.0558600457570398,0.4668642112696246,297667.43,265279.79,95793.78,151180.93,18305.08,0.0,67978.95999999999,54570.72,0.0690029195213099,0.0,0.1511821537554745,0.1048508821572875,0.183327816550168,0.0,0.0,0.0431955634464276,0.1698046051680001,0.2562538216725819,0.8911952174277179,0.1088047825722821,0.3611047038298696,0.5698923766488205,0.0690029195213099,0.0218047518810234,0.977608070897523,Male,50,High School,Retired,376006.93,31333.91,Savings,Mass Market,5847.81,0,4.1,iOS 17,0,5.6,5.0,VERIFIED,0.98,0.91,0.87,0.79,1,1.0,9418127.46,115866.58,8.32,3.6978,647.0,0.0,0.4208108924130879,-106639.31916666664,3.6978015191848064,0.119047619047619,0.899
95,6918.286736842105,1631.11,131421.24,43904.41,23232.715789473685,220.46,142118.01,793668743.4436628,12,0.2576859791055463,29408.460000000003,2878.61,2622224300.9055095,0.3749434236665547,25361.31,4047.1500000000015,7.916666666666667,0.1032258754306382,0.5165568423337173,352901.51999999996,304335.72000000003,37325.57,244304.33,22705.82,0.0,9582.97,88587.75000000001,0.074607804828168,0.0,0.2310568407809639,0.0911578831429974,0.2510268303746609,0.0,0.0,0.2034167399081514,0.0771869631340021,0.0314881539373689,0.8623814371782815,0.1376185628217187,0.1226460370803663,0.8027461580914655,0.074607804828168,0.0086927686306425,0.9160692326016948,Male,33,Bachelor's,Salaried - Private,253351.82,21112.65,Salary,Mass Market,23603.04,0,0.1,Android 13,0,1.8,5.1,VERIFIED,0.87,0.96,0.98,0.85,1,0.0,0.0,0.0,0.0,0.0,650.0,0.0,0.4315887911334197,-4248.659999999996,0.0,2.5,0.915
92,5176.558913043478,1658.54,95565.55,23229.56,17940.528804347825,914.89,96480.44,389179525.6672085,12,0.2894702923108926,21242.0275,5569.98,997258476.0802568,0.4126622483433802,18444.924166666668,2797.103333333333,7.666666666666667,0.0693815192141334,0.5882901064711387,254904.33,221339.09,66555.38,122540.37,32243.339999999997,0.0,37864.54,17817.28,0.1456739521247693,0.0,0.166888822033198,0.1296239177634641,0.0698979103258073,0.0,0.0,0.1408166989391706,0.1654286642273626,0.1710702795425787,0.8683222054329167,0.1316777945670832,0.3006941973060429,0.5536318505691878,0.1456739521247692,0.0496011798006398,0.972653974732497,Male,31,Diploma,Self-Employed Business,240178.21,20014.85,Savings,Mass Market,54174.47,0,1.0,Android 14,0,6.5,1.2,VERIFIED,0.94,0.99,0.84,0.86,1,1.0,823808.51,17390.22,9.72,0.8689,635.0,0.0,0.4829133915944836,-15820.294166666668,0.8688658670936831,0.4545454545454545,0.919
97,8560.68206185567,1706.45,140030.02,35760.33,26711.951134020615,1062.32,141806.38,1278189142.3196602,12,0.269909190257713,36835.2275,5389.125,3298483996.105566,0.4011629955188914,32363.619166666667,4471.6083333333345,8.083333333333334,0.0994719959107441,0.4942375147240665,442022.73,388363.43,115269.2,171933.12,101161.11,0.0,69128.67,51149.45,0.2604805246467207,0.0,0.1073029198449503,0.1188076076061023,0.1157167867815304,0.0,0.0,0.118245685491036,0.0854582008403829,0.1779999471113951,0.8786051115516164,0.1213948884483836,0.2968075547174975,0.4427119206357818,0.2604805246467207,0.0328245118238861,0.82536971518726,Other,24,Bachelor's,Salaried - Govt,200647.55,16720.63,Savings,Mass Market,4267.15,0,2.6,Android 13,0,4.5,2.7,VERIFIED,0.88,0.96,0.86,0.85,1,3.0,3261424.85,73396.4,11.806666666666668,4.3896,630.0,0.0,0.4383928032009614,-89039.38916666666,4.389571445573521,0.1851851851851851,0.8940000000000001
90,8934.728275555555,2897.42,117211.14,67889.87,37032.61777777778,336.44,264474.81,2748964971.568432,12,0.3181184553211513,23050.971666666668,5966.555,1893348665.854815,0.3562232949123535,43959.4904,-20908.518733333334,7.5,0.2889110534033481,0.4667092033446073,276611.66000000003,527513.8848,219733.5548,191047.94,116732.38999999998,16401.314799999996,156022.27999999997,76683.92,0.2212878056172067,0.0310917215121614,0.0615274420924588,0.0896847672889917,0.2772259130363484,0.0,0.0,0.119402335777153,0.0358683449766894,0.2957690489211555,1.907055851513996,-0.907055851513996,0.4165455377223087,0.3621666566604845,0.2212878056172067,0.0076534099221495,0.8424260026858222,Male,43,Diploma,Self-Employed Professional,2019506.94,168292.24,Savings,Affluent,256907.62,1,0.1,Android 13,0,9.2,1.4,VERIFIED,0.93,0.99,0.83,0.85,1,2.0,1943523.1,64736.41,12.255,0.3847,753.0,2.0,0.400417658285255,59596.33959999998,0.3846666370356708,2.5,0.912
90,8699.722345777778,2754.365,133004.38,42311.79,36008.11011111111,507.48,198308.7,2309174513.7948637,12,0.3211453593778852,24032.24166666667,3767.055,2077496834.169561,0.3551412113957066,41215.67592666667,-17183.434259999998,7.5,0.2897729664856459,0.5031241220332329,288386.9,494588.11112,215045.91112,195806.47,83735.73000000001,25514.581120000003,67113.32,41292.88,0.1693039685292466,0.0515875342458636,0.1029863817079129,0.2475150680892492,0.1431856994891238,0.0,0.0,0.1401850114087716,0.0692372283726236,0.1356953765993711,1.7150158731898015,-0.7150158731898015,0.434797978934484,0.3958980525362693,0.1693039685292466,0.0123127909124416,0.8736508452555488,Female,33,Diploma,Self-Employed Professional,2127165.68,177263.81,Savings,Affluent,219051.68,1,1.0,Android 11,0,8.4,1.9,VERIFIED,0.88,0.93,0.94,0.77,1,1.0,720187.79,16541.74,13.42,0.0933,764.0,1.0,0.414334375650717,119506.39407333331,0.0933170735752548,0.4545454545454545,0.8850000000000001
97,7611.243241237114,2165.96,140061.23,49163.39,24931.69969072165,508.08,143628.31,799025795.91959,12,0.2797166553100528,29828.48583333333,8857.3,2409325134.649063,0.3882800006815516,31695.730366666667,-1867.2445333333344,8.083333333333334,0.049094684412,0.5463052161807576,357941.83,380348.7644,138902.7644,207330.26,34115.73999999999,23060.124400000015,86828.39,31188.67,0.0896959401296269,0.0606288926332581,0.1999856108905503,0.0762832766021205,0.087133347896221,0.0,0.0,0.1678538645990143,0.0952659858305563,0.2282862418048649,1.0625993737585795,-0.0625993737585797,0.3651984110402437,0.5451056488301294,0.0896959401296269,0.0160299193021382,0.7865948947162132,Female,60,Bachelor's,Salaried - Private,527151.45,43929.29,Savings,Mass Market,60471.59,0,1.2,iOS 17,0,3.2,1.3,VERIFIED,0.99,0.88,0.92,0.9,1,2.0,814724.8500000001,20033.29,12.37,0.456,658.0,1.0,0.451490086881234,-7799.730366666663,0.4560349142906703,0.3846153846153846,0.925
97,5973.5590391752585,1930.25,95714.61,27201.22,17806.930927835052,140.74,99383.0,415812593.1992481,12,0.2921687136408429,24445.549166666664,4817.68,1402735749.0753171,0.405380613626842,23840.71973333333,604.8294333333348,8.083333333333334,0.0206923999290708,0.5605411345247231,293346.58999999997,286088.6368,93400.8568,148885.02,43802.759999999995,13018.326799999995,27882.88,43626.04,0.1531090521103842,0.0455045224641372,0.1038214251786738,0.1835083370917023,0.1487184153052538,0.0,0.0,0.1440374929284853,0.120065446793726,0.0974623819802129,0.9752580958926436,0.0247419041073564,0.3264752415360525,0.5204157063535633,0.1531090521103842,0.0059033452670148,0.7469124727362141,Male,45,Master's,Salaried - Private,273271.87,22772.66,Salary,Mass Market,25481.91,0,1.5,Android 12,0,0.3,5.5,REJECTED,0.57,0.45,0.51,0.36,0,1.0,228254.84,7534.53,11.57,0.3309,628.0,1.0,0.4674448219859944,-8602.58973333333,0.3308585821770491,0.3125,0.48
99,8539.815477171716,3335.79,124891.14,87928.18,43470.522020202014,859.8,284945.46,2932781209.595124,12,0.3240120693186393,24565.015833333335,6505.79,1495736293.1696446,0.398836058254877,45888.46185333332,-21323.446019999992,8.25,0.2368647460626375,0.4793606447359505,294780.19,550661.54224,324895.8422399999,151384.98,74380.71999999999,34456.082239999945,190356.66,38710.14,0.1350752037221113,0.0625721602054109,0.0377305992996777,0.1817506622904489,0.1313186615423512,0.0,0.0,0.0162627118712004,0.1506239198448513,0.3456872241806838,1.8680412080608264,-0.8680412080608262,0.5900100466765437,0.2749147496013449,0.1350752037221113,0.0187367361047762,0.9473083268543752,Male,69,Diploma,Salaried - Private,616297.49,51358.12,Savings,Affluent,285781.6,0,1.0,Android 12,0,1.4,1.5,REJECTED,0.64,0.48,0.34,0.15,0,1.0,1199732.83,26705.59,12.03,0.52,692.0,1.0,0.4310458928473064,-21235.93185333332,0.5199876864651587,0.4545454545454545,0.4339999999999999
94,8612.807234042553,1769.81,148917.72,43097.91,30078.087127659575,934.06,157599.94,1647090990.5161045,12,0.2766184620481738,34080.80333333334,2814.69,3337079126.3560057,0.3812711590368033,33386.18666666667,694.616666666665,7.833333333333333,0.0096923295162895,0.4891863904765624,408969.64,400634.24,123174.12,208846.31,68613.81,0.0,78448.45000000001,26630.710000000003,0.1712629704340797,0.0,0.2344020321378422,0.1116371631141661,0.0651165939848248,0.0,0.0,0.1331164305876602,0.087299378106075,0.1958106476371066,0.97961853598717,0.0203814640128298,0.3074478107512727,0.5212892188146475,0.1712629704340797,0.0279774389727647,0.900914124394148,Male,26,Diploma,Self-Employed Business,496145.4,41345.45,Savings,Mass Market,36585.45,1,3.6,Android 13,0,8.1,4.3,VERIFIED,0.98,0.9,0.86,0.84,1,1.0,6959364.39,59298.35,8.25,1.4342,636.0,0.0,0.4244372516127069,-51339.08666666667,1.4342170662068014,0.1351351351351351,0.904
95,8123.94547368421,1893.33,146330.6,26719.06,31993.793684210526,525.62,146856.22,1324274383.5295382,12,0.2745206394640927,32524.67583333333,5496.035,3061531043.623499,0.3804120356462329,31789.8925,734.7833333333316,7.916666666666667,0.0151035218999586,0.596875553759117,390296.11,381478.71,104455.07,228022.68,49000.96,0.0,55690.71,58669.630000000005,0.1284500516424625,0.0,0.0738218654456496,0.1278298335443149,0.1503208166742938,0.0,0.0,0.2469851331939337,0.1231314062061287,0.1459864169090851,0.9774084348419462,0.0225915651580539,0.2738162504534001,0.5977336979041372,0.1284500516424625,0.0165341861410824,1.0064140255966745,Male,47,Master's,Self-Employed Professional,428137.9,35678.16,Current,Mass Market,54665.79,0,2.7,Android 14,0,1.5,6.5,VERIFIED,0.98,0.97,0.87,0.92,1,3.0,5151026.16,59273.46,11.533333333333331,1.6613,653.0,0.0,0.4669974428913865,-55385.192500000005,1.6613373559623028,0.1785714285714285,0.943
96,7400.429583333333,2061.44,133277.23,30668.23,27166.13729166667,574.74,139935.06,959769281.0027248,12,0.2837141583197159,30046.4075,4826.24,2518206993.456475,0.3847655716428743,29157.029166666664,889.3783333333328,8.0,0.0189358595558954,0.5980244337960745,360556.89,349884.35,112215.55,184627.17,53041.630000000005,0.0,33829.13999999999,78392.7,0.1515976064662509,0.0,0.1010512759430366,0.2240351990593463,0.2174211675721964,0.0,0.0,0.0931880491368076,0.1093880592258556,0.0966866337405488,0.9703998445293888,0.029600155470611,0.3207218327998951,0.5276805607338539,0.1515976064662509,0.0197118847985055,0.9317182877713738,Male,30,Diploma,Salaried - Govt,546795.62,45566.3,Salary,Mass Market,48449.27,1,2.2,Android 12,0,2.8,4.9,VERIFIED,0.98,0.96,0.89,0.9,1,0.0,0.0,0.0,0.0,0.0,650.0,0.0,0.4700691165041544,16409.27083333334,0.0,0.217391304347826,0.94
95,6397.582531368421,1760.13,120494.94,32568.24,24616.552210526315,515.03,135871.7,911801212.7099708,12,0.3016435425950679,21963.355,4297.215,1406101531.809209,0.3795728759057823,28684.173373333335,-6720.818373333334,7.916666666666667,0.1455532143823607,0.5104918828365331,263560.26,344210.08048,113490.53048,200598.82,30120.730000000003,13555.820480000006,74157.95000000001,28908.24,0.0875068212935446,0.0393824040861803,0.1141993573958795,0.0748867086171746,0.1096836070809764,0.0,0.0,0.3162183392427531,0.0683782124195156,0.2154438646787651,1.3060014452861748,-0.3060014452861748,0.3297129773821202,0.5827802013243352,0.0875068212935447,0.0179551975682452,0.8581928400074257,Male,30,Bachelor's,Salaried - Private,1659176.23,138264.69,Savings,Affluent,134305.24,0,0.6,Android 14,0,4.4,1.7,VERIFIED,0.99,0.93,0.86,0.81,1,1.0,590768.7,53500.36,15.64,0.3869,689.0,1.0,0.4319404786780827,56080.15662666666,0.3869415973087561,0.7142857142857143,0.91
90,8115.601500444444,2600.855,141680.0,41289.58,25676.219333333334,755.61,145177.16,897866174.5280242,12,0.2788971905359977,27146.02,3656.06,2734954732.371218,0.3515661485058768,33720.99125333333,-6574.971253333333,7.5,0.2255103799708349,0.4889563711333214,325752.24,404651.89504,110051.79503999998,260390.18,34209.92,36063.61503999999,45790.680000000015,56606.98,0.0845416033369084,0.0891225655484329,0.2476345501609343,0.0696833509137839,0.1737731105087719,0.0,0.0,0.1222218667605921,0.1337448326904541,0.1131606710885996,1.2422075594629831,-0.2422075594629832,0.2719665875508165,0.643491809112275,0.0845416033369084,0.0224077042790166,0.7614313333922302,Male,27,Bachelor's,Salaried - Private,1492576.32,124381.36,Savings,Affluent,82418.49,0,1.1,Android 11,0,2.1,1.4,VERIFIED,0.96,0.94,0.97,0.83,1,1.0,1434683.44,47474.06,11.74,0.3817,683.0,1.0,0.4065222375568547,43186.30874666666,0.3816814673838588,0.4166666666666666,0.93
95,9429.62652631579,2967.7,140107.76,131880.14,47896.48547368421,1185.89,258352.55,3336462601.645747,12,0.3033169426329464,21716.740833333333,7593.005,1601501440.1644633,0.3617646433031103,52934.46916666667,-31217.728333333333,7.916666666666667,0.2633183402888657,0.4239125389984474,260600.89,635213.63,225731.06,363614.99,45867.57999999999,0.0,119420.61000000002,298984.87999999995,0.0722081168189039,0.0,0.0427742868174916,0.167361726794181,1.147290325831197,0.0,0.0,0.0103810272459046,0.0485901569838795,0.1880007045818585,2.437496011621449,-1.4374960116214492,0.3553624313760395,0.5724294518050564,0.0722081168189038,0.0224029827571552,0.9048260278738202,Male,69,Diploma,Self-Employed Business,1785213.3,148767.77,Salary,Affluent,390232.69,0,2.5,Android 11,0,4.4,3.1,VERIFIED,0.86,0.98,0.98,0.97,1,0.0,0.0,0.0,0.0,0.0,650.0,0.0,0.3866238015812452,95833.30083333331,0.0,0.1923076923076923,0.942
100,8720.1071,2317.875,137429.6,40617.38,32908.2,1056.01,146211.62,1449357794.27355,12,0.2873973839027824,35299.9625,7274.495,3154900043.1739473,0.3962918076944932,37367.596666666665,-2067.634166666667,8.333333333333334,0.0328438654028624,0.5589702738463368,423599.55,448411.16,234428.27,149378.16999999998,64604.72,0.0,124801.49,60968.69999999999,0.1440747371229565,0.0,0.0574173934475671,0.2444782596401035,0.143930039585736,0.0,0.0,0.0635059350440787,0.0762382898766391,0.2783193219365905,1.0585732680783064,-0.0585732680783065,0.5227975815766941,0.3331276813003494,0.1440747371229565,0.0282600459810143,0.8806614001310761,Male,36,Master's,Salaried - Private,188045.3,15670.44,Savings,Mass Market,62360.67,0,0.8,Android 14,0,3.5,1.3,VERIFIED,0.97,0.91,0.88,0.94,1,0.0,0.0,0.0,0.0,0.0,650.0,0.0,0.4613631941552306,-21697.156666666662,0.0,0.5555555555555556,0.9280000000000002
95,4831.466210526316,1548.88,73187.65,20627.63,16783.04547368421,1680.92,76165.96,288552548.3791591,12,0.2945149224745326,19652.94916666667,4667.545,860750395.1851174,0.4116573231311365,18596.158333333333,1056.7908333333326,7.916666666666667,0.0422575972128796,0.6591993633205917,235835.39,223153.9,64936.85,97204.85,61012.2,0.0,26533.41,7312.029999999999,0.2734086206873373,0.0,0.2122538750163004,0.1720939674368227,0.0310048038167638,0.0,0.0,0.1140028025501682,0.0765721325058625,0.1189018430778041,0.9462273664694684,0.0537726335305315,0.2909958105146269,0.4355955687980358,0.2734086206873373,0.0903907124186492,0.9025006763682396,Male,61,Master's,Self-Employed Business,211793.89,17649.49,Salary,Mass Market,30311.3,0,5.5,Android 14,0,2.8,6.1,REJECTED,0.35,0.41,0.34,0.45,0,0.0,0.0,0.0,0.0,0.0,650.0,0.0,0.5106741392069185,-946.6683333333312,0.0,0.0892857142857142,0.386
91,7406.637582417583,1529.44,119111.9,31142.1,22906.257142857143,618.97,124076.87,833894209.2608116,12,0.2865139597146844,28800.490833333333,2662.81,2386767081.0693893,0.3810922680872703,27366.510833333337,1433.9799999999996,7.583333333333333,0.0235092882904619,0.4808345040396301,345605.89,328398.13,75013.9,188971.39,64412.83999999999,0.0,54379.420000000006,47675.34,0.1961425298006416,0.0,0.1592343720105836,0.0628337317267915,0.1379471281580299,0.0,0.0,0.0876495246790838,0.1833744912006654,0.1655899197720766,0.950209876342096,0.049790123657904,0.2284236514988681,0.5754338187004902,0.1961425298006416,0.0226177901804739,0.8370178164969627,Male,65,Bachelor's,Self-Employed Professional,308620.48,25718.37,Savings,Mass Market,63162.42,0,3.2,iOS 17,0,8.8,5.3,VERIFIED,0.85,0.91,0.83,0.85,1,0.0,0.0,0.0,0.0,0.0,650.0,0.0,0.4209891624682143,-1648.1408333333347,0.0,0.1515151515151515,0.8640000000000001
99,6346.961717171716,1314.78,129259.43,38646.28,23011.617373737376,1336.38,130625.2,831047148.1363912,12,0.2727562409614499,25115.182499999995,3106.435,1884014400.730457,0.376703951107769,27247.251666666667,-2132.069166666668,8.25,0.0518437099914876,0.5736849303307076,301382.18999999994,326967.02,187843.14,115018.16,24105.72,0.0,86860.17,42529.44,0.0737252338171599,0.0,0.081785068108704,0.3088475712321077,0.1411146425075748,0.0,0.0,0.0690637850875602,0.0708515494926674,0.2656542240865761,1.0848916453888668,-0.0848916453888666,0.5745017953186838,0.3517729708641562,0.0737252338171599,0.0490464145282909,0.844548200870071,Male,22,Diploma,Unemployed,366779.37,30564.95,Current,Mass Market,44087.78,1,3.5,Android 14,0,7.0,5.6,VERIFIED,0.86,0.99,0.95,0.92,1,1.0,880790.85,19557.12,11.92,0.6399,668.0,0.0,0.4554963427969444,-16239.421666666663,0.6398544738335904,0.1388888888888889,0.929
92,6706.7475,1880.955,111207.2,33103.78,19331.063478260872,0.0,131313.03,679767094.6035701,12,0.2774457926501889,27348.428333333333,2759.41,2182941608.1296334,0.3794194737644786,24069.969166666662,3278.459166666667,7.666666666666667,0.0614800030728733,0.5344456443043949,328181.14,288839.63,119621.67,141075.33,28142.63,0.0,73823.01,75272.51000000001,0.0974334096744272,0.0,0.0686416888153471,0.1585608595330218,0.22936269281044,0.0,0.0,0.095450856241576,0.0637252928207947,0.2555847686136421,0.8801225749901411,0.1198774250098589,0.4141456281466639,0.4884209621789087,0.0974334096744272,0.0,0.8031195779441016,Female,44,Doctorate,Salaried - Private,318402.77,26533.56,Salary,Mass Market,34164.03,0,0.1,Android 13,1,2.7,0.6,VERIFIED,0.94,0.94,0.92,0.83,1,1.0,239593.04,7920.21,11.67,0.2985,560.0,0.0,0.4414299419804451,-5456.619166666664,0.2984978269029862,3.0,0.914
92,7988.848586956522,1849.945,125411.16,46563.34,29467.046630434783,549.83,143459.83,1095478335.9277894,12,0.291911658039333,26920.89333333333,1589.23,2271637590.024079,0.3710575455684803,34326.94583333333,-7406.052499999998,7.666666666666667,0.1037743814982408,0.5074544043932884,323050.72,411923.35,152009.37,187042.13,72871.84999999999,0.0,49673.7,91029.12,0.1769063346372571,0.0,0.0978753450126097,0.2484337680784543,0.2817796536717206,0.0,0.0,0.1261132926793297,0.0090960126440999,0.1205896679564292,1.27510426226569,-0.27510426226569,0.3690234360348837,0.4540702293278592,0.1769063346372571,0.0160174459641581,0.8584231983091452,Female,61,Bachelor's,Self-Employed Professional,1327452.58,110621.05,Salary,Affluent,180813.26,0,1.3,Android 14,0,8.8,1.4,VERIFIED,0.88,0.96,0.85,0.87,1,1.0,750030.06,67831.01,15.38,0.6132,711.0,0.0,0.4256162890984035,8463.094166666677,0.6131835667804635,0.3571428571428571,0.8960000000000001
97,6848.790618556702,1599.48,113009.97,30069.16,20875.140412371136,975.22,114440.37,743776853.770008,12,0.2908368702567016,27646.728333333333,4082.225,2094746718.15827,0.3868566118840043,27714.329166666663,-67.60083333333448,8.083333333333334,0.002135706902848,0.5449318283917893,331760.74,332571.95,161686.34,64504.59,106381.02,0.0,67168.23999999999,16813.050000000003,0.3198736995107375,0.0,0.0288232666645518,0.2842034633407899,0.0506782387813579,0.0,0.0,0.0643645983974295,0.0502143070093554,0.2019660407319378,1.0024451657540914,-0.0024451657540913,0.4861695040727277,0.1939567964165348,0.3198736995107374,0.0351882953448118,0.7532255349510193,Male,58,Diploma,Salaried - Govt,302316.24,25193.02,Savings,Mass Market,46665.26,1,5.7,Android 14,0,2.2,6.8,VERIFIED,0.94,0.9,0.87,0.83,1,1.0,3975447.69,40321.64,9.0,1.6005,646.0,0.0,0.4500866984871183,-42842.94916666666,1.60050839478554,0.0862068965517241,0.8920000000000001
92,20134.599195652172,2293.205,102687.96,258211.55,82537.30989130435,363.46,1154074.67,39306750902.876045,12,0.2920964259473481,21246.07416666667,3818.08,1204942186.3292994,0.3899865998523485,133119.18633333335,-111873.11216666667,7.666666666666667,0.2556425002633566,0.2960446620169626,254952.89,1597430.236,616462.996,757059.49,223907.75000000003,30070.855999999967,328886.44,321505.49999999994,0.1401674670692786,0.0188245191071993,0.0239851726457492,0.1611999661686634,1.261038853099488,0.0,0.0,0.22100974555486,0.0276642441116283,0.2058846969264453,6.265589835047565,-5.265589835047565,0.3859091822023081,0.4739233507284132,0.1401674670692786,0.0027303351981876,0.6200256489295926,Male,64,High School,Salaried - Private,4918237.25,409853.1,Savings,HNI,1412286.22,0,2.9,Android 14,0,8.7,6.9,VERIFIED,0.89,0.92,0.95,0.85,1,1.0,988634.17,22768.7,13.54,0.0556,710.0,1.0,0.3524098247181942,253965.21366666665,0.0555533189818498,0.1666666666666666,0.903
99,4392.641414141414,1487.64,95054.61,26170.28,14805.996666666666,22.82,103046.81,406477370.4893348,12,0.2769064447353264,18355.65,4428.3150000000005,974698799.473091,0.3804669689338553,17883.641666666666,472.00833333333503,8.25,0.0152961036549632,0.5037115933334904,220267.8,214603.7,65658.58,95684.43,53260.689999999995,0.0,41551.83,29883.83,0.2481816017151615,0.0,0.0676921227360012,0.1123314742476481,0.1356704429789556,0.0,0.0,0.1690657244027013,0.06985662409362,0.193621219019057,0.9742853925993722,0.0257146074006278,0.3059526932667051,0.4458657050181334,0.2481816017151614,0.0012760264617991,0.8279072541619739,Male,29,Master's,Salaried - Private,293294.84,24441.24,Savings,Mass Market,6167.34,0,2.0,Android 10,0,2.7,5.8,VERIFIED,0.97,0.93,0.87,0.9,1,0.0,0.0,0.0,0.0,0.0,650.0,0.0,0.4297648186937093,6557.598333333335,0.0,0.238095238095238,0.9240000000000002
92,3783.796384347826,1650.97,46678.69,20305.09,14528.018804347828,249.71,74313.76,237640511.78383252,12,0.3486992429483856,12653.531666666668,4122.435,328126845.34746975,0.4218510963894764,16355.573946666666,-3702.042279999999,7.666666666666667,0.1250993166841724,0.5411055305168367,151842.38,196266.88736,61868.11736,92053.52,42345.25,10420.007359999994,15458.82,15496.110000000002,0.2157534088892375,0.0530910104101627,0.2632268779258639,0.1833691382387244,0.102053919333983,0.0,0.0,0.092971668555227,0.0338693403121385,0.0787642796395138,1.2925698830589982,-0.2925698830589983,0.315224428288401,0.4690221628223615,0.2157534088892375,0.015267577940968,0.8882610204766735,Male,23,High School,Unemployed,471914.8,39326.23,Savings,Mass Market,73808.56,1,6.0,Android 14,0,9.3,6.8,VERIFIED,0.94,0.95,0.83,0.87,1,1.0,603588.21,12700.09,9.58,0.3229,643.0,1.0,0.4695528700404205,10270.566053333336,0.3229419651972741,0.0819672131147541,0.907
93,6287.4475268817205,1901.85,100604.32,30244.28,24076.060215053763,1412.36,112144.38,878105622.843545,12,0.2870192118546696,25325.438333333335,4767.81,1733766751.4424703,0.3884882405938218,23402.28,1923.158333333333,7.75,0.034457004079609,0.4876564983428427,303905.26,280827.36,86073.08,174841.49,19912.79,0.0,46762.16999999999,20900.23,0.0709075853577799,0.0,0.2185780260156987,0.1399824789151598,0.068772189069712,0.0,0.0,0.1160912882562439,0.2135011346472793,0.166515719835845,0.9240621896442331,0.0759378103557667,0.3064981987510049,0.6225942158912151,0.0709075853577799,0.0603513845659482,1.0287912209858938,Female,56,Bachelor's,Salaried - Private,472385.58,39365.47,Salary,Mass Market,29944.31,0,1.2,Android 14,0,8.3,1.6,VERIFIED,0.98,0.95,0.91,0.83,1,0.0,0.0,0.0,0.0,0.0,650.0,0.0,0.4281555436934302,15963.190000000002,0.0,0.3846153846153846,0.927
96,8929.886041666667,2541.885,136874.57,47674.88,39467.705624999995,476.49,205818.15,2355215051.7544208,12,0.3117042963936302,27915.005,4838.094999999999,2419726231.252518,0.3721512411267849,43524.083333333336,-15609.078333333331,8.0,0.2048467536601406,0.5515768748333683,334980.06,522289.0,88703.98,354077.22000000003,79507.79999999999,23429.88,53050.74,89952.34,0.1522295127793233,0.0448599913074945,0.3003166446162947,0.0234034413897286,0.2685304313337337,0.0,0.0,0.149646632419982,0.0557431039137335,0.1015735349586148,1.559164446982307,-0.5591644469823069,0.169836967655838,0.6779335195648387,0.1522295127793233,0.01094773200278,0.9068015361227212,Male,48,Master's,Salaried - Private,1724394.42,143699.54,Savings,Affluent,202775.86,1,3.0,Android 11,0,0.2,5.9,VERIFIED,0.86,0.93,0.95,0.8,1,1.0,457247.0,7809.96,10.92,0.0543,721.0,1.0,0.4439214946094182,92365.49666666667,0.054349234520862,0.1612903225806451,0.8870000000000001
93,6180.903440860216,1420.56,136466.81,33037.01,22277.32440860215,518.02,141354.54,1128704820.380549,12,0.2457001369267178,29572.185833333333,4657.355,2509196757.3426814,0.3814294781259283,18329.815833333338,11242.370000000004,7.75,0.1652978082459582,0.4844068213629603,354866.23,219957.79,74348.25,133453.53,12156.01,0.0,62977.82,14529.81,0.0552651942902317,0.0,0.1020685377862725,0.0516936908667794,0.0409444708221461,0.0,0.0,0.2555024761796343,0.1830950838340392,0.2863177521469005,0.6198329719906006,0.3801670280093995,0.33801144301368,0.6067233626960882,0.0552651942902317,0.0282610586331131,1.2153599693069557,Female,32,Master's,Salaried - Private,311390.36,25949.2,Salary,Mass Market,6446.1,1,5.7,Android 14,0,0.4,5.7,PENDING_REVERIFICATION,0.62,0.49,0.46,0.24,0,1.0,9962984.0,88489.45,8.82,3.4101,633.0,0.0,0.4226204154207412,-80870.06583333334,3.4101032016401276,0.0862068965517241,0.473
99,8905.494747474748,2059.65,140304.08,50239.56,25345.967878787877,639.79,151316.96,1151934527.4459128,12,0.2795440960381409,37149.627499999995,5921.6,3437191693.6633296,0.398260413652863,36320.70416666667,828.9233333333323,8.25,0.0146121562207242,0.5227487297017473,445795.53,435848.45,179214.01,224634.81,31999.629999999997,0.0,47091.37,41120.079999999994,0.0734191666851172,0.0,0.098877327658272,0.3031389465764992,0.092239776383581,0.0,0.0,0.0524240707980032,0.2697502996741183,0.1080452850067494,0.9776869005393573,0.0223130994606428,0.4111842315832487,0.515396601731634,0.0734191666851172,0.0176150219187426,0.6978380089351115,Female,58,High School,Self-Employed Professional,441717.9,36809.83,Salary,Mass Market,27992.91,1,1.7,Android 11,0,2.6,4.5,VERIFIED,0.9,0.88,0.88,0.88,1,0.0,0.0,0.0,0.0,0.0,650.0,0.0,0.4480557400724168,489.1258333333317,0.0,0.2777777777777778,0.8860000000000001
96,235499.4726666667,6415.995,129052.61,4115736.62,1039931.9530208332,1687.36,18758317.66,9316620806703.488,12,0.2426874874403411,29228.836666666662,2137.925,2424621585.882679,0.3827198549602219,1854766.944666667,-1825538.108,8.0,0.2624269597606962,0.2658975493679744,350746.04,22257203.336,7378080.566000001,14264723.41,614399.36,40931.87600000101,224848.54000000004,2832427.51,0.0276045175453933,0.0018390394957571,0.4143998493773747,0.3195504863136233,8.075436888752899,0.0,0.0,0.0068440795413686,0.0924008326182458,0.010102281791905,63.45674875188897,-62.45674875188897,0.3314918076012854,0.6409036748533212,0.0276045175453933,0.0009097423290036,0.5606806591044391,Male,43,Diploma,Salaried - Private,11604367.66,967030.64,Savings,Ultra HNI,21941724.41,1,0.4,Android 13,0,8.6,1.5,VERIFIED,0.96,0.95,0.96,0.8,1,3.0,2532730.3200000003,82052.74,12.48,0.0849,749.0,3.0,0.3359909327233229,-969789.0446666668,0.0848501966804278,1.0,0.925
96,6594.9490625,1144.765,113400.77,32040.05,17992.705520833333,420.98,113947.75,631908217.9167871,12,0.2675314445531166,26698.563333333335,1616.875,2117804289.597188,0.3773257443828759,26061.029166666664,637.5341666666649,8.0,0.0155299776011872,0.5267280081130679,320382.76,312732.35,123706.68,172597.76,16427.91,0.0,75007.49,72459.78,0.0525302547050217,0.0,0.1517747684241812,0.1557216258567429,0.2261662893471546,0.0,0.0,0.0553243692249938,0.1131043206754913,0.2398456379712556,0.9761210309818168,0.023878969018183,0.3955672638279986,0.5519024814669797,0.0525302547050217,0.0161536214593725,0.6904065609138295,Female,30,Bachelor's,Unemployed,502219.08,41851.59,Savings,Mass Market,31340.96,0,0.5,iOS 16,0,9.7,1.2,VERIFIED,0.96,0.92,0.83,0.97,1,0.0,0.0,0.0,0.0,0.0,650.0,0.0,0.4370866498749527,15790.560833333331,0.0,0.8333333333333334,0.9240000000000002
91,8707.945054945056,1902.61,122267.81,52161.74,30026.56791208791,120.03,202899.94,1669242856.7243068,12,0.3128217741668354,25652.0125,2408.69,1993910627.7919295,0.375015412368698,40383.2375,-14731.225,7.583333333333333,0.1616780423950729,0.4201499676382521,307824.15,484598.85,90854.87000000002,257436.06,136307.91999999998,11401.23000000002,35657.68,68568.06000000001,0.2812799081136903,0.0235271503430105,0.0503262027963954,0.0903756994058075,0.2227507490884,0.0,0.0,0.1756990137306351,0.1637157001094823,0.0735818502251914,1.574271706752053,-0.5742717067520531,0.1874846999740094,0.5312353919123002,0.2812799081136902,0.0029722728396899,0.7435403838557498,Male,30,High School,Unemployed,2016101.43,168008.45,Savings,Affluent,253890.43,1,2.4,iOS 17,0,2.7,3.1,VERIFIED,0.93,0.97,0.82,0.87,1,1.0,172611.87,8281.07,13.92,0.0493,742.0,1.0,0.3930692344765196,119344.14250000002,0.049289604183599,0.2,0.908
91,4805.98021978022,1246.24,72406.11,19273.0,16246.946593406592,1176.13,74641.22,356483325.19287384,12,0.2976368812687721,18215.618333333336,3412.585,796941710.1045425,0.4026222678863346,18229.731666666667,-14.11333333333217,7.583333333333333,0.0004446811139945,0.505636228239668,218587.42,218756.78,53643.33,146412.32,18701.130000000005,0.0,47471.63,27455.06,0.0854882303533632,0.0,0.2877530927270003,0.0282126112845508,0.1256021961373623,0.0,0.0,0.1983170533045878,0.0577176167979799,0.2170064397546901,1.0007747929867143,-0.0007747929867143,0.2452190510392409,0.6692927186073959,0.0854882303533632,0.064517131766156,0.8912334471227776,Male,64,Bachelor's,Self-Employed Professional,244636.28,20386.36,Savings,Mass Market,61555.82,0,2.1,Android 12,0,4.2,4.4,VERIFIED,0.94,0.97,0.85,0.95,1,1.0,807681.15,27175.08,12.9,1.333,642.0,0.0,0.443827852027668,-25018.451666666668,1.3330030471354375,0.2272727272727272,0.933
99,6119.771414141414,2396.05,90716.43,25216.35,21353.444747474747,535.52,99485.19,512852819.5044825,12,0.3107438065376302,24917.796666666665,6037.355,1235601947.3312788,0.4254282492457333,25570.3175,-652.5208333333321,8.25,0.014830640539011,0.53453415705058,299013.56,306843.81,69722.81,190459.15,46661.84999999999,0.0,16022.94,60653.96,0.1520703643980955,0.0,0.1520730367674681,0.1750071803631952,0.2028468541694229,0.0,0.0,0.1295102873347844,0.1414501077926258,0.0522185537977774,1.0261869394819418,-0.0261869394819418,0.2272257341609726,0.6207039014409318,0.1520703643980955,0.0209430328739562,0.8350871962178313,Male,68,Master's,Salaried - Govt,440400.56,36700.05,Salary,Mass Market,26836.28,1,1.0,Android 14,0,3.6,3.9,VERIFIED,0.91,0.94,0.83,0.81,1,1.0,734585.48,25017.29,13.75,0.6817,645.0,0.0,0.469070612367672,-13887.557499999995,0.6816690985434625,0.4545454545454545,0.883
93,5440.882580645161,1882.56,91924.33,23552.5,17845.351397849463,679.53,98101.1,356936925.7575623,12,0.3010444986831544,21465.638333333332,7248.595,1005597870.8413788,0.4141918542913341,20701.201666666664,764.4366666666689,7.75,0.0188754346694981,0.5386985284621881,257587.66,248414.42,99950.57,79711.2,68752.65,0.0,40641.310000000005,20686.36,0.2767659381448146,0.0,0.0703038092555174,0.2387512769991371,0.0803080396009653,0.0,0.0,0.1064856460426089,0.0608168801150915,0.1636028617018287,0.9643878903205224,0.0356121096794777,0.402354138700966,0.3208799231542195,0.2767659381448146,0.0328256306538082,0.8620442274413602,Male,44,Diploma,Salaried - Private,490210.93,40850.91,Savings,Mass Market,25040.8,1,0.7,Android 14,0,4.7,0.9,VERIFIED,0.95,0.89,0.86,0.94,1,2.0,1460226.97,107614.25,12.155,2.6343,646.0,0.0,0.4639945239596757,-87464.54166666666,2.6343170813085925,0.625,0.912
99,5616.852121212121,1406.08,113222.88,29532.04,18400.84595959596,402.6,113625.48,547352195.2739938,12,0.2658520473765309,22481.5125,2304.295,1720796088.068402,0.3614612130989973,23857.5175,-1376.0050000000003,8.25,0.035593912458985,0.5639490576422637,269778.15,286290.21,72088.25,119691.32,94510.64,0.0,26364.71,11000.670000000002,0.3301218019295874,0.0,0.1078933505969344,0.1597104560438863,0.0407767270996557,0.0,0.0,0.1437394942705166,0.1280191523140103,0.0920908542419246,1.061206068764279,-0.0612060687642791,0.251801310285811,0.4180768877846015,0.3301218019295874,0.0168751841007766,0.7712808325340622,Male,64,High School,Salaried - Private,285500.64,23791.72,Savings,Mass Market,25401.43,0,2.6,Android 14,0,3.9,6.2,VERIFIED,0.85,0.92,0.89,0.8,1,3.0,5237927.5,75158.27,10.12,3.159,641.0,0.0,0.4424563509163038,-75224.0675,3.1590095209593927,0.1851851851851851,0.8690000000000001
95,3665.273157894737,1400.1,65838.46,13482.02,12806.410842105264,598.22,68575.85,195422670.83689284,12,0.292902337362132,14934.580833333332,5941.34,471025885.1484447,0.4181908672008224,14082.165,852.4158333333336,7.916666666666667,0.0507249302569841,0.5808274556121833,179214.97,168985.98,49576.15,98258.28,21151.55,0.0,25188.72,21466.26,0.1251674843084615,0.0,0.1582418849185003,0.1443162918012488,0.1197793911970635,0.0,0.0,0.1358664192141856,0.1603200454854302,0.1490580461171986,0.942923350655361,0.057076649344639,0.2933743379184474,0.581458177773091,0.1251674843084615,0.0424806839005224,0.9094063904311066,Female,37,Master's,Salaried - Govt,510770.62,42564.22,Savings,Mass Market,20323.1,1,0.8,Android 13,0,8.0,0.8,VERIFIED,0.89,0.98,0.85,0.83,1,0.0,0.0,0.0,0.0,0.0,650.0,0.0,0.4832455025653668,28482.055,0.0,0.5555555555555556,0.897
93,6242.390322580645,1435.38,127889.41,22799.89,25887.700967741937,294.52,136613.1,1197713293.6019523,12,0.254592250515253,28281.426666666663,4091.905,2311890170.133206,0.380561877430249,20097.09833333333,8184.328333333335,7.75,0.1261630202085154,0.4681347796335781,339377.12,241165.18,81240.63,135603.98,24320.569999999996,0.0,38890.77,72790.57000000002,0.1008461088785702,0.0,0.0969282961993103,0.1756052013810617,0.2144828443355286,0.0,0.0,0.1011553160369171,0.0623744273530698,0.1612619616148566,0.7106111926461042,0.2893888073538959,0.3368671629959184,0.5622867281255114,0.1008461088785702,0.0146548519151894,1.28813127837486,Male,19,High School,Salaried - Govt,441481.67,36790.14,Savings,Mass Market,2733.43,0,0.4,Android 14,0,3.6,0.5,VERIFIED,0.96,0.89,0.95,0.85,1,1.0,946886.66,17143.47,12.84,0.466,658.0,0.0,0.4155910383115806,-450.4283333333297,0.465980015297577,1.0,0.915
98,13549.650428571427,5517.925999999994,142945.65,135866.9,70529.21173469388,1068.5,485823.63,6999197667.224129,12,0.3519422329914962,34167.06833333333,9371.125,2869407513.9775424,0.3998396683742378,76488.41016666665,-42321.34183333333,8.166666666666666,0.2713294614188334,0.4352546834788166,410004.82,917860.922,400718.752,348720.6,168421.57,38204.09199999999,131909.84,89286.67,0.1834935620017604,0.0416229638764379,0.1217573461527104,0.251241570996962,0.2177698057305765,0.0,0.0,0.1189063913541358,0.04198685124978,0.1437144090551008,2.238658857717819,-1.2386588577178193,0.4365789439285007,0.3799274940697388,0.1834935620017604,0.013969436646307,0.922090177858478,Female,54,Bachelor's,Retired,3888012.62,324001.05,Savings,HNI,545658.73,1,0.2,Android 12,0,6.5,2.3,VERIFIED,0.95,0.98,0.87,0.79,1,1.0,766738.52,16279.61,9.97,0.0502,772.0,1.0,0.4140056744160693,231233.02983333333,0.0502455470437518,1.6666666666666663,0.911
93,6890.620322580646,2092.64,123628.57,34624.0,24139.586129032257,440.92,131680.23,875594471.3860868,12,0.2800979564713789,27124.492500000004,5287.33,2000409011.2006752,0.3877989241619982,26277.815,846.6775000000004,7.75,0.0160188071398018,0.5243770284949004,325493.91000000003,315333.78,98671.67,209381.87,7280.239999999999,0.0,55181.899999999994,50930.93,0.0230874091573696,0.0,0.1258741451677013,0.1379166228242341,0.1564727585840238,0.0,0.0,0.2599066931554241,0.1167055746453805,0.1749952066664092,0.968785498936063,0.0312145010639369,0.3129118294906431,0.664000761351987,0.0230874091573696,0.0167791728497974,0.9186298833838452,Male,56,Bachelor's,Salaried - Private,409578.27,34131.52,Salary,Mass Market,33831.43,0,0.3,Android 13,0,9.5,1.4,VERIFIED,0.98,0.93,0.82,0.85,1,1.0,1523699.17,34950.28,13.36,1.024,663.0,0.0,0.4424301658951591,-27096.575000000004,1.0239883837578871,1.25,0.907
96,6004.239479166667,2048.465,89368.56,25727.58,18856.455729166668,2556.92,95095.77,470537388.53553635,12,0.3037107653746005,23819.804999999997,7290.790000000001,1296246813.7758636,0.4086499784834481,24214.110833333336,-394.3058333333344,8.0,0.0145251580251184,0.5613356055217096,285837.66,290569.33,63326.79,178371.9,48870.63999999999,0.0,33260.64,22818.34,0.1681892579646998,0.0,0.2669177438651216,0.1034732399321015,0.0798297187291555,0.0,0.0,0.2264871519647307,0.0419357060154972,0.1144671393914836,1.016553696948121,-0.0165536969481208,0.2179403793235851,0.6138703627117149,0.1681892579646998,0.1055962788639805,0.7787383092014563,Male,33,Bachelor's,Salaried - Private,599814.24,49984.52,Savings,Mass Market,58169.77,0,0.2,Android 12,0,3.6,1.0,VERIFIED,0.87,1.0,0.85,0.77,1,2.0,2963155.12,70261.9,10.6,1.4057,620.0,0.0,0.4697242292987527,-44491.49083333334,1.405673196421612,1.6666666666666663,0.885
96,7256.068437499999,2085.1400000000003,100085.4,57086.8,29004.232604166667,288.02,146655.22,943196355.0204704,12,0.3104353685471928,21993.23833333333,2175.24,1420892693.0546331,0.3786613269247127,36055.309166666666,-14062.070833333331,8.0,0.2097828453136249,0.4784994192614177,263918.86,432663.71,143906.65,255826.76,32930.3,0.0,102467.35,58944.1,0.0761106125586543,0.0,0.3747233388258978,0.0957771568130824,0.2233417498090132,0.0,0.0,0.0569832630520364,0.0233411764531857,0.2368290837241699,1.6393815508296756,-0.6393815508296755,0.3326062405372523,0.5912831469040932,0.0761106125586544,0.0079882826317927,0.804437218111036,Male,21,Bachelor's,Salaried - Private,1921999.08,160166.59,Savings,Affluent,203742.02,0,2.5,Android 14,0,3.3,6.7,VERIFIED,0.91,0.88,0.91,0.81,1,0.0,0.0,0.0,0.0,0.0,650.0,0.0,0.4185965638593947,124111.28083333332,0.0,0.1923076923076923,0.8810000000000001
98,6693.168739591837,1803.065,135262.59,43403.32,22615.81928571429,63.55,140027.64,986414728.292258,12,0.2740881249567638,28076.025833333333,5422.895,2232764078.8109355,0.3829512223538174,26584.852206666663,1491.1736266666692,8.166666666666666,0.0422137721654161,0.5462471418540855,336912.31,319018.22647999995,80079.91647999997,164467.48,74470.83,10830.27647999998,46727.57,44458.0,0.2334375399854113,0.0339487702614977,0.0979247184234424,0.0705980666011004,0.1319571849422777,0.0,0.0,0.1620052263792523,0.116253827905739,0.1464730417305152,0.9468880091677266,0.0531119908322733,0.2510198785931135,0.5155425814214752,0.2334375399854113,0.0023904590292987,0.8507032166251025,Male,59,Bachelor's,Salaried - Private,420133.31,35011.11,Current,Mass Market,62796.62,1,2.1,Android 14,0,6.5,4.3,REJECTED,0.38,0.49,0.3,0.13,0,1.0,566169.4,9320.29,9.73,0.2662,630.0,1.0,0.4482695901539246,-894.0322066666631,0.266209497499508,0.2272727272727272,0.347
92,8011.910760869564,1925.48,141467.55,41097.09,24088.60217391304,631.88,147586.66,877842539.2784815,12,0.2770398012892984,28956.968333333338,3662.795,2955514321.0278873,0.3574698121567669,32467.680833333332,-3510.7125000000015,7.666666666666667,0.0527735795083773,0.5399365018332402,347483.62,389612.17,142394.21,196829.7,50388.25999999999,0.0,77079.24999999999,53419.52,0.1293292763416502,0.0,0.0771096036348145,0.1676409646033387,0.1537324838506057,0.0,0.0,0.0901123032168117,0.2008625397918139,0.197835837622834,1.1212389522130568,-0.1212389522130568,0.3654768022261727,0.5051939214321771,0.1293292763416501,0.0194618150659924,0.7419255566040366,Female,64,Bachelor's,Salaried - Govt,219103.16,18258.6,Current,Mass Market,67496.75,0,2.1,Android 11,0,1.2,6.3,VERIFIED,0.96,0.96,0.83,0.79,1,2.0,369482.94,7877.18,10.145,0.4314,619.0,0.0,0.4304564880273562,-22086.260833333337,0.4314230006681783,0.2272727272727272,0.9
95,31982.217473684213,5012.15,118706.48,492019.57,124903.0774736842,1715.96,1880928.21,93060599225.56824,12,0.2813702429852023,30480.255833333333,8099.040000000001,2272924335.170808,0.4004012176252446,222712.2991666667,-192232.0433333333,7.916666666666667,0.2484381163694243,0.2809708650732025,365763.07,2672547.59,1162859.04,1136896.67,372791.88,0.0,904815.68,69161.07999999999,0.1394893327231639,0.0,0.0426421742409458,0.0965533264835145,0.1890871049392711,0.0,0.0,0.277299911430202,0.0795776811592717,0.338559239650434,7.306772632895934,-6.306772632895934,0.4351125661339486,0.4253981011428874,0.1394893327231639,0.0077048281860529,0.5608270308422123,Male,18,Bachelor's,Salaried - Private,8291009.46,690917.45,Salary,HNI,2372947.78,0,0.2,Android 13,0,9.5,1.6,VERIFIED,0.98,0.99,0.92,0.96,1,0.0,0.0,0.0,0.0,0.0,650.0,0.0,0.3526290766044277,468205.15083333326,0.0,1.6666666666666663,0.967
96,8519.767739166668,1905.185,120498.96,81787.15,27403.925,197.52,240060.52,1738984816.243019,12,0.3091414858846494,23571.131666666668,3227.9449999999997,1782699811.2641244,0.3683338507079941,44587.010246666665,-21015.878579999997,8.0,0.2220574403649774,0.4242749328213305,282853.58,535044.12296,176491.23296,181558.45,176994.44,17017.952959999995,103143.83,54158.490000000005,0.3308034466780455,0.0318066346862243,0.0654054469496831,0.1052800088493098,0.1914718208622284,0.0,0.0,0.1500540545251483,0.0226516271834763,0.1927763068013571,1.891593958117836,-0.8915939581178359,0.3298629503368912,0.3393336029850632,0.3308034466780455,0.0044299897864258,0.6146167874543399,Male,63,High School,Salaried - Private,662406.48,55200.54,Current,Affluent,283122.73,0,1.8,Android 14,0,2.1,2.5,VERIFIED,0.96,0.88,0.92,0.76,1,2.0,724122.23,16318.85,13.075,0.2956,702.0,2.0,0.3907102835533287,-5705.320246666663,0.2956284485622785,0.2631578947368421,0.8880000000000001
97,6251.216701030928,1281.42,148178.1,32645.18,22564.741340206187,102.04,152274.08,1026321039.2227997,12,0.2611776926662742,25667.168333333335,7327.59,2071544361.7164695,0.3706877454703599,24863.5,803.6683333333322,8.083333333333334,0.0195096302768862,0.5091541923924399,308006.02,298362.0,90060.13,165572.38,42729.490000000005,0.0,40480.11,64756.5,0.1432135794772792,0.0,0.224038047740664,0.1661740436114518,0.2102442673036066,0.0,0.0,0.0621812764360072,0.0516785314483747,0.1356744826754077,0.9686888587437348,0.031311141256265,0.3018485262868596,0.5549378942358612,0.1432135794772793,0.0041040078830414,0.9075448484809536,Male,36,High School,Salaried - Private,272246.67,22687.22,Current,Mass Market,2016.57,0,4.3,Android 13,0,6.7,6.6,VERIFIED,0.87,0.92,0.83,0.96,1,1.0,931661.97,30329.64,10.61,1.3369,638.0,0.0,0.4260743242391919,-32505.92,1.3368601353537366,0.1136363636363636,0.895
92,5675.789746956522,1612.035,78828.39,26111.7,20376.077826086956,605.79,95058.74,454198139.40867186,12,0.319282815368214,19224.645,4155.885,793230532.3307545,0.4162209821380091,24289.743059999997,-5065.0980599999975,7.666666666666667,0.1200332494853923,0.5526208601937033,230695.74,291476.91672,114688.43672,132871.45,43917.030000000006,21088.68671999999,43398.01,25010.61,0.1506706963083042,0.0723511383244742,0.1101515700155509,0.1722323008110623,0.1084138354700438,0.0,0.0,0.1540380298558278,0.1058597378729675,0.1488900407221242,1.2634690034588414,-0.2634690034588414,0.3934734798576608,0.455855823834035,0.1506706963083042,0.0249401567774344,0.838875807609591,Male,19,Bachelor's,Salaried - Private,996846.87,83070.57,Savings,Affluent,115826.42,0,0.1,Android 13,0,8.3,2.6,VERIFIED,0.85,1.0,0.95,0.93,1,1.0,442982.25,21453.48,14.88,0.2583,694.0,1.0,0.4707809333602867,37327.34694000001,0.2582560827498836,2.5,0.931
99,5812.052121212121,2310.65,99378.86,19506.11,22247.51696969697,2521.97,104919.12,520272903.33192134,12,0.3035683692189025,23983.626666666667,5428.525,1411246292.8670604,0.4000647109868132,23965.803333333333,17.82333333333251,8.25,0.0004122732919389,0.528011472783648,287803.52,287589.64,97708.63,154359.02,35521.99,0.0,58143.35999999999,28888.56,0.1235162365375887,0.0,0.0751501340590711,0.1375754356102674,0.1003759787232623,0.0,0.0,0.2191700646796595,0.1419627633318085,0.2021747375879047,0.9992568541204776,0.0007431458795222,0.3397501731981722,0.536733590264239,0.1235162365375887,0.1052320243524766,0.928302575977228,Female,64,High School,Retired,208491.56,17374.3,Salary,Mass Market,23970.34,0,0.7,Android 14,1,7.5,2.5,VERIFIED,0.9,0.98,0.9,0.97,1,0.0,0.0,0.0,0.0,0.0,650.0,0.0,0.4512434157055471,-6591.503333333334,0.0,1.125,0.9380000000000002
99,7292.240808080808,1594.88,135776.87,45922.08,23012.713030303028,258.91,142879.73,989266241.481644,12,0.2634397162312305,31169.999166666665,3822.8,2750321877.8765354,0.3830215651980134,28990.9875,2179.0116666666668,8.25,0.0365648351169824,0.5030616265360341,374039.99,347891.85,83720.8,198564.51,65606.54000000001,0.0,62274.78,47603.16999999999,0.1885831473200651,0.0,0.1813073229510838,0.0616456522335892,0.1272675951039352,0.0,0.0,0.2072072110916079,0.0454172755124904,0.1790061480313494,0.9300926620172352,0.0699073379827649,0.2406518002649386,0.5707650524149963,0.1885831473200651,0.0089307064824887,0.7937885189424136,Male,65,Doctorate,Salaried - Govt,504303.85,42025.32,Savings,Mass Market,14443.76,1,1.2,Android 13,0,9.3,2.0,VERIFIED,0.89,0.99,0.82,0.91,1,1.0,1294594.63,42114.12,10.56,1.0021,641.0,0.0,0.4310375897332217,-29079.7875,1.002113011869987,0.3846153846153846,0.91
99,5837.9979151515145,1737.87,92954.77,24967.36,21266.797474747476,72.47,97401.72,547226246.8332417,12,0.2981373986073021,22677.189166666663,3152.0150000000003,1334359962.9239902,0.393363846459683,25486.29363333333,-2809.104466666666,8.25,0.073490061987005,0.5629960970523543,272126.27,305835.5236,75651.99359999999,209769.79,20413.74,16534.713599999992,31085.819999999996,42470.74999999999,0.066747445684887,0.0540640714504624,0.2705148474125783,0.0916553435978945,0.1560700111753267,0.0,0.0,0.1895360268083651,0.0869720419881269,0.1016422802494876,1.1238735738376158,-0.1238735738376159,0.2473616952978446,0.6858908590172682,0.066747445684887,0.0028434891727535,0.8344405734591707,Male,66,Bachelor's,Salaried - Private,556045.36,46337.11,Salary,Mass Market,50651.8,0,2.5,Android 13,0,0.3,2.8,VERIFIED,0.86,0.94,0.91,0.89,1,1.0,616697.47,10975.64,12.27,0.2369,650.0,1.0,0.4612167466967515,9875.176366666668,0.2368650094923917,0.1923076923076923,0.9000000000000001
99,6764.149090909091,1745.5,128236.46,43319.64,19481.16181818182,1442.91,129826.2,670010824.7513313,12,0.2744277710319105,27266.655,4391.115,2134778259.5567548,0.3813429118575681,28537.574999999997,-1270.919999999999,8.25,0.0320081890181272,0.5331038896028469,327199.86,342450.9,78328.24,212075.64,52047.02,8183.37,27186.59,45297.27,0.1519838902452877,0.0238964768379934,0.2638916119069916,0.1254436183406146,0.1384391484764082,0.0,0.0,0.1301849111799676,0.0929374400826512,0.0793882860287416,1.0466107778896974,-0.0466107778896971,0.2287283812073497,0.6192877285473625,0.1519838902452877,0.0505617593646271,0.682649517983985,Male,39,Master's,Salaried - Private,491179.7,40931.64,Savings,Mass Market,25087.72,1,0.5,Android 14,0,1.8,1.0,VERIFIED,0.9,0.88,0.87,0.9,1,1.0,97480.08,2727.79,15.3,0.0666,661.0,1.0,0.4420473029556796,9666.275,0.0666425777222706,0.8333333333333334,0.8880000000000001
93,4061.468494623656,1218.74,66696.46,20810.52,14041.867956989248,374.69,67071.15,262053135.93210563,12,0.3138839759875381,16062.111666666666,7511.219999999999,442656513.1914516,0.4436489406642257,15414.269166666669,647.8425000000007,7.75,0.0246205673078852,0.4757136640993198,192745.34,184971.23,77645.61,106705.3,620.32,0.0,34060.97,7136.86,0.0033536026116061,0.0,0.2624914696193565,0.2356292921877635,0.0370274062138155,0.0,0.0,0.1683392060484217,0.1074608197177474,0.184141987918878,0.9596664178755244,0.0403335821244757,0.4197712801066414,0.5768751172817524,0.0033536026116061,0.0243079964381487,0.9109655349314104,Male,41,High School,Salaried - Private,527565.92,43963.83,Salary,Mass Market,55553.85,1,1.0,Android 13,0,2.7,1.1,VERIFIED,0.94,0.97,0.86,0.75,1,1.0,1642362.6,54651.97,12.13,1.2431,671.0,0.0,0.4564748300382633,-26102.409166666665,1.24311212194206,0.4545454545454545,0.895
93,6575.688240860216,1356.39,148112.26,49237.99,18933.526666666665,45.42,150852.58,867165279.1557137,12,0.2568539586267168,25085.503333333338,4503.6,2227556208.966533,0.3569803552889872,25876.080533333337,-790.5772000000015,7.75,0.0133409722863643,0.4651530159819762,301026.04000000004,310512.96640000003,120711.5064,172103.79,17697.670000000002,13803.886400000018,83411.12000000001,60343.92,0.0569949467978159,0.0444551045968817,0.1111112054353167,0.0756699479329697,0.2004607973449738,0.0,0.0,0.2238473671674665,0.0249615663070745,0.2686236293673821,1.031515301466943,-0.0315153014669429,0.3887486818972336,0.5542563713049504,0.0569949467978159,0.0017552890184234,0.731699943593724,Male,56,Bachelor's,Salaried - Private,439221.58,36601.8,Salary,Mass Market,72796.78,0,0.8,Android 10,0,1.1,2.1,VERIFIED,0.9,0.93,0.83,0.88,1,1.0,619601.58,13924.01,12.45,0.3804,626.0,1.0,0.4002494195661828,-3198.290533333333,0.3804187225764853,0.5555555555555556,0.8910000000000001
96,6049.457708333332,1641.925,89795.52,24859.38,22287.1065625,1402.7,95441.59,635219937.2221363,12,0.3017672976826955,23789.20166666667,5870.455,1363200817.249306,0.402269940837222,24606.460000000003,-817.2583333333332,8.0,0.0205975509190599,0.54363239800579,285470.42,295277.52,129582.13,158110.9,7584.49,0.0,61825.48,25698.11,0.0256859716242536,0.0,0.2321361273963558,0.2294676885663358,0.090020219958341,0.0,0.0,0.0896145429560638,0.1266843815269107,0.2093809240879563,1.0343541723166976,-0.0343541723166974,0.4388486126542921,0.5354654157214541,0.0256859716242536,0.0570053555042049,0.9057420922188726,Male,60,Master's,Self-Employed Business,397327.47,33110.62,Savings,Mass Market,33421.2,1,4.2,Android 14,0,9.5,5.0,REJECTED,0.43,0.7,0.47,0.41,0,2.0,1730522.41,47300.19,10.475,1.4286,669.0,0.0,0.4588149237046492,-38796.030000000006,1.4285504167545036,0.1162790697674418,0.5149999999999999
92,7704.523260869565,2049.995,149041.12,28088.67,24772.311304347822,1624.7,154617.88,1081164290.956282,12,0.257135713947014,33558.39916666667,5583.26,3272521438.0439167,0.3799323539446481,25509.6125,8048.786666666667,7.666666666666667,0.1046828079525007,0.5010778509847705,402700.79,306115.35,115263.33,143254.32,47597.7,0.0,16557.92,10348.57,0.1554894257997842,0.0,0.1086878524712988,0.3224451501696991,0.0256979133316326,0.0,0.0,0.1815623097632967,0.1439186894744089,0.0540904596910935,0.7601558218944641,0.2398441781055358,0.3765356098607927,0.4679749643394231,0.1554894257997843,0.0636897169645364,0.9710971228727142,Male,38,Diploma,Salaried - Private,201989.11,16832.43,Savings,Mass Market,58032.44,0,1.1,iOS 16,0,5.1,3.3,VERIFIED,0.9,0.99,0.87,0.86,1,0.0,0.0,0.0,0.0,0.0,650.0,0.0,0.428390552760697,-8677.182499999999,0.0,0.4166666666666666,0.913
95,17778.419669894738,4065.9,137798.47,248365.2,83126.12021052632,753.26,806105.92,25547148883.53067,12,0.3293445172356536,28331.414999999997,3231.8199999999997,2414541460.9314456,0.3758688849160526,112414.40738666667,-84082.99238666668,7.916666666666667,0.2726554294649382,0.348655223314906,339976.98,1348972.88864,446477.1386400001,562375.6,340120.14999999997,29498.168640000047,224335.59,397492.68,0.2521326802519362,0.0218671323111166,0.0095997852210771,0.1428074512262571,1.1691752776908602,0.0,0.0,0.0340835241294979,0.0785451812206703,0.1663010368030223,3.9678359653644786,-2.967835965364479,0.3309756203403961,0.4168916994076676,0.2521326802519362,0.0067007425250132,0.73946144576114,Male,30,Bachelor's,Salaried - Private,7272254.39,606021.2,Savings,HNI,1054471.12,1,0.9,Android 13,0,7.4,1.8,VERIFIED,0.89,0.96,0.97,0.96,1,1.0,517331.62,17701.28,14.08,0.0292,742.0,1.0,0.364983420275594,475905.5126133333,0.0292090111699062,0.5,0.9409999999999998
100,4809.2277,1304.24,82752.33,17830.42,19193.4678,0.0,82992.37,439372684.318589,12,0.2926237223090007,19478.198333333337,3566.47,944018484.6894152,0.3983799166088183,20598.69916666667,-1120.5008333333335,8.333333333333334,0.0322171693362625,0.6041135830389065,233738.38,247184.39,82328.59,118683.26,46172.54,15324.78,44419.740000000005,28012.599999999995,0.1867939152630148,0.0619973615647816,0.1750108491883326,0.0913652759383389,0.1198459576899608,0.0,0.0,0.0916955556942734,0.1001074541964401,0.1797028525951821,1.0575258971162544,-0.0575258971162545,0.3330654900983027,0.4801405946386824,0.1867939152630147,0.0,0.93178057724438,Male,34,Bachelor's,Salaried - Private,291395.98,24283.0,Current,Mass Market,52084.65,0,1.8,Android 14,0,6.7,5.2,VERIFIED,0.94,0.92,0.95,0.82,1,1.0,279182.12,7412.39,12.44,0.3053,642.0,1.0,0.4806733831808535,-3728.089166666669,0.305250175019561,0.2631578947368421,0.912
93,7394.946843010753,2165.79,130221.11,41185.93,26221.816129032257,769.52,137209.39,1029988526.3456976,12,0.2812688442749296,30582.770833333332,7093.58,2247798073.4341545,0.4025435752998051,26728.0672,3854.703633333336,7.75,0.0596986712843663,0.4990856596574207,366993.25,320736.8064,101834.63639999996,193650.79,25251.379999999997,24278.446399999983,37377.58000000001,83417.11000000002,0.0787292867426892,0.0756958537827481,0.0531079990200962,0.1252697202138133,0.2272987582196675,0.0,0.0,0.1237622848638552,0.1668186155513207,0.1165366096256048,0.8739583259365125,0.1260416740634876,0.3175021836221662,0.6037685296351445,0.0787292867426892,0.0287907088171343,0.9810591964177736,Female,24,Bachelor's,Salaried - Private,443742.67,36978.56,Current,Mass Market,22088.89,0,2.6,Android 14,0,0.6,4.0,VERIFIED,0.97,0.93,0.94,0.96,1,1.0,766853.69,13178.84,11.12,0.3564,673.0,1.0,0.4411604090428513,-2928.347200000004,0.3563913792208242,0.1851851851851851,0.95
92,11530.50494,2384.755,136911.0,108440.15,42239.79934782609,580.68,327343.43,3360637491.6862698,12,0.3142650716912363,31696.06833333333,3966.635,2831536500.005706,0.383538112210907,56704.46954,-25008.401206666673,7.666666666666667,0.2034399794758754,0.4301865442042094,380352.81999999995,680453.63448,166731.36448000002,453599.12,60123.15,24926.444480000013,108484.30999999998,107684.44,0.0883574529599593,0.0366320983780896,0.1213645218650489,0.0489682298860281,0.2831172383577963,0.0,0.0,0.3158611389654018,0.0711332669080227,0.1594293931325729,1.789006413781815,-0.7890064137818148,0.2450297213966907,0.6666128256433499,0.0883574529599593,0.010240462607456,0.7449112863674642,Male,55,Bachelor's,Salaried - Private,2304890.63,192074.22,Salary,Affluent,403942.05,1,2.0,Android 14,0,4.5,2.5,VERIFIED,0.87,0.96,0.98,0.88,1,1.0,2861917.61,35361.35,8.42,0.1841,777.0,1.0,0.4021974850082279,100008.40046,0.1841025307821112,0.238095238095238,0.921
92,6161.818152173913,1852.945,147683.76,30980.58,20014.880434782608,1026.17,159271.93,866849977.8632017,12,0.2440795672754391,28271.254166666666,2770.305,2687102709.2696996,0.3629176855918776,18969.351666666666,9301.9025,7.666666666666667,0.1353386286929394,0.5024271776497627,339255.05,227632.22,59059.82,147522.56,21049.84,0.0,36359.46,75488.68,0.0924730251279893,0.0,0.1352880536858973,0.0997238440147005,0.2225130620752734,0.0,0.0,0.1521915043485496,0.0289689658168777,0.1597289698268549,0.670976659006255,0.329023340993745,0.2594528138415554,0.6480741610304551,0.0924730251279893,0.0540962083487126,1.055116737065567,Male,31,Bachelor's,Salaried - Private,277999.79,23166.65,Salary,Mass Market,47649.1,0,0.8,Android 14,0,8.4,2.8,VERIFIED,0.95,0.95,0.88,0.96,1,1.0,170482.82,5765.61,13.26,0.2489,616.0,0.0,0.4187214824150316,-1568.311666666665,0.2488754308456336,0.5555555555555556,0.938
98,6425.2036734693875,1564.605,133517.78,45921.99,20373.39081632653,624.57,138896.18,684095672.0503932,12,0.2770644471361158,25743.798333333336,5534.924999999999,1803137843.7808516,0.3877206449870514,26728.698333333337,-984.9000000000008,8.166666666666666,0.0358143667766879,0.5300893901978235,308925.58,320744.38,149735.03,145694.89,25314.46,0.0,62676.01000000001,38996.280000000006,0.0789240952561663,0.0,0.0671235455473919,0.2714280449746305,0.1262319552819161,0.0,0.0,0.0659358396240645,0.1995999431073429,0.1954079756596203,1.038257757742172,-0.0382577577421721,0.4668360206342508,0.4542398841095829,0.0789240952561663,0.0233670189326466,0.7622290678824002,Female,50,High School,Salaried - Private,316638.74,26386.56,Savings,Mass Market,30373.44,0,0.3,Android 11,0,6.9,2.5,VERIFIED,0.9,0.91,0.95,0.83,1,3.0,4941967.71,228300.8,11.856666666666667,8.6522,604.0,0.0,0.4446681430713602,-228642.93833333332,8.652162312935069,1.25,0.8990000000000001
95,259440.16972631577,3104.78,117650.13,6395325.26,1158761.8271578946,78.68,17750128.04,12431781456093.805,12,0.2102666144175735,22945.1875,2698.285,1657616526.14093,0.3705377576507236,2030956.1561666664,-2008010.9686666664,7.916666666666667,0.2655637249105662,0.2680526810097727,275342.25,24371473.87399999,5774692.193999995,12519864.08,6076917.6,36072.293999994785,2344811.74,190447.89000000004,0.2493455107154181,0.0014801030986672,0.0611253791092733,0.1392532998843614,0.691676958403587,0.0,0.0,0.1727655328425542,0.2720044743404754,0.0962113227998695,88.5133824322275,-87.5133824322275,0.2369447257828981,0.5137097635016837,0.2493455107154181,3.874037347438597e-05,0.5705498977117275,Female,62,Master's,Self-Employed Professional,31779293.31,2648274.44,Savings,Ultra HNI,24143672.06,1,3.3,Android 11,0,1.2,6.7,VERIFIED,0.98,0.95,0.88,0.93,1,1.0,728702.96,25232.19,14.92,0.0095,763.0,1.0,0.3295437269943433,592086.0938333338,0.0095277851943471,0.1470588235294117,0.941
93,6796.4002150537635,1241.16,147138.07,38157.84,18907.053548387095,889.87,149691.77,845625637.9422467,12,0.2518175261229625,29843.51,2413.885,2682241926.6853633,0.3757334308174702,22828.59166666667,7014.918333333332,7.75,0.1114630275634132,0.4406074211705475,358122.12,273943.1,64118.85,161281.78,48542.47,0.0,25858.930000000004,56689.329999999994,0.1771990971847803,0.0,0.3284278742556392,0.13966374769067,0.1582960862624179,0.0,0.0,0.0263677019059797,0.0270079808544183,0.0943952594535142,0.7649432545523855,0.2350567454476143,0.2340590071441843,0.5887418956710354,0.1771990971847803,0.0389805036155318,0.8282181320889086,Male,63,High School,Salaried - Private,408816.46,34068.04,Savings,Mass Market,11171.97,1,0.2,Android 13,0,0.4,2.8,VERIFIED,0.89,0.88,0.94,0.89,1,1.0,7723863.25,62194.64,8.5,1.8256,648.0,0.0,0.4016830269587012,-50955.19166666667,1.8256007683447597,1.6666666666666663,0.8970000000000001
91,7285.214356043955,2428.61,147581.03,32032.671999999988,36931.01263736263,157.54,148248.12,1422169416.5771306,12,0.2972842715423616,23989.638333333332,6478.42,1848149613.9050329,0.3682339385030165,31256.57053333333,-7266.932199999998,7.583333333333333,0.147799730819844,0.5781472255205247,287875.66,375078.8464,164654.20639999997,152793.09,57631.55,44612.92639999998,72901.92000000001,91560.87999999998,0.1536518269509106,0.1189427951701196,0.0655955680682716,0.1256785351998459,0.3180570389313218,0.0,0.0,0.0474888684631509,0.0501671320059813,0.1943642535421853,1.3029196230066828,-0.3029196230066827,0.4389855839121509,0.4073625891369383,0.1536518269509106,0.0050402202580731,1.1815439764249835,Male,28,Bachelor's,Salaried - Govt,1785648.54,148804.05,Savings,Affluent,115173.77,0,2.7,Android 14,0,8.9,6.8,VERIFIED,0.88,0.89,0.84,0.75,1,2.0,10431042.04,102770.59,10.204999999999998,0.6906,692.0,1.0,0.4521992533100198,14776.889466666677,0.6906437694404152,0.1785714285714285,0.8490000000000001
93,3311.159247311828,995.78,91555.61,10272.17,10277.084516129033,307.66,92009.91,287844298.87330323,12,0.2335761264802571,15677.718333333332,3859.71,782960494.8968697,0.3691811809444511,9983.765833333331,5693.9525,7.75,0.1559916915546646,0.5079400721407643,188132.62,119805.19,44835.48,46789.32,28180.39,0.0,19682.83,7940.280000000001,0.2352184408705499,0.0,0.1513726575618302,0.2099462469029931,0.0422057588949752,0.0,0.0,0.1511521328917386,0.0217436323084166,0.1642902949363045,0.6368124251923989,0.3631875748076011,0.3742365418392976,0.3905450172901524,0.2352184408705499,0.0308160272522417,1.0293795635527008,Male,53,Master's,Salaried - Private,307655.86,25637.99,Savings,Mass Market,18820.42,0,0.2,iOS 17,0,1.4,0.8,VERIFIED,0.95,0.92,0.83,0.84,1,1.0,3785254.87,47296.93,8.68,1.8448,653.0,0.0,0.4246847374229764,-31642.70583333333,1.8447986757152175,1.6666666666666663,0.895
96,5471.956875,1211.985,133145.65,28945.62,18478.258333333335,271.09,139373.53,632090793.2853298,12,0.2616975312484015,21560.8875,2773.335,1627575222.0867844,0.3582448119176551,22214.7675,-653.8800000000005,8.0,0.0213824791871318,0.4769682272677765,258730.65,266577.21,102270.61,149676.33,14630.270000000004,0.0,54007.34,43239.52,0.0548819233272041,0.0,0.1772251648968792,0.1810479973137989,0.1671217538393692,0.0,0.0,0.1149005948407967,0.1071462185383364,0.2025954881889566,1.0303271375076746,-0.0303271375076745,0.3836434855027554,0.5614745911700403,0.0548819233272041,0.0122031436970924,0.8318006629298881,Male,23,High School,Salaried - Private,364035.02,30336.25,Savings,Mass Market,63260.17,1,4.0,Android 13,0,8.7,6.4,VERIFIED,0.89,1.0,0.89,0.83,1,0.0,0.0,0.0,0.0,0.0,650.0,0.0,0.4057341780577037,8121.482499999998,0.0,0.1219512195121951,0.911
90,5815.076222222222,1888.45,112576.44,34755.3,21632.39244444445,1182.31,113758.75,616269771.9110659,12,0.2666955665406652,21449.455833333333,4452.39,1758859552.9730814,0.3482004256156538,22163.615833333333,-714.1599999999997,7.5,0.0327233221802387,0.4939131980466859,257393.47,265963.39,92584.56,159210.37,14168.46,0.0,12358.15,44096.54,0.0532722191576818,0.0,0.2498385962067937,0.3016445609299836,0.1713195754344506,0.0,0.0,0.0509932588842396,0.1319864737774623,0.0464656056609896,1.0332950171579722,-0.0332950171579721,0.3481101665909732,0.5986176142513449,0.0532722191576818,0.0533446351394453,0.9760317362977414,Male,66,High School,Salaried - Govt,450972.57,37581.05,Salary,Mass Market,14728.75,1,1.4,Android 14,0,8.1,1.5,VERIFIED,0.97,0.91,0.93,0.94,1,0.0,0.0,0.0,0.0,0.0,650.0,0.0,0.4064855345880667,15417.43416666667,0.0,0.3333333333333333,0.9380000000000002
94,4753.685425531915,1638.31,73854.6,24952.47,16080.62010638298,1154.5,83825.59,340441492.4663387,12,0.3032613707640594,19415.819166666668,3974.565,902146087.696572,0.4030571812370844,17821.383333333335,1594.4358333333337,7.833333333333333,0.0504735933629128,0.5701310389293207,232989.83,213856.6,98672.27,108414.28,6770.05,0.0,33556.3,36551.59,0.0316569607858724,0.0,0.2013098964446269,0.3044842665599285,0.1568806243602993,0.0,0.0,0.0566084469686696,0.0781137921392185,0.1569102847422057,0.9178795486481104,0.0821204513518894,0.4613945513021342,0.5069484879119933,0.0316569607858724,0.0647817275688475,0.9023216551492717,Female,40,Bachelor's,Salaried - Private,473558.51,39463.21,Savings,Mass Market,28889.35,1,0.7,iOS 16,0,6.8,4.6,VERIFIED,0.92,0.98,0.83,0.83,1,1.0,7662551.65,64041.7,8.95,1.6228,658.0,0.0,0.4698867243139789,-42399.87333333333,1.6228203433020274,0.625,0.902
94,7872.567553191489,2338.685,141618.45,43926.46,21890.474042553193,1612.08,146418.98,633740691.0121987,12,0.2935054154217801,29724.480833333335,7577.334999999999,2349638930.6250634,0.390431648664221,31943.965,-2219.484166666667,7.833333333333333,0.036876725515981,0.5006624298490098,356693.77,383327.58,131333.63,193437.69,58556.26,0.0,79595.81,82280.62999999999,0.1527577535641969,0.0,0.1139320056229713,0.1349702518143881,0.2306758259332648,0.0,0.0,0.1333336359465708,0.0427136497718217,0.2076443599492632,1.0746685595321723,-0.0746685595321723,0.3426146117636513,0.5046276346721517,0.1527577535641969,0.0504658704703689,0.6852772986244254,Male,36,Bachelor's,Retired,418537.0,34878.08,Savings,Mass Market,68830.65,0,2.4,Android 14,0,7.5,4.0,VERIFIED,0.91,0.94,0.92,0.95,1,2.0,6469684.4,89688.22,12.03,2.5715,654.0,0.0,0.4345239611381365,-86754.105,2.57147813182377,0.2,0.929
91,3758.8084615384614,1129.63,69175.49,19985.27,10802.682637362635,805.35,70114.73,151929524.45511076,12,0.298443697031271,14306.448333333334,2914.91,495717425.75270617,0.4016206150351357,14197.849166666669,108.59916666666564,7.583333333333333,0.0062482882105208,0.4649439854375091,171677.38,170374.19,66248.59,71416.26,32709.34,0.0,48061.4,24700.320000000003,0.1919853001208692,0.0,0.0519489483706422,0.1067485045710268,0.1438763802196888,0.0,0.0,0.1976566403631912,0.0245905204303539,0.2820931973322955,0.992409075674384,0.0075909243256158,0.3888417019033223,0.4191729979758083,0.1919853001208692,0.0567233804603854,0.7608675448338251,Female,38,Master's,Salaried - Private,242747.74,20228.98,Savings,Mass Market,39228.91,0,0.4,Android 14,0,6.5,0.5,VERIFIED,0.98,0.9,0.94,0.81,1,0.0,0.0,0.0,0.0,0.0,650.0,0.0,0.4269499631960851,6031.130833333333,0.0,1.0,0.914
90,6348.828111111112,1861.52,133929.51,37517.53,22933.422777777778,215.87,135651.28,834401491.5751729,12,0.2606555830556931,22721.095,1955.38,2144372260.4593363,0.3388423003305487,24895.115833333333,-2174.0208333333344,7.5,0.0908452739955373,0.4675291479751796,272653.14,298741.39,71319.14,181257.17,46165.079999999994,0.0,36851.880000000005,87227.71,0.1545319180579564,0.0,0.0207187226383327,0.1153749067044241,0.3199218978369367,0.0,0.0,0.1304566802745344,0.1635766306101742,0.1233571283845201,1.0956829251993945,-0.0956829251993944,0.2387320350889443,0.6067360468530992,0.1545319180579563,0.0086711787743907,0.9212016899745072,Male,69,Bachelor's,Salaried - Private,214207.83,17850.65,Savings,Mass Market,33756.07,0,0.8,Android 14,0,6.8,2.2,VERIFIED,0.88,0.89,0.85,0.96,1,1.0,1640776.87,53794.66,11.1,3.0136,631.0,0.0,0.390317039388401,-60839.12583333333,3.0135967037614875,0.5555555555555556,0.893
96,4459.537395833334,1825.53,68164.41,18434.61,18438.8921875,881.91,74131.39,326777080.6634719,12,0.3274600038853286,15681.085833333336,3602.905,594072048.6879176,0.401919008920834,19995.213333333333,-4314.1275,8.0,0.1227907317141426,0.5582180947933782,188173.03,239942.56,62327.82,120209.79,57404.95,0.0,46575.7,21515.980000000003,0.2392445508625064,0.0,0.1788404691522838,0.0656495454578795,0.1143414654055366,0.0,0.0,0.1061056862942531,0.1263764961080685,0.1941118741085366,1.275116630688255,-0.2751166306882553,0.2597614195664162,0.5009940295710773,0.2392445508625064,0.0441060560494144,0.9221653142735494,Male,32,Bachelor's,Salaried - Govt,187103.38,15591.95,Savings,Mass Market,68398.2,0,1.6,Android 13,0,8.5,4.9,REJECTED,0.47,0.56,0.23,0.41,0,0.0,0.0,0.0,0.0,0.0,650.0,0.0,0.4644386432698517,-4403.263333333332,0.0,0.2941176470588235,0.437
94,5611.718404255319,1682.38,111698.79,26590.49,21242.935425531916,1311.08,120344.59,686849874.4684445,12,0.2816283922324427,22570.5925,3639.78,1514098175.5105658,0.3772845951515623,21387.868333333336,1182.7241666666644,7.833333333333333,0.029432703406822,0.5676422093504474,270847.11,256654.42,72103.74,150067.0,34483.68,0.0,22171.31,15673.64,0.1343584108156017,0.0,0.2110396929848315,0.1945512179373338,0.057868957878118,0.0,0.0,0.2005896489138975,0.1120061365005909,0.0863858491118134,0.9475988870621512,0.0524011129378488,0.2809370670491473,0.5847045221352509,0.1343584108156017,0.061300171647151,0.9932235926674592,Male,62,Bachelor's,Salaried - Private,230976.21,19248.02,Salary,Mass Market,73973.19,0,0.6,iOS 17,0,3.4,1.1,VERIFIED,0.89,0.99,0.85,0.89,1,2.0,1353118.52,84451.70999999999,13.445,4.3876,610.0,0.0,0.4534276408311163,-86591.55833333332,4.38755310935878,0.7142857142857143,0.912
92,6329.651847826087,1662.985,133909.19,35184.26,22313.681739130436,666.76,136218.3,779649913.8362739,12,0.264764408784205,25598.810833333337,2753.255,1986498656.1063728,0.3749652721336476,22928.52,2670.290833333333,7.666666666666667,0.0473359571480829,0.4983686161221805,307185.73,275142.24,39217.85,200859.97,35064.420000000006,0.0,16550.05,71274.65,0.1274410646653164,0.0,0.1782654310003436,0.0823857507302404,0.2320246126016335,0.0,0.0,0.2302336420609209,0.0624766666143301,0.0601508877735385,0.8956869187901404,0.1043130812098595,0.1425366385037789,0.7300222968309047,0.1274410646653164,0.0290799406154431,0.9731845639897576,Male,28,Bachelor's,Self-Employed Business,217213.98,18101.17,Savings,Mass Market,37596.83,0,1.9,Android 12,0,8.0,2.8,VERIFIED,0.89,0.89,0.95,0.9,1,1.0,1000238.67,16465.94,9.73,0.9097,630.0,0.0,0.4243266097290608,-21293.29,0.9096616406563774,0.25,0.904
98,5312.055510204082,1712.06,89236.8,28580.22,19720.666020408164,589.52,95372.42,463246801.5725684,12,0.2914373234092779,22254.33083333333,5186.34,1134548992.0740993,0.4083216380959221,21127.455833333333,1126.8750000000011,8.166666666666666,0.0462053983110927,0.5836420354362056,267051.97000000003,253529.47,74686.07,168614.18,10229.22,0.0,29355.629999999997,84540.36,0.0403472621940163,0.0,0.0579517639507549,0.1787975180952336,0.3165689434906621,0.0,0.0,0.2447067790580716,0.0289550559940822,0.1157878411531409,0.9493637886288574,0.0506362113711425,0.2945853592483746,0.6650673785576091,0.0403472621940163,0.0279030283935039,0.9334141401585304,Male,23,High School,Self-Employed Business,260425.64,21702.14,Savings,Mass Market,30195.26,0,2.5,Android 14,0,8.5,5.2,VERIFIED,0.93,0.96,0.86,0.77,1,0.0,0.0,0.0,0.0,0.0,650.0,0.0,0.4784497970320355,574.684166666666,0.0,0.1923076923076923,0.893
94,5514.5787234042555,1888.845,110076.81,27329.81,21884.366489361702,1250.11,114514.84,552801531.2672338,12,0.2885518490236458,21163.92916666667,4708.8150000000005,1258006072.60759,0.383956002456717,22033.604166666668,-869.6749999999993,7.833333333333333,0.0206651119316589,0.5278355522962619,253967.15,264403.25,78258.11,156167.31,29977.83,0.0,56398.85,46224.77,0.1133792039243088,0.0,0.1592441469611285,0.0826739459518746,0.1820108230532964,0.0,0.0,0.221133930842378,0.0354357974041544,0.2133061904496257,1.041092322373189,-0.0410923223731887,0.2959801364015003,0.5906406596741909,0.1133792039243088,0.0567365189346197,0.9932268149969428,Male,58,Master's,Self-Employed Professional,270583.56,22548.63,Savings,Mass Market,50098.64,0,0.6,Android 14,0,1.3,0.6,VERIFIED,0.86,0.99,0.88,0.77,1,1.0,1145430.43,100525.82,9.67,4.4582,607.0,0.0,0.4415078223925349,-100010.79416666667,4.458178612181761,0.7142857142857143,0.885
99,8303.392727272727,2106.96,141294.58,36966.38,29276.391717171715,737.89,142783.73,1417769628.3406434,12,0.2750933642600114,34188.78833333333,5548.67,3116719154.175961,0.3901134443009749,34314.20166666667,-125.41333333333266,8.25,0.0019378900182049,0.5317719799366804,410265.46,411770.42,136082.65,231685.7,44002.07,0.0,77919.35,135158.36,0.1068606870789796,0.0,0.0444684200482395,0.1412517684004596,0.3294412354381478,0.0,0.0,0.1097572525972118,0.0801946142707385,0.1892300811699878,1.00366825908279,-0.0036682590827899,0.3304818495704475,0.5626574633505729,0.1068606870789796,0.0215039244441113,0.8531858616897751,Male,20,Diploma,Self-Employed Professional,329029.38,27419.12,Savings,Mass Market,58955.52,1,0.8,Android 13,0,6.0,3.7,VERIFIED,0.97,0.93,0.85,0.94,1,0.0,0.0,0.0,0.0,0.0,650.0,0.0,0.4467768585552571,-6895.081666666669,0.0,0.5555555555555556,0.9280000000000002
98,4812.943775510204,1896.415,93389.29,28487.22,16685.905102040815,2060.0,97816.15,349713555.34357166,12,0.2891593250990729,20167.7225,5915.43,910504812.9780748,0.4111142850553689,19137.984999999997,1029.7375000000002,8.166666666666666,0.0316939765390807,0.5169353283288618,242012.67,229655.82,69713.58,137992.04,21950.2,0.0,34825.27,51985.23,0.0955786794342943,0.0,0.2997151563587633,0.1519156361898427,0.2148037538695804,0.0,0.0,0.062760395099066,0.0120275201386143,0.1516411384653783,0.9489413095603632,0.0510586904396369,0.303556774655221,0.6008645459104847,0.0955786794342943,0.1076393361161062,0.8718736639223418,Male,62,High School,Salaried - Private,573359.49,47779.96,Salary,Mass Market,24509.7,0,1.5,Android 12,1,9.1,4.1,VERIFIED,0.93,0.89,0.86,0.96,1,2.0,1557560.29,70223.01,12.355,1.4697,613.0,0.0,0.4534427023647661,-41581.035,1.4697168017721236,0.8125,0.91
92,4988.644782608696,1457.63,119125.58,30427.7,17068.858369565216,1588.65,123461.91,537469653.8340006,12,0.2640372132973032,20391.7625,4419.345,1281457803.6380568,0.373041409897087,17854.514166666668,2537.2483333333344,7.666666666666667,0.053575756230417,0.4409347980271187,244701.15,214254.17,64787.54,138848.68,10617.95,0.0,59152.23,38015.90000000001,0.0495577285613624,0.0,0.0445372428457285,0.0263019851608955,0.1553564419292676,0.0,0.0,0.2345946872352589,0.1914903219853317,0.2760843814615136,0.8755748389412964,0.1244251610587036,0.3023863666224092,0.6480559048162282,0.0495577285613624,0.0889774980809008,0.9559967977975998,Male,22,High School,Salaried - Private,514142.92,42845.24,Savings,Mass Market,12321.0,0,0.3,Android 13,0,0.4,3.8,VERIFIED,0.96,0.96,0.92,0.96,1,1.0,1587216.78,29090.75,13.25,0.679,670.0,0.0,0.4001987651490997,-4100.02416666667,0.6789727400289974,1.25,0.952
91,4843.918681318681,2095.62,81731.22,13935.64,17301.535494505493,610.83,89694.52,414055130.2274252,12,0.3106548406576395,20490.61666666667,8963.865,809346590.7653335,0.4293283293132666,16242.433333333332,4248.183333333334,7.583333333333333,0.1154822823192927,0.4946502244615789,245887.4,194909.2,49824.19,90472.73,54612.28,0.0,36182.16,26038.19,0.2801934439215798,0.0,0.1151807610928575,0.0699917192210526,0.1058947713465594,0.0,0.0,0.1674025648866241,0.0480041475723054,0.1856359781888182,0.7926766479290926,0.2073233520709072,0.2556276974098709,0.4641788586685493,0.2801934439215799,0.0376070498468004,1.0652058801435025,Female,22,Bachelor's,Salaried - Private,545441.53,45453.46,Salary,Mass Market,3552.67,0,0.6,Android 14,0,5.3,6.3,VERIFIED,0.98,0.96,0.92,0.87,1,1.0,877959.97,79608.21,15.88,1.7514,629.0,0.0,0.4554570873725915,-50397.18333333334,1.7514224439679622,0.7142857142857143,0.94
99,210561.7591919192,5055.2,117133.42,6734967.19,865727.8351515152,3490.4,13494720.48,4313259108161.0815,12,0.1968525067756657,27516.171666666665,4174.8099999999995,1895012905.3317244,0.3976720146623709,1709618.3416666668,-1682102.17,8.25,0.2853861841443994,0.2891754225634479,330194.06,20515420.1,5036992.890000001,15396913.5,81513.71,0.0,4710071.15,6621957.750000002,0.0039732898279767,0.0,0.0626478606694483,0.0159354153318069,20.05474523072887,0.0,0.0,0.3475690068857034,0.0175080197358473,0.2295868730467771,62.13140266666215,-61.13140266666215,0.245522288378584,0.7505044217934391,0.0039732898279767,0.0020416252650853,0.5063866092519442,Male,49,High School,Salaried - Govt,17604305.99,1467025.5,Current,Ultra HNI,20229687.67,0,0.5,Android 14,1,0.8,5.2,VERIFIED,0.89,0.91,0.82,0.92,1,0.0,0.0,0.0,0.0,0.0,650.0,0.0,0.3542733778228017,-242592.8416666668,0.0,1.3333333333333337,0.8880000000000001
100,9677.378,3483.605,130890.15,56094.42,50251.1849,1709.52,333292.41,3850251410.243244,12,0.33364462461736,26756.578333333335,4091.7,2096364995.116997,0.379032530961197,53888.238333333335,-27131.660000000003,8.333333333333334,0.2316277511716138,0.4268684434776998,321078.94,646658.86,196357.03,377995.19,72306.64,0.0,162239.23,59471.330000000016,0.1118157416106538,0.0,0.3063213577557724,0.0527601214649715,0.1852233908583354,0.0,0.0,0.1209359290306484,0.0653113296862583,0.2508884359830777,2.014018297182618,-1.0140182971826182,0.3036485574480492,0.5845357009412969,0.1118157416106538,0.0317234345169259,0.9325074720231932,Male,25,Bachelor's,Salaried - Govt,836821.83,69735.15,Current,Affluent,336329.99,1,3.5,Android 14,0,0.4,5.2,REJECTED,0.67,0.71,0.2,0.53,0,0.0,0.0,0.0,0.0,0.0,650.0,0.0,0.3981668959677981,15846.91166666666,0.0,0.1388888888888889,0.56
96,6328.785833333332,1419.1950000000002,114731.59,25611.17,20683.009583333333,151.03,116201.06,621835847.2159007,12,0.2689832059785287,25846.36333333333,1884.615,2034696920.6945517,0.3744116301296436,24783.92333333333,1062.4399999999996,8.0,0.0259500041275839,0.4950121770963196,310156.36,297407.08,92790.0,180489.42,24127.660000000003,0.0,59512.43000000001,49138.31999999999,0.0811267169564356,0.0,0.1426504372390865,0.1118923261678908,0.1584307992265578,0.0,0.0,0.2101459723151177,0.0888578375471088,0.2001042813103171,0.9588940236466535,0.0411059763533464,0.3119966074782079,0.6068766755653564,0.0811267169564356,0.0060938697222675,0.834533310370419,Male,24,Bachelor's,Salaried - Private,333319.98,27776.66,Savings,Mass Market,33567.91,1,4.9,Android 13,0,5.8,5.4,VERIFIED,0.88,0.97,0.85,0.88,1,1.0,1286931.27,27744.12,10.63,0.9988,649.0,0.0,0.422651848916314,-24751.383333333328,0.9988285128593576,0.1,0.901
90,5008.472,1674.01,124485.4,34435.97,22174.985777777776,347.41,131886.35,1077547963.7527146,12,0.2587019048075409,17270.094166666666,2386.175,1528639712.7774446,0.3157166750822632,20293.445833333335,-3023.3516666666674,7.5,0.0854583256497333,0.4917941677199546,207241.13,243521.35,159162.15,75160.81,9198.39,0.0,56981.369999999995,12889.55,0.0377724170796523,0.0,0.0899261604783317,0.4195968033192983,0.0621959067681207,0.0,0.0,0.1317097248352146,0.0340758212780932,0.2339892169618803,1.175062836223678,-0.1750628362236782,0.6535860202811786,0.308641562639169,0.0377724170796523,0.0171193203388532,1.0927166317587074,Male,21,Master's,Salaried - Private,385515.55,32126.3,Savings,Mass Market,39418.06,0,0.7,Android 14,0,6.0,1.0,VERIFIED,0.9,0.91,0.87,0.79,1,0.0,0.0,0.0,0.0,0.0,650.0,0.0,0.3861476721373398,11832.854166666664,0.0,0.625,0.8750000000000001
90,5606.767444444445,2101.46,108410.86,23225.85,22749.880333333334,556.68,108967.54,707190044.7604842,12,0.2791701881859856,19785.53583333333,5812.79,1330748350.04039,0.3616428086140261,22265.22,-2479.6841666666664,7.5,0.098768876546811,0.538095643237209,237426.43,267182.64,96692.0,114915.97,55574.67,0.0,60009.170000000006,30293.22,0.2080025483691605,0.0,0.0772974247129229,0.1372949604809653,0.1275899233290918,0.0,0.0,0.1550574169040323,0.0843676445445707,0.2245998093289294,1.1253281279594696,-0.1253281279594693,0.3618947698098948,0.4301026818209446,0.2080025483691605,0.0250022231983335,1.021767596876803,Female,43,Bachelor's,Salaried - Private,401357.41,33446.45,Savings,Mass Market,33104.09,0,0.5,Android 11,0,5.4,2.0,VERIFIED,0.9,0.92,0.88,0.93,1,1.0,1323418.08,117348.96,11.62,3.5086,638.0,0.0,0.4322239424632993,-106167.73,3.5085624931793964,0.8333333333333334,0.908
90,6060.913888888889,925.675,148636.64,42533.02,16469.726444444444,183.38,152987.4,780654735.3546681,12,0.241694200388782,22022.48166666667,763.2,2371738064.3135247,0.3208051241266933,23434.3725,-1411.8908333333318,7.5,0.0937378331991452,0.3980887851559059,264269.78,281212.47,80571.37999999999,151925.48,48715.61000000001,0.0,66281.68000000001,34289.009999999995,0.1732341741459758,0.0,0.0999805591835952,0.0508146029228362,0.129750022874352,0.0,0.0,0.2199437670740561,0.0983944986507888,0.2356996473164934,1.0641113410697205,-0.0641113410697204,0.2865142502393297,0.5402515756146946,0.1732341741459758,0.0078252575356988,0.7028021102098827,Male,23,Bachelor's,Salaried - Private,321309.15,26775.76,Savings,Mass Market,17418.2,1,0.4,Android 13,0,2.5,1.4,VERIFIED,0.86,0.98,0.85,0.84,1,0.0,0.0,0.0,0.0,0.0,650.0,0.0,0.3517185885383783,3341.387499999997,0.0,1.0,0.8900000000000001
91,7872.566593406594,2625.54,113731.2,26272.88,31356.124175824178,3237.06,118904.8,944589964.5546024,12,0.2829122669602806,31901.11333333333,4772.655000000001,2590557148.9849696,0.3956469727469233,27799.183333333334,4101.930000000001,7.583333333333333,0.0690108574084316,0.5702191567413506,382813.36,333590.2,127189.97,156222.17,50178.060000000005,0.0,38074.9,39021.13,0.1504182676829235,0.0,0.2118447424414746,0.267139352415029,0.1019325187605782,0.0,0.0,0.0518751150363529,0.087612525787628,0.1141367462233602,0.8714173402934527,0.1285826597065474,0.3812760986383892,0.4683056336786872,0.1504182676829235,0.1164444279238418,1.1279512710801758,Male,20,Bachelor's,Self-Employed Professional,324980.73,27081.73,Savings,Mass Market,68976.47,0,2.6,Android 14,0,3.8,5.3,REJECTED,0.63,0.49,0.58,0.36,0,3.0,5994312.300000001,68010.03,11.363333333333337,2.5113,660.0,0.0,0.4654758463446942,-68727.48333333334,2.511288237494429,0.1851851851851851,0.5239999999999999
92,6001.306195652174,880.145,104977.23,28378.49,16200.379673913045,320.77,105369.18,495524090.0704143,12,0.2628958012041484,24746.015833333335,2213.415,1722509730.766681,0.3837744052308217,21263.998333333333,3482.0174999999995,7.666666666666667,0.0665994788379653,0.5098131231879751,296952.19,255167.98,65004.88,142499.76,47663.33999999999,0.0,22512.52,13321.749999999998,0.1867920105022581,0.0,0.2469011198035114,0.1665270070327789,0.044861598764434,0.0,0.0,0.1235887433838681,0.1357570804926229,0.0882262735316554,0.8592897732123141,0.1407102267876858,0.2547532805644344,0.5584547089333074,0.1867920105022581,0.0150851215736394,0.7618689307606562,Female,47,Bachelor's,Salaried - Private,598792.29,49899.36,Savings,Mass Market,33111.24,1,1.5,Android 14,0,7.2,2.0,REJECTED,0.4,0.66,0.32,0.3,0,1.0,1481621.23,131966.24,12.47,2.6446,642.0,0.0,0.434189892413683,-103330.87833333333,2.644647947388503,0.3125,0.442
96,18708.764270833333,2994.215,85502.75,352419.6,145804.48479166665,512.88,1038044.33,70756097059.8141,12,0.2907543001481782,17477.415833333333,1924.96,927561790.8638992,0.3747699527220892,132192.69833333333,-114715.2825,8.0,0.318870188530207,0.3581319089335565,209728.99,1586312.38,404653.19,1115619.43,66039.76,0.0,290804.05000000005,209800.49,0.0416309932599782,0.0,0.0467333804707493,0.0717696851108228,1.000340916150886,0.0,0.0,0.2773701671545928,0.2469182456988704,0.1833207971307643,7.563629520172676,-6.563629520172675,0.2550904822415872,0.7032785244984345,0.0416309932599782,0.0038797906878845,1.1029692761396717,Female,69,High School,Salaried - Govt,3725510.43,310459.2,Savings,HNI,1390463.93,0,3.9,Android 14,0,6.6,5.0,PENDING_REVERIFICATION,0.56,0.6,0.31,0.21,0,0.0,0.0,0.0,0.0,0.0,650.0,0.0,0.3681147352066761,178266.50166666668,0.0,0.125,0.4519999999999999
94,5571.813510638298,1116.985,128233.45,25680.94,20254.840531914895,54.48,134436.93,919014255.7462713,12,0.255980669618326,23555.01166666667,2016.185,1823239046.9241247,0.3655632695307941,20090.860833333332,3464.150833333335,7.833333333333333,0.0775928419514022,0.5190535267085358,282660.14,241090.33,66668.33,137183.91,37238.09,0.0,33728.0,39880.22,0.1544570037296808,0.0,0.0320076296714181,0.1366306562357768,0.1410889416526858,0.0,0.0,0.2244208633336724,0.1471699839641017,0.1398977719263978,0.8529335972167847,0.1470664027832152,0.2765284281621747,0.5690145681081444,0.1544570037296809,0.0027116807214955,1.008161905054337,Male,31,Diploma,Self-Employed Business,415385.07,34615.42,Savings,Mass Market,10102.23,0,4.9,Android 13,0,5.9,6.0,VERIFIED,0.94,0.89,0.86,0.83,1,0.0,0.0,0.0,0.0,0.0,650.0,0.0,0.4269593724018907,14524.559166666666,0.0,0.1,0.887
91,7833.590329670329,2112.24,149791.73,34281.4,28199.279450549453,2817.49,155053.68,1108367831.8504424,12,0.2925256131525396,28767.155,4419.09,2367674803.3280272,0.3817664902984969,30637.571666666667,-1870.4166666666667,7.583333333333333,0.0287042410104363,0.4783820089087768,345205.86,367650.86,128624.12,160540.66,78486.08,0.0,57165.67000000001,21235.24,0.2134799303883037,0.0,0.1161578134211355,0.1943649744216564,0.0615147147270327,0.0,0.0,0.094435710010307,0.1683133013751144,0.1554890147679785,1.0650191743558466,-0.0650191743558466,0.3498539891896349,0.4366660804220613,0.2134799303883037,0.0919619227872879,0.920414964911529,Male,61,Bachelor's,Self-Employed Business,877019.83,73084.99,Savings,Affluent,109699.79,1,0.6,Android 14,0,8.1,2.0,VERIFIED,0.96,0.89,0.82,0.91,1,0.0,0.0,0.0,0.0,0.0,650.0,0.0,0.4204126977426089,42447.418333333335,0.0,0.7142857142857143,0.901
94,7221.471170212766,1779.58,146803.69,31959.73,23357.029042553193,1343.71,148868.53,897915850.2946733,12,0.2721995939610557,29067.900000000005,3940.135,2385052161.4970913,0.3833593654035223,27500.290833333333,1567.60916666667,7.833333333333333,0.0297977647498392,0.5209698178996391,348814.8,330003.49,108782.03,170877.95,50343.51,0.0,65583.22,57710.130000000005,0.1525544775299194,0.0,0.1377416341869596,0.1309041004384529,0.1654463342725136,0.0,0.0,0.0892616014454877,0.1159259255106665,0.1987349285306043,0.94607078025359,0.0539292197464099,0.3296390289690573,0.5178064935010234,0.1525544775299194,0.0488616650690573,0.8493375282504991,Male,62,Bachelor's,Salaried - Private,437867.53,36488.96,Savings,Mass Market,20458.64,1,0.5,Android 14,0,0.7,2.2,VERIFIED,0.98,0.93,0.83,0.76,1,2.0,1190818.64,69795.75,12.98,1.9128,646.0,0.0,0.438403546401969,-60807.08083333333,1.9127908825025433,0.8333333333333334,0.891
100,5149.1838,1756.0700000000002,112150.65,33153.01,18524.1282,377.99,121028.2,462596400.24328566,12,0.2860050386846239,20530.603333333336,1338.7,1355755762.7182243,0.3680512383090935,22379.26166666667,-1848.6583333333335,8.333333333333334,0.0496111144484222,0.5646441745845289,246367.24,268551.14,76232.98,157839.1,34479.06,0.0,36635.95,53763.33,0.12838917756968,0.0,0.1855939617310877,0.1474468885144185,0.2182243467110318,0.0,0.0,0.1150487761846775,0.0869027031499475,0.1364207577000045,1.0900440334518502,-0.0900440334518501,0.283867646214423,0.5877431762158969,0.12838917756968,0.0168901908217555,0.8277363425081717,Male,58,High School,Salaried - Private,413156.19,34429.68,Savings,Mass Market,44923.39,0,1.6,Android 14,0,3.1,6.8,REJECTED,0.53,0.53,0.37,0.45,0,2.0,4646541.550000001,66324.72,9.7,1.9264,660.0,0.0,0.4466884128192676,-54274.30166666667,1.9263821214719392,0.2941176470588235,0.482
91,4898.974835164835,1790.35,95985.65,24578.48,12969.74934065934,156.33,100703.67,236750299.1766751,12,0.2741367744464516,21290.755,7713.83,1054089871.4894636,0.4065150511611558,15859.804166666669,5430.950833333333,7.583333333333333,0.1519236963060908,0.5262259443399803,255489.06,190317.65,80581.29,91934.8,17801.56,0.0,19728.99,17370.66,0.0935360435566538,0.0,0.1043063530891643,0.3197407071808631,0.067989838782138,0.0,0.0,0.1465628122247201,0.1409186693929859,0.1036634805022025,0.744915066030616,0.255084933969384,0.4234041876830656,0.4830597687602805,0.0935360435566538,0.0098569943460314,0.8177748731550231,Male,26,Bachelor's,Self-Employed Professional,307162.4,25596.87,Salary,Mass Market,35532.26,0,0.6,Android 13,0,9.1,1.0,VERIFIED,0.96,0.9,0.86,0.95,1,1.0,725710.43,15301.63,9.67,0.5978,662.0,0.0,0.4543994084326855,-5564.564166666667,0.5977930114111608,0.7142857142857143,0.9200000000000002
92,7875.918139130434,2063.545,112213.68,56782.23,32192.95565217391,585.18,228072.81,2297056833.5151324,12,0.3248598713902748,21207.22333333333,3167.4750000000004,1311014314.4214785,0.3795677015128081,39174.81573333333,-17967.592399999998,7.666666666666667,0.2152594455452526,0.4598956034576482,254486.68,470097.7888,115842.21879999994,276214.97000000003,78040.6,12873.388799999952,93968.17,158021.84000000003,0.1660092896824959,0.0273844912839546,0.1575555592147469,0.0191463568100918,0.6209434615595599,0.0,0.0,0.0508319557532877,0.0430349184403566,0.1998906870842103,1.8472392692615585,-0.8472392692615581,0.2464215351782568,0.5875691751392472,0.1660092896824959,0.014937658009252,0.8217768239502236,Female,52,Diploma,Salaried - Private,1300928.89,108410.74,Current,Affluent,266704.39,1,0.4,Android 14,0,9.0,1.8,VERIFIED,0.85,0.97,0.92,0.93,1,1.0,145929.2,6886.44,12.25,0.0635,731.0,1.0,0.4116988622907441,62349.484266666674,0.0635217507047733,1.0,0.916
93,160487.5152688172,4357.61,115382.97,2368241.23,839216.3024731182,2780.64,12050772.77,4992427016322.223,12,0.2612680179306492,23003.790833333333,7027.545,1283353833.45779,0.4014546122380152,1220774.4525,-1197770.6616666666,7.75,0.2794819648180824,0.2838802891983766,276045.49,14649293.43,2569299.45,10931043.54,1148950.4400000002,0.0,2137398.09,2465485.6799999997,0.0784304338970429,0.0,0.3294726126596536,0.0294827434554295,8.931447059685706,0.0,0.0,0.0774174089295991,0.1709916285020444,0.145904517525935,53.06840343596992,-52.06840343596992,0.1753872609813646,0.7461823051215926,0.0784304338970429,0.0022777671946734,0.6874458265034165,Male,56,Bachelor's,Salaried - Private,47080038.72,3923336.56,Salary,Ultra HNI,14419014.0,0,3.7,Android 11,0,8.0,3.9,VERIFIED,0.86,0.96,0.85,0.89,1,0.0,0.0,0.0,0.0,0.0,650.0,0.0,0.3544248830221598,2702562.1075,0.0,0.131578947368421,0.8940000000000001
94,7606.542659574468,2014.04,122107.54,38323.42,22999.803723404253,417.19,122963.19,722753519.8269073,12,0.2782509375090093,30335.994166666667,2061.85,2481969647.7709,0.388759337405183,29248.59,1087.404166666666,7.833333333333333,0.0207836443652869,0.5342241981264607,364031.93,350983.08,131490.41999999998,185687.13,33805.52999999999,0.0,106442.34,60733.49,0.0963166942406454,0.0,0.1080804521972968,0.0713654914647167,0.1668356124694885,0.0,0.0,0.2108517025948943,0.0370782830898857,0.3032691490427401,0.964154655334767,0.035845344665233,0.3746346405074569,0.5290486652518976,0.0963166942406454,0.0142635935612622,0.7863559824047673,Female,37,Bachelor's,Salaried - Private,499834.47,41652.87,Savings,Mass Market,47129.92,1,3.7,Android 13,0,7.0,5.7,VERIFIED,0.96,0.95,0.89,0.96,1,2.0,2984126.99,82993.59,11.44,1.9925,646.0,0.0,0.4469452816936941,-70589.31,1.9925059185597531,0.131578947368421,0.943
99,6309.135555555556,2214.37,94924.84,24405.8,22616.40828282828,1918.51,97995.48,501067899.50428385,12,0.3019142255465197,24972.757500000003,5124.365,1472492433.0715842,0.404674656166701,27077.610833333336,-2104.853333333331,8.25,0.0478379544938051,0.5820652331699396,299673.09,324931.33,104258.44,182382.12,38290.77,0.0,56039.22,28591.83,0.1178426530922702,0.0,0.1304931722034929,0.1483981861644427,0.0954100683514826,0.0,0.0,0.2747788586591511,0.0680288662838391,0.1724648097184103,1.0842859797654838,-0.0842859797654836,0.3208629958828531,0.5612943510248765,0.1178426530922702,0.0708522628458142,0.8352438633539565,Female,40,High School,Salaried - Private,415346.44,34612.2,Savings,Mass Market,55188.91,0,5.3,iOS 17,0,8.9,6.4,VERIFIED,0.95,0.88,0.97,0.79,1,0.0,0.0,0.0,0.0,0.0,650.0,0.0,0.4756308869679965,7534.589166666661,0.0,0.0925925925925926,0.901
94,6930.030744680851,1972.575,123834.41,30340.36,24329.434574468087,356.26,126105.57,833878437.4699174,12,0.278114252040667,27315.5425,4770.1849999999995,2041281792.8733475,0.3870644796522917,26969.69833333333,345.84416666666766,7.833333333333333,0.0064010951430732,0.5226703670260809,327786.51,323636.38,69637.97,235118.38,18880.03,0.0,36793.75,73357.14,0.0583371683986824,0.0,0.0986620540002332,0.101484944306941,0.2237954820044302,0.0,0.0,0.1698765756803978,0.2312854012271426,0.1136885476224891,0.9873389237403332,0.0126610762596667,0.2151734919294302,0.7264893396718873,0.0583371683986824,0.013209639781535,0.9021025846773378,Male,25,Bachelor's,Salaried - Govt,196382.7,16365.23,Salary,Mass Market,35256.38,0,0.6,Android 14,0,1.2,0.8,VERIFIED,0.85,0.99,0.97,0.83,1,0.0,0.0,0.0,0.0,0.0,650.0,0.0,0.4413068346018074,-10604.46833333333,0.0,0.7142857142857143,0.912
91,5900.893428571429,1574.59,148638.42,20052.04,15064.149340659342,0.0,159446.03,481253456.08608866,12,0.2538916537583235,26085.375833333335,8376.49,1960637482.5111544,0.3809321496999452,18663.066000000003,7422.309833333333,7.583333333333333,0.1349371231962778,0.4874366849867169,313024.51,223956.792,73658.622,146971.77,3326.4,9959.042,30629.19,14681.49,0.0148528650115688,0.044468586601294,0.2675976891113889,0.1476641530032275,0.0469020461049519,0.0,0.0,0.1638218679253094,0.1592759910581323,0.1367638361242466,0.7154608819609685,0.2845391180390315,0.3288965757287683,0.6562505592596629,0.0148528650115688,0.0,0.8071636965040653,Male,53,Bachelor's,Self-Employed Business,353017.55,29418.13,Savings,Mass Market,70211.99,1,2.0,Android 12,0,9.2,4.1,VERIFIED,0.9,0.97,0.84,0.86,1,3.0,1654752.46,49244.04,13.876666666666663,1.6739,662.0,1.0,0.4235339638146539,-38488.975999999995,1.673935086968478,0.238095238095238,0.901
94,4687.730744680851,812.34,121753.73,35475.22,11939.700425531915,337.09,124788.82,391506930.3370085,12,0.2449147845011848,18935.34833333333,3229.8,1351536583.0220149,0.3498019751399946,17785.209166666667,1150.139166666666,7.833333333333333,0.0447172307225764,0.4502756825871656,227224.18,213422.51,30115.24,175782.23,7525.039999999999,0.0,15265.17,57800.68,0.0352588862346338,0.0,0.2379981380595702,0.0695806173397548,0.2543773290325,0.0,0.0,0.079200221195037,0.2356090742255819,0.0715255855626475,0.939259677381166,0.0607403226188339,0.1411062029024024,0.8236349108629638,0.0352588862346338,0.0189533896869641,0.6713275235418371,Male,62,Diploma,Retired,189841.84,15820.15,Salary,Mass Market,33402.84,0,3.3,Android 14,0,2.0,5.9,VERIFIED,0.95,0.97,0.88,0.84,1,1.0,782744.08,69326.35,11.4,4.3822,662.0,0.0,0.389991458118863,-71291.40916666668,4.3821550364566715,0.1470588235294117,0.92
93,7226.035483870968,1461.36,131212.67,35540.56,24283.04817204301,727.48,137232.54,1084276732.614263,12,0.2583174492638195,32038.625,5061.785,2656762715.782591,0.3936601385687878,23963.15,8075.474999999999,7.75,0.136458244601646,0.4943344927269467,384463.5,287557.8,86283.09,134453.59,66821.12,0.0,27663.57,6787.78,0.232374569564797,0.0,0.159195925132269,0.2038529992926639,0.0176552000384952,0.0,0.0,0.1477877491064405,0.1369820606500675,0.0962017723045593,0.7479456437347108,0.2520543562652891,0.3000547715972232,0.4675706588379797,0.232374569564797,0.0303582792746362,1.013349587681211,Female,67,High School,Salaried - Private,566625.07,47218.76,Savings,Mass Market,2876.22,0,1.6,Android 14,0,8.7,3.8,VERIFIED,0.86,0.95,0.89,0.95,1,0.0,0.0,0.0,0.0,0.0,650.0,0.0,0.4339298802320513,23255.610000000004,0.0,0.2941176470588235,0.911
99,5241.939898989899,2136.15,114969.34,29077.25,19652.61919191919,1360.68,119406.11,549481786.4166178,12,0.2880743936047259,20375.6925,4969.825000000001,1204736804.9484203,0.3801030652137566,22870.311666666665,-2494.619166666668,8.25,0.0667491406665653,0.6043733965010533,244508.31,274443.74,70442.95,172437.96,31562.83,0.0,44557.87,39699.630000000005,0.1150065583569149,0.0,0.0711764458537112,0.0943183473596446,0.1623651564235179,0.0,0.0,0.1592405059047803,0.2532462208830123,0.1623570280743149,1.1224311353671377,-0.1224311353671374,0.2566753754339596,0.6283180662091254,0.1150065583569149,0.0594954725511319,0.8593070124428064,Male,26,Doctorate,Salaried - Private,239032.25,19919.35,Savings,Mass Market,37448.05,0,3.2,Android 13,0,0.5,5.7,VERIFIED,0.98,0.9,0.84,0.95,1,3.0,13680981.4,144838.47,9.916666666666666,7.2712,625.0,0.0,0.4698111977286753,-147789.43166666667,7.271244794634364,0.1515151515151515,0.9220000000000002
91,12385.907478681318,2675.31,143822.4,90638.46,46911.30098901098,169.08,392138.47,5648774356.09266,12,0.3319402933836461,31232.86,4809.885,2736226682.479109,0.3841053381643759,62693.605046666664,-31460.745046666663,7.583333333333333,0.217069550585513,0.4003849105850446,374794.31999999995,752323.26056,340593.74056,391083.1,20646.42,34502.970559999994,184403.82000000004,10478.510000000002,0.0274435486477337,0.045861895236786,0.1968151694389769,0.1617482223126013,0.0279580277523949,0.0,0.0,0.1586409808878713,0.1504495021405403,0.2451124797905849,2.0072963233807815,-1.007296323380781,0.4527225973399724,0.5198338540122939,0.0274435486477337,0.0026969257849208,0.7482629361334708,Male,62,Diploma,Retired,3991047.84,332587.32,Salary,HNI,482776.93,0,1.3,Android 12,0,7.5,2.0,VERIFIED,0.98,0.92,0.96,0.93,1,2.0,3548766.5199999996,55553.83,10.645,0.167,778.0,2.0,0.3906171671326434,214339.88495333336,0.1670353217314478,0.3571428571428571,0.948
97,14888.975038350514,2088.8,135272.68,239350.92,71728.0325773196,861.29,760277.52,14860649544.804602,12,0.3069037325875108,28089.0625,3626.575,2071575566.5022569,0.3919528645306868,92263.48572666664,-64174.42322666666,8.083333333333334,0.2713465350914034,0.3636037806440104,337068.75,1107161.82872,494075.7587199999,285295.49,327790.58,50281.55871999991,113308.97,135867.7,0.2960638377308959,0.045414823213451,0.0755640212928239,0.2984976734449714,0.4030860173184254,0.0,0.0,0.0324082614386034,0.0269924406936521,0.1023418321159044,3.284676579243848,-2.284676579243848,0.4462543287743269,0.2576818334947771,0.2960638377308959,0.0093351122951456,0.7774259991630497,Male,51,Bachelor's,Self-Employed Business,7175438.09,597953.17,Savings,HNI,786612.78,0,0.5,Android 12,0,8.8,1.9,VERIFIED,0.85,0.93,0.93,0.85,1,1.0,1897755.1,42042.1,11.82,0.0703,736.0,1.0,0.3806132309760162,463647.5842733334,0.0703100211008163,0.8333333333333334,0.8900000000000001
98,5493.66612244898,1870.24,77108.98,23082.97,20726.54918367347,231.48,81611.96,379026291.9747581,12,0.3228835114647948,21982.071666666667,7941.95,877125855.6795424,0.4367046780099698,22882.868333333332,-900.7966666666672,8.166666666666666,0.0455719638833689,0.5765614904573533,263784.86,274594.42,109503.14,152405.51,12685.77,0.0,54930.68,34607.520000000004,0.0461982075236634,0.0,0.1348732796536798,0.198738415733284,0.131196005714657,0.0,0.0,0.2017838162916784,0.092331919927579,0.2000429579013295,1.0409786975643711,-0.0409786975643712,0.3987813736346136,0.555020418841723,0.0461982075236634,0.0101158646996541,0.9057670953549662,Male,37,Bachelor's,Self-Employed Business,253289.36,21107.45,Salary,Mass Market,29645.34,0,1.5,Android 14,0,0.6,1.9,VERIFIED,0.95,0.99,0.86,0.94,1,2.0,2864013.63,157696.77,11.655,7.4711,626.0,0.0,0.4926474029889232,-159472.1883333333,7.471142653423317,0.3125,0.942
100,5152.6138,1256.955,88133.81,20879.83,16970.9754,331.27,91110.09,527218652.36208975,12,0.2858867517307926,21329.609999999997,2407.745,1316690124.768036,0.3804144727701455,21608.838333333333,-279.228333333335,8.333333333333334,0.0075354249181861,0.5278807446189308,255955.32,259306.06,68038.25,148638.16,42629.65000000001,0.0,33208.369999999995,37487.48,0.1643989731670752,0.0,0.2680504651530319,0.1343195758710768,0.1464610307767777,0.0,0.0,0.1119049049605705,0.0486913032421995,0.128066308978664,1.013091112933304,-0.0130911129333042,0.2623858848497409,0.5732151419831839,0.1643989731670752,0.0153303011892587,0.7853719454146193,Male,69,High School,Salaried - Govt,228084.81,19007.07,Savings,Mass Market,30020.24,0,2.1,Android 12,0,3.9,4.5,VERIFIED,0.91,0.91,0.96,0.78,1,0.0,0.0,0.0,0.0,0.0,650.0,0.0,0.4394009815096596,-2601.7683333333334,0.0,0.2272727272727272,0.894
100,4678.8097,1924.81,100886.75,26151.92,16221.1627,422.74,103977.35,338300613.0169128,12,0.2889399244254051,20078.968333333338,6813.475,980328967.4425426,0.4011403993674517,18911.1125,1167.8558333333328,8.333333333333334,0.0379111542124659,0.5628368222289134,240947.62,226933.35,14740.56,194346.79,17846.0,0.0,5849.540000000001,58149.34999999999,0.0786398297121159,0.0,0.1450124893498465,0.0391789924222244,0.2413360629999167,0.0,0.0,0.2497242912952194,0.2054281576506934,0.0257764669670632,0.9418368606421595,0.0581631393578404,0.0649554593892876,0.8564047108985965,0.0786398297121159,0.0223540524123052,0.8577582466393768,Male,45,Diploma,Salaried - Govt,516922.73,43076.89,Current,Mass Market,7442.2,0,0.2,Android 14,0,9.1,3.7,VERIFIED,0.86,1.0,0.94,0.8,1,1.0,1565413.66,137479.16,9.8,3.1915,611.0,0.0,0.4658189685120364,-113313.3825,3.19148295060298,1.6666666666666663,0.906
96,18929.606770833332,3355.98,138740.52,294031.25,101088.89604166668,1057.2,908461.65,30326507882.14557,12,0.2932889866167467,27723.2125,4877.155,2406212477.9806747,0.3711952046835863,123713.64166666666,-95990.42916666664,8.0,0.2722162258577502,0.3354691358694712,332678.55,1484563.7,241361.21,982583.75,260618.74,0.0,159443.30999999994,170395.96,0.1755524131433363,0.0,0.2127128259972946,0.0551797811033638,0.5121940083002045,0.0,0.0,0.2243135070593467,0.1100622088496438,0.1074007871807723,4.462456927265073,-3.462456927265073,0.1625805682841362,0.6618670185725274,0.1755524131433363,0.0085455410232649,0.8171200417334736,Male,28,Doctorate,Self-Employed Professional,3483429.82,290285.82,Savings,HNI,1202492.9,1,0.6,Android 11,1,4.3,5.2,VERIFIED,0.96,0.97,0.87,0.84,1,1.0,5088633.99,46506.22,9.22,0.1602,707.0,0.0,0.3569047771579403,120065.95833333334,0.1602083766957683,1.2142857142857144,0.921
90,11065.453111111112,3665.425,132086.73,103156.97,48484.26711111111,1312.61,414566.88,5172250753.682219,12,0.3290696968416561,24516.378333333338,3442.57,2403400373.707979,0.3431175364007792,58474.52,-33958.14166666666,7.5,0.2914539703466061,0.429862811232434,294196.54000000004,701694.24,294937.36,334063.17000000004,72693.70999999999,0.0,122921.38,79560.95000000001,0.10359741587732,0.0,0.0801265804889605,0.2451437822832919,0.2704346896805788,0.0,0.0,0.1300087912934842,0.1525613777305625,0.1751779806543659,2.3851206407797996,-1.3851206407797994,0.4203217629376578,0.4760808211850222,0.10359741587732,0.0224475549350383,0.8291520325624069,Male,24,Bachelor's,Salaried - Private,977830.07,81485.84,Savings,Affluent,409221.72,1,0.8,Android 13,0,5.3,1.2,VERIFIED,0.86,0.91,0.94,0.95,1,0.0,0.0,0.0,0.0,0.0,650.0,0.0,0.3778156463334411,23011.32,0.0,0.5555555555555556,0.909
100,8996.2891,2225.7349999999997,149227.11,41033.38,32157.1095,1027.78,159707.37,1647548430.0927444,12,0.2801378000271247,36673.566666666666,2636.98,4011866932.885734,0.3768554566937337,38295.50916666666,-1621.9424999999992,8.333333333333334,0.0235367976153619,0.5390588028173179,440082.8,459546.11,90720.93,322952.93,45872.25,0.0,42051.27,192264.32,0.0998207775058742,0.0,0.0517004485142959,0.1059081100697381,0.4368821503589779,0.0,0.0,0.1901081047122779,0.0425777295775607,0.091506095003176,1.0442264728364754,-0.0442264728364752,0.1974142050729142,0.7027650174212116,0.0998207775058742,0.0268381338273106,0.8397096735298228,Male,22,Master's,Salaried - Private,387163.95,32263.66,Savings,Mass Market,44276.48,0,4.4,Android 14,0,4.4,4.4,VERIFIED,0.9,1.0,0.93,0.76,1,1.0,1403164.92,25396.82,12.83,0.7872,646.0,0.0,0.4417367951431674,-31428.669166666663,0.7871648783801962,0.1111111111111111,0.908
95,6274.319473684211,2240.42,109200.2,33563.66,20256.18810526316,1059.21,110259.41,566744789.7933306,12,0.2943313342495513,24120.270833333332,5273.79,1549870182.9701538,0.3902257283621708,25551.425,-1431.154166666665,7.916666666666667,0.0438013603487261,0.5449785803601425,289443.25,306617.1,105048.76,169801.26,31767.08,0.0,76071.61,87179.24,0.1036050500771157,0.0,0.1128859088420052,0.0945059815646289,0.3011963139579175,0.0,0.0,0.0909762697514261,0.0656010052929207,0.2480996982881906,1.0593340836243372,-0.0593340836243373,0.3426056798528197,0.5537892700700646,0.1036050500771157,0.0414540480618987,0.7927615819964311,Male,56,Master's,Salaried - Private,405830.69,33819.22,Salary,Mass Market,50444.6,1,0.2,Android 14,0,5.9,5.3,REJECTED,0.49,0.45,0.59,0.17,0,0.0,0.0,0.0,0.0,0.0,650.0,0.0,0.4521268691613594,8267.795000000002,0.0,1.6666666666666663,0.434
100,18324.3241,2651.74,112573.35,381381.33,107981.5884,138.16,1287576.06,53949928343.80106,12,0.2630290625565243,24475.523333333334,3528.42,1671284054.587988,0.3847455685278403,128227.1775,-103751.65416666667,8.333333333333334,0.3076853951569505,0.3650726458179197,293706.28,1538726.13,198140.35,1266990.96,73594.82,8128.59,62106.33000000001,135191.12,0.0478284072552924,0.005282674961788,0.2213066011948468,0.0831242334202773,0.460293596718463,0.0,0.0,0.2514085076335189,0.2628282851087997,0.0403621728318865,5.23899635377221,-4.238996353772211,0.1287690812139519,0.8234025115307557,0.0478284072552924,0.0010774626931174,0.842111559384515,Female,43,Bachelor's,Salaried - Private,3241476.51,270123.04,Savings,HNI,1287351.7,0,0.4,Android 14,0,0.7,1.2,VERIFIED,0.99,0.92,0.9,0.8,1,1.0,57280.83,2709.53,12.49,0.01,766.0,1.0,0.3768763994438721,139186.33249999996,0.0100307252576455,1.0,0.913
91,5072.972307692307,1462.89,108679.03,26529.9,19385.566483516483,589.22,110820.88,596870081.1807541,12,0.2741628491598386,19741.42583333333,3902.23,1127299574.710972,0.3804792522956011,18728.614166666663,1012.8116666666664,7.583333333333333,0.0370155370884771,0.4991752596355531,236897.11,224743.37,64985.03,131747.30000000002,28011.04,0.0,50710.4,15721.3,0.1246356677841041,0.0,0.1197861365165077,0.0635152440759431,0.0663634098364475,0.0,0.0,0.3000879180551578,0.0963858911611052,0.2256369120032328,0.9486961238151028,0.0513038761848973,0.289152156079176,0.5862121761367199,0.1246356677841041,0.0314609503274779,1.03507746547628,Male,55,Diploma,Salaried - Govt,316991.51,26415.96,Savings,Mass Market,36204.66,0,0.3,Android 13,0,3.8,2.9,VERIFIED,0.93,0.94,0.88,0.79,1,0.0,0.0,0.0,0.0,0.0,650.0,0.0,0.4279576552315819,7687.345833333333,0.0,1.25,0.895
91,6325.915797802198,1731.75,133928.53,32095.23,19751.02901098901,366.24,134366.57,675404245.552856,12,0.2478895291614389,26625.586666666662,4459.485,2378052175.2438245,0.3631767289847141,21345.941466666667,5279.645199999998,7.583333333333333,0.1178097624749753,0.4372848485625729,319507.04000000004,256151.2976,108631.35760000002,116598.38,30921.56,13936.077600000017,47025.399999999994,16528.1,0.1207159998396197,0.0544056490463783,0.2108975847717899,0.1861004822018906,0.0517300025689574,0.0,0.0,0.1476178741012944,0.0321531847668453,0.1835844691813109,0.8017078359212366,0.1982921640787632,0.4240906004295799,0.4551933997308003,0.1207159998396197,0.0171573598930696,0.9252826370685856,Male,54,Bachelor's,Self-Employed Professional,268412.91,22367.74,Savings,Mass Market,61058.73,0,1.5,Android 14,0,6.6,3.0,VERIFIED,0.87,0.93,0.95,0.84,1,1.0,160753.92,7715.22,13.96,0.3449,642.0,1.0,0.3928199768158577,-6693.421466666667,0.3449262196359578,0.3125,0.898
90,5378.141333333333,1742.135,118700.62,36863.46,21160.581777777777,492.56,127609.05,792581104.9900576,12,0.2794969126634486,17446.126666666667,3389.46,1348559289.2822423,0.3316536353984051,22889.933333333334,-5443.806666666666,7.5,0.1778794016117061,0.5039798982101443,209353.52,274679.2,94855.98,156074.34,23748.88,0.0,45347.54,62336.86999999999,0.0864604236505713,0.0,0.1005319660170846,0.1802409501702349,0.2977588817231255,0.0,0.0,0.1385847199205473,0.102144938531931,0.165092733632543,1.3120352597845024,-0.3120352597845023,0.3453336838027779,0.5682058925466508,0.0864604236505712,0.0215186297324296,0.9244492532865004,Male,46,Bachelor's,Salaried - Private,393113.01,32759.42,Savings,Mass Market,65818.24,0,0.8,Android 11,0,0.2,1.3,VERIFIED,0.94,0.92,0.83,0.84,1,1.0,7976165.41,73206.21,9.28,2.2347,629.0,0.0,0.4005841405231007,-63336.72333333334,2.23466135847338,0.5555555555555556,0.8920000000000001
96,6697.865729166667,2269.165,101080.01,36606.42,24649.399166666662,3329.34,107180.43,541154548.0179657,12,0.3025886074135526,24222.96166666667,6669.02,1540364606.302888,0.3919699255311263,29359.96416666667,-5137.0025,8.0,0.1219319155116422,0.6213139453522055,290675.54,352319.57,129018.28,203062.72,20238.57,0.0,40750.83,78626.64,0.0574437860491258,0.0,0.05430640710648,0.2505323505021307,0.2704962378327395,0.0,0.0,0.0698663716012142,0.2290181609837909,0.1156643952534342,1.2120716108414211,-0.2120716108414213,0.366196745755565,0.5763594681953091,0.0574437860491258,0.1133972773638432,0.8395582169903306,Male,68,Bachelor's,Salaried - Private,934398.52,77866.54,Savings,Affluent,83986.52,0,1.8,Android 14,0,6.2,1.9,REJECTED,0.67,0.53,0.4,0.51,0,0.0,0.0,0.0,0.0,0.0,650.0,0.0,0.483707533459558,48506.57583333332,0.0,0.2631578947368421,0.542
91,6706.25021978022,1872.28,125609.54,30951.63,23163.328901098903,278.69,133867.68,1042993719.9826152,12,0.2739083287515106,28222.06,5774.445,2231258697.7515273,0.3842576057210161,22633.670833333337,5588.389166666667,7.583333333333333,0.112449721745564,0.4912370476573943,338664.72,271604.05,82519.05,128214.86,60870.14,0.0,58273.710000000014,45062.49,0.224113521134902,0.0,0.1082141080002304,0.0892672255807673,0.1330592982936043,0.0,0.0,0.1665759402335863,0.0313628607526286,0.2145539066887994,0.801985072433881,0.1980149275661191,0.3038211322695667,0.4720653465955313,0.224113521134902,0.0123130711784305,1.0234013329815472,Male,45,High School,Salaried - Private,425946.83,35495.57,Savings,Mass Market,41737.18,0,0.9,Android 13,0,0.3,6.8,VERIFIED,0.88,0.93,0.83,0.84,1,0.0,0.0,0.0,0.0,0.0,650.0,0.0,0.4270493824955673,12861.899166666666,0.0,0.5,0.8770000000000001
92,5688.080052173913,1271.385,136489.54,30602.73,15277.18847826087,269.76,137461.62,545439469.1346723,12,0.2464847292503578,24432.635,5318.02,1919863369.7877364,0.3680623699460665,19175.978733333333,5256.656266666668,7.666666666666667,0.1009504765103674,0.4870862281139178,293191.62,230111.7448,100451.7448,117319.21,12340.79,17938.444800000005,53191.86000000001,58322.47,0.0536295529405763,0.0779553638845817,0.072430157854333,0.1274226138499994,0.1989227045438747,0.0,0.0,0.0936433732173413,0.0903094712443378,0.2311566497669701,0.7848510295075964,0.2151489704924036,0.4365346275015511,0.5098358195578725,0.0536295529405763,0.0140676000819233,0.7966836368933153,Male,30,High School,Salaried - Private,531482.64,44290.22,Current,Mass Market,43779.01,1,0.6,iOS 17,0,1.0,0.6,REJECTED,0.62,0.65,0.34,0.27,0,1.0,487097.5,12915.81,12.37,0.2916,643.0,1.0,0.415671913213207,12198.431266666666,0.2916176528362243,0.7142857142857143,0.503
93,6790.219247311828,1602.07,141828.55,31174.74,22390.249569892472,1246.2,146611.3,959336793.9834976,12,0.254619507454627,27805.916666666668,2430.9750000000004,2788547614.1138415,0.3548362817907133,24818.2825,2987.634166666666,7.75,0.0433521169836078,0.4305651085101897,333671.0,297819.39,60933.4,199362.73,37523.259999999995,0.0,30578.78,89996.47000000002,0.1259933411320196,0.0,0.112001001680918,0.1019229137498401,0.2697161875020604,0.0,0.0,0.2454485586045958,0.0097738767109824,0.1026755846890963,0.8925540127850488,0.1074459872149512,0.2045984984389364,0.6694081604290439,0.1259933411320196,0.050212983110334,0.9021675681986644,Male,19,Bachelor's,Salaried - Govt,197619.51,16468.29,Salary,Mass Market,72699.68,0,4.4,Android 13,0,2.7,6.9,VERIFIED,0.9,0.97,0.91,0.75,1,1.0,960169.81,85831.84,13.16,5.2119,610.0,0.0,0.3851278124785038,-94181.8325,5.211946109766101,0.1111111111111111,0.893
90,2925.3908888888886,1160.17,31147.77,11774.42,10923.898666666666,1258.01,53198.33,108523367.4349668,12,0.3859189224997899,8319.395833333334,5016.96,121770840.12349924,0.4405685517726899,13621.035833333332,-5301.64,7.5,0.3072738357467674,0.5365042617734475,99832.75,163452.43,63093.47,63088.29,37270.67,0.0,51708.73,16491.31,0.2280215106009742,0.0,0.1071787675472307,0.0696517023332109,0.1651893792367735,0.0,0.0,0.1010490942227044,0.0768519011922918,0.3163533879551378,1.6372626217348514,-0.6372626217348515,0.3860050902883487,0.3859733991106771,0.2280215106009742,0.092357880516062,0.8019873672113653,Male,34,Master's,Salaried - Private,481750.66,40145.89,Savings,Mass Market,64972.75,0,3.8,Android 12,0,4.0,6.3,VERIFIED,0.98,0.93,0.86,0.85,1,0.0,0.0,0.0,0.0,0.0,650.0,0.0,0.4789428357729929,26524.854166666664,0.0,0.1282051282051282,0.915
100,6641.6142,1208.405,139379.43,26715.28,21539.415299999997,514.38,140444.66,1038527383.433456,12,0.2580960795255763,27485.28833333333,2148.2149999999997,2504728840.6574154,0.3645256247747771,27861.49666666667,-376.20833333333456,8.333333333333334,0.0086670321518866,0.5139991052359316,329823.45999999996,334337.96,66151.86,210140.2,58045.9,0.0,34062.630000000005,36719.42,0.1736144468908047,0.0,0.2499343179577934,0.0959784225518394,0.1113305281558807,0.0,0.0,0.1315808411345215,0.1371838842349818,0.1018808333938509,1.0136876254951666,-0.0136876254951664,0.1978592559456904,0.6285262971635048,0.1736144468908047,0.0184620376340155,0.7730889534649309,Male,47,Bachelor's,Salaried - Private,327512.14,27292.68,Savings,Mass Market,8845.69,0,0.6,Android 14,0,6.9,0.9,VERIFIED,0.9,0.97,0.93,0.96,1,2.0,1042775.57,38028.630000000005,10.8,1.3934,630.0,0.0,0.4243150169592389,-38597.44666666668,1.3933637151060283,0.7142857142857143,0.939
93,8296.68263655914,2146.89,130197.6,70107.97,28040.29956989247,262.65,157769.6,1373723402.6518302,12,0.3055109024403074,25545.99166666667,3573.5249999999996,1905548459.4855788,0.3793666539421198,38753.29876666667,-13207.3071,7.75,0.157276584131754,0.4430793502658429,306551.9,465039.5852,112749.24520000002,256578.41,95711.93,7997.995200000012,84208.98000000001,33055.920000000006,0.2058145866417739,0.0171985255761836,0.1973587043359508,0.0441731642934555,0.1078313982069594,0.0,0.0,0.0450875595697568,0.2382063452778084,0.1810791654731589,1.5170011511916903,-0.5170011511916905,0.242450855342798,0.551734558015428,0.2058145866417739,0.0067774875522575,0.7235590378698575,Male,44,Bachelor's,Self-Employed Professional,1846487.09,153873.92,Salary,Affluent,221972.43,1,2.4,Android 14,0,1.1,6.6,VERIFIED,0.93,0.95,0.85,0.84,1,1.0,480901.58,10203.55,9.94,0.0663,747.0,1.0,0.404851732471609,104917.07123333336,0.0663111071713777,0.2,0.902
99,6562.322929292929,1844.13,146670.95,48824.66,21359.793535353536,1227.46,152957.76,778573784.3498659,12,0.2751666303272481,25847.439166666667,5947.9400000000005,1965885236.7334452,0.37845925363178,28291.725,-2444.285833333333,8.25,0.0408783807268727,0.4609900843530145,310169.27,339500.7,45417.28,251938.36,42145.06,0.0,12880.15,61365.899999999994,0.1241383596558121,0.0,0.1048196955116734,0.0958381823660451,0.1978464855657686,0.0,0.0,0.2773147743141619,0.1791970973844825,0.0379385079323842,1.094565880107981,-0.094565880107981,0.1337766902984294,0.7420849500457584,0.1241383596558121,0.0433858310159596,0.7549837818426955,Male,26,Diploma,Salaried - Private,569653.21,47471.1,Salary,Mass Market,65342.25,1,5.2,Android 14,0,9.7,6.8,VERIFIED,0.87,1.0,0.89,0.97,1,0.0,0.0,0.0,0.0,0.0,650.0,0.0,0.4114715859202738,19179.374999999996,0.0,0.0943396226415094,0.933
92,6783.395217391304,1886.305,134684.38,35545.61,22362.96793478261,1332.62,137586.83,1041265313.620942,12,0.2613856711247054,28049.3575,7429.780000000001,2331263338.930384,0.3776403773324797,23956.6725,4092.684999999999,7.666666666666667,0.0666357542114215,0.4908818223136144,336592.29000000004,287480.07,106603.34,129102.49,51774.240000000005,0.0,66406.68000000002,38889.82000000001,0.1800967976667043,0.0,0.1018064660969367,0.1398241624193287,0.1155398419850912,0.0,0.0,0.1302617604065561,0.0817367270016318,0.230995769550216,0.8540898842335336,0.1459101157664663,0.3708199319695449,0.4490832703637508,0.1800967976667043,0.0556262561088147,0.9334755456870152,Male,32,Bachelor's,Salaried - Private,423934.67,35327.89,Current,Mass Market,54150.29,0,2.3,iOS 16,0,3.5,3.0,VERIFIED,0.96,0.92,0.9,0.85,1,0.0,0.0,0.0,0.0,0.0,650.0,0.0,0.4229369553249336,11371.2175,0.0,0.2083333333333333,0.914
100,8238.790091199999,1089.0700000000002,149837.31,51183.79,25867.7416,101.08,150594.48,1228316037.1673486,12,0.2752550430316026,31014.826666666664,2472.2349999999997,3008761028.0412064,0.3713012389251863,37641.75742666666,-6626.930759999998,8.333333333333334,0.0905952901524562,0.499741323418158,372177.92,451701.08912,197105.74912,168071.32,86524.02,23487.54911999999,55598.46,39517.619999999995,0.1915514974041026,0.0519979908964979,0.1265154133485344,0.2612784047741062,0.1061793778631467,0.0,0.0,0.0390374307805034,0.1190462039946829,0.1230868406988267,1.2136697661161628,-0.2136697661161629,0.4363632363694311,0.3720852662264663,0.1915514974041026,0.002685315641729,0.6872086578421666,Male,62,High School,Salaried - Private,2377097.03,198091.42,Savings,Affluent,110166.76,1,0.2,Android 13,0,1.2,5.4,VERIFIED,0.98,0.95,0.86,0.9,1,1.0,1072187.14,35422.78,11.63,0.1788,717.0,1.0,0.422677272722375,125026.88257333337,0.1788203648598207,1.6666666666666663,0.931
94,5595.243723404255,1974.075,139553.64,19210.06,21637.696382978724,284.94,151228.51,978876207.554718,12,0.2546937572968071,26267.560833333333,7795.88,1929739820.9506996,0.3844525345392038,17561.84833333333,8705.712500000003,7.833333333333333,0.1541909144854981,0.5140450728097776,315210.73,210742.18,57607.59,137897.46,15237.13,0.0,34894.04,21096.97,0.0723022320448616,0.0,0.2224503419296506,0.1077788509163186,0.0669297330075026,0.0,0.0,0.100363107186231,0.2314205917391572,0.1655769148824407,0.6685755272353832,0.331424472764617,0.2733557657987594,0.6543420021563789,0.0723022320448616,0.0162249436728802,1.2320853689363216,Other,44,Bachelor's,Salaried - Private,287980.36,23998.36,Savings,Mass Market,37000.21,0,0.2,Android 11,0,2.5,0.5,VERIFIED,0.92,0.9,0.82,0.94,1,0.0,0.0,0.0,0.0,0.0,650.0,0.0,0.4362895498474334,6436.511666666669,0.0,1.6666666666666663,0.8980000000000001
97,4467.351443298969,936.51,98557.47,35291.36,15217.61505154639,262.12,101305.27,511728172.57537943,12,0.260026478121955,18900.6025,1902.52,1098502603.759493,0.3732968032544072,17210.48833333333,1690.1141666666672,8.083333333333334,0.0628144451113184,0.497940695637581,226807.23,206525.86,63709.34,88657.61,54158.91,0.0,60959.32000000001,27588.07,0.2622379105454396,0.0,0.1037259934421771,0.0133156206201005,0.1216366427119629,0.0,0.0,0.1445853802521388,0.047387867069044,0.2951655545702605,0.9105788206134344,0.0894211793865654,0.3084811751903611,0.4292809142641992,0.2622379105454397,0.0152302476793947,0.8842058840406558,Female,37,Bachelor's,Salaried - Private,200908.02,16742.33,Salary,Mass Market,21600.51,0,2.0,Android 11,0,1.5,3.8,VERIFIED,0.94,0.9,0.91,0.96,1,1.0,771607.2,68581.64,12.07,4.0963,615.0,0.0,0.4231543602076767,-69049.79833333332,4.09630200814343,0.238095238095238,0.9260000000000002
93,5797.778064516129,1327.6,105135.99,33893.69,14116.124731182796,235.47,105598.9,351620104.6749144,12,0.2741039557508066,23834.2225,5323.174999999999,1430235058.2438753,0.3969650458703379,21098.5575,2735.6649999999995,7.75,0.067820384370652,0.4894447470779035,286010.67,253182.69,80042.69,140128.26,33011.74,0.0,29328.24,50148.12,0.1303870339634988,0.0,0.1643697284360159,0.2003077303586592,0.1753365355215594,0.0,0.0,0.0417018240859989,0.1493245450547981,0.115838251027351,0.8852211352814215,0.1147788647185784,0.3161459813860102,0.5534669846504909,0.1303870339634988,0.0111604786251382,0.6690563907595483,Male,43,High School,Self-Employed Professional,388612.08,32384.34,Savings,Mass Market,22752.01,0,1.8,Android 11,0,1.3,1.9,VERIFIED,0.94,0.92,0.94,0.93,1,2.0,1447068.36,44636.73,12.775,1.3783,657.0,0.0,0.4339569263533641,-33350.94750000001,1.3783430509931651,0.2631578947368421,0.932
93,4196.377204301076,947.28,72907.21,20566.03,13619.267526881718,679.09,73750.76,316716332.1070318,12,0.2978635201409548,15700.946666666669,3572.8150000000005,618100527.0015153,0.3974658873198227,16820.976666666666,-1120.0299999999988,7.75,0.032214086747522,0.4836476404650488,188411.36,201851.72,48616.76,137781.16,15453.8,0.0,39138.34,71316.95999999999,0.0765601601016825,0.0,0.188797945343245,0.046957340764795,0.3785173038398533,0.0,0.0,0.1198874599631848,0.0205869932641644,0.1938964899580741,1.0713351891308465,-0.0713351891308463,0.2408538307228692,0.6825860091754482,0.0765601601016825,0.0403716153620093,0.8096597359813462,Male,51,Bachelor's,Self-Employed Business,585968.12,48830.68,Savings,Mass Market,35011.7,1,0.6,Android 11,0,7.4,3.1,VERIFIED,0.95,1.0,0.84,0.8,1,0.0,0.0,0.0,0.0,0.0,650.0,0.0,0.4319385885779132,32009.703333333335,0.0,0.7142857142857143,0.913
90,5340.890666666667,1557.11,141996.76,30194.04,20604.891666666663,438.77,142435.53,836879324.7401106,12,0.2477354290274616,17545.9175,1263.83,1775981752.7699118,0.3030807365052874,22510.7625,-4964.844999999999,7.5,0.2058535621643425,0.4588406736338809,210551.01,270129.15,86517.67,143335.88,40275.600000000006,0.0,67327.74999999999,42275.189999999995,0.1490975705509753,0.0,0.0840437620301252,0.0710397970748436,0.2007836010855516,0.0,0.0,0.1773250313785091,0.1127511044254202,0.2492428158901029,1.2829629741505395,-0.2829629741505395,0.3202826129649465,0.5306198164840781,0.1490975705509753,0.019491565423428,0.915335127660232,Male,39,Bachelor's,Salaried - Govt,196511.1,16375.93,Savings,Mass Market,60356.96,0,1.3,iOS 15,0,7.8,3.2,VERIFIED,0.89,0.93,0.82,0.82,1,2.0,959671.58,28264.9,12.8,1.726,656.0,0.0,0.3653847113567248,-34399.732500000006,1.726002736943795,0.3571428571428571,0.8740000000000001
97,15895.339315463918,3348.31,111125.94,257006.78,80521.12216494845,433.08,824849.82,20809988559.576607,12,0.3044914198511513,24647.6625,5962.095,1677145062.6464746,0.3859909362665731,103839.66363333332,-79192.00113333332,8.083333333333334,0.2896294534012107,0.3560211610597601,295771.95,1246075.9636,638851.7736,567738.0700000001,39486.119999999995,44145.23359999999,71621.55,64539.54,0.0316883730634863,0.0354274016107824,0.0476698706460788,0.4197857957943198,0.2182071017890641,0.0,0.0,0.2633619133876053,0.0927947439624298,0.0574776755929713,4.212961924212218,-3.2129619242122174,0.5126908729980738,0.45562075393844,0.0316883730634863,0.0041706606593916,0.7754370473432519,Female,60,Bachelor's,Self-Employed Business,5605079.04,467089.92,Savings,HNI,981338.37,0,1.5,Android 13,1,4.1,2.3,VERIFIED,0.98,0.88,0.84,0.85,1,1.0,684213.72,33220.76,15.14,0.0711,701.0,1.0,0.3740030261838479,330029.49636666663,0.0711228364765396,0.8125,0.8960000000000001
99,6348.975050505051,1789.59,115279.41,44542.15,20781.80212121212,503.06,127751.37,570243622.2200718,12,0.2751657370297898,25627.013333333336,6232.65,1827502040.7686064,0.3850516163242347,26752.030833333338,-1125.0174999999992,8.25,0.0237790046987227,0.4748876321483249,307524.16000000003,321024.37,49190.03,125193.37,146640.97,8294.789999999999,31208.129999999997,31441.159999999996,0.4567907726133066,0.0258385056561282,0.0950762710008589,0.0301756218694549,0.1022396419195161,0.0,0.0,0.1071506502761768,0.0898138667790236,0.0972142083792579,1.043899672793188,-0.0438996727931879,0.1532283359048411,0.3899808914818523,0.4567907726133066,0.0188045536854413,0.7768308227021687,Male,46,High School,Salaried - Private,289220.18,24101.68,Current,Mass Market,30109.24,0,0.9,Android 11,0,5.1,1.4,VERIFIED,0.88,0.98,0.84,0.93,1,1.0,125234.29,2764.93,11.67,0.1147,638.0,1.0,0.4209860226538707,-5415.280833333334,0.1147193888558805,0.5,0.912
94,5052.206382978724,982.51,129269.94,32584.63,15824.028617021277,242.56,132756.98,565758407.4269497,12,0.2386933852947131,23692.790833333333,4875.129999999999,1791212767.1363535,0.368977609127996,15882.825833333334,7809.965000000001,7.833333333333333,0.1667977571793393,0.5230180197196285,284313.49,190593.91,71522.98,104888.05,14182.88,0.0,31286.539999999997,7780.4,0.0744141300212583,0.0,0.1823825850469198,0.2111108376967553,0.0273655674938252,0.0,0.0,0.0448237302020825,0.2822939620683578,0.1641528840034815,0.6703653421439835,0.3296346578560166,0.3752637217002368,0.5503221482785048,0.0744141300212583,0.0152718415819267,0.996298063271042,Female,43,Bachelor's,Salaried - Govt,338770.48,28230.87,Salary,Mass Market,9515.07,0,3.4,Android 13,0,7.1,6.3,VERIFIED,0.86,0.96,0.82,0.95,1,2.0,4624474.97,50759.06,12.14,1.798,611.0,0.0,0.430593773364649,-38411.01583333334,1.7979984322126807,0.1428571428571428,0.9000000000000001
93,5713.793870967742,1744.5,140087.12,30581.72,21328.244731182796,195.89,144690.71,841858737.5722905,12,0.2658139228571328,20916.984166666665,4512.92,1716888209.0095177,0.345242151450388,23364.918333333335,-2447.9341666666674,7.75,0.053199055565402,0.5563192272824805,251003.81,280379.02,61721.75,152690.84,65966.43,0.0,40137.630000000005,42954.97,0.2352759132976497,0.0,0.2439687534395405,0.0769819368082533,0.171132740973135,0.0,0.0,0.0641493076051125,0.0832659661910509,0.1431548979663314,1.1170309327177146,-0.1170309327177145,0.2201368347745847,0.5445872519277655,0.2352759132976496,0.008383936858043,0.9128319828430584,Female,50,Bachelor's,Self-Employed Professional,498376.98,41531.42,Savings,Mass Market,57480.4,1,0.5,Android 13,0,5.5,4.8,PENDING_REVERIFICATION,0.39,0.42,0.28,0.12,0,1.0,2762307.64,24817.68,8.98,0.5976,642.0,0.0,0.429672981783225,-6651.178333333337,0.5975639648247039,0.8333333333333334,0.323
90,6002.195222222222,2003.94,137239.04,49676.77,19762.58,1374.32,145987.17,581884064.812461,12,0.2731293602418548,19497.8525,6134.635,1556910725.2637117,0.3404323515907894,25518.611666666668,-6020.759166666667,7.5,0.2408107720174901,0.4619478736784974,233974.23,306223.34,97669.31,179287.61,29266.42,0.0,22935.8,26854.7,0.0955721402555402,0.0,0.3061114479386189,0.244049032970511,0.114776315323273,0.0,0.0,0.1204791574672263,0.0711928424528319,0.0748989283442601,1.3087908869280178,-0.3087908869280176,0.3189479613147711,0.5854798984296885,0.0955721402555402,0.053855594416807,0.7744378988224737,Male,62,Bachelor's,Salaried - Govt,430341.05,35861.75,Savings,Mass Market,74688.61,0,2.3,Android 14,0,3.4,3.3,VERIFIED,0.85,0.96,0.87,0.76,1,1.0,4342761.48,54730.63,8.88,1.5262,640.0,0.0,0.3890385604258726,-44387.49166666667,1.5261561412926028,0.2083333333333333,0.869
94,26941.60424680851,4908.025,75458.19,432436.4,258109.76372340423,419.21,2079267.67,299573576979.9716,12,0.2946216260820209,21527.370833333334,4160.185,1003692626.8191175,0.4151189894687791,189515.1957666667,-167987.82493333338,7.833333333333333,0.3301280104386315,0.364077936578174,258328.45,2274182.3492000005,1146782.9692000004,668857.74,458541.64,49615.06920000042,384473.92999999993,378819.96,0.2016292317813931,0.0218166626864612,0.0033108382899237,0.3133847073655758,1.4664275653726877,0.0,0.0,0.0540103215747885,0.0702138111555438,0.1690602911130886,8.80345292669081,-7.8034529266908095,0.5042616611651257,0.294109107053481,0.2016292317813931,0.0022120125951068,1.3619475877870604,Male,44,Bachelor's,Self-Employed Professional,3956498.31,329708.19,Salary,HNI,2075795.87,1,3.0,Android 12,0,1.5,5.7,VERIFIED,0.92,0.93,0.97,0.88,1,1.0,394178.82,35618.85,15.22,0.108,790.0,1.0,0.3947025683125371,104574.1442333333,0.108031438345526,0.1612903225806451,0.9250000000000002
97,9130.313298969071,2313.08,89383.73,121104.76,40930.4412371134,772.74,422002.42,5202463967.224205,12,0.3228036524501158,19561.906666666662,5026.030000000001,986599702.7226422,0.3941284212064961,54241.45916666667,-34679.5525,8.083333333333334,0.2410630785428169,0.3537581087154226,234742.88,650897.51,166303.52,331039.4,153554.59000000003,0.0,46731.55999999999,98921.86000000002,0.2359120869889331,0.0,0.0304624148892503,0.1837032069764716,0.4214051561436071,0.0,0.0,0.2222070722009675,0.1039420169236782,0.0717955734690089,2.7728104469025854,-1.7728104469025854,0.2554987804454806,0.5085891325655862,0.2359120869889332,0.0142462981614417,0.754596979246949,Female,26,Master's,Salaried - Private,1078671.21,89889.27,Savings,Affluent,446132.92,0,0.3,iOS 17,0,6.9,0.6,VERIFIED,0.94,0.98,0.87,0.91,1,0.0,0.0,0.0,0.0,0.0,650.0,0.0,0.3779802962100667,35647.81083333334,0.0,1.25,0.932
91,5495.762307692307,1227.0,136647.29,22585.6,18125.00703296703,252.34,136899.63,679770529.4126412,12,0.2348995255391938,24133.95,727.2850000000001,2259192257.71,0.3465554997646097,17542.2475,6591.702500000002,7.583333333333333,0.1170626248675111,0.4769465426034199,289607.4,210506.97,41246.79,143273.12,25987.06,0.0,33479.04,34567.32,0.1234498791180168,0.0,0.2139019909887069,0.0369002033519365,0.1193592428922741,0.0,0.0,0.1721196215023189,0.1303783907962762,0.1590400545882162,0.7268701352244452,0.2731298647755548,0.1959402579401527,0.6806098629418303,0.1234498791180168,0.0143847018462144,1.0332203460797729,Male,57,High School,Salaried - Private,457327.14,38110.6,Savings,Mass Market,57799.2,1,0.5,Android 11,0,7.5,1.3,VERIFIED,0.94,0.97,0.85,0.86,1,1.0,284344.92,25633.64,14.77,0.6726,641.0,0.0,0.3987119169001338,-5065.2874999999985,0.6726118192838738,0.8333333333333334,0.915
90,7371.169777777778,2230.525,142657.29,31084.25,25129.439777777778,883.02,150484.46,1230970168.218973,12,0.263041331515733,27323.318333333333,5380.58,2739040732.0983424,0.3528811299903868,27960.455,-637.1366666666663,7.5,0.0212347790851802,0.4568366616685886,327879.82,335525.46,99293.33,182558.37,53673.76,0.0,74199.13,66620.79,0.1599692613490493,0.0,0.1936899214742154,0.0747907476231461,0.2031866127046183,0.0,0.0,0.1175997493603018,0.0342506646142441,0.2211430691429496,1.0233184219754663,-0.0233184219754664,0.2959338167660957,0.5440969218848548,0.1599692613490493,0.0315810311384417,0.898749314979952,Female,45,Master's,Self-Employed Professional,436429.64,36369.14,Salary,Mass Market,13706.67,1,1.5,Android 12,0,6.5,3.5,VERIFIED,0.94,0.95,0.94,0.79,1,3.0,2059711.25,182948.42,12.406666666666666,5.0303,616.0,0.0,0.3944633426616675,-174539.735,5.030320211036059,0.3125,0.913
92,8709.940073913045,2134.46,122545.69,44731.58,37148.54815217391,11.72,177640.07,2018323153.1638503,12,0.2946707436611431,30560.66916666667,1078.22,2692532152.3405538,0.3808678194061445,36215.53806666667,-5654.868900000005,7.666666666666667,0.0725832077496093,0.5236696307983574,366728.03,434586.4568000001,115279.98680000009,275046.36,44260.11,19279.03680000008,66015.76,98050.32,0.1018441999456251,0.0443617984369734,0.2164266477436164,0.0689970649817083,0.2673652188516923,0.0,0.0,0.1334803445720262,0.0573676413746908,0.1519047797441624,1.1850374698656114,-0.1850374698656114,0.2652636431628443,0.6328921568915304,0.1018441999456251,0.0003236180000536,1.025762701186152,Male,30,Master's,Salaried - Govt,2212964.34,184413.69,Savings,Affluent,177201.39,1,0.5,Android 12,0,3.6,5.5,VERIFIED,0.97,0.88,0.9,0.85,1,1.0,534716.51,8824.52,9.81,0.0479,726.0,1.0,0.4379885439630296,139373.63193333335,0.047851761981445,0.8333333333333334,0.905
98,7026.783775510205,2390.79,134196.91,32983.53,24222.568979591833,1360.8,135557.71,605160286.0748627,12,0.2947923742732597,27057.9225,6512.495,1789101429.6460204,0.4005408921753537,30327.478333333333,-3269.5558333333333,8.166666666666666,0.0901419357743499,0.5993841404392111,324695.07,363929.74,67545.92,221515.71,74868.11,0.0,35649.79,88473.79,0.2057213296170849,0.0,0.1605758573069626,0.0876436479195132,0.2724827020009882,0.0,0.0,0.1157812494246829,0.0892132365989105,0.0979578915424719,1.120835434920524,-0.120835434920524,0.1856015394619851,0.6086771309209299,0.2057213296170849,0.0448701993961801,0.7987003968268765,Male,58,Bachelor's,Retired,343031.37,28585.95,Savings,Mass Market,48960.04,0,2.2,Android 12,0,5.0,3.8,VERIFIED,0.97,0.88,0.95,0.81,1,1.0,1604000.18,53782.8,12.66,1.8814,626.0,0.0,0.4800781914808967,-55524.32833333334,1.8814417572268896,0.217391304347826,0.907
99,7198.059244444445,1646.57,104023.64,54670.83,24674.562424242427,0.0,211851.03,1347163737.4840426,12,0.3149541608848186,19800.295833333337,1162.345,1257826623.2117355,0.3683464253246276,39583.69293333333,-19783.3971,8.25,0.2187587699368867,0.4030290412665099,237603.55,475004.3151999999,93018.40519999996,357711.0,24274.91,11188.73519999994,76629.36000000002,59499.03,0.0511046094176619,0.0235550180113394,0.3896402076306864,0.0109479215947973,0.2504130514884983,0.0,0.0,0.0677920578183412,0.170376704821986,0.1613235028564641,1.99914654137112,-0.99914654137112,0.1958264424626009,0.7530689481197371,0.0511046094176619,0.0,0.623351703586606,Female,62,High School,Self-Employed Professional,2038347.86,169862.32,Savings,Affluent,253391.61,0,3.1,Android 14,0,5.4,6.9,VERIFIED,0.89,0.89,0.82,0.85,1,1.0,241414.0,7962.02,11.51,0.0469,748.0,1.0,0.3822194717013805,122316.60706666668,0.0468733736828744,0.15625,0.8680000000000001
94,6783.0862765957445,1539.525,116745.99,33733.08,20960.544361702126,979.2,130558.54,769177993.2689452,12,0.2769867378281875,29322.226666666666,4954.03,2129347987.9894423,0.3989361134310012,23811.94916666667,5510.277499999999,7.833333333333333,0.1099345054443202,0.5150385534890489,351866.72,285743.39,90174.34,118353.99,77215.06,0.0,49155.18,14861.62,0.2702251835116815,0.0,0.1046835764074892,0.1435524370310018,0.0422365036397872,0.0,0.0,0.1714106842506488,0.086092140224136,0.1720256066115825,0.8120784767596095,0.1879215232403905,0.3155780436425843,0.4141967728457341,0.2702251835116815,0.0411222110859677,0.8802531961996584,Male,47,Bachelor's,Self-Employed Professional,212543.12,17711.93,Savings,Mass Market,3316.12,0,2.9,Android 14,0,6.9,4.4,VERIFIED,0.93,0.93,0.97,0.9,1,0.0,0.0,0.0,0.0,0.0,650.0,0.0,0.4453770894542203,-6100.019166666669,0.0,0.1666666666666666,0.932
90,5025.801444444444,1765.48,89601.79,26915.34,17347.28522222222,1556.74,91158.53,376119268.26266354,12,0.2823735986308269,17542.670833333334,3772.275,1096067974.599263,0.3562808266428213,20150.84,-2608.169166666667,7.5,0.1723070061909783,0.4763068586974215,210512.05,241810.08,76167.54000000001,140760.03,24882.51,0.0,52427.16,2678.0699999999997,0.102901045316225,0.0,0.1694620422771457,0.0981777930845562,0.0127216945538272,0.0,0.0,0.1285006398409859,0.2730720737530875,0.2168113091067171,1.1486757171382826,-0.1486757171382826,0.3149891021912734,0.5821098524925015,0.102901045316225,0.0772543477095743,0.8608715677471619,Male,55,Bachelor's,Salaried - Private,525087.5,43757.29,Savings,Mass Market,35526.36,0,1.8,Android 11,0,3.7,3.4,VERIFIED,0.95,0.89,0.96,0.95,1,1.0,5158632.99,45127.61,8.61,1.0313,626.0,0.0,0.4042912394646614,-21521.159999999996,1.031316381796039,0.2631578947368421,0.934
91,6241.147472527473,1775.64,108302.13,23694.72,21657.784835164835,363.65,111814.81,743825789.9155052,12,0.2816650284772148,25957.834166666667,6045.38,1519452341.7907355,0.410225088387745,21370.8675,4586.966666666667,7.583333333333333,0.1043838227875281,0.5139899912148813,311494.01,256450.41,96032.74,111303.37,49114.3,0.0,68598.59000000001,27008.56,0.1915157788205524,0.0,0.1457385074954647,0.1069764325976316,0.0867065148379578,0.0,0.0,0.1791201269672371,0.0038396507145377,0.2674926119244653,0.8232916260572716,0.1767083739427284,0.3744690445220969,0.4340151766573506,0.1915157788205524,0.0170161552870981,1.013425628845663,Male,63,Bachelor's,Salaried - Private,264963.46,22080.29,Savings,Mass Market,30229.62,0,6.0,Android 12,0,9.6,6.4,VERIFIED,0.89,0.95,0.91,0.85,1,0.0,0.0,0.0,0.0,0.0,650.0,0.0,0.4517310495185995,709.4225000000006,0.0,0.0819672131147541,0.904
90,4662.072272,1653.6950000000002,86352.94,28730.59,15955.644333333334,222.75,86625.54,346213444.94553936,12,0.2987688234051216,13751.834166666667,3200.475,712353532.0405539,0.3498868635954536,21213.707873333333,-7461.873706666665,7.5,0.2445431382423914,0.4832090734510458,165022.01,254564.49448,93122.26448,126483.48,34958.75,17254.12447999999,43014.95000000001,16446.489999999998,0.1373276743538426,0.0677789906060743,0.074836673664625,0.1290564501821409,0.0996624026092034,0.0,0.0,0.2624201388982327,0.0949990298112841,0.1689746643099888,1.542609343323354,-0.5426093433233541,0.3658101050982041,0.4968622205479533,0.1373276743538426,0.0105002860098779,0.7521384016695336,Female,24,Diploma,Salaried - Private,2086760.78,173896.73,Savings,Affluent,90254.99,1,2.9,Android 14,0,2.7,3.0,VERIFIED,0.86,0.91,0.95,0.76,1,1.0,1299484.35,22849.21,11.87,0.1314,721.0,1.0,0.4032157475376905,129833.81212666669,0.131395282706006,0.1666666666666666,0.8730000000000001
91,5592.693956043956,1399.26,133239.82,23682.36,17069.43945054945,410.33,133650.15,585689039.46777,12,0.2609295504948051,20959.44833333333,3370.535,1612855969.8534515,0.3528036736167645,21451.814166666667,-492.3658333333351,7.583333333333333,0.0098088677234256,0.4263272710202447,251513.38,257421.77,107964.49,122697.92,26759.360000000004,0.0,73622.43000000001,25950.81,0.1039514257088668,0.0,0.1345929677975565,0.1334077533535722,0.1031786460028488,0.0,0.0,0.2202401529598681,0.0209979909624582,0.2859992377490062,1.0234913546150108,-0.023491354615011,0.4194069911025785,0.4766415831885547,0.1039514257088668,0.0191279859508385,0.7957107645036913,Male,23,Bachelor's,Self-Employed Business,404927.84,33743.99,Savings,Mass Market,36819.79,0,5.0,iOS 15,0,2.6,5.9,VERIFIED,0.93,0.96,0.9,0.76,1,1.0,726609.19,19238.03,12.29,0.5701,638.0,0.0,0.3822131125781566,-6945.854166666664,0.57011722680098,0.0980392156862745,0.899
95,9104.890631578946,2251.56,137064.86,61151.71,36683.136736842105,1375.99,148474.12,1714574712.4313667,12,0.3056367738370921,29291.94583333333,3469.715,2732337031.100863,0.3692108255058881,42788.43833333333,-13496.4925,7.916666666666667,0.1680507240825025,0.5171299318306091,351503.35,513461.26,242605.07,239397.46,31458.73,0.0,198638.83,73137.38,0.061267971803754,0.0,0.0777815448043733,0.0856271805199091,0.2080702218058519,0.0,0.0,0.2046945469654322,0.0413264868317426,0.3868623506279714,1.460757799321116,-0.460757799321116,0.4724895311478805,0.4662424970483654,0.061267971803754,0.0321579859793122,0.8573142223857458,Male,26,Master's,Salaried - Govt,796840.63,66403.39,Savings,Affluent,208916.52,0,1.3,Android 14,0,1.3,1.6,VERIFIED,0.9,0.97,0.93,0.89,1,0.0,0.0,0.0,0.0,0.0,650.0,0.0,0.4283784680357765,23614.951666666668,0.0,0.3571428571428571,0.925
98,4627.9334693877545,1430.72,63264.97,24007.81,13724.441428571428,37.44,69020.79,283108162.09787226,12,0.319306261682254,17013.531666666666,3624.815,728000595.2224153,0.3970965873817259,20781.25833333333,-3767.7266666666656,8.166666666666666,0.1348118905007957,0.5325892439612112,204162.38,249375.1,49592.64,161157.85,38624.61,0.0,31201.039999999997,63247.74000000001,0.1548855920258277,0.0,0.0860996947971148,0.0737507473681213,0.3097913533335574,0.0,0.0,0.2025573924581884,0.1039647502898244,0.125116902208761,1.221454706787803,-0.2214547067878028,0.1988676495768823,0.6462467583972898,0.1548855920258277,0.0018016233376949,0.6604239843627417,Female,60,Doctorate,Salaried - Private,435976.46,36331.37,Savings,Mass Market,61902.08,1,0.2,Android 14,0,5.2,6.1,VERIFIED,0.9,0.99,0.82,0.88,1,0.0,0.0,0.0,0.0,0.0,650.0,0.0,0.45129365001352,15550.111666666671,0.0,1.6666666666666663,0.907
100,5241.1458,1375.365,94990.41,29941.7,16659.8402,1523.3,100531.36,403696084.8121738,12,0.2927032333697559,19950.923333333332,4573.42,1124577222.1724608,0.3832562051375709,23725.291666666668,-3774.368333333334,8.333333333333334,0.1121005163610181,0.5445420376410371,239411.08,284703.5,127796.87,111258.63,45648.0,0.0,90200.66,48149.25,0.160335225945589,0.0,0.1021746132379826,0.1320539087155584,0.2011153786199034,0.0,0.0,0.0428729889165394,0.0766194303898617,0.316823151102814,1.1891826393331504,-0.1891826393331503,0.4488770598183724,0.3907877142360386,0.160335225945589,0.0642057438703774,0.702197487561621,Female,53,Bachelor's,Salaried - Govt,422457.19,35204.77,Current,Mass Market,65187.13,1,0.7,Android 14,0,3.6,2.6,VERIFIED,0.93,0.94,0.84,0.93,1,2.0,854256.67,19788.16,14.03,0.5621,610.0,0.0,0.4477705381389574,-8308.681666666671,0.5620874671244834,0.625,0.915
95,7462.413157894737,1605.43,138685.77,42358.2,20211.704210526314,242.87,138928.64,738991102.950469,12,0.2759201596901132,28327.365,3973.71,2360076498.0191913,0.3785151659243782,30750.0725,-2422.707500000001,7.916666666666667,0.0669306984798915,0.5344544889971186,339928.38,369000.87,105797.13,183834.28,79369.45999999999,0.0,56596.91,62049.06,0.2150928804043199,0.0,0.0580779660492399,0.1333336151754872,0.1825356858994826,0.0,0.0,0.2020787647465438,0.0698837376724884,0.15337879826679,1.085525339190567,-0.0855253391905671,0.2867124134422772,0.4981947061534028,0.2150928804043199,0.0078981927603585,0.6572896441309631,Female,25,Diploma,Unemployed,255248.85,21270.74,Savings,Mass Market,67053.23,0,0.2,Android 13,1,2.7,3.3,PENDING_REVERIFICATION,0.3,0.53,0.33,0.41,0,1.0,1929191.91,34065.83,12.01,1.6015,570.0,0.0,0.4408908951534743,-43545.16249999999,1.6015347844033634,2.1666666666666665,0.397
98,3738.808163265306,1411.86,52444.24,14995.37,12074.405,554.82,59409.61,146988775.88379842,12,0.3194901515808626,14545.829166666668,5977.63,397123721.38351744,0.4326014246535609,15987.770833333334,-1441.9416666666666,8.166666666666666,0.0937284640590765,0.5774079888991983,174549.95,191853.25,70667.51,97970.23,23215.51,0.0,24259.300000000003,43742.74,0.1210066027028471,0.0,0.1575166435804449,0.24189431244975,0.2506029935843579,0.0,0.0,0.1025773084375688,0.0225569282772118,0.1264471673010491,1.099130936445413,-0.0991309364454128,0.368341479750799,0.5106519175463538,0.1210066027028471,0.034702774125536,0.7552275502239341,Male,24,Master's,Salaried - Private,475267.96,39605.66,Current,Mass Market,28544.96,0,3.4,Android 14,0,8.9,5.2,VERIFIED,0.89,0.91,0.83,0.89,1,0.0,0.0,0.0,0.0,0.0,650.0,0.0,0.4905240503518159,23617.889166666668,0.0,0.1428571428571428,0.8840000000000001
91,5241.51032967033,1408.18,142026.81,20967.9,15278.667032967032,297.76,143818.08,400145695.1240231,12,0.240670421285045,23626.909166666668,3395.205,1859441355.0236628,0.3639915042878811,16121.210833333333,7505.698333333334,7.583333333333333,0.1441347856543738,0.5149124674848636,283522.91000000003,193454.53,49416.47,129586.55,14451.51,0.0,41293.36,40975.17999999999,0.074702360291072,0.0,0.1695135285795582,0.0419897636927912,0.1445215838113399,0.0,0.0,0.1443209419805263,0.1442130613328103,0.2134525358491217,0.6823241550391818,0.3176758449608181,0.255442299541913,0.669855340167015,0.074702360291072,0.0184700766634929,0.94773694053897,Male,63,Bachelor's,Self-Employed Business,277473.0,23122.75,Salary,Mass Market,53749.7,0,0.3,Android 14,0,4.4,1.4,VERIFIED,0.85,0.98,0.88,0.87,1,3.0,5435806.9399999995,79168.12,11.253333333333332,3.4238,630.0,0.0,0.4243598895666741,-72166.58083333333,3.4238193986441923,1.25,0.899
91,7002.854835164836,1764.85,132786.57,45794.62,18986.61054945055,1749.19,138233.83,770907089.3257498,12,0.2514280142148076,30597.68166666667,3482.3199999999997,2712448756.364852,0.3802844777726648,22507.30083333333,8090.380833333334,7.583333333333333,0.1174515151799294,0.4519549229103748,367172.18,270087.61,84626.95,161595.77000000002,23864.89,0.0,54737.07000000001,15649.87,0.0883598103593126,0.0,0.1778758381400761,0.1106673497536595,0.0426227008810961,0.0,0.0,0.2390991204668737,0.1233900733173209,0.2026641281323493,0.7355884370106689,0.264411562989331,0.3133314778860089,0.5983087117546785,0.0883598103593126,0.0777165601931906,0.8435756330821936,Male,35,Master's,Salaried - Private,489750.52,40812.54,Savings,Mass Market,35011.91,0,7.0,Android 11,0,5.6,7.0,VERIFIED,0.91,0.93,0.91,0.79,1,0.0,0.0,0.0,0.0,0.0,650.0,0.0,0.4089526558277488,18305.23916666667,0.0,0.0704225352112676,0.8920000000000001
96,5838.632083333333,1695.615,86178.12,31635.76,19514.3028125,597.45,91515.93,500646405.43649405,12,0.2982357616611188,24576.308333333334,8090.99,1302857493.3177607,0.4156082819741333,22132.748333333333,2443.5599999999995,8.0,0.06517739565181,0.5354422917543958,294915.7,265592.98,74487.05,135453.9,55652.03,0.0,45365.28,44065.009999999995,0.2095387837434559,0.0,0.1595931112335875,0.1096481164524755,0.1494156126649072,0.0,0.0,0.0956538836229782,0.0888467759953595,0.1708075266145965,0.9005725364909362,0.0994274635090637,0.280455643067072,0.5100055731894722,0.2095387837434559,0.0269939363608179,0.881693611593198,Male,65,High School,Salaried - Private,561914.57,46826.21,Salary,Mass Market,20890.94,1,1.0,Android 12,0,6.0,1.8,VERIFIED,0.89,0.96,0.87,0.87,1,1.0,913854.38,24362.49,12.66,0.5203,657.0,0.0,0.4635418858862383,330.97166666666453,0.5202746496032885,0.4545454545454545,0.903
92,5318.318369565217,859.48,139795.77,17636.3,16224.011195652174,570.59,141100.39,703875057.3329316,12,0.2279944206328685,25901.000833333335,1889.215,2212059919.9841175,0.3651654630382815,14872.773333333333,11028.2275,7.666666666666667,0.166580176736373,0.4380353695097435,310812.01,178473.28,42694.97,110311.13,25467.18,0.0,27197.82,31316.78,0.1426946375390198,0.0,0.1688921725425789,0.0868317655169446,0.10075794690173,0.0,0.0,0.1648334137188491,0.1088860472559253,0.1523915512731093,0.5742161636546799,0.4257838363453201,0.2392233167900539,0.6180820456709263,0.1426946375390198,0.0383647344857448,1.0908531201299494,Male,41,Master's,Salaried - Private,362104.77,30175.4,Salary,Mass Market,8761.66,0,2.6,Android 14,0,4.4,5.2,VERIFIED,0.87,0.88,0.93,0.92,1,1.0,235226.44,6607.5,15.51,0.219,614.0,0.0,0.3943134256268663,8695.12666666667,0.2189697568217819,0.1851851851851851,0.8950000000000001
99,12563.828585858586,4067.35,148603.82,61496.96,54517.19333333333,1084.98,318657.09,4469338774.869463,12,0.3307058697845214,38968.435000000005,4556.16,4105371083.873064,0.3884713465829305,64683.150833333326,-25714.715833333325,8.25,0.2280737521905194,0.5415846402664113,467621.22,776197.8099999999,297722.12,424089.4,54386.29000000001,27123.300000000003,111430.48,97054.75,0.0700675643493505,0.0349437986690531,0.1827894232270508,0.2050615680041663,0.2075499268403602,0.0,0.0,0.158197612023667,0.0803419684989835,0.1435593846882923,1.6598857725062175,-0.6598857725062174,0.3835647513615118,0.5463676842891376,0.0700675643493506,0.0167737654400235,0.8428345346658477,Male,67,Diploma,Unemployed,1862105.75,155175.48,Savings,Affluent,340822.7,0,0.4,Android 13,0,0.4,0.5,VERIFIED,0.87,0.99,0.94,0.95,1,1.0,404694.27,9041.1,12.19,0.0583,733.0,1.0,0.4497166640563228,81451.22916666669,0.0582637153756508,1.0,0.936
99,3118.041515151515,1596.05,34826.17,10936.78,11972.23494949495,880.61,46022.59,123435134.45959468,12,0.359300905943784,12907.270000000002,4494.414999999999,308437195.50476366,0.434286025901022,12816.5725,90.6974999999996,8.25,0.0045192642683991,0.5807718760101404,154887.24,153798.87,25678.42,102625.27,25495.18,0.0,11913.7,44579.57000000001,0.1657696184633866,0.0,0.1944685289300239,0.0894981868202282,0.2878195130857778,0.0,0.0,0.0881891394910768,0.0947553775915258,0.0774628578220373,0.9929731461416704,0.0070268538583294,0.1669610446422656,0.6672693368943479,0.1657696184633866,0.0687086972745638,0.9341214236095454,Male,67,Diploma,Salaried - Private,555560.17,46296.68,Savings,Mass Market,16006.31,1,5.2,Android 13,0,3.3,6.1,VERIFIED,0.99,0.98,0.85,0.96,1,0.0,0.0,0.0,0.0,0.0,650.0,0.0,0.4928803659446693,33480.1075,0.0,0.0943396226415094,0.953
96,7878.114166666666,1222.505,144340.57,39450.75,21036.579479166667,208.25,149639.57,1132864249.9290829,12,0.2663183418387126,32047.940833333338,1655.22,3152970223.723154,0.373488413885199,30976.9725,1070.9683333333342,8.0,0.0229660831789994,0.5020191068596926,384575.29,371723.67,95257.81,208390.07,68075.79000000001,0.0,85817.34000000001,16817.780000000002,0.1831354726482713,0.0,0.1229305898115124,0.0253964726001978,0.0437307867595965,0.0,0.0,0.154278042073565,0.2381534649111799,0.2308632646395641,0.966582304338898,0.0334176956611019,0.256259737239762,0.5606047901119668,0.1831354726482712,0.0067227357353918,0.6791037916686876,Male,22,Bachelor's,Self-Employed Business,572461.88,47705.16,Salary,Mass Market,52303.4,0,1.2,Android 12,0,2.9,2.3,REJECTED,0.47,0.6,0.54,0.19,0,0.0,0.0,0.0,0.0,0.0,650.0,0.0,0.4249006910749965,16728.187500000004,0.0,0.3846153846153846,0.4669999999999999
93,7701.9211827957,1080.14,135129.79,32878.43,29383.43741935484,333.37,142590.93,1601861408.7796755,12,0.25625083336285,34310.6,3031.945,3433662212.4430003,0.3794926648861511,25379.28916666667,8931.310833333335,7.75,0.1200205517915566,0.48463830118299,411727.2,304551.47,98388.65,147245.18,58917.64,0.0,41135.47,13289.06,0.1934570862521202,0.0,0.2087417604649881,0.1879918031589209,0.0322763713449099,0.0,0.0,0.1604071390625696,0.0706983289228582,0.1350690246216838,0.7396923739796641,0.2603076260203358,0.3230608277806047,0.4834820859672751,0.1934570862521202,0.0131355136785253,1.1577722774815633,Male,18,Bachelor's,Self-Employed Professional,391947.66,32662.3,Salary,Mass Market,2536.77,0,3.0,Android 14,0,5.1,3.3,VERIFIED,0.93,1.0,0.86,0.91,1,1.0,768814.22,69073.03,14.12,2.1148,613.0,0.0,0.4215509194048866,-61790.019166666665,2.1147631979376835,0.1612903225806451,0.933
96,5110.5633333333335,1148.355,90388.07,24639.74,15867.622083333334,0.0,90388.07,497300378.0037051,12,0.2734978186870449,21001.17166666667,4205.485,1175135943.485052,0.3902079905922859,19883.335000000003,1117.8366666666675,8.0,0.0297673084294466,0.5073323389312265,252014.06000000003,238600.02,42452.29,128093.08,68054.65,3811.54,27606.51,59605.87,0.2852248294027804,0.0159746005050628,0.0808868750304379,0.046245763097589,0.2365180339541373,0.0,0.0,0.016192873747454,0.1899579891066228,0.1157020439478588,0.9467726522877334,0.0532273477122665,0.1779224075505106,0.5368527630467088,0.2852248294027804,0.0,0.7980362491168274,Male,21,Master's,Retired,322172.89,26847.74,Salary,Mass Market,2517.7,0,1.2,iOS 16,0,0.6,3.3,VERIFIED,0.9,0.91,0.9,0.84,1,1.0,69985.06,1655.77,14.75,0.0617,629.0,1.0,0.4370577299278622,5308.634999999998,0.0616726026101265,0.3846153846153846,0.8910000000000001
90,5279.886666666666,1661.97,120111.11,40675.5,21001.813,292.32,121074.96,456184072.91824615,12,0.2720188600866927,17066.878333333334,2341.575,1279109376.2089062,0.3326429023866272,22532.271666666667,-5465.393333333333,7.5,0.2138420951014839,0.4924645187238306,204802.54,270387.26,31414.73,167515.17,71457.36,0.0,17865.739999999998,27318.31,0.2642778361672809,0.0,0.2422355254459844,0.0501095724702413,0.1333885312164585,0.0,0.0,0.1300055335447387,0.1462628823562175,0.0660746368005652,1.3202339189738566,-0.3202339189738564,0.1161842092708066,0.6195379545619124,0.2642778361672809,0.0129733923114572,0.9320770364698396,Male,67,High School,Self-Employed Business,446216.92,37184.74,Savings,Mass Market,68767.0,0,0.4,Android 13,0,6.8,0.8,VERIFIED,0.88,0.96,0.94,0.86,1,0.0,0.0,0.0,0.0,0.0,650.0,0.0,0.3965715489215086,14652.46833333333,0.0,1.0,0.912
99,6489.258080808081,2034.0,134214.52,27403.43,23159.611717171716,1498.69,136351.87,760142781.7856027,12,0.2873309142278733,25145.909166666665,5496.1849999999995,1843467432.278099,0.3795494316764407,28390.47,-3244.560833333336,8.25,0.0640023589788043,0.5717884858365491,301750.91,340685.64,99478.91,199273.13,41933.6,0.0,55116.98,56758.0,0.1230859040609988,0.0,0.1426461062462157,0.130213677336092,0.1880955388005292,0.0,0.0,0.1261563005708136,0.1495161639334138,0.1617825159874657,1.1290293706156511,-0.1290293706156512,0.2919961933235577,0.5849179026154434,0.1230859040609988,0.0527884885315389,0.8157530226576635,Male,31,Master's,Salaried - Private,283090.87,23590.91,Salary,Mass Market,54381.98,0,0.6,Android 14,1,7.4,0.9,VERIFIED,0.94,0.98,0.89,0.83,1,2.0,4176860.94,57876.880000000005,9.24,2.4534,586.0,0.0,0.456445053340484,-62676.44,2.4533551270383382,1.2142857142857144,0.92
95,5803.325263157895,1414.89,128912.76,25548.09,19348.54694736842,221.23,131000.94,753407067.1865597,12,0.2697363442514277,22734.6875,3448.125,1602312763.7862203,0.3723472558792421,23208.30416666667,-473.61666666666815,7.916666666666667,0.0118304794230954,0.547444236353402,272816.25,278499.65,42415.61,189529.07,46554.969999999994,0.0,30963.5,70968.28000000001,0.1671634775842626,0.0,0.1517308190512986,0.0411207339039743,0.2601321585499398,0.0,0.0,0.2162412771434362,0.057740431630704,0.1111796729367523,1.0208323367834575,-0.0208323367834577,0.1523004068407267,0.6805361155750106,0.1671634775842626,0.0095323638647301,0.8336906828012927,Female,46,High School,Self-Employed Business,483527.1,40293.92,Current,Mass Market,25303.45,1,1.2,Android 13,0,5.8,3.8,VERIFIED,0.86,0.9,0.97,0.84,1,2.0,2226633.59,83662.8,12.745,2.0763,649.0,0.0,0.4423860480689061,-66577.18416666667,2.076313250237257,0.3846153846153846,0.89
98,6197.83,1878.655,142421.88,31894.25,26189.300510204084,277.75,144902.17,995735391.0037552,12,0.2686383183014685,25574.268333333337,4803.22,1960233046.550124,0.3763011629304562,25041.343333333338,532.925000000002,8.166666666666666,0.0159011042602454,0.5613653143460732,306891.22000000003,300496.12,128787.96,157975.65,13732.510000000002,0.0,27265.39,19291.91,0.0456994586153059,0.0,0.164294933325595,0.3378498531029286,0.0628623718853866,0.0,0.0,0.181770433508426,0.1154505422565855,0.0907345825297178,0.9791616716828848,0.0208383283171151,0.4285844356326465,0.5257161057520476,0.0456994586153059,0.0110916573565076,1.0458424758444436,Male,46,Bachelor's,Salaried - Private,523711.47,43642.62,Salary,Mass Market,14532.51,0,2.4,Android 12,0,4.6,3.1,REJECTED,0.42,0.53,0.27,0.36,0,0.0,0.0,0.0,0.0,0.0,650.0,0.0,0.4503268234967029,18601.27666666667,0.0,0.2,0.411
97,6309.295154639175,1858.25,119844.49,33653.6,21243.545567010307,1146.26,121581.25,544412187.3628999,12,0.2828922189199652,26347.9125,6157.15,1599585625.9104753,0.407618961415949,24652.22333333333,1695.689166666669,8.083333333333334,0.0445560170221811,0.5772411182380988,316174.95,295826.68,95878.0,163303.97,36644.71,0.0,49999.54,32071.879999999997,0.1238722281573791,0.0,0.1239928055170683,0.1550856062069858,0.1014371315627629,0.0,0.0,0.2645822209139487,0.0550363814379419,0.1690163307785491,0.9356423714149396,0.0643576285850603,0.3241019369855349,0.5520258348570859,0.1238722281573791,0.046497226010852,0.8617293977815784,Female,69,Bachelor's,Self-Employed Professional,442020.92,36835.08,Savings,Mass Market,34979.04,1,4.3,Android 12,0,2.6,5.0,VERIFIED,0.94,0.98,0.97,0.8,1,1.0,1044230.62,24011.45,13.47,0.6519,649.0,0.0,0.4754678241448089,-11828.59333333333,0.6518636582301437,0.1136363636363636,0.93
95,6916.415743157895,1586.6,121820.03,42006.1,24313.677368421053,307.64,123427.08,1025864624.145962,12,0.2614908301608358,29679.603333333333,2887.385,2530765368.6890607,0.3812752164171497,25075.354633333332,4604.248700000001,7.916666666666667,0.0883463176007289,0.5746168385936872,356155.24,300904.2556,92026.36559999998,188055.09,20822.8,17400.21559999998,61484.42,43539.28,0.0692007494492876,0.057826419122269,0.2210698212538008,0.0436741247603678,0.1222480399277573,0.0,0.0,0.2149589738138619,0.0442429435683926,0.2043321716318059,0.8448682535177637,0.1551317464822362,0.3058327155144428,0.6249665350362695,0.0692007494492876,0.0122686201052186,0.9696244668899014,Male,18,Master's,Salaried - Private,374325.51,31193.79,Salary,Mass Market,24000.58,0,0.6,iOS 15,0,9.7,1.0,VERIFIED,0.87,0.91,0.94,0.92,1,1.0,217567.64,10419.35,13.74,0.334,653.0,1.0,0.4586118652877646,-4300.914633333334,0.3340200084696345,0.7142857142857143,0.906
95,5276.466947368421,1500.98,93464.56,31759.71,18854.903684210527,1095.84,96160.76,405795628.6358597,12,0.2909771317025562,20886.1625,4250.975,1070795932.6233478,0.4000064262112573,20885.8675,0.2949999999991632,7.916666666666667,4.229602467662705e-05,0.5847458961961404,250633.95,250630.41,87369.66,124491.1,38769.65,11840.91,42764.81999999999,34920.17,0.1546885312121542,0.0472445063629748,0.1136920695297909,0.1307260758979726,0.1393273736459087,0.0,0.0,0.098620275169322,0.1450701852181465,0.1706290150504881,0.9999858758161057,1.4124183894440314e-05,0.3485995973114356,0.4967118714764102,0.1546885312121541,0.0524680145557755,0.902758943779114,Male,69,Bachelor's,Salaried - Private,443018.41,36918.2,Savings,Mass Market,37689.54,0,0.5,Android 14,0,6.1,0.7,VERIFIED,0.96,0.99,0.83,0.97,1,1.0,146797.77,3946.97,13.12,0.1069,654.0,1.0,0.4739022142052105,12085.362499999996,0.1069112253576826,0.8333333333333334,0.945
96,18493.691875,4228.43,132585.89,248924.5,113005.42375,645.4,1149112.46,56071804349.643,12,0.3178123710902166,27500.215833333335,4227.51,2105677883.2856448,0.3849806966931035,120449.31916666668,-92949.10333333332,8.0,0.2992328819694979,0.3719886708084269,330002.59,1445391.83,308291.93,968699.34,168400.56,0.0,240819.46,321540.19,0.1165085871559132,0.0,0.236097667716857,0.0466810926971961,0.9743565648984754,0.0,0.0,0.0449916407788191,0.1666502847189886,0.1666118868265638,4.379940866524714,-3.379940866524714,0.21329297952376,0.6701984333203267,0.1165085871559132,0.0053582702207469,0.9381989415285404,Male,25,High School,Salaried - Private,8643181.52,720265.13,Salary,HNI,1143535.58,0,1.0,Android 13,0,0.3,6.0,VERIFIED,0.9,0.97,0.93,0.8,1,0.0,0.0,0.0,0.0,0.0,650.0,0.0,0.3797838863392329,599815.8108333333,0.0,0.4545454545454545,0.907
99,101379.25044040404,6601.98,147046.59,2995404.34,581612.1632323232,852.08,9373830.43,2253833951888.7725,12,0.2242816016056887,29251.618333333336,6527.705,2385893365.259834,0.384808053155037,807127.1978000001,-777875.5794666667,8.25,0.2777732465661585,0.2861433109673276,351019.42,9685526.3736,4917862.853600001,3565825.6799999997,1201837.84,98387.90360000104,3277650.56,1338015.3999999997,0.1240859601885829,0.0101582402241119,0.0753874422344487,0.1591884974060446,3.811798788796357,0.0,0.0,0.0962183472588711,0.0584085839198153,0.3384070657154934,27.592565601071307,-26.5925656010713,0.50775380334565,0.368160236465767,0.1240859601885829,0.0010556948177716,0.7205954214126759,Male,36,Bachelor's,Self-Employed Business,27213726.95,2267810.58,Current,Ultra HNI,9366871.08,1,1.3,Android 14,0,6.4,1.9,VERIFIED,0.93,0.89,0.95,0.8,1,2.0,2508091.66,119697.0,11.05,0.0528,792.0,2.0,0.3453421562799532,1340986.3822,0.0527808632059561,0.3571428571428571,0.896
98,6436.743163265306,1815.555,139798.76,35175.25,23659.401224489793,0.0,143873.83,804152271.8830478,12,0.2749467710863179,26612.91,3217.365,2124901419.8798363,0.3761784671666114,25953.825833333336,659.0841666666669,8.166666666666666,0.0220896576015561,0.533275456399013,319354.92,311445.91,151948.06,106453.63,53044.219999999994,10655.48,83714.22,21764.09,0.1703159948383974,0.0342129392548452,0.0666156123225377,0.1848743494496363,0.0681501634607664,0.0,0.0,0.15272786854064,0.05258026987736,0.2687921636216061,0.9752344194352792,0.0247655805647209,0.4878794523260877,0.3418045528355148,0.1703159948383974,0.0,0.9115959002122632,Female,65,Bachelor's,Salaried - Private,218368.36,18197.36,Savings,Mass Market,57235.2,0,0.9,Android 14,0,2.9,4.2,VERIFIED,0.99,0.94,0.95,0.85,1,2.0,936872.59,21942.85,14.095,1.2058,644.0,1.0,0.439017262859572,-29699.315833333338,1.2058260099267146,0.5,0.939
98,9021.171326530612,1530.25,146747.89,51157.09,24883.499897959187,998.37,148142.2,1152827122.1707618,12,0.2778029741192478,35587.58583333334,2608.355,3699084612.612082,0.3793307817417921,38085.31333333333,-2497.727499999997,8.166666666666666,0.0617861454748284,0.5027919574979923,427051.03,457023.76,208405.91,152447.12,96170.72999999998,0.0,169101.78,39684.91,0.2104282937062178,0.0,0.0820841130885624,0.0860001895743888,0.0929277936643777,0.0,0.0,0.1271866040400175,0.0374608970001909,0.3700065397037563,1.0701853593468678,-0.0701853593468676,0.4560067292781452,0.333564977015637,0.2104282937062177,0.0262140419132694,0.6533620894797905,Female,65,Bachelor's,Self-Employed Business,426786.07,35565.51,Salary,Mass Market,53183.19,1,1.0,iOS 17,0,8.7,2.2,VERIFIED,0.93,0.94,0.85,0.95,1,1.0,1545164.54,14151.65,9.25,0.3979,607.0,0.0,0.4287152520442722,-16671.45333333333,0.3979037556329151,0.4545454545454545,0.921
99,5381.601717171717,1418.04,88401.26,28883.23,18208.731010101008,158.97,91369.12,465288061.1844172,12,0.2940281327121436,20359.8725,3867.605,1062011557.6680568,0.3948813273075772,24038.341666666664,-3678.469166666666,8.25,0.0920926876740403,0.5115251207625494,244318.47,288460.1,62973.08,151144.96,74342.06,0.0,42938.04,35867.07,0.2577204264991934,0.0,0.105631628083052,0.069455151683023,0.1468045784667855,0.0,0.0,0.1101384558904333,0.1838619275248119,0.1488526142783698,1.1806725050300126,-0.1806725050300126,0.2183077659613929,0.5239718075394136,0.2577204264991934,0.006613184977749,0.7574869873553123,Male,41,Master's,Salaried - Private,428811.27,35734.27,Savings,Mass Market,62201.71,0,3.9,Android 14,0,5.3,5.8,VERIFIED,0.95,0.89,0.87,0.91,1,0.0,0.0,0.0,0.0,0.0,650.0,0.0,0.4415388446895661,11695.928333333331,0.0,0.125,0.908
100,4838.3077,1434.0,98750.78,24534.45,15699.4782,348.81,101867.33,405861208.079906,12,0.2824748074419774,20015.779166666667,4765.795,1048051141.4274628,0.3923923181341913,20303.451666666664,-287.6725000000003,8.333333333333334,0.0127058895547509,0.5411728750589427,240189.35,243641.42,103613.85,113284.38,26743.19,0.0,73047.59,43906.33,0.1097645466029544,0.0,0.1685575876220061,0.125455926172159,0.1827988210135045,0.0,0.0,0.043978482804771,0.072218672834857,0.2998159754609868,1.0143722858652977,-0.0143722858652975,0.425271901633146,0.4649635517638996,0.1097645466029544,0.017179837484119,0.7732418338392546,Female,20,Diploma,Salaried - Private,593317.57,49443.13,Savings,Mass Market,23334.17,1,1.6,Android 14,0,6.0,3.7,VERIFIED,0.87,0.93,0.84,0.89,1,2.0,6140079.949999999,68249.33,12.4,1.3804,625.0,0.0,0.4519045409040919,-39109.651666666665,1.3803602239583137,0.2941176470588235,0.8860000000000001
95,5995.131157894736,2297.39,130275.74,25107.45,21994.00242105263,1468.42,132830.53,622475841.9969677,12,0.2872796832653819,22703.98,7137.594999999999,1442167773.7230184,0.3844123921545362,24757.475,-2053.494999999999,7.916666666666667,0.0550365636922234,0.5657192703913178,272447.76,297089.7,107645.42,143609.25,45835.030000000006,0.0,40476.46,56250.08,0.1542801046283327,0.0,0.0260850174206645,0.226089830781747,0.2064618919972034,0.0,0.0,0.1558944655435715,0.1120703275811985,0.1362432288968617,1.0904464767851276,-0.0904464767851275,0.3623330596786088,0.4833868356930583,0.1542801046283328,0.0593121875312405,0.8883782542869428,Female,32,Bachelor's,Salaried - Private,353022.4,29418.53,Savings,Mass Market,65548.47,0,0.5,Android 14,0,9.1,0.9,VERIFIED,0.95,0.91,0.92,0.81,1,1.0,7175965.03,92032.16,9.29,3.1284,644.0,0.0,0.4569351434492488,-87371.10500000001,3.1283738514466903,0.8333333333333334,0.904
99,5720.766666666667,1776.13,101909.24,21749.46,20246.521212121213,703.9,102613.14,575567496.4238946,12,0.2810574314499097,21907.47333333333,2071.565,1469965782.987861,0.373760412743192,25288.85166666667,-3381.3783333333326,8.25,0.0808381343098168,0.588361633994719,262889.68,303466.22000000003,88552.09,166493.53,48420.600000000006,0.0,45164.43000000001,51221.130000000005,0.1595584510196884,0.0,0.1915936146039582,0.1429736067493772,0.1948388769007593,0.0,0.0,0.0825992757941888,0.1056596019154949,0.1488285252968188,1.1543481661204809,-0.1543481661204806,0.2918021320461961,0.5486394169341153,0.1595584510196884,0.0278343994926354,0.800610540921011,Male,62,Master's,Salaried - Private,507223.09,42268.59,Salary,Mass Market,46507.91,0,1.5,Android 13,0,3.0,2.5,VERIFIED,0.88,0.9,0.95,0.82,1,0.0,0.0,0.0,0.0,0.0,650.0,0.0,0.4596009012438028,16979.738333333327,0.0,0.3125,0.888
90,5212.157888888889,1891.335,99422.47,21234.78,15644.918,1635.43,101692.92,409679723.0655197,12,0.2896532792050895,19188.326666666664,5572.74,982833170.6459516,0.3899886837751018,19902.8575,-714.5308333333336,7.5,0.0566262057410651,0.47778980037019,230259.92,238834.29,88341.82,124515.75,25976.72,0.0,27927.050000000003,78514.45,0.1087646166720867,0.0,0.0597241292278424,0.2529568513800929,0.3409818347891374,0.0,0.0,0.0378495483207206,0.0950339249862321,0.1169306551416884,1.03723778762713,-0.0372377876271302,0.3698875065217813,0.5213478768061319,0.1087646166720867,0.0821706129383682,0.7860639106721233,Female,64,Bachelor's,Salaried - Govt,198437.98,16536.5,Savings,Mass Market,14099.73,0,3.0,Android 14,0,6.4,6.4,REJECTED,0.66,0.56,0.36,0.46,0,1.0,571415.73,19195.51,12.79,1.1608,623.0,0.0,0.4251091304131371,-22561.8675,1.1607964200405163,0.1612903225806451,0.53
100,5710.0501,1628.64,109274.72,28835.12,20050.0493,1663.77,112396.82,612084466.0617117,12,0.2793235808592538,23609.114166666663,6536.755,1629085798.128626,0.3792562487708119,23974.63666666667,-365.5225000000003,8.333333333333334,0.0097101578511327,0.5448564425736137,283309.37,287695.64,121835.06,136998.93,28861.65,0.0,73466.29,44598.47,0.1003200813192719,0.0,0.1742681258568951,0.1681247932711111,0.1574196787067085,0.0,0.0,0.1352116771738355,0.0116945463615646,0.2553611518061239,1.0154822623762851,-0.0154822623762849,0.4234859450772351,0.4761939736034928,0.1003200813192719,0.069397089229437,0.8363025299931551,Male,67,Bachelor's,Salaried - Govt,450793.0,37566.08,Savings,Mass Market,18777.35,1,0.7,Android 13,0,1.2,1.1,VERIFIED,0.91,0.94,0.86,0.86,1,0.0,0.0,0.0,0.0,0.0,650.0,0.0,0.4454963262919326,13591.443333333333,0.0,0.625,0.899
100,7344.937524,1856.395,116413.45,30971.26,26432.0531,326.18,127164.48,806931881.176272,12,0.3037686580843226,25636.97,2120.775,2022714036.250364,0.3731989357280654,35570.8427,-9933.872700000002,8.333333333333334,0.1852607953717796,0.567429095220482,307643.64,426850.1124,161714.5424,187290.54,77845.03,24987.1124,69241.18999999999,77690.28,0.1823708785323023,0.0585383760578342,0.0868987940320383,0.1581028985105639,0.2525333532004757,0.0,0.0,0.0428754250458058,0.1269909938531387,0.1622142948743428,1.3874823233790887,-0.3874823233790889,0.378855569442741,0.4387735520249567,0.1823708785323023,0.0091698699058372,0.7430820046329687,Male,53,Master's,Salaried - Private,1428592.29,119049.36,Savings,Affluent,137035.18,0,1.2,Android 14,0,9.2,4.2,REJECTED,0.62,0.41,0.22,0.36,0,2.0,1123801.53,37896.9,13.68,0.3183,723.0,2.0,0.4508909995250321,45581.6173,0.3183293047522473,0.3846153846153846,0.425
96,7365.376979166667,2715.58,129528.09,26114.24,26885.941770833335,770.03,136290.91,897142469.5282254,12,0.2841827476208091,29441.3625,5083.58,2422323173.196675,0.3845450160366646,29481.653333333332,-40.29083333333316,8.0,0.0008473387209209,0.5300438608621618,353296.35,353779.84,108489.06,205685.23,39605.55,0.0,79393.45,16852.24,0.1119497086097387,0.0,0.1105043181657835,0.0822421368046296,0.0477000116191407,0.0,0.0,0.2816563544152204,0.1415978083997098,0.2244148507727291,1.001368511166334,-0.0013685111663338,0.3066569875773588,0.5813933038129024,0.1119497086097387,0.0261189557890014,0.9119550205291518,Male,52,Master's,Salaried - Private,248372.22,20697.69,Savings,Mass Market,45450.54,0,0.7,Android 13,0,1.5,1.6,VERIFIED,0.94,0.89,0.88,0.79,1,1.0,409736.32,8794.66,10.44,0.4249,601.0,0.0,0.4427445539668635,-17578.623333333333,0.4249102194496101,0.625,0.883
90,4135.257391111111,757.605,121223.56,30326.3,12145.835555555555,0.0,121223.56,436960533.600207,12,0.2305081248600353,14934.98,1313.83,1248725526.6259089,0.3062604729692805,16079.450433333332,-1144.4704333333332,7.5,0.0999437523984775,0.3865728269237852,179219.76,192953.4052,35787.0552,126317.72,30848.630000000005,7121.835199999998,21843.62,65499.2,0.1598760590310639,0.0369096113780322,0.2129404762637482,0.0353536129249923,0.3654686291288415,0.0,0.0,0.0338338159579678,0.0684236693636749,0.1132067090360942,1.076630195241864,-0.0766301952418639,0.1854699333391189,0.6546540076298172,0.1598760590310639,0.0,0.755363848155952,Male,49,High School,Self-Employed Professional,493208.19,41100.68,Current,Mass Market,16781.08,1,0.7,iOS 17,0,9.4,1.5,VERIFIED,0.88,0.98,0.89,0.86,1,2.0,914343.75,20900.96,13.845,0.5085,632.0,1.0,0.3383854145510824,4120.26956666667,0.5085307591017959,0.625,0.908
99,5798.981818181817,1483.7,139911.3,48345.72,18501.75717171717,524.39,141859.75,633659731.0097857,12,0.2563750095493395,23945.05083333333,3085.325,1938169706.4487896,0.362289553376542,23896.549166666664,48.5016666666664,8.25,0.0014650485127013,0.4844497869681471,287340.61,286758.59,102152.1,116297.27,68309.22,0.0,87853.66,34520.55,0.2382115911505911,0.0,0.1450651574203932,0.049862290088677,0.1201380828139816,0.0,0.0,0.0639585025160013,0.0761525225800559,0.3063680149912858,0.9979744596491252,0.0020255403508748,0.3562303050799629,0.4055581037694459,0.2382115911505911,0.0219441726226928,0.7742438894702547,Male,46,Master's,Salaried - Private,430465.53,35872.13,Savings,Mass Market,22017.54,0,0.6,Android 13,0,8.0,1.4,VERIFIED,0.88,0.97,0.87,0.87,1,0.0,0.0,0.0,0.0,0.0,650.0,0.0,0.4111536468131841,11975.580833333332,0.0,0.7142857142857143,0.903
98,7380.400306122448,2106.5550000000003,128889.7,32945.69,26221.727551020405,481.27,129370.97,766976484.2385671,12,0.2807013093199131,29708.91333333333,4155.755,2350236165.9825516,0.3902767439549657,30564.355833333335,-855.442500000001,8.166666666666666,0.0211629025551586,0.5593634643074571,356506.95999999996,366772.27,69710.97,201632.92,95428.38,0.0,43344.73,87382.08,0.2601842827430765,0.0,0.1521038926961408,0.0718872230989545,0.2451062385991005,0.0,0.0,0.0715556822221047,0.0878439092464651,0.1181788634129837,1.028794136305221,-0.0287941363052211,0.1900660865119383,0.5497496307449852,0.2601842827430765,0.0157461195198862,0.8579185406035327,Female,55,High School,Self-Employed Business,416846.22,34737.18,Savings,Mass Market,38520.33,1,5.2,Android 12,0,9.5,6.8,VERIFIED,0.91,0.93,0.93,0.85,1,3.0,1982942.69,169214.3,13.166666666666666,4.8713,644.0,0.0,0.4579114320959623,-165041.47583333333,4.8712733733711255,0.0943396226415094,0.908
91,7337.897912087912,1633.59,138659.77,28660.59,23392.046043956045,2529.24,142535.62,958268062.5018688,12,0.2733351841879872,29213.50583333333,6263.09,2341398901.7639713,0.3867294413807122,26432.22,2781.2858333333315,7.583333333333333,0.057444545181919,0.4644442280385675,350562.06999999995,317186.64,66745.05,185097.31,65344.28,0.0,36989.55,35071.07,0.206012081719457,0.0,0.1646015733827881,0.0938106977015173,0.1000423976273303,0.0,0.0,0.1455112359082967,0.1628776041765189,0.1166176166814592,0.9047945204111788,0.0952054795888214,0.2104283143829765,0.5835596038975664,0.206012081719457,0.0956877628893827,0.8849822695163722,Female,49,Diploma,Salaried - Private,306439.35,25536.61,Savings,Mass Market,38692.08,0,5.2,Android 14,0,2.6,5.3,VERIFIED,0.88,0.98,0.96,0.86,1,1.0,615538.1,54888.7,12.69,2.1494,648.0,0.0,0.4178153560438543,-55784.31,2.1494121576826366,0.0943396226415094,0.922
98,5873.922653061225,1751.035,120543.45,43004.28,18869.814693877554,847.16,127527.07,493898033.22004575,12,0.2822179495392519,23259.23166666667,5024.05,1446826529.842506,0.3897619109441008,24711.13666666667,-1451.904999999999,8.166666666666666,0.0519768537506476,0.490719150243399,279110.78,296533.64,93913.66,174027.91999999998,28592.06,0.0,57844.47000000001,88696.25,0.096420965931555,0.0,0.0800634288912381,0.1216360814914624,0.3177815274637547,0.0,0.0,0.1235234221655256,0.0841770262557732,0.1950688292903294,1.062422741249908,-0.0624227412499079,0.3167049107817919,0.586874123286653,0.096420965931555,0.0342825185027911,0.7636158121099873,Female,25,Bachelor's,Self-Employed Business,433807.86,36150.65,Savings,Mass Market,47991.36,1,3.6,Android 13,0,7.6,4.8,VERIFIED,0.98,0.94,0.97,0.87,1,1.0,7201182.27,89477.04,8.55,2.4751,671.0,0.0,0.43014480666382,-78037.52666666667,2.4751156618207415,0.1351351351351351,0.944
94,6865.225,1532.345,142893.76,32175.77,24585.345425531916,763.69,154162.92,1201146528.7739503,12,0.2618082412001211,30104.55083333334,5632.585,2591517628.1978817,0.3818308977664597,23673.045,6431.505833333336,7.833333333333333,0.0919004281627483,0.4244481927020597,361254.61,284076.54,69235.42,162579.28,52261.83999999999,0.0,62350.0,75376.92000000001,0.1839709819050879,0.0,0.0365530360233196,0.0242379043338108,0.2086531712356556,0.0,0.0,0.1134052111448555,0.1570095862192632,0.2194831012796762,0.7863610100366607,0.2136389899633392,0.2437210056134871,0.5723080124814249,0.1839709819050879,0.0322598972797965,1.038537519171358,Female,29,Bachelor's,Salaried - Private,500227.72,41685.64,Savings,Mass Market,11198.15,0,2.2,Android 11,0,3.0,4.2,VERIFIED,0.9,0.99,0.83,0.77,1,0.0,0.0,0.0,0.0,0.0,650.0,0.0,0.3988778157406997,18012.595,0.0,0.217391304347826,0.887
99,7125.301661414142,2449.57,131282.88,34538.73,28768.292525252524,281.57,131564.45,1085721144.7029035,12,0.3013101518816533,23122.126666666667,2723.205,1821046578.1975143,0.3614112009723767,35661.61204,-12539.485373333337,8.25,0.2076352101631514,0.544564344766625,277465.52,427939.34448,102320.59448,239551.76,86066.98999999999,21871.32447999999,40781.32000000001,69430.14000000001,0.2011196004998843,0.0511084684362836,0.0610418984301193,0.0926952628022588,0.2502297943182274,0.0,0.0,0.2697147889971455,0.0667800714485031,0.0952969632870621,1.5423154000540318,-0.542315400054032,0.2391006945256046,0.559779704974511,0.2011196004998843,0.0078956049346332,0.8067019654911967,Male,45,High School,Salaried - Private,1762459.46,146871.62,Salary,Affluent,164362.72,0,0.4,iOS 17,0,3.1,5.0,REJECTED,0.44,0.65,0.24,0.36,0,1.0,1082811.21,18688.72,11.26,0.1272,735.0,1.0,0.434672458490076,92521.28796,0.1272452772019536,1.0,0.447
98,7728.619897959184,2364.5150000000003,131248.34,79391.16,29190.35030612245,751.88,163498.93,1082611640.660907,12,0.3061813789924332,22022.637499999997,2706.185,1660385577.8101113,0.3608260696278804,41094.425,-19071.7875,8.166666666666666,0.262764452926739,0.4994700844358166,264271.65,493133.1,196159.01,130548.57,166425.52000000005,0.0,90919.62,16503.71,0.3374860052995834,0.0,0.1030766744313046,0.2134097062233299,0.0624497936119897,0.0,0.0,0.1093951105695399,0.018794094332747,0.1843713593753897,1.8660083289297205,-0.8660083289297208,0.3977810655987197,0.2647329291016969,0.3374860052995835,0.018296399085764,0.710323853080374,Male,44,Diploma,Retired,1877613.09,156467.76,Savings,Affluent,242890.09,0,0.5,Android 12,0,1.7,1.0,VERIFIED,0.87,0.9,0.88,0.85,1,0.0,0.0,0.0,0.0,0.0,650.0,0.0,0.4162836755510549,115373.335,0.0,0.8333333333333334,0.8770000000000001
94,5895.726276595745,1709.98,101530.54,20970.42,22650.797553191493,1030.13,104375.87,606633597.4762897,12,0.2861598477351267,22389.948333333337,2472.1000000000004,1409741070.5911243,0.3838075234173701,23793.240833333333,-1403.2924999999996,7.833333333333333,0.0336068075127743,0.5782131657029265,268679.38,285518.89,75566.16,158795.24,51157.49,0.0,19754.33,31730.05,0.1791737492394986,0.0,0.17459471770852,0.1954750874802014,0.1180963347466411,0.0,0.0,0.1491972737775773,0.1212405245761497,0.069187471273792,1.0626751111305974,-0.0626751111305973,0.2646625587539934,0.5561636920065078,0.1791737492394986,0.0432950688481592,0.9519845451847264,Male,29,Bachelor's,Salaried - Private,253410.42,21117.53,Savings,Mass Market,74058.31,0,5.4,Android 14,0,7.4,6.4,VERIFIED,0.93,0.89,0.84,0.77,1,0.0,0.0,0.0,0.0,0.0,650.0,0.0,0.4615697803315927,-2675.7108333333344,0.0,0.0909090909090909,0.8680000000000001
97,7192.689175257732,1652.9,141174.71,35791.92,23347.31731958763,1337.22,144392.89,988660413.6257596,12,0.2745291669820547,28263.541666666668,2505.8050000000003,2427005077.236542,0.3747030325095313,29877.3625,-1613.820833333333,8.083333333333334,0.0365877511318983,0.5237850865022389,339162.5,358528.35,145998.36000000002,190750.59,21779.4,0.0,102310.34000000004,76839.56999999999,0.060746660619725,0.0,0.1567124887055654,0.1218537390418359,0.2265567979950613,0.0,0.0,0.1064555982811401,0.0545502189715262,0.2853619246567252,1.0570990307006227,-0.0570990307006228,0.4072156636985611,0.5320376756817139,0.060746660619725,0.0447569627339093,0.7814383655715136,Male,27,Bachelor's,Unemployed,278688.83,23224.07,Salary,Mass Market,53455.58,0,6.2,Android 14,0,3.7,6.2,VERIFIED,0.88,0.96,0.98,0.77,1,1.0,1078373.36,17985.96,10.15,0.7745,650.0,0.0,0.4343358541066143,-24639.252499999995,0.7744534011480331,0.0793650793650793,0.902
97,7745.730969072165,2297.34,105493.28,53821.44,36149.856288659794,186.98,198029.61,1367394527.315398,12,0.3337430253888777,25120.12166666667,5360.07,1518928297.5806334,0.4023542019493617,37491.20366666666,-12371.081999999997,8.083333333333334,0.2062271264025025,0.5146254661394561,301441.46,449894.444,221131.55399999995,166009.24,62753.649999999994,48842.22399999998,62857.189999999995,44559.77,0.1394852744614023,0.1085637412317098,0.051611084132437,0.2432395897736403,0.1478223002237316,0.0,0.0,0.1810516913162857,0.0372882577763063,0.1397154173346492,1.492476993708828,-0.4924769937088279,0.4915187483399995,0.3689959771985981,0.1394852744614023,0.0049873031995033,0.96422234426153,Male,45,High School,Salaried - Private,2393401.81,199450.15,Savings,Affluent,197323.81,0,0.9,Android 13,0,9.8,3.1,VERIFIED,0.91,0.97,0.94,0.79,1,2.0,1193792.83,46698.6,13.745,0.2341,724.0,2.0,0.4472627076253995,115260.34633333332,0.234136700323364,0.5,0.91
93,6378.156129032258,1548.49,96552.38,27004.27,18370.619139784947,10.64,98258.03,578493690.9453211,12,0.2801290069114691,24798.453333333335,1943.265,1678623610.2114244,0.387332843398541,24632.256666666668,166.19666666666672,7.75,0.0036904671766269,0.5381959188720209,297581.44,295587.08,43263.72,194584.77,57738.59,0.0,17010.79,41695.579999999994,0.1953352967930803,0.0,0.3535775650275377,0.0888162297215426,0.1401148539371272,0.0,0.0,0.0452734943624734,0.118388022913586,0.0575491662220148,0.99329810353764,0.00670189646236,0.1463653959435574,0.658299307263362,0.1953352967930804,0.0004319539270796,0.7457952143152514,Male,59,Bachelor's,Salaried - Private,406586.34,33882.19,Savings,Mass Market,59722.79,0,0.4,Android 14,0,1.9,2.1,VERIFIED,0.91,0.99,0.97,0.86,1,2.0,9914322.44,82788.75,9.67,2.4434,626.0,0.0,0.447678073587933,-73538.81666666667,2.4434297192713927,1.0,0.936
92,6046.744739130434,1598.96,135382.46,32391.41,22460.136304347827,188.82,135920.99,1023527208.8868957,12,0.2714644594429016,23137.47333333333,2316.925,1773743763.6750245,0.3646075144172372,23220.903,-83.4296666666681,7.666666666666667,0.0016573497548292,0.5191401586955768,277649.68,278650.836,124418.936,76328.63,77903.26999999997,21316.786,40282.600000000006,9702.2,0.2795730711534632,0.0764999893989192,0.0566967256470029,0.2254418142136849,0.034944034511403,0.0,0.0,0.1203613471304999,0.0620455701772952,0.1445629971122713,1.0036058244331492,-0.003605824433149,0.4465048007248756,0.2739221281216611,0.2795730711534631,0.0081314667220305,0.9672378504982267,Male,61,Bachelor's,Self-Employed Professional,408688.72,34057.39,Savings,Mass Market,53780.42,0,4.0,Android 12,0,7.6,6.2,VERIFIED,0.91,0.92,0.88,0.81,1,1.0,335993.77,9141.13,13.76,0.2684,643.0,1.0,0.4264205721285731,1695.3569999999963,0.2684037150233767,0.1219512195121951,0.8870000000000001
96,5638.221874999999,1731.17,98513.45,25511.34,21589.31125,602.96,102678.89,588283301.6244131,12,0.2978149686804398,20874.794166666667,3799.175,1243597588.449772,0.3820665713416509,24230.980833333335,-3356.186666666667,8.0,0.0692219967623026,0.521214784470739,250497.53,290771.77,76885.3,165730.45,48156.02,0.0,25054.859999999997,51322.32000000001,0.1656144955199743,0.0,0.0428019198700066,0.1782512793453092,0.2048815411473319,0.0,0.0,0.1556740188361477,0.1949877390091892,0.0861667554591011,1.1607769944877302,-0.16077699448773,0.2644180348044103,0.5699674696756154,0.1656144955199743,0.0248838461863061,0.8909796676616852,Female,29,Bachelor's,Salaried - Private,355209.0,29600.75,Savings,Mass Market,66075.71,0,0.8,Android 13,0,2.0,2.6,VERIFIED,0.87,0.91,0.86,0.8,1,0.0,0.0,0.0,0.0,0.0,650.0,0.0,0.4377258565932861,5369.769166666665,0.0,0.5555555555555556,0.8660000000000001
93,8106.86311827957,1840.95,133774.0,38464.57,26685.999139784944,264.88,134038.88,909220525.335221,12,0.2836040718462356,30478.53833333333,4625.9349999999995,2558547170.2651973,0.3862658099911552,32349.650833333333,-1871.1124999999993,7.75,0.0294587382079618,0.5419131452645204,365742.46,388195.81,88959.16,264600.83999999997,34635.81,0.0,76841.61999999998,59251.74,0.0892225240658831,0.0,0.1980358314532039,0.0312150200693819,0.1620039959265325,0.0,0.0,0.1852415666207216,0.1457059003290118,0.1979455162074005,1.0613911493896553,-0.0613911493896552,0.2291605362767826,0.6816169396573342,0.0892225240658831,0.0081880327353352,0.8249238694189392,Female,68,Bachelor's,Salaried - Private,316744.08,26395.34,Salary,Mass Market,73802.6,1,1.9,Android 10,0,0.4,2.7,VERIFIED,0.91,0.94,0.96,0.84,1,2.0,2563797.52,171848.47,11.775,6.5106,654.0,0.0,0.4485247441005012,-177802.78083333335,6.510560955077676,0.25,0.915
94,17578.392659574467,3725.505,133001.09,226615.37,57376.709574468085,1904.89,669090.6,10594460345.649504,12,0.3174481713341019,33797.18583333333,10061.04,2737296535.2531176,0.4028870102026715,103900.22333333331,-70103.03749999999,7.833333333333333,0.2400350716659676,0.3357737153314705,405566.23,1246802.68,544799.17,586125.49,115878.02,0.0,374799.94,185831.39999999997,0.0929401435037018,0.0,0.1918324638185731,0.1363481429154451,0.4582023508219606,0.0,0.0,0.070610427305145,0.058613597141129,0.3006088661920425,3.074227062741393,-2.074227062741393,0.4369570091074877,0.4701028473888106,0.0929401435037018,0.01833383932091,0.5522289340071174,Male,22,Bachelor's,Salaried - Private,5848800.51,487400.04,Savings,HNI,895705.97,1,5.1,Android 12,0,4.0,6.1,VERIFIED,0.98,0.96,0.9,0.89,1,0.0,0.0,0.0,0.0,0.0,650.0,0.0,0.376041692254191,383499.81666666665,0.0,0.0961538461538461,0.94
94,5311.594893617021,1134.455,98989.3,20045.44,18848.73265957447,697.58,100210.68,576799618.4440496,12,0.2721136156756005,22870.585833333334,2046.525,1264573478.403372,0.4018304397841176,18736.9075,4133.678333333336,7.833333333333333,0.0872187757388245,0.492533025987064,274447.03,224842.89,58281.73,151574.88999999998,14986.27,0.0,50767.77,32819.700000000004,0.0666521854438003,0.0,0.2293540614070562,0.0334187129510744,0.1195848248020756,0.0,0.0,0.208894441803341,0.0899211444933838,0.2257921964977411,0.8192578728215787,0.1807421271784214,0.2592109094488156,0.674136905107384,0.0666521854438003,0.0372302633185332,1.0059681758889223,Male,68,Bachelor's,Salaried - Private,534847.63,44570.64,Salary,Mass Market,3698.85,1,6.1,iOS 17,1,3.8,6.7,VERIFIED,0.9,0.97,0.87,0.96,1,1.0,830767.06,74858.25,14.68,1.6795,609.0,0.0,0.4381114742652962,-49024.5175,1.6795417341999128,0.5806451612903226,0.927
97,8344.340350515464,1676.4,128463.86,89058.37,39228.80226804123,7.96,265464.23,2687414034.1735396,12,0.3075315119986631,22118.7,1547.0300000000002,1685928948.6033273,0.3600696873685174,45331.38449999999,-23212.6845,8.083333333333334,0.2750413435027634,0.4521089321807842,265424.4,543976.614,266142.644,230486.41,47347.56,17242.703999999983,169469.94000000003,70638.07,0.0870396976293543,0.0316975097021358,0.1072187084866115,0.1460173065454611,0.2661325409419782,0.0,0.0,0.180835365837988,0.0057974183426936,0.3115390177416707,2.049459710561651,-1.0494597105616514,0.4892538339892678,0.4237064683813779,0.0870396976293543,0.0001755957839761,0.8653784282287085,Female,34,Master's,Salaried - Private,1763357.88,146946.49,Savings,Affluent,308936.85,0,2.8,Android 12,0,7.8,4.2,VERIFIED,0.85,0.93,0.92,0.78,1,1.0,340923.42,7751.82,12.97,0.0528,718.0,1.0,0.3968853852934241,93863.2855,0.0527526720781149,0.1724137931034483,0.8740000000000001
91,5380.396593406594,1971.33,98311.3,18481.81,24203.405384615387,1263.86,100286.97,625088526.5888851,12,0.2731157166048731,23131.11333333333,6002.49,1254640410.2141335,0.4055060818137851,17670.227499999997,5460.885833333336,7.583333333333333,0.138025768711667,0.5666145528263109,277573.36,212042.73,71546.82,137675.29,2820.6200000000003,0.0,38351.96,41548.97000000001,0.0133021301885709,0.0,0.1014656338371044,0.1565479750237133,0.1496864468549864,0.0,0.0,0.1797879135021512,0.1720811178011149,0.1808690163534491,0.7639159968377369,0.2360840031622632,0.3374169913771625,0.6492808784342665,0.0133021301885709,0.0715248289814039,1.3697280006505514,Female,23,High School,Retired,278103.78,23175.32,Savings,Mass Market,21233.56,0,1.5,iOS 16,0,6.5,4.2,VERIFIED,0.93,0.92,0.9,0.82,1,1.0,809935.56,71602.34,11.05,3.0896,625.0,0.0,0.4699494702187954,-66097.2475,3.0895944478868036,0.3125,0.8990000000000001
93,22201.651812473123,2269.07,117926.12,431600.86,94337.64978494625,273.03,1122163.99,39673521929.62491,12,0.2718355778842716,25060.035,2730.725,2045107414.0646088,0.3666111320752221,147002.7665466667,-121942.7315466667,7.75,0.2671827235535651,0.3123339302008496,300720.42,1764033.1985600004,406117.3485600003,1334756.33,23159.52,26855.738560000304,259171.49,204325.15,0.0131287325084955,0.0152240550698949,0.078270726487863,0.0680770181071597,0.679452196827871,0.0,0.0,0.4396261083028718,0.1229251071788286,0.1469198483404759,5.866023991852633,-4.866023991852633,0.2302209215175306,0.7566503459739738,0.0131287325084955,0.0018573119840797,0.6417406420374974,Male,67,Bachelor's,Salaried - Private,2898758.27,241563.19,Savings,HNI,1553764.85,0,5.7,Android 14,0,3.0,6.3,VERIFIED,0.86,0.94,0.82,0.77,1,1.0,4185454.49,53359.94,9.15,0.2209,752.0,1.0,0.3449002513254732,41200.48345333329,0.2208943341077753,0.0862068965517241,0.8580000000000001
94,7064.500851063829,1977.92,128050.5,29815.01,24648.790744680853,1673.94,130789.58,1020221147.8584868,12,0.2691646959014366,29812.373333333333,4032.42,2446366528.3781877,0.3863415155287174,25526.216666666664,4286.156666666666,7.833333333333333,0.0672748030552615,0.4703789304346092,357748.48,306314.6,76727.62,156510.68,73076.29999999999,0.0,48369.65,45551.53999999999,0.2385661669407857,0.0,0.0967845150051613,0.0925779247871306,0.1273283956370688,0.0,0.0,0.1475981556217039,0.117856478274297,0.1579084052800617,0.8562289349209813,0.1437710650790186,0.2504863300671923,0.510947502992022,0.2385661669407857,0.0655772855750264,0.965626479887574,Male,23,Bachelor's,Salaried - Govt,190789.65,15899.14,Savings,Mass Market,22771.52,0,0.1,Android 13,0,4.7,4.4,VERIFIED,0.98,0.94,0.92,0.8,1,1.0,1627914.57,145377.98,12.97,9.1438,630.0,0.0,0.4199564814910741,-155005.0566666667,9.143763750743751,2.5,0.92
90,3322.3652435555555,1242.425,47607.25,21674.41,15102.698,60.25,65179.84,356466973.7784589,12,0.3247114547957175,9747.594166666666,1157.3200000000002,423754454.62324464,0.3309374186400622,15170.145159999998,-5422.5509933333315,7.5,0.2155700987084622,0.4984532714347967,116971.13,182041.74191999997,86684.31191999998,84964.14,10393.289999999995,5785.441919999985,37521.12999999999,34742.18,0.0570928946865792,0.0317808534404293,0.1649974872971705,0.2382845799127915,0.2970149984872335,0.0,0.0,0.0592289432427993,0.0516551308552761,0.2061127827291886,1.5562963435507544,-0.5562963435507546,0.4761782160824095,0.4667288892310112,0.0570928946865792,0.0039716165774645,0.9955539542114706,Female,24,High School,Salaried - Private,374301.64,31191.8,Salary,Mass Market,65383.89,0,1.8,Android 12,0,4.5,3.4,VERIFIED,0.95,0.9,0.85,0.76,1,3.0,1163695.35,31880.26,12.143333333333333,1.0221,638.0,2.0,0.397943759757956,-15858.605159999996,1.0220718265698037,0.2631578947368421,0.877
92,6366.9152173913035,1240.765,125738.23,37198.89,18234.755543478263,57.03,131605.78,742902319.9241416,12,0.2683066525590203,26718.190833333338,5888.99,1835851044.9641356,0.3944263009012244,22094.825833333336,4623.365000000001,7.666666666666667,0.0804786436853678,0.4444154033450258,320618.29000000004,265137.91,104880.79,111888.27,48368.850000000006,0.0,68743.68000000001,25302.01,0.1824290234467036,0.0,0.1685719707151647,0.1362955225829455,0.0789163026226607,0.0,0.0,0.092366647983308,0.065632032778715,0.2592751824889922,0.8269581563796624,0.1730418436203374,0.3955707050719379,0.4220002714813585,0.1824290234467036,0.0025811472980231,0.8252952832046505,Male,55,Bachelor's,Salaried - Private,192810.1,16067.51,Salary,Mass Market,4726.42,0,3.3,Android 12,0,5.3,5.8,VERIFIED,0.94,0.97,0.98,0.87,1,1.0,1354375.02,29191.38,10.62,1.8168,636.0,0.0,0.414421941878745,-35218.69583333334,1.8167955084515277,0.1470588235294117,0.943
98,9007.273469387756,2302.85,145177.2,43156.94,29292.192142857144,1002.78,152694.31,1090555138.9405725,12,0.2883284051260988,35754.51583333333,5255.780000000001,3225994721.215372,0.396687119743849,37804.88416666666,-2050.3683333333324,8.166666666666666,0.0458975410046477,0.5483973013949953,429054.19000000006,453658.61,113267.65,275494.77,64896.19,0.0,59342.740000000005,118353.14,0.1430507182482439,0.0,0.191059197575904,0.1188667178608161,0.2758466011018328,0.0,0.0,0.0730296731279937,0.0822985372194302,0.130809244422805,1.0573457166331366,-0.0573457166331366,0.2496759622836211,0.6072733194681349,0.143050718248244,0.0265251440945868,0.7748256022613255,Male,65,Bachelor's,Salaried - Private,584312.33,48692.69,Salary,Mass Market,63026.55,1,0.2,Android 13,0,9.0,1.0,VERIFIED,0.94,0.93,0.86,0.83,1,1.0,1351517.9,43704.92,10.15,0.8976,669.0,0.0,0.4573711924043075,-32817.114166666666,0.8975663492815862,1.6666666666666663,0.899
96,4127.549895833334,1293.165,72524.99,20232.45,13618.504895833334,917.35,76081.28,243943246.61666733,12,0.3010941943563955,16926.263333333332,3480.135,670364287.9327153,0.4057701301547093,16094.135833333334,832.1275000000004,8.0,0.0424236967190168,0.5568572592999835,203115.16,193129.63,74178.53,93519.22,25431.88,10092.93,38944.25,27711.939999999995,0.1316829530507566,0.0522598733296387,0.1046517823287912,0.1301786266560962,0.1364346216205624,0.0,0.0,0.0726868787559941,0.1634028398438913,0.201648240096561,0.9508380861379327,0.0491619138620672,0.384086740082296,0.4842303068669473,0.1316829530507566,0.056999021848693,0.8461780760932437,Female,22,Master's,Salaried - Private,209834.65,17486.22,Savings,Mass Market,17387.9,0,1.7,Android 13,0,3.2,3.9,VERIFIED,0.97,0.9,0.82,0.8,1,2.0,2033083.49,34424.29,10.145,1.9687,645.0,1.0,0.466204981812819,-33032.20583333333,1.9686524589076424,0.2777777777777778,0.885
95,5885.326736842106,1024.78,116431.82,32911.11,15414.855368421053,184.33,122771.9,609328723.0472038,12,0.2548118621401101,25153.8225,3848.49,1941987181.7445111,0.3735122994205522,21438.3475,3715.475000000001,7.916666666666667,0.0813917407979527,0.4509096361109411,301845.87,257260.17,127671.07,110791.63,18797.47,0.0,84891.16,37704.91,0.0730679374113762,0.0,0.158095285406987,0.1662904521908696,0.1249144472309659,0.0,0.0,0.1208392655575093,0.0051619727997536,0.3299817457167971,0.8522898458077297,0.1477101541922704,0.4962721979076668,0.430659864680957,0.0730679374113762,0.0085981440500486,0.7190318828641551,Female,38,Bachelor's,Salaried - Private,472159.62,39346.64,Savings,Mass Market,2234.93,1,0.5,Android 10,0,0.4,2.0,VERIFIED,0.98,0.89,0.83,0.81,1,1.0,587407.12,13102.2,12.12,0.333,612.0,0.0,0.4044712340967078,4806.092499999999,0.3329941260549821,0.8333333333333334,0.889
90,9005.550245333334,3166.9449999999997,89933.16,84921.72,62662.06144444445,142.53,359129.1,9095733617.053738,12,0.3586421640836868,16654.783333333333,5019.635,867265107.4754243,0.3713547829295324,50886.843506666664,-34232.06017333334,7.5,0.3668589348408304,0.4888697934815839,199857.4,610642.12208,169469.86208000002,364158.08,77014.18,39895.38208000003,104695.05,83226.24,0.1261199927343211,0.0653334918071265,0.1462832267379965,0.0407430622624827,0.4164281132447435,0.0,0.0,0.2777347874763562,0.0360416997193597,0.1714507503075327,3.055389102830318,-2.0553891028303184,0.2775273043771419,0.596352702888537,0.126119992734321,0.0028009204379384,1.231400046187481,Male,23,Bachelor's,Salaried - Govt,2287868.31,190655.69,Current,Affluent,414901.82,1,0.9,Android 11,0,6.9,5.5,PENDING_REVERIFICATION,0.47,0.51,0.26,0.3,0,1.0,974487.48,32539.41,12.37,0.1707,741.0,1.0,0.4183607871503531,107229.43649333334,0.1706710667801207,0.5,0.4059999999999999
91,7002.6705494505495,1807.13,136779.22,32220.6,26289.973516483515,1954.6,138873.11,859645262.9182897,12,0.2639881736830316,29683.908333333336,5155.465,2349223889.026215,0.3901276503911372,23419.676666666663,6264.231666666666,7.583333333333333,0.1002857357836447,0.5127655063532227,356206.9,281036.12,96624.33,107114.05,77297.73999999999,0.0,50447.22,17387.780000000002,0.2750455706547614,0.0,0.0598216698978053,0.1643102317239506,0.0488137091111935,0.0,0.0,0.0652527155584129,0.1941951447379789,0.1795043996479883,0.7889687706779402,0.2110312293220596,0.3438146313719389,0.3811397979732996,0.2750455706547614,0.0834597346419385,1.1225592005675362,Female,60,Bachelor's,Self-Employed Business,407646.43,33970.54,Savings,Mass Market,35548.1,1,0.9,Android 14,0,9.3,6.6,VERIFIED,0.91,0.92,0.94,0.93,1,2.0,2217171.9699999997,44028.29,12.08,1.2961,612.0,0.0,0.4391827927759714,-33477.42666666667,1.2960727147699154,0.5,0.9230000000000002
94,7595.62085106383,1979.69,133272.24,38163.26,21193.77914893617,358.57,133630.81,754843821.6792059,12,0.282806472948071,29790.465833333332,2967.5299999999997,2460048316.2832627,0.3855064578272328,29708.564166666667,81.90166666666362,7.833333333333333,0.0013896774203201,0.4900411730254236,357485.58999999997,356502.77,145260.29,164300.14,46942.34,0.0,96767.64,41661.43,0.1316745449130731,0.0,0.1685121829488169,0.1360232067762054,0.116540165996621,0.0,0.0,0.0651189049667131,0.1103738408540275,0.2714358713117432,0.997250742330621,0.0027492576693789,0.4074590780879487,0.4608663769989781,0.1316745449130731,0.0120695836388592,0.7133895475404974,Female,57,Diploma,Salaried - Private,558007.83,46500.65,Savings,Mass Market,65793.98,0,0.7,Android 13,0,5.1,1.8,PENDING_REVERIFICATION,0.49,0.62,0.37,0.21,0,0.0,0.0,0.0,0.0,0.0,650.0,0.0,0.4273203439065091,16792.085833333334,0.0,0.625,0.4489999999999999
98,8417.368469387755,1609.4,145823.23,73967.3,35474.14244897959,434.44,171425.62,2103699071.115157,12,0.2885451542750947,26847.09166666667,1914.88,2524821171.136852,0.3581822787174744,41894.75083333333,-15047.659166666666,8.166666666666666,0.217504316097182,0.4484157167550808,322165.10000000003,502737.01,148056.29,253891.04,100789.68,0.0,130685.42,62042.380000000005,0.2004819179713863,0.0,0.1235427246543873,0.0345525983853864,0.1925794569306234,0.0,0.0,0.0928720565052491,0.165193606892001,0.2599478801053457,1.5604949449831778,-0.5604949449831778,0.2945004784907322,0.5050176035378816,0.2004819179713863,0.0103697955318626,0.8467443234142541,Female,48,Master's,Salaried - Private,1532983.06,127748.59,Savings,Affluent,234722.59,0,2.0,iOS 17,0,7.7,2.5,VERIFIED,0.92,0.95,0.87,0.79,1,0.0,0.0,0.0,0.0,0.0,650.0,0.0,0.394275653932517,85853.83916666667,0.0,0.238095238095238,0.893
99,6200.150101010101,2050.78,130966.78,26008.26,23406.03484848485,697.2,136215.31,790860605.9206496,12,0.2753855958265776,25170.35166666667,2431.775,2001800405.1781244,0.3701230579338493,25980.88666666667,-810.5349999999986,8.25,0.0164244821645248,0.5406453182946179,302044.22,311770.64,167272.01,111067.87,33430.76,0.0,119732.92,34449.61,0.107228698635638,0.0,0.1227483768195748,0.1524809712678526,0.1140548559412923,0.0,0.0,0.0883847818383411,0.0346188467265551,0.3840416788444223,1.032201973605057,-0.0322019736050568,0.5365226501122748,0.3562486512520871,0.107228698635638,0.0268351118630028,0.9008943824274736,Male,58,Master's,Salaried - Private,391790.65,32649.22,Savings,Mass Market,65192.09,1,2.9,Android 14,0,8.0,5.0,VERIFIED,0.92,0.92,0.87,0.97,1,1.0,1121020.46,20308.34,12.86,0.622,615.0,0.0,0.4383319620781568,-13640.006666666668,0.6220160849171894,0.1666666666666666,0.9200000000000002
92,8023.890869565217,1344.37,134612.7,44656.05,23905.88869565217,1104.65,136621.44,1104503935.002813,12,0.263779143863637,33109.340000000004,3163.2,3098631324.724564,0.3831955547209795,28407.156666666662,4702.183333333333,7.666666666666667,0.0704232971012909,0.4836274001563903,397312.08,340885.88,81953.97,109116.98,149814.93,0.0,71649.10999999999,2812.8399999999997,0.4394870506223373,0.0,0.0431925781144117,0.0302296475289618,0.0070796739933001,0.0,0.0,0.1626698647652991,0.105984266640789,0.2101850331847127,0.8579801550458772,0.1420198449541227,0.2404146807136746,0.320098268663988,0.4394870506223373,0.0388863275885759,0.8415445789301278,Female,55,Bachelor's,Salaried - Private,243523.67,20293.64,Savings,Mass Market,18448.14,0,4.1,Android 11,0,3.5,5.1,VERIFIED,0.86,0.99,0.95,0.87,1,0.0,0.0,0.0,0.0,0.0,650.0,0.0,0.4233682928951439,-8113.516666666666,0.0,0.119047619047619,0.919
96,7239.790625000001,1711.74,124092.12,38841.18,20292.8053125,937.69,126090.04,719858323.517722,12,0.2770567074181318,27576.3,1547.8049999999998,2302355450.165182,0.3751125746045178,30342.025,-2765.725000000001,8.0,0.070042643860279,0.5595443715784886,330915.6,364104.3,78557.09,192570.83,92976.38,0.0,68735.73999999999,64562.05,0.2553564459414514,0.0,0.0712653215026573,0.0269740016802877,0.1951012584477734,0.0,0.0,0.0303836016218429,0.2499228105792763,0.1887803577161819,1.100293549170846,-0.100293549170846,0.2157543593964696,0.5288891946620791,0.2553564459414513,0.0309040019576808,0.6688019442505898,Female,60,High School,Retired,407344.46,33945.37,Salary,Mass Market,53761.42,0,2.4,Android 13,0,5.8,6.4,VERIFIED,0.93,0.99,0.85,0.89,1,0.0,0.0,0.0,0.0,0.0,650.0,0.0,0.4488852933941061,3603.345000000005,0.0,0.2,0.9240000000000002
96,9028.940416666666,2467.205,98521.13,63868.99,50012.95520833333,306.16,297725.69,3521614520.232145,12,0.3382538455255793,22117.118333333332,915.945,1460226805.1733062,0.3767723437417586,50114.405,-27997.286666666667,8.0,0.2637333524253538,0.4441081107111356,265405.42,601372.86,196192.92,272404.35,132775.59,0.0,161443.62,104702.32,0.2207874661985909,0.0,0.1272252292862035,0.0577832860631588,0.3944995546812873,0.0,0.0,0.1178159752669915,0.0338241070606345,0.2684584402428802,2.265865030186648,-1.265865030186648,0.3262417263060392,0.4529708074953698,0.220787466198591,0.006109221490308,0.997975636113675,Male,50,Master's,Salaried - Private,825875.33,68822.94,Savings,Affluent,359108.57,0,1.0,Android 14,0,4.9,3.2,VERIFIED,0.9,0.92,0.95,0.83,1,0.0,0.0,0.0,0.0,0.0,650.0,0.0,0.4037066505295095,18708.535000000003,0.0,0.4545454545454545,0.902
99,5204.66797979798,2104.58,90485.63,25980.59,18226.12888888889,1388.12,95449.0,357257833.01081824,12,0.3206804616131966,21125.1875,9384.185,669870526.9982023,0.4602035699744188,21813.323333333337,-688.1358333333334,8.25,0.0246076472524268,0.5977317966509553,253502.25,261759.88,51438.47,184317.38,26004.03,0.0,15041.08,41162.240000000005,0.099343069686615,0.0,0.1746751641236999,0.1390487724856842,0.1623742590055907,0.0,0.0,0.2906788083796494,0.0815409145205904,0.0574613649731196,1.0325741881975408,-0.0325741881975406,0.1965101374588038,0.704146792854581,0.099343069686615,0.0636363372415971,0.8355503015460836,Male,29,Diploma,Salaried - Private,408713.24,34059.44,Salary,Mass Market,13671.22,1,2.7,Android 13,0,8.4,6.7,VERIFIED,0.92,0.98,0.87,0.95,1,0.0,0.0,0.0,0.0,0.0,650.0,0.0,0.5152148606450334,12246.116666666669,0.0,0.1785714285714285,0.9340000000000002
96,7379.396145833333,1730.945,128462.27,34194.02,26482.039374999997,1051.57,130307.82,977764121.842484,12,0.2784505115728488,31015.07166666667,6888.02,2383376721.314506,0.398882010691762,28020.0975,2994.97416666667,8.0,0.0513838217995279,0.514607788968351,372180.86,336241.17,124753.73,180831.22,30656.22,0.0,93660.47,62539.85,0.0911733087295645,0.0,0.1472349147488393,0.0924730900740084,0.1680361800442935,0.0,0.0,0.1106310092841992,0.0939392103590408,0.2785514635224473,0.9034348784083092,0.0965651215916907,0.3710245535964558,0.5378021376739797,0.0911733087295645,0.0375291342223202,0.9451087518521304,Male,50,High School,Salaried - Private,433028.77,36085.73,Savings,Mass Market,13900.4,1,1.8,Android 12,0,0.2,5.9,VERIFIED,0.92,0.99,0.87,0.86,1,1.0,6660649.89,58690.99,8.71,1.6264,619.0,0.0,0.4451723220023976,-50625.35749999999,1.6264321104214878,0.2631578947368421,0.919
96,7374.181250000001,1495.4,103147.23,34552.65,26457.58864583333,571.03,120540.69,1014572358.311214,12,0.3031312518804808,25782.78833333333,2701.7349999999997,1817542840.29916,0.387135580714265,33210.66166666667,-7427.873333333337,8.0,0.1233313465610064,0.4973671630735793,309393.45999999996,398527.94,163512.1,213784.7,21231.14,0.0,39591.47,60544.939999999995,0.0532739059650372,0.0,0.0928031294367968,0.3109459025633184,0.1956891396476189,0.0,0.0,0.1267658924992812,0.1649454489941157,0.0993442768404142,1.2880942602988443,-0.2880942602988442,0.4102901794037326,0.5364359146312302,0.0532739059650372,0.0171941771510424,0.7966594857815991,Male,64,Bachelor's,Salaried - Govt,905785.81,75482.15,Salary,Affluent,127990.08,0,0.8,Android 10,0,2.0,1.0,VERIFIED,0.94,0.91,0.84,0.9,1,0.0,0.0,0.0,0.0,0.0,650.0,0.0,0.4312282136579907,42271.48833333333,0.0,0.5555555555555556,0.903
90,7170.586333333334,2155.67,133424.76,46495.7,25442.218444444447,1982.76,139465.76,899905467.5504582,12,0.2676550389634531,25204.5425,3913.435,2525273168.353638,0.3437825987065518,28574.855,-3370.3124999999995,7.5,0.1653093285351932,0.4556484610062948,302454.51,342898.26,111079.31,210920.87,20898.08,0.0,66660.61,61116.71000000001,0.0609454244533057,0.0,0.2401431258356341,0.129539006701288,0.2020690979281479,0.0,0.0,0.1062930153101389,0.0904402664510458,0.1944034653310868,1.13371845571091,-0.13371845571091,0.3239424720323748,0.6151121035143193,0.0609454244533057,0.0693882786106876,0.8903708678292312,Female,33,Bachelor's,Salaried - Private,486310.12,40525.84,Savings,Mass Market,43979.42,0,1.4,Android 14,0,7.2,4.4,VERIFIED,0.92,1.0,0.94,0.81,1,0.0,0.0,0.0,0.0,0.0,650.0,0.0,0.388528943626449,11950.984999999995,0.0,0.3333333333333333,0.926
94,6564.7518085106385,1935.25,53247.3,87169.0,30872.83138297872,893.03,182055.12,1195084969.9573264,12,0.3367298764824516,16262.308333333334,7690.794999999999,392140618.3576151,0.4617267633048846,35161.58083333333,-18899.272500000003,7.833333333333333,0.2491529451693127,0.4083605345422911,195147.7,421938.97,136811.13,257732.81,27395.03,0.0,39323.83,62416.76,0.0649265224304832,0.0,0.1080485170639725,0.2310459733074667,0.3198436876273715,0.0,0.0,0.2335410260872561,0.1213116437194696,0.0931979096408184,2.1621518982801233,-1.162151898280123,0.3242438829482851,0.6108295946212315,0.0649265224304832,0.0253978910741522,0.8780273995448789,Male,33,Diploma,Self-Employed Professional,1521019.4,126751.62,Savings,Affluent,262845.39,1,0.1,Android 10,0,9.1,3.0,VERIFIED,0.93,0.91,0.84,0.79,1,3.0,6038825.609999999,148192.46,12.05,1.1692,747.0,0.0,0.4403802717998472,-56602.42083333334,1.1691563389880144,2.5,0.8780000000000001
100,6044.074100000001,1010.335,148618.88,43692.55,17045.194,0.0,152513.95,665783782.6066604,12,0.2558584356844852,25079.159166666665,1757.89,2152737595.3772993,0.360852710920636,25288.125,-208.96583333333365,8.333333333333334,0.005430548588195,0.5382694622420091,300949.91000000003,303457.5,77279.41,203988.52,22189.57,0.0,54831.28000000001,14346.79,0.0731224965604738,0.0,0.1320846247003287,0.0739745433874595,0.0476716872917489,0.0,0.0,0.4008929751283129,0.0919591046522165,0.1806884983893955,1.0083322503734922,-0.0083322503734924,0.2546630417768551,0.6722144616626711,0.0731224965604738,0.0,0.674039455277922,Male,59,Diploma,Salaried - Private,388536.48,32378.04,Savings,Mass Market,11002.25,1,1.6,iOS 17,0,0.6,2.9,VERIFIED,0.93,0.89,0.84,0.87,1,0.0,0.0,0.0,0.0,0.0,650.0,0.0,0.4318194114491852,7089.915000000001,0.0,0.2941176470588235,0.8880000000000001
98,6198.321428571428,1466.54,111349.83,32142.77,19944.062142857143,392.73,113382.29,652482547.8935839,12,0.2723661797687757,26227.4025,4155.05,1803080016.5776749,0.3921515487669919,24392.222500000003,1835.1799999999987,8.166666666666666,0.0601495775545443,0.5240625449000545,314728.83,292706.67,77793.09,184118.84,30794.74,0.0,50722.91,102560.58,0.1052068270258412,0.0,0.1500903959585205,0.0924822792729663,0.3258696700902805,0.0,0.0,0.0678725565085346,0.0606718323159496,0.1732892181787316,0.9300281451813612,0.0699718548186385,0.265771497451698,0.6290216755224608,0.1052068270258412,0.0161006238771395,0.81764021883849,Male,47,Master's,Salaried - Private,185746.61,15478.88,Savings,Mass Market,7956.71,0,0.8,iOS 16,0,5.0,1.1,VERIFIED,0.89,0.89,0.91,0.97,1,1.0,852993.99,14466.67,10.69,0.9346,596.0,0.0,0.444915947220217,-23380.012500000004,0.9346070258313264,0.5555555555555556,0.91
100,5576.5498,1544.71,140188.59,37226.66,19729.9422,334.76,144341.63,669056314.171173,12,0.2613262618276195,23614.976666666666,6442.85,1710658583.9299517,0.3735802793524013,22856.271666666667,758.7049999999981,8.333333333333334,0.0315863513274647,0.4337640218920024,283379.72,274275.26,61790.07,206389.62,6095.57,0.0,29142.45,35268.72,0.0222242793608143,0.0,0.205687271976335,0.1190323181172082,0.1244574594117038,0.0,0.0,0.1825208369139819,0.2356939521267795,0.1062525653972582,0.9678718717062746,0.0321281282937253,0.2252848835144664,0.7524908371247191,0.0222242793608143,0.0146463082379358,0.863217872439534,Other,62,Diploma,Salaried - Private,234633.88,19552.82,Savings,Mass Market,3637.09,0,4.8,iOS 17,0,7.9,6.2,VERIFIED,0.86,0.91,0.95,0.78,1,0.0,0.0,0.0,0.0,0.0,650.0,0.0,0.3976537763682417,-3303.4516666666677,0.0,0.1020408163265306,0.8770000000000001
94,6293.178723404256,1643.535,139855.03,42927.69,22510.753085106386,347.66,145221.02,1112935291.0934124,12,0.2650750131616364,25224.12166666667,4161.755,1987778920.7359245,0.3714408489189567,24072.444999999996,1151.6766666666665,7.833333333333333,0.0210091897604366,0.4528934105026245,302689.45999999996,288869.34,89866.9,149596.15,49406.29,0.0,48248.53,43886.95,0.171033346771935,0.0,0.0310300843973264,0.1440733377934813,0.1449900171614829,0.0,0.0,0.0178055587346168,0.3171055813676868,0.1670254447910602,0.9543422489834964,0.0456577510165038,0.3110987825845415,0.5178678706435234,0.171033346771935,0.014442238833654,0.9351253304392796,Male,19,Bachelor's,Salaried - Private,365684.95,30473.75,Savings,Mass Market,26411.29,0,0.4,Android 12,0,0.8,5.1,VERIFIED,0.87,0.89,0.95,0.96,1,1.0,1714922.73,36673.76,10.28,1.2035,612.0,0.0,0.4040218735524238,-30272.455,1.203454120349481,1.0,0.91
94,9136.317489361702,2705.19,133970.15,108533.02,32734.033723404256,430.55,371812.12,3358291968.833586,12,0.3076723544768659,22354.59,3489.29,1709897398.2788184,0.3608879582042103,49213.23033333333,-26858.64033333333,7.833333333333333,0.2193834063271542,0.3671621077916974,268255.07999999996,590558.764,155335.88399999993,249176.2,186046.68,18787.663999999953,64153.39,104952.69999999998,0.3150349996329916,0.0318133692111289,0.047460442056872,0.1225870047370933,0.3912421714436871,0.0,0.0,0.1331727082793745,0.0635821738478171,0.1086316788620209,2.201482126638571,-1.201482126638571,0.2630320528102431,0.4219329475567651,0.3150349996329917,0.0087486636638923,0.6651470245234581,Male,23,Bachelor's,Salaried - Private,2080360.27,173363.36,Current,Affluent,393024.94,1,0.8,Android 14,0,8.0,2.4,VERIFIED,0.98,0.99,0.94,0.87,1,2.0,6229455.91,78224.37,12.065,0.4512,746.0,2.0,0.3633976180392051,45925.75966666665,0.4512162777648056,0.5555555555555556,0.953
91,28262.06956043956,2724.78,128779.41,633208.03,113929.37351648352,751.32,1283292.76,47592809688.21724,12,0.265109288091245,32711.698333333337,2463.84,3079449570.753252,0.3810759058517374,181608.99583333335,-148897.29750000002,7.583333333333333,0.2622793489882913,0.3099475585102755,392540.38,2179307.95,356299.76,1380007.91,443000.2799999999,5421.8099999999995,155984.81,200963.48,0.2032756683147968,0.0024878585883192,0.2218849428783114,0.089428912513259,0.5119561967102595,0.0,0.0,0.0202300551420463,0.2989028191265947,0.0715753870397251,5.551805778554553,-4.551805778554553,0.1634921581413035,0.6332321735438995,0.2032756683147968,0.0041370197360129,0.6273333156967569,Male,55,Bachelor's,Salaried - Private,9311855.04,775987.92,Savings,HNI,1916500.79,0,2.1,Android 14,0,4.3,5.0,VERIFIED,0.96,0.99,0.88,0.96,1,1.0,108290.21,1807.27,10.17,0.0023,746.0,1.0,0.3526245669151526,592571.6541666667,0.0023289924410163,0.2272727272727272,0.953
98,6670.15306122449,1527.36,113615.19,25286.91,20907.361326530612,814.49,114874.71,711192887.8333931,12,0.2781327319619798,26634.524166666662,3637.97,1929046809.287772,0.3877834175876152,27838.3925,-1203.8683333333338,8.166666666666666,0.038138972246534,0.5316251882923568,319614.29000000004,334060.71,101411.12,190576.53,42073.06,0.0,12929.569999999998,17134.05,0.1259443530488814,0.0,0.2516217186989754,0.2648666764792544,0.0536085229480821,0.0,0.0,0.1858895348692757,0.0816832365590075,0.0387042522899505,1.0451995434872452,-0.0451995434872452,0.3035709287692048,0.5704847181819137,0.1259443530488814,0.029257795686299,0.7510261710165418,Male,37,Master's,Salaried - Private,544551.44,45379.29,Salary,Mass Market,44566.72,1,3.4,Android 13,0,3.8,4.9,VERIFIED,0.92,0.99,0.92,0.82,1,0.0,0.0,0.0,0.0,0.0,650.0,0.0,0.4453201258695118,17540.897500000003,0.0,0.1428571428571428,0.921
90,7033.871444444444,2098.5299999999997,147863.0,49913.51,19330.24677777778,668.56,150062.98,629440038.9846781,12,0.2674005231110765,25741.08,5326.46,2233332553.913036,0.362624202274235,27012.955833333337,-1271.8758333333346,7.5,0.1052397092240194,0.4237748893229427,308892.96,324155.47000000003,53854.45,255050.45,15250.57,0.0,34062.700000000004,50013.42,0.0470470851533062,0.0,0.1983269015944725,0.0610563505221738,0.1619118156658539,0.0,0.0,0.3031930635012884,0.1310068591469395,0.1050813672834211,1.0494103523757874,-0.0494103523757874,0.1661377178055949,0.7868151970410988,0.0470470851533062,0.0247496054902297,0.7155916922621522,Male,29,Master's,Salaried - Private,432652.63,36054.39,Salary,Mass Market,23648.87,0,0.2,Android 13,0,7.3,0.6,VERIFIED,0.94,1.0,0.92,0.77,1,1.0,594449.54,12671.28,10.14,0.3514,600.0,0.0,0.387084477093718,-3629.84583333334,0.3514490191069659,1.6666666666666663,0.92
91,6640.412417582418,2034.01,110387.41,31081.25,23052.76736263736,494.02,113769.26,695646871.4345152,12,0.27227402950636,27759.24666666667,6278.264999999999,1915427912.555679,0.3984955852845724,22597.21416666667,5162.032500000002,7.583333333333333,0.1040077114604981,0.5188767925770253,333110.96,271166.57,77471.87,130196.51,63498.189999999995,0.0,46513.73999999999,22672.44,0.2341667337533531,0.0,0.1899593670414461,0.1141664697090057,0.0680627260057729,0.0,0.0,0.0837485240160687,0.1228161716246954,0.1715319849345735,0.8140427742155346,0.1859572257844653,0.2856984546435794,0.4801348116030674,0.2341667337533531,0.0218619868960985,1.0201597060863672,Female,35,Diploma,Self-Employed Professional,433323.05,36110.25,Savings,Mass Market,51824.87,1,0.2,Android 11,0,7.4,0.5,VERIFIED,0.98,0.98,0.91,0.92,1,2.0,6124486.73,88406.51000000001,11.19,2.4482,635.0,0.0,0.4466480682015536,-74893.47416666668,2.448238657998768,1.6666666666666663,0.954
92,6365.231847826087,1685.6799999999998,147760.24,47739.76,23849.54760869565,2141.14,150927.64,721743130.1943786,12,0.2642546923059717,23929.478333333333,3105.29,2026399708.1563787,0.357013668546193,24870.632499999996,-941.1541666666666,7.666666666666667,0.0161015441301194,0.4741522737418339,287153.74,298447.59,94031.84,197484.58,6931.169999999999,0.0,26373.389999999996,104234.36999999998,0.0232240776345354,0.0,0.1585876769854298,0.2267012777687365,0.3629915110978529,0.0,0.0,0.0934349310711472,0.0604282648085715,0.0883685808955602,1.0393303252815027,-0.0393303252815025,0.3150698586642968,0.6617060637011677,0.0232240776345354,0.0860910955923618,0.9589441526545678,Male,36,Bachelor's,Self-Employed Professional,578983.7,48248.64,Savings,Mass Market,59403.19,1,1.7,Android 14,0,2.5,3.3,VERIFIED,0.97,0.98,0.92,0.88,1,1.0,3830829.22,33416.58,9.48,0.6926,665.0,0.0,0.4038691106244493,-10038.572499999997,0.6925911279571818,0.2777777777777778,0.945
98,5685.873163265305,1542.42,140146.38,32979.52,16470.231020408162,281.71,140428.09,473655384.33234954,12,0.2659755305771787,21945.6925,6174.68,1635365141.4777117,0.3617703484618721,24488.938333333335,-2543.245833333334,8.166666666666666,0.118151634607196,0.4793493117267564,263348.31,293867.26,75333.59,177936.75,40596.92,0.0,15271.94,46390.34,0.1381471348662657,0.0,0.2406317736790413,0.2043836050331023,0.1761558295171896,0.0,0.0,0.0154541883978501,0.1915529140605864,0.0519688379032084,1.1158881558799447,-0.1158881558799447,0.2563524429363107,0.6055004221974234,0.1381471348662657,0.0115035611656773,0.6725579850062166,Male,51,Bachelor's,Salaried - Govt,454677.57,37889.8,Savings,Mass Market,47156.72,1,2.1,Android 13,0,0.9,3.3,VERIFIED,0.95,0.94,0.9,0.81,1,1.0,885244.12,78470.77,11.56,2.071,661.0,0.0,0.4088019337678258,-65069.90833333334,2.0710262392517245,0.2272727272727272,0.909
96,7760.637083333334,2009.905,144837.38,36808.99,22574.649895833336,1438.87,155278.94,999781071.1246332,12,0.2769315499226508,31854.86666666667,5207.185,2770627105.1713147,0.3872972950019633,30230.23,1624.6366666666645,8.0,0.0340566944789835,0.5232674113056696,382258.4,362762.76,127183.9,187308.55,48270.30999999999,0.0,66740.23000000001,93185.12,0.1330630244405462,0.0,0.104812991278377,0.1666203829742611,0.2437752054631108,0.0,0.0,0.0939229263775587,0.060726850793615,0.1839776221792998,0.9489987924398784,0.0510012075601215,0.350598005153561,0.5163389704058928,0.1330630244405461,0.0475970576472623,0.7467574641619775,Female,44,Bachelor's,Salaried - Private,533872.89,44489.41,Salary,Mass Market,28439.26,0,3.9,Android 13,0,1.4,3.9,VERIFIED,0.98,0.91,0.84,0.82,1,1.0,1754838.44,57343.19,10.87,1.2889,627.0,0.0,0.4416853415234458,-43084.009999999995,1.2889177446947486,0.125,0.899
91,6549.929230769231,2136.23,134465.17,25368.0,25280.71021978022,1192.0,135657.17,888371021.2263132,12,0.270646167321787,24565.118333333336,3491.665,2014428178.681379,0.3637391924796992,25105.17833333333,-540.0599999999962,7.583333333333333,0.0110489245016871,0.5048975873649144,294781.42000000004,301262.14,86264.36,139849.47,75148.31,0.0,58133.55,71777.09000000001,0.2494449186346482,0.0,0.0596965818539296,0.0933765192001889,0.2434925851161175,0.0,0.0,0.0756139155089318,0.0906468034781934,0.1929666635176926,1.021984832015532,-0.0219848320155318,0.2863431827178815,0.4642118986474702,0.2494449186346482,0.047480244281608,1.0069918597715686,Female,54,Diploma,Retired,339568.2,28297.35,Savings,Mass Market,38641.3,0,5.1,Android 14,0,3.8,5.6,VERIFIED,0.93,0.91,0.92,0.78,1,0.0,0.0,0.0,0.0,0.0,650.0,0.0,0.4202025504337853,3192.171666666669,0.0,0.0961538461538461,0.8920000000000001
93,7314.49688172043,1562.63,146282.71,35436.93,21953.07053763441,920.45,147950.1,1003562812.8283288,12,0.2579558962136579,30475.795833333337,3513.96,2953131136.5797176,0.3693888945317322,26211.554999999997,4264.240833333332,7.75,0.0634971923133429,0.4810210995509908,365709.55,314538.66000000003,87272.77,194032.81,33233.08,0.0,53497.689999999995,39093.92999999999,0.1056565828823712,0.0,0.2618140803423019,0.1073797414918725,0.1068988491003311,0.0,0.0,0.1688266555214548,0.0619501590043017,0.1700830352618657,0.8600777857728901,0.13992221422711,0.2774627767537383,0.6168806403638903,0.1056565828823712,0.0351161920763571,0.8375340775331495,Male,30,Diploma,Salaried - Private,310711.35,25892.61,Savings,Mass Market,51429.81,1,0.7,Android 12,0,2.6,1.2,VERIFIED,0.92,0.95,0.96,0.98,1,0.0,0.0,0.0,0.0,0.0,650.0,0.0,0.4140417765394357,-318.94499999999607,0.0,0.625,0.9489999999999998
91,7269.638021978022,1838.46,129852.2,31868.09,24342.45857142857,1310.81,131228.52,900719753.9036878,12,0.276178072152315,27366.860833333336,4187.855,2201749180.5666995,0.3785685004707776,27761.227499999997,-394.3666666666686,7.583333333333333,0.0087938997629885,0.4654133227203994,328402.33,333134.73,97984.52,203672.4,31477.810000000005,0.0,41516.219999999994,42645.62000000001,0.0944897279247948,0.0,0.232364334994433,0.1695058933062908,0.1298578484507098,0.0,0.0,0.2015325150878144,0.0494714856058388,0.1246229115769466,1.014410372788768,-0.014410372788768,0.2941288048832375,0.6113814671919676,0.0944897279247948,0.0472172925350653,0.8768509451330484,Male,21,Bachelor's,Salaried - Private,587023.1,48918.59,Current,Mass Market,66516.37,0,2.1,iOS 16,0,2.6,2.6,VERIFIED,0.96,0.96,0.96,0.95,1,2.0,1714872.08,152569.75,13.295,3.1189,665.0,0.0,0.4133064293706263,-131412.3875,3.118850114036402,0.2272727272727272,0.958
99,6396.422424242425,575.82,117093.54,35357.47,18466.360808080808,313.48,118896.67,867449023.7131014,12,0.258990093647292,27421.37166666667,1171.075,2269350588.6260877,0.3754843399258132,25349.11333333333,2072.2583333333337,8.25,0.0362420567625046,0.4658955058284235,329056.45999999996,304189.36,79417.38,134696.89,90075.09,0.0,29680.569999999996,31102.47,0.2961151895648158,0.0,0.0591784669917448,0.1635060805545598,0.0945201622846122,0.0,0.0,0.2737340977343849,0.007646421294946,0.0975726764407538,0.924429078219586,0.0755709217804142,0.2610787569953137,0.4428060534398705,0.2961151895648158,0.0123665074938847,0.7284815277463016,Male,60,Bachelor's,Salaried - Private,425974.82,35497.9,Salary,Mass Market,2620.18,0,0.3,Android 14,0,4.5,0.7,VERIFIED,0.91,0.92,0.89,0.82,1,1.0,1628311.39,142972.75,9.76,4.0276,646.0,0.0,0.4116488062868573,-132823.96333333335,4.027639663191343,1.25,0.8910000000000001
95,7892.258210526316,2042.21,105350.44,56846.57,34324.149263157895,743.14,290117.01,2866424673.308956,12,0.3190473123075414,21223.898333333334,2718.3399999999997,1532956947.8291242,0.361514626396144,41256.479166666664,-20032.580833333337,7.916666666666667,0.2299594828937266,0.4315792367033357,254686.78,495077.75,157768.43,269707.02999999997,67602.29,0.0,105530.52000000002,17345.28,0.1365488350062187,0.0,0.2729811024631989,0.1055145580668895,0.0681043594017718,0.0,0.0,0.2061677584985388,0.0305927907283249,0.2131594885853787,1.9438690535880976,-0.9438690535880976,0.3186740466522682,0.544777118341513,0.1365488350062187,0.0180126858862067,0.831969910095727,Female,46,Diploma,Salaried - Govt,1313777.01,109481.42,Salary,Affluent,298834.68,0,6.1,Android 13,0,2.0,6.7,VERIFIED,0.87,0.9,0.83,0.79,1,0.0,0.0,0.0,0.0,0.0,650.0,0.0,0.3895404705190207,68224.94083333333,0.0,0.0806451612903225,0.8550000000000001
96,11564.2788125,4212.487999999994,114514.97,102859.6,51290.77322916667,473.53,392401.38,5748421114.030235,12,0.3389775861925232,30299.24166666667,3367.7799999999997,2216940697.5475245,0.4019659392349621,62214.98883333334,-31915.747166666668,8.0,0.2611236514795721,0.4500744054122735,363590.9,746579.866,387768.956,291649.86,67161.05,15953.09599999999,258102.64,163712.87000000002,0.0899582925532578,0.0213682376481339,0.079541778052718,0.152312197500381,0.4502666870925538,0.0,0.0,0.0769717382118633,0.0148505880012574,0.3457133680591381,2.053351351752753,-1.0533513517527529,0.519393803207653,0.390647904239089,0.0899582925532578,0.0076111883788733,0.8244118369380189,Male,65,Bachelor's,Salaried - Private,673054.28,56087.86,Salary,Affluent,415491.0,1,0.8,Android 10,0,6.8,0.8,VERIFIED,0.86,0.98,0.83,0.83,1,1.0,250456.36,5905.88,14.6,0.1053,677.0,1.0,0.4212093257058866,-12033.00883333334,0.1052969394803082,0.5555555555555556,0.8840000000000001
91,5116.317032967033,1661.08,82920.72,26995.8,15016.322637362637,1742.83,84939.76,295660585.6345152,12,0.2839722152378029,20328.431666666667,5283.145,974045163.9065424,0.4048845451563001,18470.305833333336,1858.1258333333335,7.583333333333333,0.0533942155702607,0.4656874123669209,243941.18,221643.67,87560.49,87275.05,46808.130000000005,0.0,37587.16,29955.58,0.2111864056392858,0.0,0.1177736770014681,0.2254669849132168,0.122798372952037,0.0,0.0,0.0808504479284249,0.059986779681098,0.1695837286938986,0.9085947276306526,0.0914052723693474,0.3950507136071154,0.3937628807535988,0.2111864056392858,0.0943584808896188,0.8129980506474722,Female,32,High School,Self-Employed Business,534759.68,44563.31,Savings,Mass Market,33485.02,0,3.2,Android 11,0,9.6,5.5,VERIFIED,0.91,0.93,0.87,0.88,1,1.0,1227576.63,39357.34,9.56,0.8832,630.0,0.0,0.4292056920405484,-13264.33583333333,0.8831781122183249,0.1515151515151515,0.902
96,6880.298020833333,2434.535,118218.92,36860.69,20713.212604166667,971.46,120259.24,527333469.8354784,12,0.2993916319640191,25231.944166666668,7790.57,1594537735.4896624,0.3975908417374389,29810.44,-4578.495833333334,8.0,0.1165347089767387,0.5998132360861828,302783.33,357725.28,67012.71,230215.33,60497.24,0.0,45001.35999999999,28885.02,0.1691164795510119,0.0,0.1981876148087717,0.0615314355194578,0.0953983166774736,0.0,0.0,0.2153630573718469,0.1492563790850901,0.1257986575620263,1.181456323899998,-0.181456323899998,0.1873300930814842,0.6435534273675039,0.1691164795510118,0.0325879121542654,0.6948308245086844,Male,36,High School,Salaried - Private,252816.91,21068.08,Savings,Mass Market,67463.88,0,3.4,Android 14,0,1.1,5.4,REJECTED,0.35,0.42,0.6,0.25,0,1.0,1598334.7,51656.35,10.11,2.4519,606.0,0.0,0.4784797994769364,-60398.71000000001,2.4518774373364822,0.1428571428571428,0.4009999999999999
97,4378.290824742268,1591.56,81214.53,28444.04,14913.440721649484,1007.01,82221.54,216653145.76817343,12,0.2991924231680397,16846.073333333334,4452.14,688003398.5820242,0.4015011398629843,18545.110833333336,-1699.0374999999997,8.083333333333334,0.0808147453173112,0.5933633377181357,202152.88,222541.33,92588.05,115848.12,14105.16,0.0,68768.25,5445.179999999999,0.0633822041056373,0.0,0.1696253006126996,0.1070353987728931,0.026935950652793,0.0,0.0,0.1228506183548018,0.2036249176725959,0.3090133864123127,1.100856589329818,-0.100856589329818,0.4160487851852059,0.5205690107091568,0.0633822041056373,0.0543005652028771,0.8041710214448425,Male,28,Master's,Self-Employed Professional,329823.73,27485.31,Salary,Mass Market,45251.26,1,0.9,Android 14,0,2.9,3.9,VERIFIED,0.9,0.89,0.9,0.88,1,1.0,3364223.41,42180.82,8.76,1.5347,642.0,0.0,0.4782460190050449,-33240.620833333334,1.5346677916312386,0.5,0.8930000000000001
95,6479.131052631578,2143.18,146881.96,32798.39,19230.354105263155,1733.04,152210.34,579312837.5023584,12,0.2835502133321627,23793.28833333333,7903.224999999999,1849511404.4309423,0.3662386870358785,27499.8325,-3706.544166666669,7.916666666666667,0.0695227828788476,0.5072654101674232,285519.46,329997.99,79301.82,185734.38,64961.79000000001,0.0,59907.990000000005,47781.66,0.1968551081174767,0.0,0.0621255905225362,0.0587695397781059,0.1673499242398398,0.0,0.0,0.165305734134926,0.1906097670473689,0.1815404693828589,1.1557810805610236,-0.1557810805610238,0.2403100091609649,0.5628348827215585,0.1968551081174767,0.0630200202128503,0.6992898631387356,Female,37,Bachelor's,Salaried - Govt,358970.92,29914.24,Salary,Mass Market,62762.54,1,1.0,Android 14,0,9.5,1.2,VERIFIED,0.94,0.96,0.97,0.82,1,0.0,0.0,0.0,0.0,0.0,650.0,0.0,0.4226493762884964,2414.407500000001,0.0,0.4545454545454545,0.928
91,5034.424615384615,1379.83,62033.69,26176.36,14336.872747252746,267.72,78717.21,368103122.6979958,12,0.3139565822014778,18962.18,2031.065,891213463.4932544,0.3988432830759226,19215.54,-253.36000000000055,7.583333333333333,0.0070751435625058,0.4663953558554538,227546.16,230586.48,92396.61,111142.75,27047.12,0.0,47076.61,38309.600000000006,0.117297076567542,0.0,0.0314406117826162,0.1965423124547458,0.168359685788589,0.0,0.0,0.1805013025915483,0.1039185385023441,0.2041603219755122,1.0133613329269104,-0.0133613329269103,0.400702634430258,0.4820002890021999,0.117297076567542,0.0139324734043383,0.7461082408952725,Female,60,Bachelor's,Salaried - Private,248249.33,20687.44,Salary,Mass Market,67337.47,0,1.4,Android 14,0,3.8,3.8,VERIFIED,0.89,0.96,0.93,0.95,1,1.0,975055.45,33557.61,14.49,1.6221,657.0,0.0,0.425864112187735,-32085.710000000003,1.6221248254979834,0.3333333333333333,0.931
94,6458.6553829787235,2226.0600000000004,130306.78,31160.24,20679.131382978725,216.37,130523.15,699576181.6509259,12,0.2886026822930216,26662.355,6884.83,1616788547.900555,0.4091929442508633,23930.4455,2731.9095,7.833333333333333,0.0506054565837343,0.4892819412002488,319948.26,287165.346,116334.266,145855.05,24976.03,8992.275999999994,84933.23999999999,14016.030000000002,0.0869743872228928,0.0313139315911746,0.2243216352435506,0.0780343112848999,0.0438071768229025,0.0,0.0,0.1130734625618788,0.1217098110438437,0.2957642389064591,0.8975368267356728,0.1024631732643271,0.4051124817825337,0.5079131309945734,0.0869743872228928,0.009041620223911,0.8641348270335679,Male,25,High School,Self-Employed Business,422136.92,35178.08,Savings,Mass Market,22006.03,0,0.5,Android 14,0,1.0,2.3,VERIFIED,0.93,0.89,0.9,0.89,1,3.0,2290236.12,182744.28000000003,12.496666666666668,5.1948,635.0,1.0,0.4412285430306175,-171496.64550000004,5.194833828338557,0.8333333333333334,0.904
95,6507.832736842105,1744.1,141738.28,30871.51,22559.728736842106,129.25,144953.08,802999411.7151706,12,0.2615720882864675,26633.150833333337,3621.11,2263768025.7914085,0.3689572003942261,24887.191666666666,1745.9591666666672,7.916666666666667,0.0379716170176834,0.5353878230609862,319597.81,298646.3,94294.13,161377.71,42974.45999999999,0.0,61558.84,76991.87999999999,0.1438975135469617,0.0,0.073265699256947,0.1096122402989757,0.2409024016779088,0.0,0.0,0.0314004225064901,0.1778949881515358,0.2061262436534455,0.9344441377742856,0.0655558622257142,0.3157384839524213,0.5403640025006169,0.1438975135469617,0.0051934345076433,0.9064794870792148,Female,54,Bachelor's,Retired,385988.62,32165.72,Salary,Mass Market,10741.52,1,3.5,Android 13,1,2.0,3.9,VERIFIED,0.85,1.0,0.9,0.82,1,1.0,679253.27,32041.46,12.21,0.9961,607.0,0.0,0.4355294494609301,-24762.931666666664,0.9961368811268642,0.6388888888888888,0.899
90,7510.488555555556,2283.0600000000004,128495.47,35722.61,31952.11422222222,1156.57,140378.91,1265724706.3289711,12,0.2983195536240612,23343.65166666667,5824.02,2087745409.533579,0.3479536402825455,32985.012500000004,-9641.360833333332,7.5,0.2109297060040505,0.5410094136193841,280123.82,395820.15,171210.56,192993.31,31616.28,0.0,57280.1,6665.25,0.0798753676385601,0.0,0.2186684533366985,0.2878339063839979,0.0237939422645314,0.0,0.0,0.2400960133030115,0.0119747314531612,0.1447124407385526,1.4130185358746,-0.4130185358745999,0.4325463471225504,0.4875782852388894,0.07987536763856,0.035063500430688,0.9686858303364964,Male,63,Bachelor's,Salaried - Private,1421370.28,118447.52,Savings,Affluent,118307.3,0,5.1,Android 14,0,3.1,5.8,VERIFIED,0.96,0.88,0.96,0.87,1,0.0,0.0,0.0,0.0,0.0,650.0,0.0,0.425175949617281,85462.5075,0.0,0.0961538461538461,0.918
94,5900.410531914893,1401.845,107428.29,32244.1,17440.52319148936,910.51,116235.4,604955847.6493853,12,0.2715395959917309,23350.235,4507.29,1638226402.0750997,0.3760075197876215,22869.647500000003,480.5874999999978,7.833333333333333,0.0110698715740798,0.4817182837531014,280202.82,274435.77,84767.01,160416.48,29252.28,0.0,26029.07,52055.69,0.1065906241012241,0.0,0.1626375453899468,0.2140316475509005,0.1857786085093647,0.0,0.0,0.0830030283588761,0.1492087930082875,0.0948457629994807,0.9794183013575668,0.0205816986424332,0.3088774105503812,0.5845319653483947,0.1065906241012241,0.0398130316612881,0.7626056847395377,Male,54,Diploma,Retired,413888.95,34490.75,Savings,Mass Market,32351.58,0,1.0,Android 11,0,9.9,2.1,VERIFIED,0.89,0.96,0.86,0.97,1,0.0,0.0,0.0,0.0,0.0,650.0,0.0,0.4182918253738135,11621.102499999995,0.0,0.4545454545454545,0.921
90,9445.092395555555,3504.035,108306.25,96716.44,47601.20422222222,295.56,358493.08,3968925667.823488,12,0.3436601863547269,18628.060833333333,2907.75,1101858605.4844446,0.3695498658145858,52210.13213333333,-33582.0713,7.5,0.310156395098978,0.4413245678091009,223536.73,626521.5856,312905.6156,293394.08,20221.889999999996,27436.97560000002,109023.03,20261.9,0.032276445799763,0.0437925463872477,0.1281325844872853,0.2816273438225174,0.0906423745216278,0.0,0.0,0.1484061078453607,0.1594114589114325,0.1740132064174485,2.802767963904634,-1.8027679639046343,0.4994330966272138,0.4682904575730232,0.032276445799763,0.0056609701589186,0.9117234965170954,Male,46,Bachelor's,Salaried - Private,1767629.32,147302.44,Savings,Affluent,409699.57,1,0.4,Android 14,0,3.8,4.7,VERIFIED,0.93,0.99,0.82,0.94,1,2.0,916462.26,27413.730000000003,13.245,0.1861,745.0,2.0,0.3982597466123918,67678.57786666666,0.186105063840083,1.0,0.9280000000000002
91,5995.107362637363,1148.39,100567.2,30317.26,18814.64923076923,320.59,102412.33,596548670.3302274,12,0.2698834625797477,24301.154166666664,2200.115,1664776054.0759902,0.3835157083546724,21161.743333333332,3139.410833333334,7.583333333333333,0.0624241395809823,0.4707589810735532,291613.85,253940.92,80229.56999999999,124790.8,48920.55,0.0,49605.52,10382.259999999998,0.192645399567742,0.0,0.2252094306029922,0.1205951762323299,0.0356027671525203,0.0,0.0,0.1139554034851886,0.1113672818071227,0.1953427592528215,0.8708122745198832,0.1291877254801169,0.3159379354851513,0.4914166649471065,0.1926453995677419,0.0151495080036726,0.8890878664581935,Male,55,Doctorate,Salaried - Private,224936.33,18744.69,Salary,Mass Market,54520.58,0,0.5,Android 10,0,8.2,1.3,VERIFIED,0.94,0.99,0.94,0.76,1,1.0,614020.49,17079.31,14.97,0.9112,667.0,0.0,0.4184130174422247,-19496.36333333333,0.9111545723082112,0.8333333333333334,0.919
91,9025.767472527472,2746.99,89377.61,73393.03,37930.079340659344,2092.4,269869.21,2319046075.141785,12,0.3498384236203473,22765.930833333332,5040.375,1329657431.6103902,0.3947178422909042,45679.4725,-22913.541666666668,7.583333333333333,0.2430347640128344,0.4445222627517053,273191.17,548153.67,311881.17,200851.25,35421.25000000001,0.0,285205.10000000003,76736.15,0.0646191970218862,0.0,0.0709351083976141,0.0486653131411124,0.2808881048388204,0.0,0.0,0.1228747223383545,0.0326140842950116,0.5203013600182592,2.006483847922318,-1.0064838479223177,0.5689666731593714,0.3664141298187422,0.0646191970218862,0.0458061331597031,0.8303528316939155,Male,65,Master's,Self-Employed Business,707311.19,58942.6,Savings,Affluent,326820.22,1,0.2,Android 13,0,0.5,1.9,VERIFIED,0.96,0.9,0.93,0.97,1,0.0,0.0,0.0,0.0,0.0,650.0,0.0,0.4146396104752247,13263.127499999997,0.0,1.6666666666666663,0.9380000000000002
95,8530.62181136842,2523.18,136051.28,41438.58,26396.41747368421,408.22,136847.96,1144477463.2054212,12,0.2921136422554604,30923.043333333335,4484.46,2622364946.917915,0.3867779737631175,36611.046006666664,-5688.0026733333325,7.916666666666667,0.1110667943891562,0.5580123813454334,371076.52,439332.55207999994,146065.81207999997,164889.18,128377.56,20352.18207999996,107658.53,78765.70000000001,0.2922104437565627,0.0463252312710348,0.0271894489571645,0.0410966588169234,0.2122626891078961,0.0,0.0,0.0749544731982519,0.0938886267468951,0.2450502005605903,1.1839405847613316,-0.1839405847613316,0.3324720906485486,0.3753174655948886,0.2922104437565627,0.0111501867476188,0.7209959930911991,Male,52,High School,Salaried - Govt,2032667.5,169388.96,Salary,Affluent,120049.26,1,3.1,iOS 17,0,3.2,5.1,VERIFIED,0.88,0.92,0.89,0.94,1,1.0,673589.12,23638.19,15.87,0.1395,721.0,1.0,0.4552717367960439,109139.72399333332,0.1395497675881592,0.15625,0.906
99,7262.0163426262625,2252.53,125082.49,38994.1,27171.063939393945,227.8,127060.26,1059275868.9499284,12,0.2973884082121093,25227.49,3857.49,1903129317.385782,0.3765664143634328,34684.14482666666,-9456.654826666669,8.25,0.1717874741064382,0.5166131697826856,302729.88,416209.73792,86788.53792000002,233541.86,95879.33999999998,9039.577920000018,31879.71,60875.67999999999,0.230363038787019,0.0217188044786629,0.1071828838578847,0.11020705625301,0.2010891029322906,0.0,0.0,0.1193652513953174,0.1883056374213532,0.0765953006273188,1.3748551610432378,-0.3748551610432377,0.2085211613589918,0.5611157998539891,0.230363038787019,0.0065678424864855,0.7833857249524474,Male,42,Diploma,Salaried - Private,1468682.22,122390.18,Current,Affluent,136412.58,0,0.8,Android 14,0,2.6,2.4,VERIFIED,0.87,0.92,0.85,0.96,1,1.0,3868901.69,40283.38,9.45,0.3291,706.0,1.0,0.4325851165311339,47422.65517333333,0.3291389881116279,0.5555555555555556,0.899
95,6770.288315789474,1357.19,136806.74,46732.4,19580.599578947367,260.25,138199.92,685806797.8130338,12,0.2662602761218519,26733.311666666665,3440.08,2222998771.77576,0.3719517926276571,26864.80416666667,-131.4925000000015,7.916666666666667,0.0035864620268455,0.5313471523607789,320799.74,322377.65,64799.46,228507.62,29070.57,0.0,25431.13,19586.92,0.0901755130977597,0.0,0.2263252120610718,0.1221186704475325,0.0610565332752451,0.0,0.0,0.2235416754232186,0.1981950982023722,0.078886144867673,1.0049186760562836,-0.0049186760562836,0.2010048153152056,0.7088196715870346,0.0901755130977597,0.0096873961330756,0.7288569630908607,Male,47,Diploma,Salaried - Private,241855.74,20154.65,Salary,Mass Market,73034.61,0,3.9,Android 12,0,4.5,4.4,VERIFIED,0.92,0.94,0.83,0.76,1,0.0,0.0,0.0,0.0,0.0,650.0,0.0,0.4357099365209058,-6710.154166666667,0.0,0.125,0.8760000000000001
98,8150.7159183673475,2699.995,144699.45,39197.77,31246.004387755103,1099.91,150566.88,778558462.1659093,12,0.2988157901913146,32561.84,6205.695,2613219622.708746,0.3995137150805212,34002.34,-1440.4999999999982,8.166666666666666,0.039080118829745,0.5702689488133565,390742.08,408028.08,59104.58,280774.83999999997,68148.66,0.0,26859.960000000003,91395.01,0.1670195345379171,0.0,0.1865074825242419,0.0790254925592375,0.233901119633698,0.0,0.0,0.2424172865749827,0.0352095375396712,0.0658287047303215,1.0442389005043942,-0.044238900504394,0.1448541972895591,0.6881262681725238,0.1670195345379171,0.0323480678094507,0.918936884571918,Female,62,High School,Self-Employed Business,548749.21,45729.1,Salary,Mass Market,65368.14,0,0.2,Android 14,0,0.3,2.0,VERIFIED,0.88,0.92,0.89,0.94,1,0.0,0.0,0.0,0.0,0.0,650.0,0.0,0.4678158085736553,11726.760000000002,0.0,1.6666666666666663,0.906
98,6684.993163265306,2422.93,140969.02,41737.54,23994.85704081633,469.52,143417.0,768985076.9920907,12,0.2817466496867579,26271.4875,6450.645,2102717416.8060205,0.3743816192839273,28322.623333333333,-2051.1358333333337,8.166666666666666,0.0471619027225171,0.5566343768737833,315257.85,339871.48,130365.3,152665.44,56840.740000000005,0.0,70802.65,31338.89,0.1672418644835983,0.0,0.1078149893600957,0.1752505093984349,0.0994071678151709,0.0,0.0,0.1283017627722102,0.1208609795679237,0.2083218338885039,1.0780745983010416,-0.0780745983010415,0.3835723432869389,0.4491857922294627,0.1672418644835983,0.0165775604354916,0.8471975479960717,Male,65,Bachelor's,Salaried - Govt,218424.47,18202.04,Savings,Mass Market,66054.64,0,5.7,iOS 17,0,1.3,5.9,VERIFIED,0.9,0.97,0.85,0.94,1,0.0,0.0,0.0,0.0,0.0,650.0,0.0,0.4472827223198697,-10120.583333333332,0.0,0.0862068965517241,0.919
99,8832.872626262626,2574.89,137376.97,46563.97,28931.586969696968,1347.2,140036.64,960300140.8875138,12,0.2936783569185194,34566.21083333333,6737.639999999999,2943784984.9942446,0.3995562368683808,38304.988333333335,-3738.7775,8.25,0.0684967166561815,0.549667407803664,414794.53,459659.86,193008.78,195528.97,71122.11,0.0,97690.8,64872.630000000005,0.1547276936472112,0.0,0.1033461351182589,0.2073663338800129,0.1563970238469635,0.0,0.0,0.0626022903109268,0.1182972774694749,0.2125284552799541,1.1081627812208614,-0.1081627812208613,0.4198947891599671,0.4253775171928217,0.1547276936472112,0.0351703540091579,0.7552955431791751,Male,36,Bachelor's,Salaried - Private,424989.04,35415.75,Savings,Mass Market,66557.07,0,0.5,Android 12,0,3.2,2.3,VERIFIED,0.89,0.94,0.87,0.79,1,1.0,1766528.89,37943.35,10.47,1.0714,665.0,0.0,0.4596007052424941,-40832.58833333333,1.0713693766191594,0.8333333333333334,0.881
92,7473.498791304347,2100.545,108954.31,59217.21,26590.14445652174,558.36,201418.47,1635553828.0648985,12,0.320943600338102,22309.264166666664,4037.45,1418949815.0082626,0.3821851553382456,34987.5599,-12678.29573333333,7.666666666666667,0.1734777999379139,0.4366945833315994,267711.17,419850.7188,72062.9288,327382.87,20404.92,13560.438799999987,53008.03,160596.20999999996,0.0486004169727766,0.0322982388567962,0.033349162864408,0.0130866990431838,0.5998861011290637,0.0,0.0,0.1272452745887736,0.2366578537342735,0.1262544700447467,1.5682973512087672,-0.5682973512087672,0.1716394079447268,0.7797601750824965,0.0486004169727766,0.0159588151215998,0.7599885368548305,Male,44,Bachelor's,Salaried - Private,1142216.33,95184.69,Savings,Affluent,235356.4,1,1.8,Android 12,0,1.9,2.8,VERIFIED,0.97,0.98,0.89,0.8,1,2.0,1045473.08,22341.51,12.815,0.2347,718.0,2.0,0.4039889265355871,37855.6201,0.2347174739971312,0.2631578947368421,0.923
94,6034.490046808511,1217.5259999999976,131132.04,38420.84,14697.13340425532,67.37,131448.53,457052543.55375177,12,0.2703771376023171,24786.529166666664,5268.594999999999,1630877849.1824265,0.3906476915915798,22483.642866666665,2302.8863000000024,7.833333333333333,0.064110252222819,0.5234955166514151,297438.35,269803.7144,140912.8444,89785.97,39104.9,20348.034400000004,91577.95,10763.65,0.1449383307674729,0.0754179179677001,0.1354525458675449,0.1074368455766522,0.036187835227031,0.0,0.0,0.1356635140527924,0.0217721242758398,0.3394243485626378,0.9070912153728664,0.0929087846271337,0.5222791121069903,0.3327825571255367,0.1449383307674729,0.0029964005565966,0.6536811446175695,Male,33,Master's,Salaried - Govt,536245.31,44687.11,Savings,Mass Market,37987.74,0,1.4,Android 13,0,5.6,1.6,VERIFIED,0.89,0.92,0.95,0.79,1,1.0,973889.71,17155.38,11.93,0.3839,628.0,1.0,0.4437868216155139,5048.087133333334,0.3838999657843168,0.3333333333333333,0.8910000000000001
96,5535.836979166666,1596.96,116251.95,20741.44,17160.168854166666,1077.6,117329.55,465112149.63309264,12,0.2800547774410071,21242.001666666667,4845.25,1358977481.1968331,0.3757303380206797,23044.694166666668,-1802.6925,8.0,0.0523422618174855,0.5815939161219045,254904.02,276536.33,83931.63,130156.93,62447.77,0.0,70182.56,29621.79,0.2258212148834115,0.0,0.1322995065422326,0.0497188561083456,0.116207621990426,0.0,0.0,0.1194508873391065,0.1118008979145705,0.2537914638557617,1.084864530579,-0.0848645305789998,0.3035103199641074,0.470668465152481,0.2258212148834115,0.0467613061907634,0.7446472810642999,Female,30,Bachelor's,Retired,458027.33,38168.94,Savings,Mass Market,35934.4,1,1.3,Android 14,0,0.5,3.0,VERIFIED,0.9,0.95,0.84,0.8,1,1.0,262639.15,23118.26,10.23,0.6057,661.0,0.0,0.4580757692611695,-7994.0141666666605,0.6056825261587039,0.3571428571428571,0.883
90,4851.883666666667,1357.265,113988.98,34647.46,17182.61,551.25,115714.7,449241897.2394921,12,0.2676435279464579,16036.865833333335,3217.53,1124072391.117354,0.3331663971805439,20352.26166666667,-4315.395833333334,7.5,0.2284046354763705,0.4779187635798438,192442.39,244227.14,67235.06,147426.97,29565.109999999997,0.0,58604.84,30714.96,0.1210557925708011,0.0,0.23007713229578,0.0353368589584269,0.1596059994889899,0.0,0.0,0.0905293326532014,0.1572765827745434,0.2399603909704711,1.2690922202743378,-0.2690922202743377,0.2752972499288981,0.6036469575003007,0.121055792570801,0.0270854418554792,0.8442604699870784,Male,34,Bachelor's,Retired,354060.52,29505.04,Savings,Mass Market,52336.0,1,0.9,Android 14,0,7.5,3.5,VERIFIED,0.98,0.94,0.84,0.96,1,1.0,5876883.83,57596.74,8.42,1.9521,647.0,0.0,0.3910673437402638,-48443.96166666666,1.952098353366069,0.5,0.936
98,5184.326122448979,1153.64,86607.39,24945.13,16657.320612244897,270.44,87150.62,483243316.9303688,12,0.280139870342282,20613.22333333333,2141.985,1192994754.5038424,0.3839953584167161,21725.44,-1112.216666666665,8.166666666666666,0.0347418703872953,0.4926498200015953,247358.68,260705.28,44869.24,161984.12,53851.920000000006,0.0,34525.25,27339.23,0.2065624447652153,0.0,0.117167093815668,0.0396769486218307,0.1105246438087396,0.0,0.0,0.1345074023817239,0.2647894971670692,0.1324301909036901,1.0539564651622495,-0.0539564651622493,0.1721071395255209,0.6213304157092637,0.2065624447652153,0.0124480793024214,0.766719597496985,Other,42,High School,Salaried - Private,357167.83,29763.99,Current,Mass Market,32004.54,0,2.2,Android 13,0,3.9,3.1,VERIFIED,0.88,1.0,0.89,0.91,1,0.0,0.0,0.0,0.0,0.0,650.0,0.0,0.4274571430506678,8038.550000000003,0.0,0.217391304347826,0.9240000000000002
90,4080.9895555555554,1529.87,86502.84,25014.69,16558.537777777776,2540.12,90529.97,308272665.56246245,12,0.2737889217021391,14596.228333333333,3281.955,740678876.6659424,0.3590600274058972,16011.193333333336,-1414.9650000000008,7.5,0.1133045021910276,0.4848107797268835,175154.74,192134.32,56517.39,112023.47,23593.46,0.0,18996.699999999997,60901.78,0.1227966976436068,0.0,0.1124566917560589,0.1952836432345871,0.3477027227467552,0.0,0.0,0.055249057013864,0.098366913313561,0.0988719766463378,1.0969404539094976,-0.0969404539094974,0.294155619880925,0.5830476824754682,0.1227966976436068,0.1586465135432337,1.0341851124428645,Male,52,Bachelor's,Salaried - Private,363602.2,30300.18,Savings,Mass Market,21554.77,0,0.8,Android 14,0,8.2,3.1,VERIFIED,0.85,0.97,0.96,0.78,1,0.0,0.0,0.0,0.0,0.0,650.0,0.0,0.4093603283342918,14288.986666666666,0.0,0.5555555555555556,0.894
93,6766.365483870968,1773.39,122981.62,42128.64,23560.091612903227,487.74,124314.16,682559375.7763225,12,0.2697983039731646,25024.4425,2932.54,2082035047.7217655,0.3642067234818859,27414.89,-2390.4475000000007,7.75,0.0449779949220022,0.5444211057382794,300293.31,328978.68,60085.73,233124.21,35768.740000000005,0.0,41547.77,34622.66,0.108726620217456,0.0,0.3358117310215969,0.0563500345979867,0.115296141628996,0.0,0.0,0.1096544007046292,0.1579211455283363,0.1262931993039792,1.095524505690786,-0.0955245056907861,0.1826432339019659,0.708630145880578,0.108726620217456,0.0177910617186499,0.8593903390786258,Female,31,Bachelor's,Self-Employed Professional,366076.79,30506.4,Salary,Mass Market,47100.36,1,0.8,Android 14,0,9.8,3.2,VERIFIED,0.94,1.0,0.85,0.89,1,3.0,3137082.9299999997,46947.39,11.653333333333334,1.5389,654.0,0.0,0.4362924763844433,-43855.88,1.538935764298639,0.5555555555555556,0.93
99,10503.68383838384,2398.53,133635.06,87147.84,44795.559191919194,1334.62,393027.89,5594742759.001375,12,0.3230587540384376,28129.27,8247.485,2283574833.3060913,0.3807427578571541,58526.121666666666,-30396.851666666666,8.25,0.2367217212272235,0.4182415325299585,337551.24,702313.46,213108.65,451802.03,37402.78,0.0,85878.55999999998,171792.88,0.0532565330586146,0.0,0.2235798385524321,0.181158552763605,0.5089386725405008,0.0,0.0,0.0957646461738039,0.079350921168448,0.1222795302826746,2.0806128870982668,-1.080612887098267,0.3034380830462796,0.6433053838951057,0.0532565330586146,0.0228038346296253,0.765394287478173,Male,51,Master's,Salaried - Private,2136112.32,178009.36,Savings,Affluent,415736.18,0,2.2,iOS 17,0,1.4,2.5,VERIFIED,0.99,0.88,0.84,0.89,1,0.0,0.0,0.0,0.0,0.0,650.0,0.0,0.3957422677262758,119483.23833333331,0.0,0.217391304347826,0.907
96,6885.862748333333,1534.95,126066.07,25628.94,21206.0075,293.92,129415.03,891156888.8395303,12,0.2853457541977757,25323.985833333336,3127.455,1927865970.11099,0.3759469592478279,29762.916153333328,-4438.930319999997,8.0,0.089144288356953,0.5375420220163907,303887.82999999996,357154.99384,148767.55383999998,155871.25,52516.19,21169.96383999999,88177.57999999999,4709.05,0.1470403351647561,0.0592738844622842,0.0108034608686685,0.1103722772462746,0.0154960137758725,0.0,0.0,0.2239976519433454,0.1884386643356026,0.2468888340379813,1.1752856106149432,-0.1752856106149428,0.4165349957465401,0.4364246690887036,0.1470403351647561,0.0098753764075326,0.7124976393694208,Female,38,Bachelor's,Salaried - Private,1896200.4,158016.7,Savings,Affluent,84454.31,1,4.4,Android 13,0,1.6,5.7,VERIFIED,0.87,0.94,0.84,0.89,1,3.0,1718001.76,49355.33,13.013333333333334,0.3123,736.0,3.0,0.440584984355253,78898.45384666669,0.3123424929137237,0.1111111111111111,0.889
96,5900.428645833334,1529.15,119502.73,39434.31,17583.3915625,503.56,127733.44,675725024.0899146,12,0.2633424586886977,24921.72,1531.355,1922968753.7129817,0.3724951873580694,22281.709166666667,2640.010833333334,8.0,0.0682955025874401,0.5139807493895084,299060.64,267380.51,32504.84,217559.18,17316.489999999998,0.0,10654.61,97528.4,0.0647634713539891,0.0,0.2940198969625722,0.0817196062644955,0.3261158004610703,0.0,0.0,0.0866028716902365,0.0682909535926908,0.0398481175759594,0.8940678719874338,0.1059321280125663,0.1215677238404549,0.8136688048055559,0.0647634713539891,0.0225997025736842,0.7891401611508633,Female,30,High School,Salaried - Private,285971.01,23830.92,Savings,Mass Market,24467.28,0,0.4,Android 11,0,0.3,1.3,VERIFIED,0.87,0.94,0.83,0.77,1,3.0,6863979.01,253705.98,11.636666666666668,10.6461,620.0,0.0,0.4290894121706451,-252156.7691666667,10.646084162927826,1.0,0.863
97,6075.563608247423,1567.46,114960.39,25068.9,21782.201855670104,1412.01,119685.68,706160052.5763506,12,0.2875838500810168,24222.819999999996,4884.155000000001,1586352460.2243998,0.3884685501898145,24887.985833333336,-665.1658333333344,8.083333333333334,0.0158117397726984,0.5186229883161386,290673.84,298655.83,69346.55,214753.78,14555.5,0.0,46581.89,89459.4,0.0487367013729482,0.0,0.1394743240070016,0.076223725483611,0.3077655698221759,0.0,0.0,0.1040169214175393,0.1760364095353504,0.1559718087539091,1.0274602970807418,-0.0274602970807418,0.2321955342375201,0.7190677643895316,0.0487367013729482,0.0567346031718182,0.8752095087781854,Male,47,Diploma,Unemployed,389533.02,32461.09,Salary,Mass Market,47125.37,0,0.2,Android 11,0,4.0,0.5,VERIFIED,0.99,0.96,0.85,0.91,1,0.0,0.0,0.0,0.0,0.0,650.0,0.0,0.4405303254403441,7573.104166666664,0.0,1.6666666666666663,0.937
92,5386.132717391304,1504.7,112516.2,20576.59,18035.335,808.04,116728.85,569874225.365577,12,0.2576807809737256,24826.26166666667,6173.725,1455619203.4024332,0.4046455772711836,16467.4225,8358.839166666667,7.666666666666667,0.170746677300252,0.5665851003387508,297915.14,197609.07,42571.31,137009.74,18028.02,0.0,16189.8,21319.449999999997,0.0912307314638948,0.0,0.2124382752269417,0.1335035380714053,0.0715621569283118,0.0,0.0,0.1896149301244118,0.1833970981190286,0.0819284256537415,0.663306571126261,0.336693428873739,0.2154319637251468,0.6933373048109582,0.0912307314638948,0.0490690027537703,1.0952129879463528,Male,55,Bachelor's,Salaried - Private,515964.76,42997.06,Salary,Mass Market,15033.76,1,1.4,Android 13,0,9.1,3.0,VERIFIED,0.97,0.94,0.96,0.93,1,2.0,9693680.53,112693.81,9.65,2.621,637.0,0.0,0.4694213864982104,-86164.1725,2.6209654799653745,0.3333333333333333,0.951
95,28298.73,3610.5,67637.66,515206.77,141796.26789473684,1497.84,1826576.31,124658095200.73618,12,0.2588299450054519,15716.7425,5122.045,520492021.6665296,0.4184617106991961,208314.87,-192598.12749999997,7.916666666666667,0.2850932033768293,0.3040309284385896,188600.91,2499778.44,943448.72,1502582.1,53747.619999999995,0.0,689646.47,767760.48,0.021500953500503,0.0,0.04684198332393,0.101529897985679,4.070820655107125,0.0,0.0,0.243635599961411,0.0034771161559422,0.2758830378583471,13.25432862439529,-12.254328624395288,0.3774129358440262,0.6010861106554708,0.021500953500503,0.0071902692304202,0.6806824106927021,Male,58,Master's,Salaried - Govt,7826080.4,652173.37,Savings,HNI,2341783.08,1,0.5,Android 13,0,7.3,1.2,VERIFIED,0.95,0.98,0.96,0.85,1,0.0,0.0,0.0,0.0,0.0,650.0,0.0,0.3726893977949535,443858.5,0.0,0.8333333333333334,0.941
90,6661.779270222223,1116.21,138198.07,37090.66,34295.864888888886,412.51,209176.3,2234123594.8248944,12,0.293819180399794,16299.063333333334,1699.485,1634379038.3466785,0.296330285834485,33664.281193333336,-17365.21786,7.5,0.2905586771178295,0.475656148764975,195588.76,403971.37432,184185.73432,184787.8,34997.840000000004,27019.544320000008,77013.2,43558.1,0.0866344553717733,0.0668847993635233,0.0792530660220469,0.1984125487478426,0.222702470223749,0.0,0.0,0.1301374635479889,0.1402127071388279,0.190640240610205,2.0654120120195043,-1.0654120120195043,0.4559375887215711,0.4574279559066555,0.0866344553717733,0.0122536405168125,1.018761241088986,Male,26,Diploma,Self-Employed Professional,2094395.76,174532.98,Salary,Affluent,208873.41,1,2.3,Android 13,0,6.3,5.6,VERIFIED,0.94,0.91,0.84,0.94,1,2.0,2358081.8,74332.29000000001,12.31,0.4259,754.0,2.0,0.368060631006681,66536.40880666667,0.4258925161307622,0.2083333333333333,0.911
91,7315.712967032967,1805.04,135523.16,34124.48,24330.99043956044,828.29,138817.17,984536004.1286284,12,0.2783935774308851,28833.4875,5623.37,2178584706.3256564,0.3921848498570085,26644.0025,2189.4849999999983,7.583333333333333,0.0388925862916903,0.5120603783188252,346001.85,319728.03,127580.31,161172.74,30974.980000000003,0.0,73036.85,22122.86,0.0968791506956709,0.0,0.1710517529539089,0.1705933008125687,0.0639385598660816,0.0,0.0,0.0932236376022458,0.1706251090966281,0.2284343039926777,0.9240645100597008,0.0759354899402993,0.3990276048052464,0.5040932444990824,0.0968791506956709,0.0310872962874102,0.91318826589813,Female,61,Bachelor's,Self-Employed Business,477605.09,39800.42,Savings,Mass Market,55426.71,1,0.2,iOS 17,0,1.7,0.9,VERIFIED,0.88,0.96,0.86,0.91,1,0.0,0.0,0.0,0.0,0.0,650.0,0.0,0.4401350612417352,13156.4175,0.0,1.6666666666666663,0.906
93,7055.711535483871,1931.5,88280.28,60079.85,24904.627634408604,157.94,114443.23,799283939.6027763,12,0.3164457782025223,22033.616666666665,2639.0950000000003,1342140788.2103877,0.3858263707125697,32648.14773333333,-10614.531066666665,7.75,0.1612742911567018,0.5082179438975598,264403.39999999997,391777.7728,239166.44279999996,86960.49,65650.84,26646.252799999955,160347.69999999998,30283.1,0.1675716300360774,0.0680136920723236,0.067052400171284,0.1331685808184777,0.1145337011551289,0.0,0.0,0.0157956127928654,0.0618191783237377,0.4092822797322309,1.481742567606922,-0.4817425676069218,0.6104645526230322,0.2219638173408902,0.1675716300360774,0.0048376404471713,0.7628190070023882,Male,49,Diploma,Salaried - Private,1570490.3,130874.19,Savings,Affluent,174523.08,0,0.7,Android 14,0,0.8,5.5,VERIFIED,0.87,0.89,0.94,0.88,1,1.0,1357494.46,30011.82,11.73,0.2293,723.0,1.0,0.4347829999865658,68214.22226666668,0.2293180954930838,0.625,0.892
98,233858.51459183672,12448.13,145759.35,4520644.21,2333525.3664285713,2378.01,22120059.12,23369360857656.05,12,0.2605289144482998,34336.50916666666,2423.73,3178560446.4543533,0.3888026924974344,1875508.0266666664,-1841171.5175,8.166666666666666,0.3504259626644533,0.3554429999169107,412038.11,22506096.32,7197464.17,13019230.52,2289401.63,13641.27,5974585.690000001,5516282.760000001,0.1017236217888895,0.0006061144414403,0.0522412964595363,0.0537293181725794,13.387797453978228,0.0,0.0,0.048744823820251,0.232387897733835,0.2654652146267896,54.62139489961257,-53.62139489961256,0.3198006472408095,0.578475730970301,0.1017236217888895,0.0012679284578837,1.244209746505824,Male,25,Diploma,Self-Employed Professional,19626820.59,1635568.38,Salary,Ultra HNI,22109068.69,1,1.5,Android 13,0,5.7,5.6,VERIFIED,0.98,0.98,0.85,0.97,1,1.0,50215.69,4547.09,15.62,0.0028,714.0,1.0,0.3754588154652249,-244486.7366666668,0.0027801283367926,0.3125,0.952
90,7428.871444444445,2217.2250000000004,124681.46,36892.96,29112.63622222222,1441.24,143796.68,1060993672.2132463,12,0.2867722886858952,25209.549166666664,6576.27,2230115807.383663,0.3579814140877765,30506.986666666668,-5297.437500000001,7.5,0.1976497060746179,0.492398062452409,302514.59,366083.84,112860.14,206668.08,46555.62,0.0,99379.0,100113.68,0.1271720161152155,0.0,0.0204597121795925,0.0368252802418156,0.3309383524278944,0.0,0.0,0.1288280575291168,0.1417777960371045,0.2714651376034517,1.2101361458301896,-0.2101361458301896,0.3082904178452673,0.564537566039517,0.1271720161152155,0.0472429485005402,0.9542940618921244,Female,24,Master's,Salaried - Private,342141.39,28511.78,Salary,Mass Market,72569.55,1,1.6,Android 12,0,2.7,2.3,VERIFIED,0.88,0.9,0.97,0.77,1,0.0,0.0,0.0,0.0,0.0,650.0,0.0,0.4117480734336295,-1995.2066666666688,0.0,0.2941176470588235,0.882
94,6052.04744680851,1526.8200000000002,128894.66,25126.94,25076.02510638298,484.38,131214.21,910923783.1612164,12,0.2760792457852969,23637.270833333332,2531.09,1708453276.977845,0.3739521098477377,23770.43416666667,-133.16333333333054,7.833333333333333,0.0032148479131653,0.6013224759891416,283647.25,285245.21,121961.49,110946.69,52337.03,0.0,51990.14,41155.21,0.1834808374170419,0.0,0.1057885599551347,0.245302453983364,0.1450929279236798,0.0,0.0,0.046160003878768,0.0927233098848531,0.1822647258476312,1.005633617107164,-0.0056336171071637,0.4275671798309952,0.3889519827519627,0.1834808374170419,0.0203774149266169,1.054924993399874,Male,62,Bachelor's,Salaried - Private,459621.4,38301.78,Savings,Mass Market,40301.08,1,0.3,iOS 17,0,5.9,2.1,VERIFIED,0.9,0.98,0.89,0.79,1,1.0,1457934.4,49299.31,13.25,1.2871,632.0,0.0,0.4649002563042993,-34767.96416666667,1.2871284311068572,1.25,0.9000000000000001
91,7282.35065934066,2009.49,138923.86,42636.1,20809.19791208791,749.03,142864.95,800212077.9033706,12,0.269915049306605,27762.615833333333,4258.07,2547092084.909263,0.3649086623398422,27461.876666666667,300.7391666666651,7.583333333333333,0.0064940317021827,0.4622528436219648,333151.39,329542.52,76119.47,156158.85,97264.2,0.0,34737.590000000004,14820.3,0.2951491661834715,0.0,0.1963895281252325,0.1255737195916327,0.0444851813465343,0.0,0.0,0.174414579338654,0.0580891048596703,0.1054115566027716,0.989167477284126,0.0108325227158739,0.2309852761944043,0.4738655576221241,0.2951491661834716,0.0272752663298198,0.7577485750398915,Male,43,Bachelor's,Self-Employed Professional,342314.28,28526.19,Savings,Mass Market,32678.22,1,2.4,Android 13,0,1.0,4.3,VERIFIED,0.9,0.92,0.94,0.76,1,1.0,408148.41,36158.56,11.45,1.2676,633.0,0.0,0.4038463348526912,-35094.24666666666,1.2675565857199995,0.2,0.886
93,4540.809969892473,1298.83,98443.09,14739.56,13981.57,248.84,100751.89,421126267.8832327,12,0.2679017767692383,18882.78,2341.725,1039472464.0607454,0.3795578685476214,16308.497266666667,2574.2827333333325,7.75,0.0666316573899628,0.5003166646891589,226593.36,195701.9672,66314.32720000001,113413.01,15974.63,14889.827200000009,13372.24,23286.72,0.0816273348119926,0.0760841978904748,0.1933482863835003,0.1944398441386745,0.1027687660397462,0.0,0.0,0.1502724802451551,0.1169075115970525,0.0683296146243337,0.8636703529176673,0.1363296470823328,0.3388536566534831,0.5795190085345242,0.0816273348119926,0.0152583034433595,0.8573181067134413,Male,38,High School,Salaried - Private,269877.77,22489.81,Savings,Mass Market,22679.76,0,0.4,Android 14,0,9.7,0.5,VERIFIED,0.91,0.91,0.94,0.87,1,1.0,395969.2,8746.21,11.69,0.3889,638.0,1.0,0.4278613870042365,-2564.897266666663,0.3888965713805496,1.0,0.908
94,3638.7705319148936,1253.26,45223.22,13142.66,12955.94755319149,745.55,49058.45,167787486.1317757,12,0.3421726022475442,12956.423333333332,5106.4349999999995,303777078.25304246,0.4370919949349811,15547.279166666667,-2590.8558333333335,7.833333333333333,0.0952676047357179,0.5226636813179523,155477.08,186567.35,54396.36,105521.26,26649.730000000003,0.0,28209.43,30228.86,0.1428424105289591,0.0,0.1167212269456579,0.1403618049996422,0.1944264710914303,0.0,0.0,0.1258898730136864,0.1609557620880609,0.1512023942024153,1.199966901873897,-0.1999669018738968,0.2915641992020575,0.5655933902689833,0.1428424105289591,0.0479537282380866,0.8333257166288629,Female,48,Bachelor's,Salaried - Private,465809.71,38817.48,Savings,Mass Market,49779.32,0,1.1,Android 12,0,3.5,4.0,VERIFIED,0.93,0.91,0.93,0.95,1,2.0,1546102.11,138584.24,14.005,3.5702,629.0,0.0,0.4713206694881695,-115314.03916666664,3.570150354943185,0.4166666666666666,0.9280000000000002
95,4506.118210526316,1658.6,91059.06,20112.77,17286.880631578948,405.09,93802.46,423650016.7117698,12,0.2816836961416322,18742.718333333338,4386.875,926763069.7477968,0.3913872733691544,16930.717500000002,1812.000833333331,7.916666666666667,0.0580041972374411,0.588777128400954,224912.62,203168.61,59431.130000000005,96766.94,46970.54000000001,0.0,29977.86,30375.69,0.2311899461240592,0.0,0.1996601246619741,0.1449695895443691,0.1350555162267017,0.0,0.0,0.0668555541134036,0.0602633940351317,0.1475516321148232,0.9033224102764886,0.0966775897235111,0.2925212216591923,0.4762888322167485,0.2311899461240592,0.0239263338957725,1.021036505486489,Male,18,Diploma,Self-Employed Professional,365869.12,30489.09,Current,Mass Market,49400.53,1,3.8,iOS 16,0,0.6,4.1,VERIFIED,0.92,0.98,0.95,0.94,1,0.0,0.0,0.0,0.0,0.0,650.0,0.0,0.4703432153818742,13558.372499999998,0.0,0.1282051282051282,0.948
100,5253.3462,1958.52,141918.98,41460.01,14251.8474,148.07,142067.05,403038499.2327267,12,0.2559710731429082,21284.860833333336,4609.795,1580098875.8853362,0.3586858207848682,22493.024166666662,-1208.1633333333332,8.333333333333334,0.0394536947055791,0.5269747484905571,255418.33,269916.29,78694.74,143986.32,47235.23,0.0,45034.030000000006,39073.98,0.1749995526390793,0.0,0.2609191168121049,0.1247079603828283,0.1529803283891175,0.0,0.0,0.0988897335540585,0.0288758785177434,0.1668444316569407,1.0567616270923077,-0.0567616270923077,0.2915523920397691,0.5334480553211517,0.1749995526390793,0.0065829298409518,0.6336118831508836,Female,33,Bachelor's,Salaried - Private,579597.75,48299.81,Savings,Mass Market,23702.23,0,2.7,Android 14,0,3.9,3.2,REJECTED,0.55,0.68,0.53,0.41,0,2.0,7028565.44,84507.32,11.475,1.7496,665.0,0.0,0.4260013918671438,-58700.53416666668,1.749640837096461,0.1785714285714285,0.5569999999999999
94,9347.707872340425,2159.335,141985.77,31422.71,31848.648617021277,1321.8,146677.89,1861921613.2435992,12,0.2773724799169244,38136.59083333333,2426.635,3977610415.94359,0.3871015642601019,35087.120833333334,3049.4699999999993,7.833333333333333,0.0391437747246043,0.499342810898207,457639.09,421045.45,291985.24,100398.8,28661.410000000007,0.0,125033.49,21538.06,0.0680720098032172,0.0,0.029592719740826,0.3965171693459696,0.0470634184680334,0.0,0.0,0.1251568922072427,0.0325478401440984,0.2969596037672417,0.9200382117707648,0.0799617882292354,0.6934767731132113,0.2384512170835714,0.0680720098032172,0.0376719425420699,0.9077019675767908,Female,57,Diploma,Salaried - Private,393735.51,32811.29,Salary,Mass Market,64885.54,1,1.2,Android 12,0,4.0,3.2,VERIFIED,0.95,0.99,0.89,0.83,1,2.0,2437309.05,51241.15,10.41,1.5617,620.0,0.0,0.4319980629153439,-53516.98083333334,1.561692636894191,0.3846153846153846,0.926
95,4687.552210526315,1183.74,125994.79,31040.05,17965.513263157896,521.88,131815.88,782661069.2814523,12,0.2485881581334502,19329.108333333337,3741.215,1468942390.561124,0.3450251797899861,17780.68,1548.4283333333317,7.916666666666667,0.0311229205155461,0.4093917817387411,231949.3,213368.16,86270.8,107411.7,19685.66,0.0,35049.07,42825.72,0.0922614695650934,0.0,0.050262653996735,0.2400626691442621,0.1846339695786967,0.0,0.0,0.1169187098956095,0.1355160020126714,0.1642656992495974,0.919891372812938,0.0801086271870619,0.4043283683938597,0.5034101620410468,0.0922614695650935,0.029350958456032,1.0103951740404695,Male,27,High School,Self-Employed Business,414081.61,34506.8,Salary,Mass Market,4845.49,1,0.3,Android 12,0,8.6,1.0,VERIFIED,0.98,0.89,0.88,0.77,1,1.0,1979957.15,66769.82,13.06,1.935,653.0,0.0,0.3707718205694881,-50043.7,1.93497571493155,1.25,0.891
94,5051.905957446809,2141.92,109257.91,21899.79,20228.58021276596,753.63,110100.72,442380869.43358934,12,0.2915803152018522,19078.23,4952.65,997416831.7320546,0.3868723433085743,20495.033333333336,-1416.803333333333,7.833333333333333,0.0405319997221151,0.5666676870598987,228938.76,245940.4,52238.77,159489.75,34211.880000000005,0.0,37026.18,57030.82999999999,0.1391063851242008,0.0,0.1636320832201623,0.0618547827034517,0.2491095435303309,0.0,0.0,0.1705922247829149,0.0823762992985292,0.1505494013996887,1.074262829063982,-0.0742628290639819,0.2124041841031404,0.6484894307726587,0.1391063851242008,0.0367713478550087,0.9869991369990108,Male,47,Bachelor's,Salaried - Private,310045.36,25837.11,Salary,Mass Market,50452.61,1,0.5,Android 11,0,4.7,0.6,VERIFIED,0.95,0.92,0.86,0.98,1,2.0,2875160.81,202450.27,12.545,7.8356,660.0,0.0,0.458790480809104,-197108.19333333336,7.835639125273686,0.8333333333333334,0.929
99,4537.218694949494,1724.01,63720.57,29176.02,16137.042626262626,360.14,93318.53,379646851.1349256,12,0.3225736975161645,15814.375,4980.610000000001,577422418.0926454,0.4073819757461934,21617.679233333332,-5803.3042333333315,8.25,0.1475371280467913,0.5186884623368525,189772.5,259412.15079999997,86800.66079999998,112781.92,59829.57,11507.340799999978,60456.07,32499.84,0.2306351873475928,0.0443592976061936,0.1640214610949519,0.0571956631724592,0.171256847014188,0.0,0.0,0.0080661217816787,0.1373893624106986,0.233050263118207,1.3669638688429566,-0.3669638688429565,0.3346052238968599,0.4347595887555472,0.2306351873475928,0.0166595126198691,0.7464743302037783,Female,45,High School,Self-Employed Business,746427.81,62202.32,Current,Affluent,83935.09,1,1.1,Android 10,0,1.0,2.7,VERIFIED,0.86,0.89,0.84,0.9,1,3.0,1700075.52,56257.240000000005,13.333333333333334,0.9044,665.0,1.0,0.451904570382457,-15672.599233333334,0.90442350060255,0.4166666666666666,0.8730000000000001
97,7228.604226804124,1998.51,123002.97,44992.75,27523.51948453608,1508.24,128614.39,816071445.3940529,12,0.2869800026184975,28742.765833333335,5388.4400000000005,2077168771.338226,0.3971261584244137,29688.451666666664,-945.6858333333348,8.083333333333334,0.0168958179374269,0.5011225014755162,344913.19,356261.42,84005.66,221949.05,50306.71000000001,0.0,35691.18,53377.97,0.1412072909831213,0.0,0.3787213052707195,0.1356152456811069,0.1547576942476453,0.0,0.0,0.0462793866369252,0.0481661191380195,0.1001825569549462,1.0329016991202915,-0.0329016991202917,0.235797802636053,0.6229949063808257,0.1412072909831213,0.0508022451603095,0.9270783061899688,Female,30,Bachelor's,Salaried - Private,316543.69,26378.64,Savings,Mass Market,52101.89,1,0.3,Android 14,0,5.2,1.0,VERIFIED,0.97,0.95,0.9,0.85,1,0.0,0.0,0.0,0.0,0.0,650.0,0.0,0.4387246956448546,-3309.8116666666647,0.0,1.25,0.926
100,7053.4818000000005,2424.38,137359.27,33772.63,29553.2829,2647.12,153437.42,987850831.7890491,12,0.2849263746657767,27576.063333333335,6098.17,2236571150.1962247,0.3785141843196964,31202.951666666664,-3626.888333333331,8.333333333333334,0.0857586101398689,0.5307697580197439,330912.76,374435.42,150302.48,201001.23,23131.71,0.0,109888.59,44112.03,0.0617775690131024,0.0,0.1375501548437912,0.1079328713079547,0.1333041071006146,0.0,0.0,0.1820933767430442,0.0993584955183994,0.2934780849525399,1.1315230636618543,-0.1315230636618544,0.4014109562604948,0.5368114747264028,0.0617775690131024,0.0848355639004451,0.947131002724048,Male,26,Master's,Salaried - Private,193076.31,16089.69,Savings,Mass Market,49571.68,0,2.2,Android 14,1,6.2,4.3,REJECTED,0.5,0.43,0.34,0.11,0,1.0,441397.91,14336.11,10.45,0.891,587.0,0.0,0.4394164137997154,-29449.37166666666,0.8910121947657165,0.717391304347826,0.369
92,7061.166691304347,1117.79,132694.58,33125.68,25003.53967391304,220.04,133847.37,1334833384.5249882,12,0.2545479073076989,30450.545833333337,2752.51,2631829399.2361536,0.3827068388141111,23685.065466666663,6765.480366666668,7.666666666666667,0.1030301433011683,0.4958435782446785,365406.55,284220.7856,121159.80559999998,154562.78,8498.2,21285.045599999983,29002.47,45894.35,0.0298999947595669,0.0748891238023514,0.0274765266851053,0.249356463674485,0.1255980496244525,0.0,0.0,0.2619725712277392,0.092888983978658,0.1020420443169727,0.7778207194151282,0.2221792805848718,0.4262876317938092,0.5438123734466238,0.0298999947595669,0.0092902424234239,1.0556669015376774,Male,29,Bachelor's,Salaried - Private,558034.94,46502.91,Current,Mass Market,10478.14,1,1.9,Android 14,0,8.4,4.5,VERIFIED,0.95,0.9,0.87,0.83,1,1.0,698486.36,15746.5,12.59,0.3386,672.0,1.0,0.4279615345863381,7071.344533333337,0.3386132179685099,0.25,0.895
94,7888.54199574468,1967.43,139011.64,42884.06,25445.43585106383,1193.56,147411.27,970706856.2296976,12,0.2847230780863377,32263.32416666667,3269.5249999999996,3041717291.5335727,0.3792763279644931,29530.2548,2733.069366666669,7.833333333333333,0.0553725966589092,0.5830980918977271,387159.89,354363.0576,132685.8976,193558.81,28118.35,32481.0476,67252.73,64144.43,0.0793489879854789,0.0916603661227693,0.1692191347657002,0.0929897157541627,0.1656794302736267,0.0,0.0,0.1700649057725028,0.0259187570572537,0.1897848225361965,0.9152886617464429,0.0847113382535572,0.3744349044131286,0.5462161076013924,0.0793489879854789,0.040418208650201,0.861673426910757,Male,53,Bachelor's,Unemployed,390817.07,32568.09,Salary,Mass Market,68424.9,0,2.0,Android 14,0,8.2,5.0,VERIFIED,0.86,0.95,0.94,0.8,1,1.0,133246.61,11695.91,9.7,0.3591,641.0,1.0,0.4608050335377867,-8658.074799999999,0.3591217661213783,0.238095238095238,0.8909999999999999
98,21056.375575510207,2381.79,136133.53,436051.36,141344.16469387757,489.05,1162741.91,61993480964.096375,12,0.2705197501320946,20916.861666666664,6242.54,1507634866.5920875,0.3600747816556719,151043.5388666667,-130126.67720000003,8.166666666666666,0.3049642930375781,0.3406465932264758,251002.34,1812522.4664000005,1219116.0064000003,474325.24,119081.22000000002,59928.27640000024,419539.4,46628.4,0.0656991690903103,0.0330634668043749,0.1295817538010959,0.4080767790255732,0.1857687860599228,0.0,0.0,0.0995168023259101,0.0068691893374039,0.2314671446987808,7.221137724851491,-6.221137724851492,0.6726073905287291,0.2616934403809605,0.0656991690903103,0.0032378081424039,0.9357842497231792,Male,34,Diploma,Retired,4945075.01,412089.58,Current,HNI,1598793.27,1,1.7,Android 13,1,2.4,2.5,VERIFIED,0.93,0.9,0.93,0.93,1,1.0,579413.21,51795.11,13.16,0.1257,714.0,1.0,0.3523035062839935,209250.9311333333,0.1256889582114646,0.7777777777777778,0.9210000000000002
99,5555.57595959596,1728.49,117653.94,40340.62,15613.112828282829,534.65,118981.98,327856526.04539394,12,0.2871577908522635,21549.790833333336,4748.425,1236819665.2358992,0.3902572316588389,24283.710833333334,-2733.9200000000005,8.25,0.1088167111227405,0.4950388895599502,258597.49,291404.53,106680.64,112437.46,72286.43,0.0,73007.69,29599.32,0.2480621354788135,0.0,0.0403184192092003,0.1155539689105038,0.1144609717596253,0.0,0.0,0.094087041131447,0.1498665103112844,0.2505372514284524,1.1268652684911984,-0.1268652684911984,0.3660912203389562,0.3858466441822301,0.2480621354788135,0.0220168162794174,0.642945921051378,Male,58,Master's,Salaried - Govt,212282.07,17690.17,Salary,Mass Market,38545.57,0,3.2,Android 13,0,6.3,6.0,VERIFIED,0.97,0.98,0.85,0.9,1,0.0,0.0,0.0,0.0,0.0,650.0,0.0,0.4321698948192835,-6593.540833333336,0.0,0.1515151515151515,0.935
90,4709.536333333333,1547.26,127959.34,25758.05,17849.322555555555,556.29,132065.54,618024857.2470438,12,0.2513852111123508,16523.531666666666,3819.515,1292874087.673524,0.3243263866345057,18797.990833333333,-2274.459166666667,7.5,0.1241889164370096,0.4405268314563961,198282.38,225575.89,101209.47,92093.62,32272.800000000003,0.0,80882.26,5069.469999999999,0.1430684812991317,0.0,0.150459164762688,0.090112511580914,0.0255669212766157,0.0,0.0,0.0272486567602592,0.2080787534518871,0.3585589754295106,1.1376496993832734,-0.1376496993832735,0.4486714870104247,0.4082600316904435,0.1430684812991317,0.0295930562437324,0.9495335280143044,Female,64,Master's,Salaried - Private,583851.31,48654.28,Savings,Mass Market,34474.23,1,0.3,Android 13,0,5.1,0.6,VERIFIED,0.92,0.97,0.87,0.82,1,2.0,6456486.9399999995,55741.23,8.89,1.1457,666.0,0.0,0.3708065645632619,-25884.94083333334,1.1456593335673655,1.25,0.905
90,5931.8422222222225,1545.105,149831.74,29775.57,20993.96622222222,1568.81,157721.99,1180389830.5007632,12,0.2517023448863282,21682.78,5018.450000000001,2026388624.988436,0.334715235660511,22806.036666666667,-1123.2566666666676,7.5,0.0467203283385595,0.4411879216046436,260193.36,273672.44,95988.13,140324.57,37359.74,0.0,77530.48,32696.05,0.1365126134001655,0.0,0.094827816787105,0.0674443140858465,0.12566058565061,0.0,0.0,0.0734767081405785,0.2249704427672731,0.2832966300881447,1.051804089082058,-0.051804089082058,0.3507409441739914,0.5127464424258431,0.1365126134001655,0.0687892430819851,0.9205442633049448,Male,18,Bachelor's,Salaried - Private,363173.14,30264.43,Current,Mass Market,23496.0,0,0.2,Android 14,0,1.4,1.0,VERIFIED,0.87,0.99,0.89,0.84,1,3.0,2071597.31,55970.96,12.433333333333332,1.8494,662.0,0.0,0.377304310038164,-48512.56666666667,1.8493974609797703,1.6666666666666663,0.904
94,6835.155106382978,2103.5150000000003,121571.91,40639.09,33065.34074468085,401.28,139003.7,1431105415.2425487,12,0.3023398934701696,23181.325833333336,3512.285,1675406688.3740623,0.3716815353019439,30360.7225,-7179.396666666665,7.833333333333333,0.1161032665723858,0.5444476676579643,278175.91000000003,364328.67,192808.8,129622.98,41896.89000000001,0.0,86535.61,17682.68,0.1149975103523969,0.0,0.03592338752808,0.2916959293925455,0.0635665396043819,0.0,0.0,0.0533761452262321,0.2179513349855228,0.2375207254482607,1.3097060417632855,-0.3097060417632856,0.5292166548408063,0.3557858348067968,0.1149975103523969,0.0132170767675242,1.089082802449146,Male,65,High School,Salaried - Private,1448927.46,120743.96,Savings,Affluent,140992.64,1,1.1,Android 12,0,1.0,5.4,VERIFIED,0.92,0.97,0.96,0.94,1,0.0,0.0,0.0,0.0,0.0,650.0,0.0,0.440787988244352,90383.2375,0.0,0.4166666666666666,0.9469999999999998
97,5757.802298556701,1438.34,120289.85,30660.7,18151.18762886598,91.96,128794.73,635323574.9527098,12,0.2729601558887158,22662.602499999997,3750.8,1635726139.2008934,0.3691988847339043,23879.632746666663,-1217.030246666666,8.083333333333334,0.038834111257477,0.5258232055257738,271951.23,286555.59296,62670.88296,168681.55,55203.16,11722.99296,21655.179999999997,52766.96,0.1926438057961959,0.0409100127444952,0.0407103203936711,0.1022234802588164,0.1940309665082228,0.0,0.0,0.2873965192907467,0.0764031152693506,0.0755706066537072,1.0537021397549848,-0.0537021397549847,0.2187040996570189,0.5886520945467851,0.1926438057961959,0.0038509804977145,0.7601116743053633,Female,69,Doctorate,Unemployed,502974.71,41914.56,Salary,Mass Market,70967.9,1,0.7,Android 13,0,4.4,3.6,VERIFIED,0.87,0.88,0.94,0.89,1,1.0,1047040.18,17301.06,9.85,0.4128,680.0,1.0,0.4318486130506521,733.8672533333302,0.4127696914866815,0.625,0.8910000000000001
95,6319.307368421053,1876.13,124328.35,42631.2,21120.94294736842,333.12,129264.54,758855083.1710699,12,0.2665146593149732,25513.680833333332,2187.875,2109274467.447554,0.3671901931566774,24514.16916666667,999.5116666666678,7.916666666666667,0.0253827604475532,0.5503848174896514,306164.17,294170.02999999997,76865.65,190849.87,26454.51,0.0,25607.82,36177.28,0.0899293174087108,0.0,0.1072752720594956,0.1742455885121948,0.1181630103875316,0.0,0.0,0.3230697566302047,0.095448132496706,0.0870510840278324,0.9608244818458018,0.0391755181541981,0.2612966725400273,0.6487740100512619,0.0899293174087109,0.0135888757940433,0.8615810229492822,Male,24,High School,Self-Employed Business,465222.97,38768.58,Savings,Mass Market,59609.5,1,0.9,Android 13,0,6.8,2.4,VERIFIED,0.99,0.98,0.95,0.81,1,0.0,0.0,0.0,0.0,0.0,650.0,0.0,0.440468042889867,14254.410833333332,0.0,0.5,0.943
99,5795.849797979798,2225.13,98367.06,36505.51,18118.219797979797,2173.76,105282.37,407295389.10557336,12,0.2983644149480024,23554.425,7897.735000000001,1272595450.1907728,0.408167739600067,24261.335833333334,-706.9108333333339,8.25,0.0191454747872623,0.561352338686181,282653.1,291136.03,92278.41,127585.89,71271.73000000001,0.0,71223.73,61784.53,0.2448055982627777,0.0,0.0512097729710747,0.0723190461860732,0.2185878378832569,0.0,0.0,0.1646074860607256,0.0101986002900431,0.244640726879459,1.0300118059911605,-0.0300118059911602,0.3169597730655322,0.4382346286716899,0.2448055982627777,0.0895977045506871,0.7467939903410703,Male,31,Bachelor's,Salaried - Private,195492.52,16291.04,Savings,Mass Market,46498.2,0,3.9,Android 14,0,5.7,5.1,VERIFIED,0.88,0.9,0.9,0.98,1,3.0,5513169.31,89670.12,11.936666666666667,5.5043,637.0,0.0,0.4694415792345126,-97640.41583333332,5.50426001041063,0.125,0.91
93,33767.734516129036,3831.45,140403.23,600447.2,146974.48301075268,1307.27,2361307.46,130506324285.4856,12,0.276625074466193,31513.255,2974.435,3163596802.621027,0.3691682295556248,230186.6875,-198673.4325,7.75,0.2713695885200631,0.3072441625213743,378159.06,2762240.25,396716.34,2334377.57,31146.34,0.0,293028.67000000004,326002.43,0.011275753439622,0.0,0.3146348041232112,0.0375375277367709,0.8620775342523858,0.0,0.0,0.2378925765056099,0.1745546101574618,0.1060837014448689,7.3044402268188415,-6.3044402268188415,0.1436212291816398,0.845103017378738,0.011275753439622,0.0056791729104664,0.6385012296193396,Male,41,Bachelor's,Salaried - Private,8712707.5,726058.96,Savings,HNI,2426556.51,0,3.5,Android 14,0,5.9,4.7,VERIFIED,0.98,0.96,0.87,0.78,1,0.0,0.0,0.0,0.0,0.0,650.0,0.0,0.3443986027419246,495872.2725,0.0,0.1388888888888889,0.912
97,7582.9163917525775,1833.54,123359.25,37164.4,22156.243092783505,952.88,130566.42,977803140.7795948,12,0.2799431033850837,32592.04416666667,9014.325,2348939597.543463,0.4125933030906802,28703.196666666667,3888.8475,8.083333333333334,0.0977839187657696,0.5130951063595337,391104.53,344438.36,107426.9,135464.11,101547.35,0.0,76587.92000000001,28428.7,0.2948200949510966,0.0,0.155365738008972,0.0895341041572721,0.0726882401489954,0.0,0.0,0.0834329834807017,0.0719547323358524,0.2223559536167806,0.8806810803239736,0.1193189196760262,0.3118900577740528,0.3932898472748505,0.2948200949510966,0.0331976960986575,0.7719085560429508,Male,20,Master's,Self-Employed Professional,559030.39,46585.87,Savings,Mass Market,6850.4,1,5.0,Android 11,0,0.3,5.2,VERIFIED,0.88,0.89,0.87,0.81,1,2.0,2023090.02,47871.380000000005,11.87,1.0276,655.0,0.0,0.4527940243982216,-29988.706666666672,1.0275944186509771,0.0980392156862745,0.8670000000000001
92,3439.6326086956524,1447.785,47071.47,14713.09,13275.330108695653,627.32,51309.48,142024605.87717253,12,0.3176244147978964,13575.7475,5077.64,319767521.21332955,0.442275322231115,12794.769166666669,780.9783333333344,7.666666666666667,0.03204098232569,0.5595822755349112,162908.97,153537.23,66294.32,68924.11,18318.8,0.0,26048.929999999997,11811.8,0.1193117786480842,0.0,0.1684491116584557,0.2621213760336825,0.0725055225626925,0.0,0.0,0.1470163295247674,0.0565115053853713,0.1696587205591764,0.9424725354288348,0.0575274645711651,0.431780096592859,0.4489081247590568,0.1193117786480842,0.0490294113030435,1.037559172484405,Female,37,High School,Salaried - Govt,367609.26,30634.1,Salary,Mass Market,20552.75,0,0.2,Android 14,0,4.0,1.7,VERIFIED,0.92,0.95,0.9,0.77,1,1.0,647459.89,17059.64,12.03,0.5569,617.0,0.0,0.4891981035526335,779.690833333334,0.5568839952862986,1.6666666666666663,0.895
95,120010.536,4263.53,144929.95,3641196.88,548983.1597894736,1016.94,7012773.59,1932716239701.707,12,0.2222997584862186,33750.47583333334,1665.415,3476151511.5186095,0.3741835409623969,916332.9341666668,-882582.4583333334,7.916666666666667,0.2862755555315889,0.2951559865442135,405005.71,10995995.21,3126943.74,6730934.6,1138116.87,0.0,2346650.3000000003,848601.63,0.1035028524716863,0.0,0.1411840183950025,0.0709616023923313,2.0952831257613624,0.0,0.0,0.0462688215376186,0.347499463852531,0.2134095418544657,27.15022267216924,-26.15022267216924,0.2843711442467971,0.6121260032815165,0.1035028524716863,0.0011097931353136,0.5991088384144252,Male,55,Master's,Retired,40135127.41,3344593.95,Savings,Ultra HNI,10653970.47,0,1.9,Android 14,0,2.9,3.5,VERIFIED,0.89,0.98,0.86,0.97,1,0.0,0.0,0.0,0.0,0.0,650.0,0.0,0.3425725191951235,2428261.0158333336,0.0,0.25,0.927
96,6281.054325,1483.3000000000002,128187.61,28971.57,18680.106979166667,217.4,131549.12,668961873.1696616,12,0.2723603300817427,23890.28583333333,2116.555,1938740496.1027904,0.3617267398203547,26358.148766666665,-2467.862933333332,8.0,0.0553033971235822,0.5046279367583403,286683.43,316297.7852,79843.69519999999,208054.66,28399.43,13069.485199999985,48441.25,65232.759999999995,0.0897870024035818,0.0413201919568799,0.1394956969809348,0.0579610761055686,0.2275428335708136,0.0,0.0,0.1771234659913135,0.1349233601905095,0.1531507720465695,1.103299849593679,-0.1032998495936789,0.2524320401090181,0.6577809574874001,0.0897870024035818,0.0082479237037667,0.7087032987229404,Male,31,High School,Salaried - Govt,413817.89,34484.82,Savings,Mass Market,55895.57,0,0.5,Android 14,0,3.1,1.8,VERIFIED,0.9,0.91,0.83,0.81,1,1.0,358216.32,9610.05,13.0,0.2787,632.0,1.0,0.4188872185955489,-1483.3787666666683,0.2786747908210047,0.8333333333333334,0.8710000000000001
97,9371.661422680412,2623.94,132916.76,65890.2,35613.57690721649,472.67,201448.86,1911747732.2680275,12,0.3119089559169531,30590.64083333334,5100.585,2666538949.052736,0.3822436636793388,45163.62233333333,-14572.9815,8.083333333333334,0.2030325326662526,0.5210661610758027,367087.69,541963.468,230373.308,201821.72,109768.43999999996,16570.008,131818.76,44492.57,0.2025384485878298,0.0305740312371017,0.1012383735060164,0.1512731850774856,0.1212042005549137,0.0,0.0,0.1409966990616422,0.0480596784431233,0.2432244381460781,1.4763869308720212,-0.4763869308720213,0.4250716544606656,0.3723898969515045,0.2025384485878298,0.0104657238631442,0.788545627371692,Male,29,High School,Retired,2154821.32,179568.44,Salary,Affluent,212709.5,1,2.0,Android 14,0,4.1,4.8,VERIFIED,0.96,0.94,0.87,0.77,1,3.0,6780102.600000001,132151.06,9.44,0.7359,760.0,2.0,0.4377726626379243,2253.757666666672,0.7359370054114186,0.238095238095238,0.898
100,9590.3952,2389.16,143389.43,43023.51,31562.5574,1071.07,146356.93,1253708829.0696762,12,0.2878963912416986,37890.925833333335,6144.195,3612415941.7463536,0.3970379736620489,42029.03416666667,-4138.108333333336,8.333333333333334,0.0785890848930029,0.5660842203648531,454691.11,504348.41,159766.3,307797.97000000003,36784.14,0.0,96356.45,134403.13,0.0729339862497038,0.0,0.1260943798752136,0.125726281163452,0.295592165855189,0.0,0.0,0.2156655951388842,0.0020397407419208,0.1910513607051918,1.1092110641881694,-0.1092110641881694,0.3167776418686439,0.6102883718816523,0.0729339862497038,0.0254840498059664,0.7509703238679785,Male,40,Master's,Salaried - Private,180274.42,15022.87,Salary,Mass Market,65558.84,0,0.1,iOS 17,0,6.4,5.8,VERIFIED,0.92,0.92,0.92,0.85,1,1.0,1357377.69,28713.53,9.81,1.9113,621.0,0.0,0.4646564723431705,-55719.694166666675,1.911321205601859,2.5,0.906
95,6453.428947368421,1648.42,123243.21,39031.5,22617.912105263156,1407.88,127551.67,894589567.8887086,12,0.2700693634565319,25407.085000000003,6816.215,1998205274.4938636,0.3725180931565979,25682.560833333333,-275.47583333333387,7.916666666666667,0.0048882147230571,0.4772768973168492,304885.02,308190.73,110165.88,161757.96,36266.89,0.0,63083.22,58253.57,0.1176767711345503,0.0,0.0344819586234796,0.152771175174542,0.1910673407306137,0.0,0.0,0.1582390554057223,0.143124227000598,0.2046888950877919,1.010842480880169,-0.0108424808801692,0.357460070262334,0.5248631586031157,0.1176767711345503,0.0548185209853651,0.8806719957578149,Male,31,Diploma,Salaried - Govt,183218.89,15268.24,Savings,Mass Market,17992.02,0,4.7,Android 13,0,4.1,5.3,VERIFIED,0.91,0.92,0.91,0.84,1,3.0,6438017.0,66228.86,10.316666666666666,4.3377,651.0,0.0,0.4144216148206985,-76643.18083333333,4.337687906399166,0.1041666666666666,0.8990000000000001
95,5838.050526315788,670.61,101222.34,31479.1,15034.21094736842,179.33,101681.01,558060026.7427554,12,0.2601687481176403,24160.224166666667,1211.15,1773842688.9941175,0.3746786359983829,22057.67583333333,2102.5483333333327,7.916666666666667,0.0628135038422632,0.4944310935007116,289922.69,264692.11,105068.24,144527.97,15095.9,0.0,62200.25000000001,59287.48999999999,0.0570319228631333,0.0,0.0269285321727194,0.1619541662953232,0.2044941360057054,0.0,0.0,0.1641997942439614,0.1309080198877103,0.2349909485401737,0.9129748002821028,0.0870251997178971,0.396945114835497,0.5460229623013697,0.0570319228631333,0.0081300496641173,0.6815863584616144,Male,40,High School,Self-Employed Business,248138.03,20678.17,Savings,Mass Market,2920.35,0,4.7,Android 14,0,1.9,5.2,VERIFIED,0.95,0.92,0.95,0.81,1,0.0,0.0,0.0,0.0,0.0,650.0,0.0,0.4225796189993144,-1379.5058333333327,0.0,0.1041666666666666,0.913
100,8684.1289,3229.0249999999996,127481.79,75369.61,47574.6571,275.5,283334.56,3650830179.246858,12,0.3307106674702195,25872.193333333333,7715.360000000001,1573755930.3786604,0.4051873179990921,46495.54750000001,-20623.354166666668,8.333333333333334,0.2306881999207488,0.4797791543484115,310466.32,557946.57,177581.9,261174.32,119190.35000000002,0.0,78926.05,46099.09,0.2136232327765721,0.0,0.0534577889778944,0.1768195295115802,0.1484833846067425,0.0,0.0,0.0896922262646045,0.2423263754448746,0.1414580790415111,1.7971243064304043,-0.7971243064304046,0.3182776085530914,0.4680991586703365,0.2136232327765722,0.0059252985460597,1.0232088803772017,Male,65,Master's,Unemployed,2366058.72,197171.56,Savings,Affluent,277815.91,1,2.8,Android 14,0,6.8,5.3,VERIFIED,0.96,0.88,0.89,0.87,1,1.0,1319295.35,117335.09,12.19,0.5951,782.0,0.0,0.4350240525388198,33340.922499999986,0.5950913509027367,0.1724137931034483,0.904
91,4940.082637362638,1345.18,88211.58,17216.44,16725.525164835166,802.03,94720.16,372250911.46197635,12,0.2755665191983591,21682.028333333332,5055.52,1147160877.1753788,0.400714923613259,15780.265,5901.763333333335,7.583333333333333,0.1340090007240773,0.5186948798109318,260184.34,189363.18,72042.51,95121.33,22199.34,0.0,51770.54,25534.59,0.117231554729911,0.0,0.047444070172459,0.1070533880979396,0.0981403800090351,0.0,0.0,0.1293794812698012,0.1906541176589873,0.27339285282387,0.7278039101046588,0.2721960898953412,0.3804462409218096,0.5023222043482793,0.117231554729911,0.050824875247659,1.0599014126084174,Male,33,Diploma,Salaried - Govt,243850.44,20320.87,Salary,Mass Market,6478.52,0,0.4,Android 14,0,7.8,1.9,VERIFIED,0.89,0.98,0.83,0.96,1,0.0,0.0,0.0,0.0,0.0,650.0,0.0,0.4479069060923281,4540.605,0.0,1.0,0.919
90,5038.559,1393.59,129348.55,33093.7,21000.12477777778,791.49,131537.79,730609926.6371847,12,0.2547106472751294,17001.745833333334,2868.43,1456437509.9428082,0.317563042209396,20787.446666666667,-3785.700833333333,7.5,0.118448267143288,0.5214108653200059,204020.95,249449.36,66690.95999999999,167196.49,15561.91,0.0,50517.82000000001,17109.08,0.0623850468086989,0.0,0.2967690917306823,0.0648353637788447,0.0838594271813752,0.0,0.0,0.2293526429572719,0.0755531303026794,0.2025173365848683,1.2226654174485512,-0.2226654174485511,0.267352700363713,0.6702622528275879,0.0623850468086989,0.0380753833162771,1.0102310839095092,Male,46,Master's,Salaried - Private,489911.69,40825.97,Savings,Mass Market,53432.47,1,1.2,Android 14,0,7.4,1.9,VERIFIED,0.89,0.93,0.82,0.82,1,1.0,581217.53,50973.99,9.54,1.2486,671.0,0.0,0.3991021714536399,-30935.46666666666,1.2485677621376785,0.3846153846153846,0.8740000000000001
97,6995.655344329897,1469.3,134212.37,40145.9,21882.17597938144,23.54,137841.38,840744094.5696222,12,0.2648707577411517,28827.259166666667,1368.1799999999998,2546624257.294154,0.3736943824899761,27720.954866666667,1106.3042999999996,8.083333333333334,0.0243375406967868,0.4934199062978717,345927.11,332651.4584,74154.8784,219071.27,39425.31,4915.718399999998,63623.79,61948.58,0.1185183741253665,0.014777384183565,0.1234003307769655,0.016880641458808,0.1790798645414058,0.0,0.0,0.2427974625106889,0.106136495447272,0.1912626215619802,0.9616229800549602,0.0383770199450398,0.2229206472043532,0.6585609786702803,0.1185183741253665,0.0008491770977307,0.7893730964402629,Male,48,Bachelor's,Unemployed,328985.99,27415.5,Savings,Mass Market,31251.4,0,0.3,Android 12,0,9.6,3.6,VERIFIED,0.86,0.99,0.92,0.92,1,2.0,1906215.08,43108.88,13.585,1.5724,630.0,1.0,0.4215845920131343,-43414.33486666667,1.572427276540643,1.25,0.923
93,7740.540537634409,2284.35,144452.73,41468.6,25354.093118279572,1350.98,147162.57,888944152.8210284,12,0.2734438185471464,30299.388333333332,5490.41,2609896004.347269,0.3825197944646942,29689.80083333333,609.5874999999991,7.75,0.0099682900827117,0.5081739049589055,363592.66,356277.61,125248.0,175489.09,55540.52,0.0,114544.13,17205.67,0.1558911321988491,0.0,0.2934233504036361,0.0300436224437454,0.0473212798080137,0.0,0.0,0.0859028441332589,0.0649437106081406,0.3215024654510285,0.9798811945213636,0.0201188054786364,0.351546087894774,0.4925627799063769,0.1558911321988491,0.0455031681614794,0.8539664264037106,Male,22,Bachelor's,Self-Employed Business,491170.95,40930.91,Savings,Mass Market,50315.8,0,3.6,Android 13,0,3.5,6.2,VERIFIED,0.96,0.94,0.87,0.94,1,2.0,8482975.06,101280.68,9.875,2.4744,638.0,0.0,0.4327814386623787,-90039.57083333332,2.4744302044591726,0.1351351351351351,0.932
100,5601.735599999999,2370.51,64123.46,49193.91,22819.9124,159.59,153202.6,692578223.9429617,12,0.3648894388154301,15207.539166666664,4972.62,543647322.6384629,0.4052136948578317,31473.590833333335,-16266.051666666666,8.333333333333334,0.2479721308943608,0.4268255196977041,182490.47,377683.09,155720.8,186755.95,35206.34,0.0,74394.87000000001,16322.8,0.093216617137929,0.0,0.1977667308324553,0.2153284914079685,0.0894446707271892,0.0,0.0,0.0739769683625496,0.1795159799185078,0.1969769681772091,2.0696044566053233,-1.069604456605323,0.4123054595851775,0.4944779232768933,0.093216617137929,0.0050706003279098,0.7250495350480213,Male,43,Bachelor's,Salaried - Private,998229.65,83185.8,Salary,Affluent,202396.51,0,2.2,Android 14,0,4.9,3.4,VERIFIED,0.89,0.97,0.86,0.96,1,0.0,0.0,0.0,0.0,0.0,650.0,0.0,0.4138584247937807,51712.20916666667,0.0,0.217391304347826,0.9220000000000002
98,5355.262551020408,1606.435,119631.01,28727.38,17479.15387755102,382.81,123678.82,592402437.3577498,12,0.2693067069971967,22052.019166666665,2920.745,1392286485.727208,0.3816864787147918,21682.625,369.39416666666574,8.166666666666666,0.0156285541645608,0.4995284687605615,264624.23,260191.5,73076.42,144837.32,42277.76,0.0,42376.079999999994,74458.19,0.1624870912385685,0.0,0.0983230812689884,0.1179913256197839,0.2813732892108935,0.0,0.0,0.1027353699102392,0.0694312842656274,0.1628649667648635,0.9832489640121012,0.0167510359878987,0.2808562923846474,0.5566566163767841,0.1624870912385685,0.0176551501490248,0.8061364284790712,Male,42,Diploma,Self-Employed Business,240855.85,20071.32,Current,Mass Market,37730.05,0,1.7,Android 13,0,0.4,3.9,VERIFIED,0.95,0.92,0.92,0.9,1,1.0,551511.33,18426.26,12.41,0.918,640.0,0.0,0.4288232747330996,-20037.564999999995,0.9180392719562042,0.2777777777777778,0.925
97,4860.8947010309275,845.8,135534.93,27846.07,13986.720309278351,6.35,141008.98,767740810.494603,12,0.2330228093861188,21643.138333333332,1789.3,1839970127.4139605,0.3451308219900127,17649.093833333332,3994.0445,8.083333333333334,0.1869354275399331,0.4107929287540492,259717.66,211789.126,39205.676,114374.66,58208.79,4991.935999999999,19532.89,19644.91,0.274843147518348,0.0235703130480834,0.1085390474674322,0.0693182425239339,0.0756394848159343,0.0,0.0,0.16045120276855,0.1782931008459801,0.0922280117440968,0.8154590873797337,0.1845409126202661,0.1851165673161142,0.5400402851655378,0.274843147518348,0.0003597918431374,0.792489429846083,Female,36,Bachelor's,Self-Employed Business,320817.2,26734.77,Current,Mass Market,6892.21,0,4.3,Android 14,0,8.3,6.4,VERIFIED,0.96,0.9,0.9,0.85,1,2.0,635154.74,20196.6,13.355,0.7554,637.0,1.0,0.3713956646956273,-11110.923833333338,0.7554431925167114,0.1136363636363636,0.908
97,6976.778453608247,1760.32,134880.21,37163.45,23175.051855670103,795.04,137319.21,1069867632.238238,12,0.2639340411428282,29372.838333333333,6145.205,2579202560.528542,0.3765993174350088,27022.7875,2350.0508333333323,8.083333333333334,0.0696643445365011,0.5148796580994843,352474.06,324273.45,87848.95,192294.04,44130.46000000001,0.0,60009.56,65342.92999999999,0.1360902657926512,0.0,0.085943391295217,0.0858515860610851,0.1853836563178578,0.0,0.0,0.1325863711629799,0.1729642374360281,0.1850585054064709,0.9199923818507382,0.0800076181492617,0.2709100914675561,0.5929996427397926,0.1360902657926512,0.0294210950665248,0.8576114457352003,Male,25,High School,Salaried - Private,231779.19,19314.93,Savings,Mass Market,39855.0,0,1.3,iOS 17,0,2.3,2.0,VERIFIED,0.98,0.91,0.86,0.78,1,1.0,8979274.33,113066.43,8.86,5.8538,615.0,0.0,0.4319114537007991,-120774.2875,5.853835866865683,0.3571428571428571,0.895
95,6515.754736842105,1613.77,133500.86,39547.25,25826.045473684208,1048.66,142967.47,1148632558.795242,12,0.2596183290136986,27656.46416666667,4644.91,2478525708.752718,0.3671859407943255,23926.594166666662,3729.87,7.916666666666667,0.0636627315329439,0.5191795154445954,331877.57,287119.13,76272.61,166617.48,44229.03999999999,0.0,29325.49,41257.74,0.1540442115438285,0.0,0.0994528299107064,0.1635109440461177,0.124316144655392,0.0,0.0,0.2342367783017453,0.1029226788197637,0.1021370119086109,0.8651356884407705,0.1348643115592295,0.2656479559547286,0.5803078325014429,0.1540442115438285,0.0438282186213088,1.079386614483718,Male,46,Bachelor's,Self-Employed Business,505756.98,42146.42,Savings,Mass Market,72406.8,0,3.1,Android 14,0,7.3,3.5,VERIFIED,0.88,0.98,0.86,0.9,1,0.0,0.0,0.0,0.0,0.0,650.0,0.0,0.4279833706544335,18219.825833333332,0.0,0.15625,0.91
91,5717.607802197802,1640.02,136533.9,29965.53,23695.37351648352,369.4,137785.26,796916542.3564433,12,0.266475552641407,21994.873333333337,4546.710000000001,1571541275.8761518,0.3668985003981527,21363.6525,631.2208333333352,7.583333333333333,0.0129211761918618,0.4943738249894081,263938.48,256363.83,89395.77,133738.69,33229.37,0.0,81342.26,29692.729999999996,0.1296180120261114,0.0,0.1261713089557134,0.0314143769813393,0.1124986777221722,0.0,0.0,0.2276071862399621,0.0520742337169794,0.3172922638891765,0.9713014563090612,0.0286985436909389,0.3487066408705159,0.5216753471033726,0.1296180120261115,0.0172910507695254,1.1091443055668275,Female,62,Diploma,Salaried - Private,563127.46,46927.29,Salary,Mass Market,48222.04,1,3.0,Android 11,0,2.4,3.9,VERIFIED,0.89,0.99,0.83,0.78,1,2.0,1303178.63,84719.45,11.39,1.8053,598.0,0.0,0.4178886302346548,-59155.81249999999,1.8053343800590231,0.1612903225806451,0.8860000000000001
99,8586.271002020203,1855.91,130485.46,47396.63,34506.88757575757,687.56,138610.71,1474450496.1752758,12,0.2962960787718272,30469.81583333333,3214.0,2741476623.1577168,0.3780458414998831,40366.91993333333,-9897.104100000002,8.25,0.1145247096498598,0.4766957709812848,365637.79,484403.0392,137257.1692,276207.36,70938.51,12074.209200000008,76298.01000000001,110608.9,0.1464452207342798,0.0249259567403639,0.1415624066134058,0.1009179258675468,0.3025094862322628,0.0,0.0,0.1572266972680051,0.04307179829932,0.157509354454108,1.3248166695242305,-0.3248166695242306,0.2833532370620188,0.5702015422037013,0.1464452207342798,0.0170327585343523,0.8548308276367456,Male,61,Master's,Self-Employed Professional,2151043.63,179253.64,Salary,Affluent,159628.64,1,0.9,Android 12,0,3.6,4.5,VERIFIED,0.95,0.95,0.87,0.81,1,2.0,979691.21,28186.75,12.115,0.1572,748.0,2.0,0.4175058132924438,110699.97006666668,0.1572450634754195,0.5,0.906
90,3977.1388888888887,1429.885,60491.02,17654.76,15490.65077777778,884.97,61601.79,241380400.1654681,12,0.3119052615854645,13249.636666666667,2515.44,603005282.5930969,0.3604499688047711,16578.905,-3329.2683333333334,7.5,0.1486972920118084,0.5722228658732471,158995.63999999998,198946.86,46786.38,122599.63,29560.85,0.0,39226.619999999995,61887.05,0.1485866627902546,0.0,0.2376084749465259,0.03799889075907,0.3892374029879059,0.0,0.0,0.030976110907204,0.0365852469347845,0.1971713451521678,1.2512724248287566,-0.2512724248287563,0.2351702359112377,0.6162431012985075,0.1485866627902546,0.0533792792708565,0.9343591013868394,Female,62,Master's,Salaried - Private,386609.77,32217.48,Savings,Mass Market,43812.39,0,5.1,Android 13,0,2.3,5.3,VERIFIED,0.88,0.95,0.96,0.85,1,1.0,469962.9,22342.89,13.0,0.6935,613.0,0.0,0.4451591276321615,-6704.314999999999,0.6935020988606185,0.0961538461538461,0.911
97,5943.396804123711,1381.11,102356.9,27998.21,20747.9187628866,509.5,104521.82,633785450.3829131,12,0.2778438799466905,25566.944166666664,4698.21,1660081491.2742443,0.3959268300590392,22475.513333333332,3091.4308333333333,8.083333333333334,0.09368500019367,0.6033125247302435,306803.33,269706.16,92556.86,90422.75,86726.54999999999,0.0,66527.98,16584.4,0.3215593963445255,0.0,0.1626414836057137,0.0965082888726012,0.0540554758646198,0.0,0.0,0.0788717988495331,0.0322600344018838,0.2466683742039855,0.8790848521754961,0.1209151478245037,0.3431766630765868,0.3352639405788878,0.3215593963445254,0.0226691151585117,0.9231343665070134,Male,64,Bachelor's,Self-Employed Professional,334005.13,27833.76,Current,Mass Market,30536.97,0,3.9,Android 14,0,8.8,4.4,VERIFIED,0.9,0.9,0.84,0.91,1,1.0,889692.79,28929.78,10.53,1.0394,624.0,0.0,0.4788811079275209,-23571.533333333336,1.039377360442858,0.125,0.8900000000000001
99,6169.500606060606,1776.79,138916.57,39946.2,20224.922121212123,1234.51,145027.03,595347235.805913,12,0.279674731083692,21275.280833333338,2966.0299999999997,1775922222.748136,0.3452603287196549,29623.099166666667,-8347.818333333329,8.25,0.1826632517771841,0.5093546675622115,255303.37,355477.19,125866.05,201611.46,27999.68,0.0,84514.43999999997,14711.02,0.0787664603740116,0.0,0.1085867984947219,0.1163270419685718,0.0576217227371499,0.0,0.0,0.3216096931564019,0.0955768779425762,0.2377492631805714,1.392371710565356,-0.3923717105653558,0.3540763051491433,0.5671572344768451,0.0787664603740116,0.0416738975572525,0.6827415999731107,Male,35,Bachelor's,Self-Employed Professional,1761961.84,146830.15,Savings,Affluent,112309.3,1,0.8,Android 12,0,0.2,6.9,VERIFIED,0.91,0.9,0.93,0.87,1,0.0,0.0,0.0,0.0,0.0,650.0,0.0,0.4108980642566775,117207.05083333331,0.0,0.5555555555555556,0.903
93,7107.768602150538,2636.6,115959.15,26267.34,25961.862258064517,755.02,119152.94,829569180.0345551,12,0.2915597437727188,28125.075833333336,6311.235,1864696376.699517,0.4048675621221114,26960.130833333333,1164.9449999999986,7.75,0.0224886327143925,0.5490517831359997,337500.91,323521.57,98005.81,159563.53,65952.23,0.0,30414.520000000004,41738.66,0.2038572884027485,0.0,0.2002305441334251,0.2089235966553945,0.1236697702533602,0.0,0.0,0.0908359835172659,0.0731282615870094,0.0940107950143787,0.958579845014344,0.0414201549856561,0.3029343916697734,0.4932083199274781,0.2038572884027485,0.0280050569734809,0.9629724135450204,Female,18,Master's,Salaried - Private,250154.26,20846.19,Savings,Mass Market,74355.31,0,1.4,Android 13,0,1.6,2.4,VERIFIED,0.95,0.94,0.83,0.8,1,0.0,0.0,0.0,0.0,0.0,650.0,0.0,0.4625412505276667,-6113.940833333334,0.0,0.3333333333333333,0.893
91,5505.611428571428,943.7,136696.11,18946.39,18503.695164835164,154.65,139887.1,824166586.5364652,12,0.2269771374960175,25888.571666666667,972.895,2313898386.6989603,0.359853843880224,15862.315,10026.256666666664,7.583333333333333,0.1612140033389815,0.4771685174748944,310662.86,190347.78,53795.38,88289.86,48262.54,0.0,44338.38,20190.019999999997,0.2535492665057611,0.0,0.1714477048274479,0.0496827438701938,0.0649901311022501,0.0,0.0,0.1233089243278802,0.0630087201437284,0.2329335283027729,0.6127149540823773,0.3872850459176226,0.2826162721729667,0.463834461321272,0.2535492665057612,0.0097495226894687,1.166519210142729,Male,20,Bachelor's,Salaried - Private,577699.22,48141.6,Savings,Mass Market,19572.02,1,1.2,Android 13,0,6.0,3.2,VERIFIED,0.89,0.89,0.93,0.95,1,2.0,1579652.9500000002,93908.28,11.49,1.9507,617.0,0.0,0.4067797133180922,-61628.995,1.9506680293135252,0.3846153846153846,0.91
92,5350.776413043479,1188.455,147793.19,32904.72,12647.294999999998,170.77,149146.46,513801996.4550913,12,0.2325437542533565,23619.938333333335,2101.575,2090848686.15327,0.3504587255100628,17402.680833333332,6217.2575,7.666666666666667,0.1204223863197566,0.5017464713473582,283439.26,208832.17,70710.25,118005.42,20116.500000000004,0.0,26758.96,47224.57,0.0963285493801074,0.0,0.0672745008587517,0.2104622578025215,0.1666126633268799,0.0,0.0,0.2110809843138631,0.0605810397890325,0.1281361966405846,0.73677926621739,0.26322073378261,0.3385984544431061,0.5650729961767863,0.0963285493801074,0.0098128559407298,0.726744064384333,Female,54,Diploma,Retired,445248.64,37104.05,Savings,Mass Market,41634.65,1,3.3,iOS 17,0,6.6,5.8,VERIFIED,0.89,0.96,0.93,0.98,1,0.0,0.0,0.0,0.0,0.0,650.0,0.0,0.410973823844981,19701.36916666667,0.0,0.1470588235294117,0.937
100,6375.285,2185.995,129475.8,38074.29,20752.3532,2182.03,131950.74,617113827.0786079,12,0.2865663559704086,24479.735,5272.245,1730820648.4740815,0.3806516324431123,28647.64,-4167.905000000001,8.333333333333334,0.1147726542706318,0.5237809307398632,293756.82,343771.68,81478.26,218272.67,44020.75,0.0,33009.63,37436.0,0.1280522874950025,0.0,0.2509804763440665,0.1409907587501099,0.127438743379643,0.0,0.0,0.173133836969933,0.1019228227293184,0.0960219585278229,1.1702594002753706,-0.1702594002753706,0.2370127172779328,0.6349349952270648,0.1280522874950025,0.0761678797974283,0.72440009718078,Male,51,Master's,Retired,296288.61,24690.72,Salary,Mass Market,60852.69,0,2.7,iOS 17,0,7.5,6.1,VERIFIED,0.93,0.96,0.95,0.86,1,0.0,0.0,0.0,0.0,0.0,650.0,0.0,0.4379033517618126,-3956.9199999999983,0.0,0.1785714285714285,0.929
99,6329.119696969697,1162.06,136590.23,46527.36,22639.96747474747,465.5,139496.54,1010951253.96898,12,0.2412958220353167,28216.239166666663,3984.745,2633254302.686736,0.364809635129969,23998.998333333333,4217.240833333336,8.25,0.0748443787639568,0.4653549131266374,338594.87,287987.98,49229.26,181250.95,57507.77,0.0,27120.97,7975.83,0.1996880911488042,0.0,0.0410412267900903,0.0767680998352778,0.0235556728901415,0.0,0.0,0.2937278840596056,0.2669057229402422,0.0941739651772966,0.8505385211536134,0.1494614788463866,0.1709420650125745,0.6293698438386213,0.1996880911488042,0.0193966428737754,0.9433713507659924,Male,38,Doctorate,Salaried - Private,259747.64,21645.64,Savings,Mass Market,4843.92,0,0.9,Android 14,0,4.1,6.8,VERIFIED,0.98,0.97,0.92,0.95,1,1.0,2136614.66,16974.84,8.34,0.7842,644.0,0.0,0.4050277463286363,-19328.198333333337,0.7842152045400367,0.5,0.959
100,17234.246984,3914.16,109559.59,267231.26,98129.8368,427.6,1064395.87,29444422803.586662,12,0.3104216969901503,28074.726666666666,3672.755,2136369664.926206,0.3881677498369183,115543.99820000002,-87469.27153333335,8.333333333333334,0.3045866585786237,0.3826874092044293,336896.72,1386527.9784,730794.5684000002,496650.71,159082.7,49433.578400000246,174728.66999999998,73914.14,0.1147345762063707,0.035652781025771,0.222468471466367,0.365396391484746,0.2193970306389448,0.0,0.0,0.0684140684340625,0.0140060570738786,0.1260188562524574,4.115587644783245,-3.1155876447832447,0.5270680287629745,0.3581973950306548,0.1147345762063707,0.0037007547485058,0.8492854525437391,Female,67,Bachelor's,Salaried - Private,2559099.3,213258.27,Savings,HNI,1063123.62,0,4.6,Android 14,1,8.5,4.7,PENDING_REVERIFICATION,0.62,0.49,0.23,0.18,0,1.0,1612862.86,28852.34,12.44,0.1353,713.0,1.0,0.3859756135839227,68861.93179999996,0.1352929478420696,0.6063829787234043,0.4149999999999999
92,5396.620652173913,1475.845,129634.38,25351.29,23765.874891304346,817.86,136770.36,1020925928.9681025,12,0.2680297935690139,19717.178333333333,1353.125,1576991902.856852,0.3415059081827886,21656.913333333338,-1939.734999999998,7.666666666666667,0.0370479315837018,0.4736622181819587,236606.14,259882.96,65961.36,129867.1,64054.5,0.0,49028.46,25608.62,0.2464744129434265,0.0,0.1323260286091862,0.0651558686264001,0.1082331168582522,0.0,0.0,0.2223166536197679,0.0465320619712812,0.1886559241898737,1.0983779203701136,-0.0983779203701137,0.2538117928162739,0.4997137942402995,0.2464744129434265,0.0377643843982691,1.0973805235081675,Female,42,Bachelor's,Salaried - Govt,465207.97,38767.33,Current,Mass Market,70017.05,0,4.2,Android 14,0,1.9,5.1,VERIFIED,0.97,0.97,0.85,0.78,1,0.0,0.0,0.0,0.0,0.0,650.0,0.0,0.3943684321824566,17110.416666666668,0.0,0.1162790697674418,0.908
99,8919.418787878787,2144.86,145437.33,43826.77,25032.683535353535,688.97,150181.22,1023403167.0052664,12,0.2784282180859372,37143.51833333333,3852.37,3686201979.689942,0.3898711004462165,36441.68666666667,701.8316666666688,8.25,0.0105196450313233,0.5180307501749578,445722.22,437300.24,149546.94,176455.83,111297.47,0.0,61555.350000000006,56872.29,0.2545104251486347,0.0,0.1740370643290751,0.2012155081369267,0.1275958151693671,0.0,0.0,0.0779508147537261,0.0214707862954751,0.1407622140797362,0.9811048684088488,0.0188951315911511,0.3419777222166629,0.4035118526347024,0.2545104251486347,0.0189060952722093,0.6869243941513556,Female,28,Bachelor's,Self-Employed Business,320611.4,26717.62,Savings,Mass Market,24900.33,1,0.2,Android 11,0,2.6,5.3,VERIFIED,0.88,0.96,0.92,0.89,1,0.0,0.0,0.0,0.0,0.0,650.0,0.0,0.441134960337713,-9724.06666666667,0.0,1.6666666666666663,0.914
99,3956.9397979797977,1495.36,79270.46,24437.91,14379.078181818182,272.12,80847.17,293303349.9599966,12,0.2780891396389187,16789.538333333334,3637.86,720280628.7687788,0.3952015850831649,15855.215000000002,934.3233333333324,8.25,0.0271520512140315,0.5091148809809338,201474.46,190262.58,43484.82,89298.23,57479.53,0.0,26221.129999999997,48890.130000000005,0.3021063311556061,0.0,0.0541213621722148,0.0907361289855314,0.2426616753309576,0.0,0.0,0.143576839965063,0.0146824982610873,0.1378154863662629,0.9443508621390524,0.0556491378609476,0.2285516153517943,0.4693420534925995,0.3021063311556061,0.0171628073160786,0.9068989718410112,Male,67,Bachelor's,Self-Employed Business,487228.53,40602.38,Salary,Mass Market,15681.07,0,1.5,iOS 16,0,5.0,1.7,VERIFIED,0.86,0.91,0.82,0.86,1,2.0,922039.18,27962.86,12.93,0.6887,649.0,0.0,0.4407669034422724,-3215.695000000007,0.6887000220184137,0.3125,0.8670000000000001
97,6720.177010309279,1968.8,81247.07,82004.58,36273.68948453608,499.05,303008.87,2821329814.9085193,12,0.3189647102615403,15907.4125,964.54,736834149.9765478,0.3796986090058341,38414.01833333333,-22506.605833333335,8.083333333333334,0.2687161543620013,0.4151139089404685,190888.95,460968.22,251765.41,133150.62,76052.19,0.0,76510.70999999999,25238.28,0.1649835860702067,0.0,0.0428345147090617,0.3801882481182759,0.1322144629115514,0.0,0.0,0.1178968910264573,0.0733678994183156,0.165978275031628,2.414850204791843,-1.4148502047918436,0.546166523149904,0.2888498907798893,0.1649835860702067,0.0129913511174371,0.9442826097956014,Female,34,Master's,Salaried - Govt,1113370.44,92780.87,Savings,Affluent,302308.17,0,3.0,Android 11,0,3.4,6.0,VERIFIED,0.92,0.94,0.88,0.95,1,0.0,0.0,0.0,0.0,0.0,650.0,0.0,0.3938647289796878,54366.85166666666,0.0,0.1612903225806451,0.9240000000000002
90,3647.4936666666663,794.56,101203.1,26052.62,9738.35922222222,378.39,102515.62,256171287.97847688,12,0.2389614819230936,13612.5125,3286.9399999999996,855935602.708348,0.3270563718104442,13743.69,-131.17749999999978,7.5,0.0165481713705627,0.3862997187440469,163350.15,164924.28,63897.32,89527.06,11499.9,0.0,45133.98,14187.760000000002,0.0697283626158622,0.0,0.1005341360289703,0.1137694219432093,0.0868548942256863,0.0,0.0,0.2278271580145749,0.1284501590669366,0.273664860019398,1.0096365384421135,-0.0096365384421134,0.3874342819626073,0.5428373554215304,0.0697283626158622,0.0275319073698548,0.7085694760448047,Male,57,Master's,Self-Employed Business,524669.46,43722.45,Savings,Mass Market,4751.91,0,1.0,Android 13,0,7.7,6.7,REJECTED,0.61,0.6,0.53,0.32,0,0.0,0.0,0.0,0.0,0.0,650.0,0.0,0.3507537105838852,29978.759999999995,0.0,0.4545454545454545,0.5329999999999999
96,8002.607491666667,2816.785,136519.22,28173.79,35905.8625,5.2,195589.47,1861025712.4221928,12,0.3182889675811245,24522.39916666667,4454.674999999999,1877164974.8841536,0.3715377369266007,39498.46076666666,-14976.0616,8.0,0.2141003225284672,0.5202951132998881,294268.79,473981.5292,128323.2092,225639.46,120018.86,29792.41920000001,61546.96,46230.350000000006,0.2532142132259275,0.0628556544181891,0.2913308040358969,0.0780279983956809,0.1571024572466553,0.0,0.0,0.0557326148227465,0.0314515631551323,0.1298509671967191,1.610709478229071,-0.6107094782290707,0.2707346200105892,0.4760511667634832,0.2532142132259275,0.0001316506997758,0.909044600803824,Male,62,High School,Self-Employed Professional,1040379.1,86698.26,Salary,Affluent,218520.35,0,1.0,iOS 17,0,5.8,1.6,VERIFIED,0.86,0.89,0.84,0.88,1,1.0,754895.62,16693.22,11.74,0.1925,696.0,1.0,0.4310406874759157,30506.57923333333,0.1925438872706326,0.4545454545454545,0.8690000000000001
93,8666.268537634407,3253.57,123881.39,28506.46,39504.103978494626,1305.98,127359.09,1422432313.438518,12,0.3024336023673321,32903.5225,6689.2,2647390502.0371294,0.4004599395359594,34260.05866666667,-1356.5361666666638,7.75,0.0212985491658394,0.5644842683054979,394842.27,411120.704,150498.834,208095.28,52526.59,27599.074,74063.26,49461.31,0.1277643998196695,0.0671313162569404,0.1669558582970318,0.1187887146641974,0.1252685281137706,0.0,0.0,0.1034343918617146,0.1154671597371072,0.1801496720534901,1.0412276882107885,-0.0412276882107884,0.3660697029746281,0.5061658972057024,0.1277643998196695,0.038119607812308,1.1530658590765972,Male,20,Bachelor's,Self-Employed Professional,1846558.38,153879.86,Savings,Affluent,103774.05,1,4.7,Android 12,0,5.6,7.0,VERIFIED,0.9,0.91,0.95,0.82,1,1.0,338545.41,10855.69,9.57,0.0705,705.0,1.0,0.4660696710437748,108764.1113333333,0.0705465289609699,0.1041666666666666,0.8970000000000001
93,6382.695806451613,1408.21,134908.36,30946.0,19976.911505376345,1175.77,141360.12,988107254.5568216,12,0.2459548239569913,29043.576666666664,3251.315,2516307307.6363697,0.3768508498356837,20422.315833333338,8621.260833333332,7.75,0.1321279495745806,0.4405852974334521,348522.92,245067.79,70027.05,158128.21,16912.53,0.0,27881.86,68439.26000000001,0.0690116395957216,0.0,0.1518114232800647,0.171973599631351,0.1963694668918761,0.0,0.0,0.0685842068433391,0.1455804534737103,0.1137720301798943,0.7031611866444825,0.2968388133555176,0.2857456298112453,0.645242730593033,0.0690116395957216,0.057572804651317,0.978190312421376,Male,18,Bachelor's,Salaried - Private,409081.39,34090.12,Savings,Mass Market,6545.94,0,1.3,Android 14,0,2.3,1.5,VERIFIED,0.95,0.92,0.9,0.94,1,0.0,0.0,0.0,0.0,0.0,650.0,0.0,0.402344628874791,13667.804166666669,0.0,0.3571428571428571,0.929
96,22443.582291666666,4384.835,138511.65,284158.36,136962.96125,701.14,1232900.89,68951373184.9881,12,0.3306998110517133,28897.39,5315.200000000001,2165592331.6342726,0.3934261699811447,150651.26833333334,-121753.87833333334,8.0,0.294501064432325,0.3509496556389115,346768.68,1807815.22,547142.0100000001,926781.84,333891.37,20356.640000000098,292214.71,43072.76999999999,0.1846933062107973,0.0112603543629863,0.2240949105406912,0.1297536702893783,0.1242118232823102,0.0,0.0,0.1852786315185464,0.0794535572059184,0.1616397001016508,5.213317477230066,-4.213317477230066,0.3026537247540156,0.5126529690351871,0.1846933062107973,0.0046540597218779,0.9091391182114286,Male,47,Bachelor's,Self-Employed Business,3310175.74,275847.98,Savings,HNI,1517059.25,1,1.8,iOS 17,0,7.5,2.6,VERIFIED,0.87,0.95,0.97,0.85,1,1.0,439056.28,7248.08,9.82,0.0263,759.0,1.0,0.3764355642442514,117948.63166666664,0.0262756319622133,0.2631578947368421,0.91
95,5149.337052631579,1282.16,98137.49,30865.49,14696.726315789474,908.34,99182.01,371587465.13132566,12,0.2714547598504667,21551.810833333333,3665.91,1199550326.0356264,0.3939259826774662,19213.774166666662,2338.0366666666664,7.916666666666667,0.0880375385485764,0.5083683208370461,258621.73,230565.29,56555.91,148031.43,25977.95,0.0,16215.63,33092.44,0.1126706886366113,0.0,0.2622056424885116,0.1749625019446768,0.12795691993863,0.0,0.0,0.1345775853772265,0.1017262832579873,0.0703298835657353,0.8915155350635076,0.1084844649364923,0.2452923855104122,0.6420369258529763,0.1126706886366113,0.0472754593720503,0.7649057487771628,Male,64,High School,Salaried - Private,217255.06,18104.59,Savings,Mass Market,10806.42,0,0.5,Android 11,0,7.5,2.3,REJECTED,0.57,0.69,0.4,0.34,0,2.0,760629.0299999999,19801.74,13.93,1.0937,631.0,0.0,0.4397029179412981,-20910.92416666666,1.0937414213743586,0.8333333333333334,0.526
96,6789.6927125,1651.245,146506.87,42956.21,24135.485833333336,92.28,161905.11,910976608.0560164,12,0.2705625914412222,24969.108333333337,3094.825,2372472982.405706,0.3487225912318971,29348.433366666668,-4379.325033333335,8.0,0.1043030824928612,0.482170401372374,299629.3,352181.20040000003,124302.7704,212906.66,14971.77,22373.000400000008,31921.130000000005,59953.11,0.0425115536632715,0.0635269582095501,0.3016527852120979,0.1987858520570821,0.200090945711918,0.0,0.0,0.0908407091680751,0.0418100681787556,0.0906383701450976,1.17538972456966,-0.1753897245696599,0.3529511804117299,0.6045372659249985,0.0425115536632715,0.0031442904923439,0.82237731506125,Male,52,Diploma,Salaried - Private,1777726.59,148143.88,Savings,Affluent,110841.71,0,2.8,Android 11,0,2.8,6.4,VERIFIED,0.93,0.93,0.98,0.78,1,1.0,334923.16,16213.85,14.84,0.1094,706.0,1.0,0.4021017152880879,102581.59663333332,0.1094466406577173,0.1724137931034483,0.91
90,5632.000555555555,2525.3450000000003,115558.45,33766.0,22053.016666666663,474.43,119640.15,466953619.5199168,12,0.2973660457385228,18711.459166666667,6186.16,1107374739.3507905,0.3700089448294313,23528.545,-4817.0858333333335,7.5,0.1887435684466764,0.5437612097134671,224537.51,282342.54,41002.26,186033.17,55307.11,0.0,22280.94,91538.98,0.1958865638879639,0.0,0.0513373932245562,0.0663071175884441,0.4076778975592986,0.0,0.0,0.2096322785790621,0.0737095798599814,0.0789145695154545,1.257440416080146,-0.2574404160801462,0.1452216871038987,0.6588917490081375,0.1958865638879639,0.0201640177920054,0.937287735670296,Female,36,Bachelor's,Salaried - Private,374851.18,31237.6,Savings,Mass Market,68373.08,0,1.3,Android 12,1,0.8,1.8,VERIFIED,0.94,0.9,0.93,0.82,1,2.0,10967639.989999998,108795.89,9.14,3.4829,597.0,0.0,0.4395098507830456,-101086.835,3.482850475068507,0.8571428571428571,0.902
93,6541.154946236559,2290.33,117697.94,19468.82,27306.087419354837,2956.01,123462.61,708887761.7031822,12,0.2968788392261501,27762.183333333334,4603.03,1733199365.4454062,0.410561253871735,22931.7675,4830.415833333333,7.75,0.0926762248471485,0.6095832940650817,333146.2,275181.21,113415.08,104201.28,57564.85,0.0,47519.52,24458.31,0.2091888832089952,0.0,0.1118569469187231,0.2394624255049972,0.0734161458242657,0.0,0.0,0.1033939054196323,0.0745326325151343,0.1726844649022366,0.8260073505265857,0.1739926494734143,0.4121468904072338,0.3786642263837708,0.2091888832089952,0.1289045861815928,1.1907537183671009,Male,68,Diploma,Self-Employed Professional,185385.09,15448.76,Savings,Mass Market,60074.74,0,3.4,Android 14,0,5.3,4.4,VERIFIED,0.98,0.94,0.93,0.93,1,2.0,4722991.64,53257.68,9.735,3.4474,621.0,0.0,0.4901700699490736,-60740.68750000001,3.4473757117076063,0.1428571428571428,0.948
100,7515.869772,1907.34,108315.25,23697.59,30110.522999999997,259.68,111232.61,1010204945.071082,12,0.3002912714246791,29414.664999999997,4165.02,2272561337.4753,0.3919081676724698,33217.583099999996,-3802.9181000000017,8.333333333333334,0.0608882023181876,0.5466650448328207,352975.98,398610.9972,158192.77719999998,173482.62,66935.59999999999,22626.147199999992,90774.79,11204.83,0.1679221107048775,0.0567624760955792,0.1073138480886849,0.1123698049342227,0.0317438880685308,0.0,0.0,0.1120585490961462,0.1877357637537854,0.2277277612450176,1.1292864664615423,-0.1292864664615423,0.3968600422748196,0.4352178470203029,0.1679221107048774,0.0078175464848916,0.906463390468646,Female,41,High School,Salaried - Private,568371.32,47364.28,Savings,Mass Market,66045.77,0,1.1,Android 11,0,8.9,5.7,VERIFIED,0.98,0.99,0.92,0.83,1,2.0,1892981.86,125527.68,11.5,2.6503,642.0,1.0,0.4538109185366102,-111380.98309999998,2.650260491661649,0.4166666666666666,0.941
92,20099.971773913043,3647.56,146767.4,346067.4,94757.51695652177,1293.1,817080.86,26269369743.538815,12,0.2967022533643532,30158.921666666665,5945.92,2625811475.744778,0.3807059292151943,123940.86193333332,-93781.94026666666,7.666666666666667,0.3002416761381377,0.382573459512279,361907.06,1487290.3432,220847.73320000008,1161952.58,104490.02999999998,59239.073200000086,70870.43,216519.11999999997,0.0702553005052013,0.0398302009226681,0.2121822624901986,0.0610090897280829,0.5982727167577222,0.0,0.0,0.0744128478383574,0.3490800047036841,0.0476507027185544,4.109591957670016,-3.109591957670016,0.1484899933693055,0.7812547061254933,0.0702553005052013,0.0104332016078405,0.7645381472939163,Male,59,Master's,Self-Employed Professional,7542290.97,628524.25,Current,HNI,1163148.26,1,0.7,Android 13,0,5.9,0.9,VERIFIED,0.9,0.98,0.86,0.8,1,3.0,3117945.36,109284.36,12.456666666666663,0.1739,735.0,3.0,0.3814529413340282,395299.0280666667,0.1738745322873381,0.625,0.8960000000000001
91,5695.717362637363,1199.58,135614.92,19981.85,22211.491318681317,382.04,139068.2,1065873992.8700048,12,0.2576070992716391,23289.485833333336,2385.355,1856136739.8514085,0.360873329030066,19903.0375,3386.448333333335,7.583333333333333,0.0841573510847752,0.5020512368821093,279473.83,238836.45,84451.72,110084.04,44300.69,0.0,35439.969999999994,39434.11,0.1854854650535963,0.0,0.1176152551254216,0.2052105112096583,0.1411012616100763,0.0,0.0,0.0707050368568114,0.1074885345180771,0.1483859352288982,0.8545932547602041,0.1454067452397958,0.3535964464385566,0.4609180885078471,0.1854854650535963,0.0191950600505073,1.1159850007156604,Male,34,Bachelor's,Unemployed,515646.35,42970.53,Salary,Mass Market,26396.07,1,0.5,Android 12,0,9.2,2.1,VERIFIED,0.87,0.91,0.87,0.94,1,2.0,2596506.43,34598.55,12.42,0.8052,619.0,0.0,0.4173444921708833,-11531.05750000001,0.8051692636790844,0.8333333333333334,0.8960000000000001
99,6710.8083838383845,1386.98,134991.99,32736.09,22475.129494949495,634.49,137145.21,953542297.2157522,12,0.2623250050782886,27192.468333333338,2608.135,2525948593.625233,0.3610745168833473,28171.700833333336,-979.232500000002,8.25,0.0203624647342264,0.4923418176080699,326309.61999999994,338060.41,140768.91,150800.66,46490.84,0.0,12581.88,41381.48,0.1375222848484387,0.0,0.2081566427728109,0.3791837973574012,0.126816610555337,0.0,0.0,0.0638837892907956,0.0516271041616496,0.0372178451774344,1.0360111663272449,-0.0360111663272447,0.4164016425348357,0.4460760726167255,0.1375222848484387,0.0225222468374809,0.7977910040971491,Female,54,Diploma,Self-Employed Business,309284.04,25773.67,Savings,Mass Market,19605.06,1,0.7,Android 14,0,6.3,1.1,REJECTED,0.56,0.54,0.5,0.26,0,0.0,0.0,0.0,0.0,0.0,650.0,0.0,0.4135814371732363,-2398.030833333338,0.0,0.625,0.482
90,5715.592666666667,1708.5749999999998,145784.29,48143.26,17630.264666666666,567.23,159000.09,604547287.5931959,12,0.2526032455083892,20815.0875,4925.125,1815381301.8945112,0.3378715916717094,22051.8575,-1236.770000000001,7.5,0.0776113544226732,0.4020705961114319,249781.05,264622.29,66113.96,160410.25,38098.079999999994,0.0,38508.58,14024.06,0.1439715452541809,0.0,0.2614512556746448,0.1043199346510076,0.0561454121519626,0.0,0.0,0.0235650972561684,0.2681728360827049,0.1455228129119432,1.0594169974063283,-0.0594169974063285,0.249842747562951,0.6061857071828681,0.1439715452541809,0.0257225496763707,0.7994911388606001,Male,36,High School,Salaried - Govt,453823.73,37818.64,Salary,Mass Market,18371.66,1,2.8,Android 14,0,3.7,3.9,VERIFIED,0.9,0.91,0.86,0.97,1,1.0,1035783.62,91196.78,10.28,2.4114,642.0,0.0,0.3635511934475984,-75429.9975,2.411424101977226,0.1724137931034483,0.909
90,4023.182,1617.19,94318.41,14521.3,14382.756333333336,211.38,94529.79,321927476.18711346,12,0.2759742022994503,14357.138333333334,4078.84,796598094.7227062,0.3469772984275385,15816.726666666667,-1459.5883333333338,7.5,0.0776748412421396,0.5180353185983297,172285.66,189800.72,59852.16,121668.54,8280.02,0.0,15659.61,13978.55,0.0436248081672187,0.0,0.145651396896703,0.2328365772268936,0.0811358879200973,0.0,0.0,0.2893675535055926,0.132365567422505,0.0825055352793182,1.101662901021478,-0.1016629010214779,0.3153421125062117,0.6410330793265695,0.0436248081672187,0.0133643328644907,0.9093383628892452,Male,40,Diploma,Salaried - Private,590459.21,49204.93,Salary,Mass Market,19691.82,0,6.1,Android 14,0,3.3,6.4,VERIFIED,0.99,0.91,0.84,0.8,1,1.0,1991300.87,42948.94,10.65,0.8729,643.0,0.0,0.415400506495855,-9560.736666666671,0.872858471701921,0.0806451612903225,0.8980000000000001
91,6231.3294505494505,2149.46,127874.94,41245.97,16435.477692307693,207.33,135005.33,432478398.07057786,12,0.2779681741019732,23978.4425,8244.91,1754918841.3698204,0.3741658255444874,23275.805833333332,702.6366666666667,7.583333333333333,0.0121920353867737,0.4279001779032709,287741.31,279309.67,122912.24,117963.49,38433.939999999995,0.0,89755.26,19276.03,0.1376033275181629,0.0,0.0539465389794775,0.1187104621189806,0.0669908328421803,0.0,0.0,0.1151147040487356,0.1842650846997169,0.3213467689822555,0.9706971515490772,0.0293028484509228,0.4400572311012362,0.422339441380601,0.1376033275181629,0.0089075326321498,0.7061185253904468,Female,20,High School,Salaried - Private,361447.95,30120.66,Savings,Mass Market,73566.92,0,0.6,Android 13,0,3.3,3.4,VERIFIED,0.88,0.96,0.89,0.85,1,1.0,488201.13,16105.89,11.53,0.5347,626.0,0.0,0.3956595664880008,-9261.035833333332,0.5347123867803694,0.7142857142857143,0.9000000000000001
93,25849.393298064515,2701.86,148032.22,478178.23,109209.75677419352,58.24,1387274.02,60994058515.49065,12,0.2500612653428099,27218.882499999996,5946.705,2093289518.9921477,0.3832461203833854,173113.91556,-145895.03306000002,7.75,0.2691801694635375,0.3085651343195601,326626.58999999997,2077366.98672,562282.10672,993645.93,521438.95,30485.28672000002,285980.07999999996,209040.87,0.2510095487862312,0.0146749644693901,0.0153705340482065,0.1183309167669624,0.6399995481078256,0.0,0.0,0.0503226780189947,0.3119988688293137,0.1376646889202471,6.3600669704202595,-5.36006697042026,0.2706705701565998,0.478319881057169,0.2510095487862312,0.0003364258720138,0.6308548704528738,Other,60,Diploma,Salaried - Private,2587297.48,215608.12,Salary,HNI,1863046.87,0,0.4,Android 14,0,4.2,5.8,VERIFIED,0.89,0.89,0.86,0.96,1,3.0,7735806.32,122369.34,10.726666666666668,0.5676,792.0,2.0,0.3533737259578553,-79875.13555999997,0.5675544130712702,1.0,0.8980000000000001
99,5727.090911515151,1573.05,116251.34,42023.52,16649.953838383837,355.17,125541.26,482689886.05417895,12,0.2774520122534845,21796.966666666664,3226.395,1656520790.0231874,0.358722078364082,25451.533353333332,-3654.566686666667,8.25,0.0635235423197419,0.4634109257203139,261563.6,305418.40024,89106.68024,176985.88,39325.84,10915.610240000004,52366.84,33230.82,0.1287605460872608,0.0357398579503475,0.0770263349605448,0.0845536155637876,0.1270468062069798,0.0,0.0,0.2310238674046955,0.1626321792038995,0.1714593487453596,1.167664003095232,-0.1676640030952319,0.2917528222594949,0.5794866316532443,0.1287605460872608,0.0139547584449753,0.6541827404753682,Female,23,Master's,Self-Employed Professional,450441.34,37536.78,Savings,Mass Market,62905.71,0,1.9,Android 14,0,3.1,5.7,VERIFIED,0.86,0.9,0.84,0.85,1,1.0,378555.77,6311.89,10.14,0.1682,678.0,1.0,0.4005976173065748,5773.356646666667,0.1681521430447683,0.25,0.8660000000000001
94,8060.408808510638,1647.415,146791.74,42721.59,20490.32638297872,197.05,147222.12,896489756.6437998,12,0.2682112431812607,32719.698333333337,5867.26,2998678468.716051,0.384273120341477,30420.17066666667,2299.527666666665,7.833333333333333,0.0370229130544055,0.4832765323946725,392636.38,365042.048,133539.76799999998,215854.47,15647.81,11146.767999999996,46451.02,67162.6,0.0428657741915802,0.0305355727129823,0.2831350540746473,0.2080362534016903,0.171055468675623,0.0,0.0,0.0567926081764695,0.067400399857498,0.127248409476379,0.9297203891295044,0.0702796108704954,0.3658202355910516,0.5913139902173681,0.0428657741915802,0.006477609943718,0.6735769699488007,Male,58,Bachelor's,Salaried - Private,327718.12,27309.84,Savings,Mass Market,41674.36,0,1.2,Android 14,0,0.7,5.3,VERIFIED,0.94,0.92,0.83,0.85,1,1.0,229219.44,4901.88,10.28,0.1795,664.0,1.0,0.4238744851627552,-8012.21066666667,0.1794913481734056,0.3846153846153846,0.8940000000000001
94,6131.738914893617,1685.42,108582.13,32895.91,19506.07659574468,380.49,112875.6,520663191.3614549,12,0.2857884984182559,24450.493333333332,4917.925,1490162470.605279,0.3981634644226959,23581.4615,869.0318333333329,7.833333333333333,0.0219649100612605,0.5755869798672469,293405.92000000004,282977.538,117603.698,141875.81,23498.03,14834.568000000005,85816.9,11468.85,0.0830384989779648,0.0524231290753543,0.2024310494919918,0.0599066276419437,0.0390886796012841,0.0,0.0,0.1323687394580413,0.1260387670769826,0.3032639997030435,0.9644574928822156,0.0355425071177841,0.4155937564203417,0.5013677446016934,0.0830384989779648,0.016135132252087,0.8271784425127628,Male,51,Master's,Unemployed,499623.33,41635.28,Savings,Mass Market,29135.86,0,0.8,Android 14,0,7.8,1.3,VERIFIED,0.97,0.96,0.93,0.86,1,1.0,245066.29,6656.3,13.67,0.1599,627.0,1.0,0.4691328706005163,11397.518499999998,0.1598716281000151,0.5555555555555556,0.937
99,6703.078585858586,1876.83,123289.64,23344.71,27533.74484848485,1830.83,128442.91,1033516499.02825,12,0.2774865112491003,29210.617499999997,4934.4349999999995,2083182482.599112,0.4006508796232573,26089.780833333338,3120.8366666666675,8.25,0.0576511035241109,0.5211640353290878,350527.41,313077.37,83154.51,169562.66,60360.2,0.0,43542.350000000006,22389.37,0.1927964323962476,0.0,0.1845908568862706,0.1265251461643491,0.0638733786895581,0.0,0.0,0.2089818564657037,0.0765132912672672,0.1390785606765509,0.8931608800578534,0.1068391199421466,0.2656037068409,0.5415998607628524,0.1927964323962476,0.0701742192353283,1.055345961868206,Male,46,Bachelor's,Salaried - Private,430674.0,35889.5,Salary,Mass Market,26399.8,1,2.6,Android 13,0,0.5,3.5,VERIFIED,0.93,0.99,0.83,0.91,1,0.0,0.0,0.0,0.0,0.0,650.0,0.0,0.4488561419055895,9799.719166666666,0.0,0.1851851851851851,0.9240000000000002
92,7630.19038173913,2357.635,149235.64,31273.95,24119.212282608692,323.06,149558.7,847586128.2106332,12,0.2906693878820069,27849.47666666667,5876.075000000001,2154333941.8749156,0.3852643373630319,30648.649593333335,-2799.1729266666675,7.666666666666667,0.0453060162092977,0.5126497704129299,334193.72000000003,367783.79512,124191.63512000004,223183.0,20409.16,28236.805120000034,59530.66,84300.69,0.0554922763612815,0.0767755553525325,0.1351828728173791,0.0990369083230422,0.2522509698865676,0.0,0.0,0.0645719858109881,0.177864579320729,0.1618631945993608,1.1005107909268912,-0.1005107909268911,0.3376756582749355,0.6068320653637829,0.0554922763612815,0.0105407580525267,0.7869584011902137,Male,28,Master's,Salaried - Private,2347692.45,195641.04,Salary,Affluent,120861.41,1,1.0,iOS 17,0,5.1,3.9,VERIFIED,0.91,0.92,0.92,0.88,1,1.0,847755.14,27362.63,10.02,0.1399,723.0,1.0,0.4362185105829911,137629.76040666667,0.1398614012683637,0.4545454545454545,0.909
95,5991.8606315789475,2061.66,94093.43,34392.49,19490.504421052632,1796.55,98644.18,400535235.6292291,12,0.3038098605971949,22705.7825,5072.495,1268611021.6085117,0.3997109587908931,24729.780833333338,-2023.9983333333328,7.916666666666667,0.0596835161536011,0.5928994912823784,272469.38999999996,296757.37,63299.6,179582.79,53874.98,0.0,21866.0,49211.61,0.1815455501576927,0.0,0.0819462714607559,0.1396211322401192,0.1806133525677875,0.0,0.0,0.1398000999941467,0.2175727261634648,0.0736830899936874,1.0891402149797451,-0.089140214979745,0.2133042222338066,0.6051502276085006,0.1815455501576928,0.0726472269248106,0.7881389872562612,Male,42,High School,Retired,276029.98,23002.5,Savings,Mass Market,51034.15,0,0.3,Android 13,0,3.8,4.6,REJECTED,0.52,0.53,0.37,0.51,0,0.0,0.0,0.0,0.0,0.0,650.0,0.0,0.4769863717874872,-1727.2808333333342,0.0,1.25,0.491
97,7748.682783505155,2015.0,106997.95,26976.4,26623.940824742265,0.0,106997.95,825716462.3983434,12,0.3005928170782864,29583.156666666662,4825.38,2043279760.9742243,0.4060277480614206,33052.02916666667,-3468.872500000001,8.083333333333334,0.076031167188607,0.5476910536867524,354997.88,396624.35,133301.37,213179.3,50143.68,22985.790000000008,55552.779999999984,47218.51,0.1264261258795633,0.0579535522718159,0.125816985265781,0.1380722086276347,0.1330106816412537,0.0,0.0,0.1591320855615647,0.1334841141246119,0.1400639673282792,1.117258362218952,-0.1172583622189518,0.3360897282277298,0.5374841458927068,0.1264261258795633,0.0,0.8055160755937127,Female,45,Diploma,Self-Employed Professional,507893.71,42324.48,Savings,Mass Market,68444.32,0,1.0,Android 12,0,2.4,1.3,VERIFIED,0.96,0.98,0.88,0.97,1,1.0,430921.81,11577.67,13.08,0.2735,645.0,1.0,0.4626930703115533,-2305.219166666662,0.2735454753372043,0.4545454545454545,0.952
92,9451.88804347826,2484.59,122371.3,77696.47,31811.883695652177,2440.34,163063.57,1297468585.261516,12,0.3157263620839935,29657.453333333335,3795.225,2449887064.781788,0.3849368321630539,42807.02166666667,-13149.568333333336,7.666666666666667,0.14121520667764,0.4429460910507408,355889.44,513684.26,181948.89,286296.29,45439.08,0.0,74828.11999999998,20930.17,0.088457216890391,0.0,0.0820926847164832,0.2085342657764129,0.058810876771168,0.0,0.0,0.3841430726337614,0.0503580740433822,0.1456694818719966,1.443381573783139,-0.4433815737831389,0.3542037476484095,0.5573390354611995,0.088457216890391,0.0570079371324322,0.743146391808513,Female,45,Bachelor's,Unemployed,891008.59,74250.72,Salary,Affluent,240760.04,1,1.9,iOS 17,0,3.0,5.3,VERIFIED,0.97,0.93,0.87,0.82,1,0.0,0.0,0.0,0.0,0.0,650.0,0.0,0.4081405357181287,31443.698333333337,0.0,0.25,0.908
90,4763.459,1526.845,94025.68,29520.64,16294.810555555556,906.5,94932.18,357275037.26780516,12,0.2735374886592451,17039.89083333333,4415.719999999999,1054363050.3166991,0.3540635809003462,18686.051666666663,-1646.1608333333336,7.5,0.1223214570460479,0.4692548176567823,204478.69,224232.62,54726.54,160303.2,9202.88,0.0,18197.34,54474.619999999995,0.041041664678404,0.0,0.1253681110268434,0.1629076090713296,0.2664073209780442,0.0,0.0,0.1070667595107259,0.239524026432907,0.0811538481778431,1.096606301615097,-0.0966063016150974,0.2440614572491727,0.7148968780724233,0.041041664678404,0.0485121210285996,0.8720306914607994,Male,48,Diploma,Salaried - Private,323828.15,26985.68,Current,Mass Market,21728.08,0,1.2,Android 13,0,8.6,1.6,VERIFIED,0.86,0.94,0.83,0.84,1,0.0,0.0,0.0,0.0,0.0,650.0,0.0,0.4001400756029206,8299.628333333334,0.0,0.3846153846153846,0.8740000000000001
100,6690.235500000001,1287.735,142026.76,40680.22,25879.9115,0.0,142917.24,1206331747.0352955,12,0.2640432395688469,27429.76916666667,2734.91,2335539104.2240634,0.3721911960996777,28322.19333333333,-892.4241666666652,8.333333333333334,0.0156951040080201,0.5239288391006016,329157.23,339866.32,96084.63,209093.51,34688.17999999999,7681.4099999999935,61758.8,17199.75,0.1020641880607646,0.0226012686399758,0.1969068308975128,0.0783967649398151,0.0522539030967054,0.0,0.0,0.1142798733337272,0.2534287010257445,0.1817149754644708,1.0325348770251834,-0.0325348770251833,0.2827130090442619,0.6152228028949736,0.1020641880607645,0.0,0.9137679132195272,Male,64,High School,Self-Employed Professional,431026.58,35918.88,Salary,Mass Market,65487.8,1,2.7,Android 14,0,1.3,3.5,VERIFIED,0.9,1.0,0.92,0.85,1,3.0,6003867.3,77342.99,11.79,2.1533,664.0,1.0,0.4328862533000472,-69746.30333333334,2.153268420396182,0.1785714285714285,0.9240000000000002
97,7006.4003092783505,1413.21,130428.47,33677.95,23043.341958762885,122.6,130551.07,884709479.9430224,12,0.2730086408586457,26984.85666666667,2030.615,2334991312.6106067,0.3684055479108461,29650.2125,-2665.3558333333326,8.083333333333334,0.0489659997368741,0.4690041129498168,323818.27999999997,355802.55,193573.63,108018.24,54210.68,0.0,60322.85,35292.1,0.1523616961148816,0.0,0.0958857658552475,0.3745076588124508,0.1089873616770492,0.0,0.0,0.0646934655190076,0.0438210462516359,0.1695402407880438,1.0987722805519196,-0.0987722805519193,0.5440478996004947,0.3035904042846236,0.1523616961148817,0.004134877616813,0.7771729109450021,Female,39,Master's,Unemployed,336247.6,28020.63,Savings,Mass Market,58678.15,0,2.6,Android 14,0,3.2,3.0,PENDING_REVERIFICATION,0.33,0.5,0.58,0.53,0,0.0,0.0,0.0,0.0,0.0,650.0,0.0,0.4086449739264344,-1629.5824999999968,0.0,0.1851851851851851,0.471
91,5666.658901098901,1791.86,145163.72,34797.3,19873.72714285714,1274.2,150032.05,637284529.2602272,12,0.2562874115793056,20393.953333333335,3722.46,1799941078.5787878,0.334264147792788,22578.210000000003,-2184.256666666666,7.583333333333333,0.0870059321035304,0.4302887148032204,244727.44,270938.52,149986.21,111981.69,8970.619999999999,0.0,28201.48,11777.55,0.0331094301393541,0.0,0.1925038935032198,0.4494921209431572,0.0481251714151874,0.0,0.0,0.1466306821193236,0.030706301931523,0.1040881156359753,1.1071031511627794,-0.1071031511627792,0.5535802365791324,0.4133103332815134,0.0331094301393541,0.0564349432483797,0.8802171271707163,Female,20,Bachelor's,Self-Employed Business,494941.17,41245.1,Savings,Mass Market,68652.03,1,0.1,Android 14,0,4.2,5.5,VERIFIED,0.91,0.99,0.9,0.87,1,2.0,1222387.5499999998,41101.66,12.5,0.9965,651.0,0.0,0.3726739745969609,-22434.77000000001,0.9965222535525432,2.5,0.9240000000000002
93,11422.559501075268,3964.21,134536.06,78401.88,43809.8311827957,612.67,315062.68,3788058759.264848,12,0.3322710636759869,33944.78666666667,6156.57,2740665704.1494603,0.4037876840697606,54580.04946666667,-20635.2628,7.75,0.190748262229821,0.486522735366471,407337.44,654960.5936,186004.2636,408622.21,60334.119999999995,21867.753600000015,153091.89,106342.64,0.0921187023915021,0.0333878920559229,0.1156251089607538,0.0168630297882397,0.2610676789248737,0.0,0.0,0.2226946344944194,0.1232035496310812,0.2337421388339232,1.607906686898214,-0.6079066868982139,0.2839930606780859,0.6238882369304118,0.0921187023915021,0.0112251638828977,0.802671152021425,Female,32,Bachelor's,Salaried - Private,1545088.81,128757.4,Savings,Affluent,332911.56,1,1.1,Android 13,0,8.3,2.8,VERIFIED,0.96,0.94,0.86,0.89,1,3.0,1211192.42,36842.06,12.623333333333331,0.2861,735.0,3.0,0.4368817045884448,37335.29053333332,0.286135476485235,0.4166666666666666,0.92
90,5622.484777777778,1544.44,108076.03,29173.86,20861.562333333335,283.58,108359.61,825434914.9668403,12,0.2835261951805525,20984.831666666665,4846.379999999999,1389502711.3500698,0.370284294044069,21183.804166666665,-198.97249999999903,7.5,0.0094016576157176,0.5102036315537423,251817.98,254205.65,118252.27999999998,102803.32,33150.05,24826.55999999999,63749.82000000001,4144.849999999999,0.1304064248768664,0.0976632895452952,0.2030862413955,0.1167397341483165,0.0164597063323278,0.0,0.0,0.1464867126281418,0.0385319917161557,0.2507804999613502,1.0094817296207363,-0.0094817296207363,0.4651835236549619,0.4044100514681715,0.1304064248768664,0.0133866418783374,0.9847882924710762,Male,47,Bachelor's,Self-Employed Business,291544.79,24295.4,Savings,Mass Market,3281.32,0,0.7,Android 10,0,3.7,3.4,VERIFIED,0.88,0.96,0.93,0.79,1,1.0,526157.62,9330.38,12.15,0.384,657.0,1.0,0.4262520290479383,-6218.7841666666645,0.3840389538760423,0.625,0.8960000000000001
98,7489.362040816326,2001.575,145306.29,33307.95,29311.360408163266,603.65,156830.85,1265989333.2257955,12,0.2755468772365709,30524.114166666663,4135.28,2591104689.7717357,0.3851218491733383,30639.009166666667,-114.89500000000044,8.166666666666666,0.0033408441290239,0.56753806190959,366289.37,367668.11,112607.02,208247.92,46813.17,0.0,75162.88999999998,91795.99,0.127324531899163,0.0,0.0581382214519502,0.1018422021969759,0.2506105760044306,0.0,0.0,0.1100463404345837,0.148546551943273,0.2044313552241449,1.003764073197101,-0.0037640731971009,0.3062735574211209,0.566401910679716,0.127324531899163,0.0197020078787904,0.956668025676633,Male,64,Bachelor's,Self-Employed Professional,2102024.86,175168.74,Salary,Affluent,72485.56,0,0.4,Android 14,0,7.9,0.5,VERIFIED,0.88,0.91,0.92,0.94,1,0.0,0.0,0.0,0.0,0.0,650.0,0.0,0.458088334267839,144529.7308333333,0.0,1.0,0.909
92,7760.406086956522,1681.67,142996.05,30545.16,31026.48826086957,310.41,156652.62,1759433498.1291811,12,0.2585203474841158,35775.62,9752.625,3048571621.454836,0.4036176609946392,23720.826666666664,12054.793333333331,7.666666666666667,0.1559484962428077,0.4977919002138323,429307.44,284649.92,114524.03,124056.2,46069.69,0.0,16966.14,70659.92,0.1618468397953528,0.0,0.0784056781045292,0.3427293778968917,0.1645904855504018,0.0,0.0,0.0071157230608039,0.1020643884249115,0.0596035298376335,0.663044460631756,0.3369555393682438,0.4023329077345253,0.4358202524701219,0.1618468397953528,0.0130859688982171,1.307985117755996,Male,54,High School,Self-Employed Business,244873.09,20406.09,Savings,Mass Market,3857.69,0,1.2,Android 14,0,1.9,1.7,VERIFIED,0.97,0.95,0.88,0.82,1,2.0,6516025.43,94715.66,10.585,4.6415,624.0,0.0,0.4412873566823164,-98030.39666666668,4.641538873934203,0.3846153846153846,0.916
94,8140.400638297872,2049.4049999999997,136771.55,31062.09,27273.630106382974,1357.67,138801.13,1067590961.3676292,12,0.2805056673001747,34075.01333333333,5260.0650000000005,2915125928.851587,0.3972983603616986,29691.458333333332,4383.554999999999,7.833333333333333,0.0694254169393114,0.5104490877881704,408900.16,356297.5,77356.48,263699.14,15241.88,0.0,68147.35000000002,55968.28999999999,0.0427785207586356,0.0,0.216846764291077,0.025846743241252,0.1368751971141317,0.0,0.0,0.1758265775089637,0.1903530616970369,0.1912653049768803,0.8713557363244857,0.1286442636755143,0.2171120482181323,0.740109431023232,0.0427785207586356,0.0457259453125548,0.9185682225572612,Male,23,Diploma,Salaried - Private,561542.51,46795.21,Savings,Mass Market,36169.04,0,1.4,Android 13,0,1.3,3.5,VERIFIED,0.91,0.92,0.82,0.94,1,1.0,885363.7,42513.05,14.01,0.9085,675.0,0.0,0.4425586513322873,-25409.298333333332,0.9084914887656236,0.3333333333333333,0.901
91,6648.802857142858,1288.17,145107.61,34432.62,22254.73186813187,760.87,146975.44,1232057229.0455356,12,0.2411889693808568,29529.554999999997,4838.265,2839116320.358554,0.3666320246587342,20890.533333333336,8639.021666666666,7.583333333333333,0.1232237965908683,0.481540582561142,354354.66,250686.4,76240.8,159899.93,14545.670000000002,0.0,63725.71000000001,39046.84,0.0580233710324931,0.0,0.3052878417018235,0.0499232906132921,0.1101914110569337,0.0,0.0,0.1008430852252056,0.0759578102362154,0.2542048950401777,0.7074449084428578,0.2925550915571422,0.3041281856534698,0.637848443314037,0.0580233710324931,0.0364217604146056,1.0653022358515754,Male,45,Bachelor's,Unemployed,384071.95,32006.0,Current,Mass Market,43307.18,0,2.0,Android 14,0,1.7,4.4,PENDING_REVERIFICATION,0.38,0.68,0.34,0.43,0,1.0,938746.87,84995.72,15.6,2.6556,647.0,0.0,0.4125954478196973,-73880.25333333334,2.6556183215647065,0.238095238095238,0.472
96,5635.898020833333,1453.48,143710.42,45153.9,16475.176875,927.62,150718.3,535063450.28336936,12,0.260068809593624,22285.01416666667,1649.37,2109186512.6906817,0.3363586640279135,22802.17,-517.1558333333332,8.0,0.0118368195478724,0.4890245305573014,267420.17000000004,273626.04,58889.31,104744.24,109992.49,0.0,22443.94,23331.69000000001,0.4019810760700992,0.0,0.1662243476534616,0.1331940848904585,0.0872473082340797,0.0,0.0,0.055470853578117,0.0758369707795354,0.0820241377611575,1.0232064395142668,-0.0232064395142669,0.215218222651616,0.3828007012782848,0.4019810760700992,0.0406812158667354,0.7225267101771455,Male,50,Bachelor's,Self-Employed Professional,368451.32,30704.28,Savings,Mass Market,19340.72,1,0.3,Android 13,0,1.7,3.9,VERIFIED,0.96,0.99,0.86,0.8,1,1.0,7599581.01,96680.05,9.1,3.1487,653.0,0.0,0.3974250106396686,-88777.94,3.148748317824095,1.25,0.917
95,5836.496842105263,2002.16,133768.12,42356.82,21357.80947368421,531.15,139226.09,630519379.696573,12,0.2738247653466354,23026.73583333333,5653.09,1649506761.6956997,0.3719382342412642,23178.864166666663,-152.12833333333342,7.916666666666667,0.0044894515064662,0.5978236918514093,276320.82999999996,278146.37,112188.94,134727.28,31230.15,0.0,39677.240000000005,17543.739999999998,0.1122795526686183,0.0,0.2693082782277547,0.260696193878065,0.0634904722890417,0.0,0.0,0.0989858684835614,0.0530075585742859,0.1426487787706882,1.0066065956735872,-0.0066065956735871,0.4033449726487532,0.4843754746826284,0.1122795526686183,0.0229152729909795,0.9214346880896218,Male,38,High School,Unemployed,302168.28,25180.69,Salary,Mass Market,36266.7,1,1.2,Android 14,0,6.7,4.4,VERIFIED,0.9,1.0,0.97,0.93,1,1.0,1203436.4,27056.48,12.47,1.0745,644.0,0.0,0.4622924172853222,-25054.654166666664,1.0744931929982855,0.3846153846153846,0.95
93,5641.869784946237,1776.19,122510.21,30987.58,18356.002258064516,600.28,128372.99,584326557.4966394,12,0.2801638659954469,21611.463333333333,6331.29,1368369284.2874243,0.3789725143643022,22113.0275,-501.5641666666658,7.75,0.0127632278409752,0.5075186608185122,259337.56,265356.33,125063.01,124696.84,15596.48,0.0,93153.19000000002,11869.45,0.0587756093853121,0.0,0.2301807912402164,0.1202527182976942,0.0457683414619926,0.0,0.0,0.0693295690364725,0.1256816447529252,0.3510494360545309,1.0232082464260095,-0.0232082464260093,0.4713021543522251,0.4699222362624626,0.0587756093853121,0.027145988942491,0.830099011004464,Male,64,Bachelor's,Salaried - Govt,184168.0,15347.33,Current,Mass Market,35878.95,0,3.8,Android 14,0,8.2,3.8,VERIFIED,0.91,0.95,0.83,0.89,1,0.0,0.0,0.0,0.0,0.0,650.0,0.0,0.4303909729459862,-6765.6975,0.0,0.1282051282051282,0.902
95,17310.13034526316,2559.47,93123.84,390390.74,80167.07378947368,198.04,871934.08,29545264686.051254,12,0.2558347439784392,18062.006666666664,3003.315,959714105.597024,0.3784938429249603,118976.52523333336,-100914.51856666668,7.916666666666667,0.2705188788400787,0.3086846666216907,216744.08,1427718.3028000002,685654.4128000002,654165.91,87897.98000000001,27899.492800000164,529777.0900000001,510072.99,0.0615653520919477,0.0195413147994842,0.0758773490453567,0.0896380117485456,2.353342199703909,0.0,0.0,0.0234308826428809,0.0016170837030471,0.3710655589138392,6.587115564125213,-5.587115564125213,0.480244885461869,0.4581897624461832,0.0615653520919477,0.0016645300374305,0.6738058086017583,Male,41,High School,Salaried - Private,6252595.33,521049.61,Salary,HNI,1259765.35,0,5.0,Android 14,0,8.5,5.8,VERIFIED,0.89,0.98,0.93,0.93,1,1.0,239306.82,21650.28,15.45,0.0416,781.0,1.0,0.3505701724036524,380422.8047666666,0.041551283379715,0.0980392156862745,0.933
96,5745.683125,1286.77,90232.66,24894.93,15726.327916666669,410.79,93093.34,415367743.7656946,12,0.2766720673015718,23617.55083333333,3245.5249999999996,1434741945.9850447,0.3944052741923378,22347.91416666667,1269.6366666666654,8.0,0.043298217949829,0.5369162487587341,283410.61,268174.97,117736.9,64807.46,85630.61,0.0,55370.36,16085.23,0.3193087333989446,0.0,0.1254607393076244,0.2325591385355613,0.0567559203235192,0.0,0.0,0.0297974117420428,0.0264226001404978,0.2064710215125594,0.946241815011795,0.0537581849882048,0.4390301600481208,0.2416611065529344,0.3193087333989448,0.0183815812489883,0.7037045068001685,Male,35,Master's,Retired,403591.3,33632.61,Savings,Mass Market,24145.59,1,0.3,Android 11,0,1.8,2.4,VERIFIED,0.96,0.89,0.93,0.88,1,2.0,1792399.54,35759.92,12.46,1.0633,653.0,0.0,0.4514096640188964,-24475.224166666667,1.063251409866793,1.25,0.917
99,23567.902189898992,5395.81,116180.5,295754.89,130184.21373737374,1721.92,1311766.65,66189920858.76355,12,0.3175832270294986,31895.441666666666,8099.77,2220078323.1071424,0.4141953300770271,162539.75139999998,-130644.30973333334,8.25,0.2894155669649198,0.3460816312989305,382745.3,1950477.0168,514396.1368,864040.87,572040.01,51598.28679999998,429619.65,205461.99,0.2932821074398009,0.0264541885680116,0.0501725368497559,0.0170103004107338,0.5368112684858573,0.0,0.0,0.2112361778432825,0.0762414469481791,0.2202638873975785,5.096018205318263,-4.096018205318263,0.2637283763763239,0.442989516183875,0.2932821074398009,0.0105938392618951,0.8009376944166641,Male,52,High School,Self-Employed Professional,6631397.99,552616.5,Savings,HNI,1600386.65,0,2.6,Android 14,0,3.8,6.9,VERIFIED,0.95,0.99,0.85,0.77,1,1.0,1318180.5,29509.05,12.28,0.0534,830.0,1.0,0.3869498505657885,360567.6986,0.0533987855954355,0.1851851851851851,0.906
90,3638.801555555556,1077.035,70011.92,16367.4,11344.184222222222,631.53,71878.03,194307823.2049909,12,0.2804598984680062,13055.273333333333,3558.1850000000004,553444271.6307153,0.3669541114901291,14235.738333333333,-1180.4649999999997,7.5,0.1194856265976321,0.4752888213247564,156663.28,170828.86,49945.86,102490.07,18392.93,0.0,35174.49,27670.73,0.1076687510529544,0.0,0.1843843598792382,0.0864688203152558,0.176625498968233,0.0,0.0,0.1127832264407782,0.1408107505956546,0.2059048453522431,1.0904205503676418,-0.0904205503676419,0.292373665667499,0.5999575832795465,0.1076687510529544,0.0443622933501985,0.7968806363671026,Female,51,Bachelor's,Salaried - Private,582202.62,48516.89,Salary,Mass Market,14797.11,1,1.9,Android 13,0,6.3,5.6,VERIFIED,0.93,0.97,0.85,0.87,1,2.0,2159707.95,24563.5,11.175,0.5063,607.0,0.0,0.41028799542398,9717.651666666665,0.5062876041724851,0.25,0.914
93,5346.30870967742,928.94,111583.44,28740.42,14896.28806451613,147.55,112391.35,486130395.6931723,12,0.2568734174101378,21711.188333333335,2042.63,1459630825.0443425,0.3724805263862942,19722.704166666663,1988.4841666666691,7.75,0.0429135757053389,0.4541576475700182,260534.26,236672.45,69672.2,156622.93,10377.320000000002,0.0,13497.39,25824.28,0.0438467595193272,0.0,0.3357413167438796,0.2373525520186231,0.0991204765162171,0.0,0.0,0.184926635947699,0.0319888943558914,0.0570298317358019,0.908412006927611,0.0915879930723891,0.2943823837544251,0.6617708567262476,0.0438467595193272,0.0074812256348383,0.7552862902893579,Female,61,Bachelor's,Salaried - Govt,464286.36,38690.53,Savings,Mass Market,6678.91,0,3.6,Android 11,0,4.9,6.7,VERIFIED,0.93,0.89,0.94,0.88,1,0.0,0.0,0.0,0.0,0.0,650.0,0.0,0.4051513748597838,18967.825833333332,0.0,0.1351351351351351,0.91
97,7281.260296907217,1627.86,121042.63,36380.71,26775.886391752578,155.7,136251.31,1368583474.4592855,12,0.2694468781023282,31959.77416666667,2872.015,2756276402.608608,0.3886945520625217,26897.0799,5062.694266666669,8.083333333333334,0.0891731821643399,0.564395907507484,383517.29,322764.9588,123985.5388,140087.15,58692.27,18733.2688,83082.99,52194.81,0.1818421374433289,0.0580399708495245,0.0886933021057551,0.0686855229961227,0.1360950636671426,0.0,0.0,0.1336286942682825,0.0499886668614412,0.2574101919517294,0.8415916758277051,0.1584083241722948,0.3841356857973765,0.4340221767592944,0.1818421374433289,0.0057887324787253,0.9954941759961302,Female,61,Bachelor's,Salaried - Private,401583.44,33465.29,Savings,Mass Market,49846.83,0,1.1,Android 13,0,1.4,3.1,VERIFIED,0.86,0.91,0.91,0.89,1,1.0,394454.05,8734.6,11.8,0.261,624.0,1.0,0.4589750942405066,-2166.389900000002,0.2610047604547876,0.4166666666666666,0.8910000000000001
95,8384.728631578948,2177.47,145090.75,38441.28,30278.03,953.01,153927.34,1669113095.862837,12,0.267592665388468,36101.65666666667,4847.06,3496839830.783424,0.3893761434448302,30277.445000000003,5824.211666666665,7.916666666666667,0.0844871418141032,0.5083573581049418,433219.88,363329.34,139157.83000000002,195377.18,28794.33,0.0,113305.95,36561.23,0.0792513205787344,0.0,0.2295962665718105,0.0711527453301734,0.0843941649215174,0.0,0.0,0.1067216316744472,0.1007950252517454,0.3118546660723849,0.8386719002830618,0.1613280997169381,0.3830074114025584,0.5377412680187071,0.0792513205787344,0.0314759055792191,1.0000193213132746,Male,29,Master's,Self-Employed Business,276597.38,23049.78,Savings,Mass Market,32025.19,0,4.2,Android 13,0,3.6,6.9,VERIFIED,0.9,0.91,0.84,0.82,1,0.0,0.0,0.0,0.0,0.0,650.0,0.0,0.4369686293088748,-7227.6650000000045,0.0,0.1162790697674418,0.8750000000000001
90,6595.136222222222,1886.82,110804.27,74132.62,20399.685444444443,26.74,147953.24,910393632.4973308,12,0.299507840209789,15883.0825,3175.6899999999996,1052356351.6982932,0.3383691436734196,33580.43916666666,-17697.356666666663,7.5,0.265442009551654,0.3900797737651698,190596.99,402965.27,59371.27,222521.94,121072.06,0.0,30631.83,18881.48,0.3004528405140224,0.0,0.0974264109658879,0.0713198931510896,0.0990649432606464,0.0,0.0,0.2970390227425802,0.1108894322332046,0.0760160546838192,2.114226830129899,-1.1142268301298983,0.1473359478349089,0.5522112116510686,0.3004528405140224,0.000796296911642,0.607487154744957,Male,24,Master's,Salaried - Private,2039739.46,169978.29,Savings,Affluent,220085.4,1,0.9,Android 14,0,3.5,4.7,VERIFIED,0.86,0.95,0.86,0.84,1,0.0,0.0,0.0,0.0,0.0,650.0,0.0,0.3590533957101197,136397.85083333333,0.0,0.5,0.883
92,4505.390869565218,1960.65,56340.9,21358.98,16161.16554347826,1096.86,61928.47,179909899.91273704,12,0.3401972479976205,17963.7425,6800.41,470818342.7026932,0.4637339508874007,16577.5875,1386.155,7.666666666666667,0.0446940153258655,0.5411756849703644,215564.91,198931.05,66059.51,89617.6,43253.939999999995,0.0,31683.500000000004,13940.080000000002,0.2174318187130666,0.0,0.1934488356644174,0.1728036422670066,0.0646676678500225,0.0,0.0,0.0794240517003253,0.1075479669966051,0.1592687516604371,0.9228359569282404,0.0771640430717596,0.3320723939274437,0.4504957873594897,0.2174318187130666,0.0661652366485774,0.9748804247589258,Male,31,Master's,Salaried - Private,231763.93,19313.66,Current,Mass Market,24460.57,0,3.8,Android 13,0,5.4,6.5,VERIFIED,0.88,0.9,0.9,0.93,1,3.0,13389365.24,122456.1,8.996666666666668,6.3404,627.0,0.0,0.4947106445205862,-119720.0275,6.340388098371826,0.1282051282051282,0.9000000000000001
93,8649.68623655914,2420.53,146643.09,46821.57,31494.5323655914,959.08,156758.87,1165721667.343101,12,0.2811774995399742,33907.23416666667,7019.3,2981834316.7960267,0.3934141493494576,33127.83416666667,779.3999999999996,7.75,0.0124297155659226,0.5426854210040539,406886.81,397534.01,90178.82,253403.54,53951.649999999994,0.0,48404.97,101231.46,0.135715809573123,0.0,0.068911261202532,0.1050824557124056,0.2487951378910513,0.0,0.0,0.1113631510420957,0.2025156790987518,0.121763091414493,0.977013754758971,0.022986245241029,0.2268455471268986,0.6374386432999782,0.135715809573123,0.0289508814604315,0.9506969941693711,Female,26,Bachelor's,Salaried - Govt,284047.02,23670.59,Salary,Mass Market,27986.01,0,3.3,Android 13,0,2.3,5.0,VERIFIED,0.91,0.95,0.92,0.76,1,1.0,635865.69,20580.35,10.21,0.8694,638.0,0.0,0.4531226580112961,-30037.594166666662,0.8694481210650008,0.1470588235294117,0.8940000000000001
96,7049.0564583333335,2442.635,65365.15,97143.35,31694.004791666663,456.36,283855.18,2258028228.5245466,12,0.3293061087133973,17044.3475,5321.75,619130191.0671114,0.417079294729164,39348.104166666664,-22303.756666666668,8.0,0.2593230865058348,0.4203677476093347,204532.17,472177.25,286785.60000000003,144434.1,40957.55,8480.31,64715.13,50691.45,0.086741896184113,0.0179600139566232,0.0375764609582524,0.4523516539604565,0.2478409631110842,0.0,0.0,0.0374692978113621,0.1234869956144646,0.1370568573560034,2.3085720451702048,-1.3085720451702048,0.6073685252730834,0.3058895785428036,0.086741896184113,0.0115980174817825,0.8054773022207233,Male,20,Bachelor's,Salaried - Private,1563625.98,130302.16,Savings,Affluent,304129.34,1,1.0,Android 14,0,7.0,4.9,REJECTED,0.41,0.5,0.59,0.39,0,1.0,58632.68,2826.77,14.42,0.0217,755.0,1.0,0.4183946758812323,88127.28583333334,0.0216939611745499,0.4545454545454545,0.469
90,7562.855285333332,3072.135,84089.87,84997.22,30723.13433333333,549.86,264922.62,2058796514.8831568,12,0.3399003955231678,16069.519166666669,4187.485,845628471.57639,0.3659693111485039,40651.89547333333,-24582.37630666667,7.5,0.2657050953492104,0.3971095455939972,192834.23,487822.74568,114188.36567999996,310233.7,63400.68000000001,19481.89567999998,80194.87,47124.65,0.1299666334984497,0.0399364233269672,0.4275690132268291,0.0297476903824391,0.2443790710808968,0.0,0.0,0.0999561017435336,0.0118286817314278,0.1643934619904048,2.5297518271522645,-1.5297518271522643,0.2340775756998112,0.635955790801739,0.1299666334984497,0.013526060558743,0.7557614220839216,Female,44,Diploma,Self-Employed Business,953594.37,79466.2,Savings,Affluent,295538.38,1,4.9,Android 14,0,9.6,6.8,VERIFIED,0.97,0.92,0.98,0.98,1,2.0,1730995.11,72469.54,12.33,0.912,706.0,1.0,0.3784254049267012,-33655.23547333332,0.911954264832092,0.1,0.959
100,3088.6433999999995,829.5450000000001,51092.82,11380.01,11525.380700000002,553.61,52150.57,175449092.48141268,12,0.2908317044630311,12680.345,1912.465,367219363.39986366,0.4087000294171027,13058.35,-378.00500000000073,8.333333333333334,0.0190117840601571,0.6112110443662508,152164.13999999998,156700.2,44348.23,89555.13,22796.839999999997,0.0,27724.37,23577.85,0.1454806056405799,0.0,0.178621980061289,0.1060870375404753,0.1549501084815384,0.0,0.0,0.1513092516793214,0.0911102219397295,0.1769261940954765,1.0298103087889172,-0.029810308788917,0.2830132316359519,0.5715061627234681,0.1454806056405798,0.0423950958582056,0.8826062021618353,Male,20,Diploma,Salaried - Private,233779.25,19481.6,Savings,Mass Market,13088.9,0,0.2,Android 14,0,8.2,6.0,VERIFIED,0.86,0.98,0.97,0.76,1,0.0,0.0,0.0,0.0,0.0,650.0,0.0,0.489704435396762,6423.249999999998,0.0,1.6666666666666663,0.898
99,6827.577474747475,1638.67,134661.28,34808.4,29446.26676767677,1695.02,137575.02,1111356167.140998,12,0.2668998890609865,27318.260833333337,3919.805,2361896232.1755905,0.3699311096847761,29009.25333333333,-1690.9925,8.25,0.0360015025942475,0.6077742633211488,327819.13,348111.04,121645.38,177254.65,49211.01,0.0,37906.48,35715.91,0.1413658411982567,0.0,0.2561773105501049,0.2405522674604057,0.108950048156128,0.0,0.0,0.1239391603322893,0.0264743111853045,0.1088919213823267,1.0618997128080965,-0.0618997128080963,0.3494441888427325,0.5091899699590108,0.1413658411982567,0.0584303215433788,1.0150646219439674,Female,43,Bachelor's,Salaried - Govt,439603.25,36633.6,Savings,Mass Market,39194.15,1,1.5,Android 13,0,8.5,2.6,VERIFIED,0.92,0.95,0.82,0.93,1,2.0,12402068.23,107947.51,8.985,2.9467,663.0,0.0,0.4650683711393252,-100323.16333333332,2.946680369933613,0.3125,0.911
91,7826.678901098901,1665.87,145343.8,43889.57,22232.373626373625,191.87,146351.34,1035662671.966046,12,0.2566566878982878,33530.21583333333,2099.215,3171043591.9639354,0.3834511080174244,25822.099166666667,7708.116666666665,7.583333333333333,0.1059673853192253,0.457445719028896,402362.59,309865.19,105831.98,186489.58,17543.629999999997,0.0,65933.90000000001,5211.25,0.0566169759178177,0.0,0.3411269268419599,0.1287594776296105,0.0129516265416225,0.0,0.0,0.1308514196125095,0.1130448696092646,0.2127825329460208,0.7701143140568809,0.2298856859431191,0.3415420105756312,0.601841013506551,0.0566169759178176,0.0074304570965199,0.8609824276049965,Female,54,Diploma,Self-Employed Professional,550791.33,45899.28,Savings,Mass Market,40530.28,0,2.2,Android 10,0,2.0,4.1,VERIFIED,0.89,0.99,0.83,0.89,1,0.0,0.0,0.0,0.0,0.0,650.0,0.0,0.4130489524220131,20077.180833333332,0.0,0.217391304347826,0.908
92,8876.469754782609,2404.3599999999997,138129.53,49850.32,27243.409347826087,850.2,144739.33,929363899.9570827,12,0.296111466062489,33723.62,6661.514999999999,2859649512.5471635,0.3971167244935328,34329.31478666666,-605.6947866666669,7.666666666666667,0.0105117399999386,0.5880278726474149,404683.44,411951.77744,178932.23744,211680.04,21339.500000000004,24404.91743999999,48921.45,25656.78,0.0518009659591966,0.0592421705075772,0.1237815025750845,0.2563549322599568,0.0633996291026882,0.0,0.0,0.2081377110030512,0.1196464069321288,0.1187552832130341,1.0179605506961191,-0.0179605506961194,0.4343523859805682,0.5138466480602352,0.0518009659591966,0.0247660055344365,0.7935902454542231,Male,42,Doctorate,Salaried - Private,1104602.55,92050.21,Savings,Affluent,102871.86,0,0.2,Android 13,0,4.5,0.8,VERIFIED,0.93,0.98,0.94,0.89,1,1.0,1515908.01,49220.69,10.43,0.5347,689.0,1.0,0.4734811837550856,8500.20521333335,0.5347156731092737,1.6666666666666663,0.939
98,7455.244489795918,2056.25,141371.5,32052.9,27292.734285714287,1817.61,146387.47,980628647.1582724,12,0.2706330593709828,30423.884166666667,6768.4,2724074290.0327177,0.3784398724186791,30460.6125,-36.72833333333377,8.166666666666666,0.0012661007061202,0.5146987895284236,365086.61,365527.35,92770.89,211983.59,60772.869999999995,0.0,55617.86,127445.49,0.1662608010043571,0.0,0.0523603226954152,0.1016422710913424,0.3490828929606593,0.0,0.0,0.0705656088388461,0.1083511534772979,0.1521578617851715,1.0012072203907998,-0.0012072203907998,0.2538001328765139,0.579939066119129,0.1662608010043571,0.0596708290091015,0.8960008366776698,Female,40,Bachelor's,Unemployed,458173.52,38181.13,Current,Mass Market,46506.78,1,0.9,Android 14,0,8.2,0.9,VERIFIED,0.92,0.99,0.84,0.9,1,3.0,20877812.92,208672.07,8.57,5.4653,665.0,0.0,0.4329434392625769,-200951.5525,5.465319386827996,0.5,0.921
91,207037.41304615384,4702.54,91765.95,4166741.63,1240719.564505495,709.82,15459662.1,8718856631854.022,12,0.2489604265709364,17813.149166666666,3022.63,871731691.007881,0.3865726273695713,1552220.566433333,-1534407.4172666662,7.583333333333333,0.3028396470625539,0.3057346574586264,213757.79,18626646.7972,5347172.067199998,8312757.71,4966717.02,132708.4071999983,1533241.82,1480653.21,0.2666457937424683,0.0071246536558554,0.2828128372945728,0.1976320204103172,6.926780118750292,0.0,0.0,0.0243117639439038,0.0596673701982188,0.0823144303262614,87.13903150476996,-86.13903150476993,0.287071104392434,0.4462831018650975,0.2666457937424684,0.0004572932580264,0.7993191118169499,Male,18,Diploma,Salaried - Private,35711096.54,2975924.71,Current,Ultra HNI,18506551.63,1,1.0,Android 13,0,2.0,5.3,VERIFIED,0.93,0.97,0.88,0.77,1,2.0,2050381.64,182273.35,11.98,0.0612,758.0,2.0,0.3542374394051933,1241430.7935666668,0.0612493150070318,0.4545454545454545,0.9000000000000001
100,7383.6661,1938.61,146813.46,43908.74,23394.412,885.75,147699.21,1011362071.0830404,12,0.2632415690479245,29431.7825,3073.52,2968684458.239475,0.3607011385333867,32098.76833333333,-2666.9858333333336,8.333333333333334,0.0422818756775066,0.514392440441837,353181.39,385185.22,104941.34,222850.81,57393.07,0.0,49526.27,95336.8,0.1490012259556584,0.0,0.1199436208897111,0.1438660341121084,0.2699372127166723,0.0,0.0,0.1376651990956454,0.0734371375931818,0.1285778047246984,1.0906158447363263,-0.0906158447363265,0.2724438388368069,0.5785549352075348,0.1490012259556584,0.0275945167366494,0.7288258464330486,Male,46,Bachelor's,Salaried - Private,562670.61,46889.22,Salary,Mass Market,61897.05,1,1.2,Android 13,0,3.8,2.0,VERIFIED,0.95,0.97,0.85,0.83,1,0.0,0.0,0.0,0.0,0.0,650.0,0.0,0.4221776592967668,14790.451666666671,0.0,0.3846153846153846,0.912
93,7003.7518279569895,1541.97,135211.38,44297.29,21336.969569892473,519.5,136443.56,792960278.0968497,12,0.269696443718237,26456.898333333334,1638.35,2401430206.371415,0.3605795864230304,27822.178333333333,-1365.280000000001,7.75,0.0230540316103363,0.4863737827445,317482.78,333866.14,128454.04,120863.97,84548.12999999999,0.0,85007.58000000002,33236.9,0.2532396067477822,0.0,0.1071728927048427,0.130131375406922,0.1046888275326302,0.0,0.0,0.1160739750368216,0.0392148182502124,0.2546157570815657,1.0516039326605366,-0.0516039326605367,0.3847471324884877,0.36201326076373,0.2532396067477822,0.0186721540555145,0.7669050681171492,Female,48,High School,Salaried - Govt,442538.45,36878.2,Savings,Mass Market,71071.64,0,0.6,Android 13,0,1.8,3.2,VERIFIED,0.98,0.99,0.85,0.76,1,1.0,402707.37,19289.51,13.76,0.5231,657.0,0.0,0.4108972649516182,-10233.488333333336,0.5230599649657521,0.7142857142857143,0.913
90,23523.451444444443,2472.125,74604.38,427058.18,134492.3951111111,249.21,1378766.22,86603220644.56438,12,0.2720786840719857,13306.322500000002,3606.475,609923926.762257,0.3601191626228467,163119.56333333332,-149813.24083333334,7.5,0.2986800192899808,0.3187908381908534,159675.87,1957434.76,317226.87,981442.81,658765.08,0.0,30293.589999999997,30941.21,0.3365451015082617,0.0,0.121358731771985,0.1465863822710494,0.1937751145492428,0.0,0.0,0.2816082462947577,0.0826183499469479,0.0154761684113548,12.258801282873865,-11.25880128287386,0.1620625506824043,0.5013923478093338,0.3365451015082617,0.0015277750559615,0.8245019319741381,Male,25,Bachelor's,Salaried - Private,8877205.45,739767.12,Savings,HNI,1802389.83,0,2.0,Android 13,0,6.7,3.9,VERIFIED,0.91,0.93,0.97,0.91,1,0.0,0.0,0.0,0.0,0.0,650.0,0.0,0.3435878328500494,576647.5566666666,0.0,0.238095238095238,0.928
93,6184.193225806452,1834.69,119858.52,42567.55,20514.105806451615,1676.7,129912.02,607311091.2065746,12,0.2849244669805653,23039.256666666668,3708.715,1561099988.717806,0.3785224692325519,24888.240833333333,-1848.984166666666,7.75,0.0351617758743745,0.4705052686953157,276471.08,298658.89,120194.71,133654.22,44809.95999999999,0.0,91442.12,79287.38,0.1500372548762904,0.0,0.1148307020092386,0.0962723393232995,0.2867836303167767,0.0,0.0,0.0324081094656181,0.0347977587407493,0.3061757846886794,1.0802536381020391,-0.0802536381020394,0.402448124011979,0.4475146211117305,0.1500372548762904,0.0673691648689915,0.824248927187198,Female,67,Master's,Self-Employed Business,341741.05,28478.42,Savings,Mass Market,64132.98,1,3.0,Android 13,0,5.4,4.6,VERIFIED,0.92,0.99,0.94,0.91,1,0.0,0.0,0.0,0.0,0.0,650.0,0.0,0.4153155890176574,3590.179166666665,0.0,0.1612903225806451,0.943
94,4857.418191489362,1420.62,104304.99,30659.53,15976.646595744682,1274.04,108043.5,386035563.6246077,12,0.2803404012926706,19421.149166666662,4009.99,1087092538.197845,0.3809044197418023,18628.626666666667,792.5225000000022,7.833333333333333,0.017445034504181,0.4358967232319122,233053.79,223543.52,64231.15,112475.77,46836.600000000006,0.0,47950.259999999995,12175.259999999998,0.2095189339418114,0.0,0.1842844740030934,0.072830963742541,0.0522422741977291,0.0,0.0,0.1257281803561114,0.1386718344597955,0.2145007826663908,0.9591928112389848,0.0408071887610153,0.2873317464089319,0.5031493196492567,0.2095189339418114,0.0683915149944851,0.8576395287545627,Male,58,High School,Self-Employed Professional,504373.72,42031.14,Salary,Mass Market,39971.94,0,4.1,Android 13,0,1.7,6.1,VERIFIED,0.94,0.98,0.97,0.78,1,1.0,1184478.78,104642.0,10.92,2.4896,665.0,0.0,0.4029013411378462,-81239.48666666666,2.4896303074339645,0.119047619047619,0.926
100,249910.0446,6074.860000000001,138139.51,7159654.71,1184215.0917999998,6648.57,24106524.08,11991656652388.326,12,0.2053555317429823,37519.604166666664,7503.145,3293018065.4144635,0.4057931439471671,2045064.100833333,-2007544.4966666668,8.333333333333334,0.2834498008913214,0.2876931063944845,450235.25,24540769.21,12993815.32,10493352.92,1053600.97,0.0,5778417.29,5991574.380000001,0.0429326791260753,0.0,0.0142228202797234,0.2940167835920902,13.307652788181292,0.0,0.0,0.0321874144710234,0.1370305735416677,0.2354619466306451,54.50654787691546,-53.50654787691546,0.5294787302227353,0.4275885906511892,0.0429326791260753,0.0032510325702215,0.579060133771577,Female,31,Bachelor's,Self-Employed Business,21536217.51,1794684.79,Savings,Ultra HNI,24106116.16,1,1.6,Android 13,0,2.8,2.0,VERIFIED,0.85,1.0,0.93,0.94,1,0.0,0.0,0.0,0.0,0.0,650.0,0.0,0.3585531289260941,-250379.3108333333,0.0,0.2941176470588235,0.929
100,8974.0916,2679.21,147272.32,32918.13,34964.115,861.67,151092.79,1313109140.8918655,12,0.2929787940332835,36935.95583333333,9111.425,3191306789.10159,0.4057953957659412,37848.14083333333,-912.1850000000012,8.333333333333334,0.0145166456477194,0.582766773729703,443231.47,454177.69,117736.47,249943.19,86498.03,0.0,53623.01,76516.56,0.1904497554690544,0.0,0.1098777000693275,0.1411638251099476,0.1726334098072955,0.0,0.0,0.172977408907954,0.0989924229875756,0.1180661471945044,1.024696396219339,-0.0246963962193388,0.259229972304452,0.5503202722264936,0.1904497554690544,0.0227665079718028,0.9238000660050034,Male,23,Master's,Self-Employed Business,586193.18,48849.43,Current,Mass Market,32496.55,0,1.2,iOS 17,0,6.4,1.9,VERIFIED,0.89,0.98,0.87,0.96,1,0.0,0.0,0.0,0.0,0.0,650.0,0.0,0.4765839469514459,11001.28916666667,0.0,0.3846153846153846,0.927
99,7605.830303030302,2256.48,119423.7,52852.74,25326.72959595959,1558.2,125561.54,795502480.15232,12,0.3042552511798355,25147.685,6679.54,1820163491.9028816,0.3810651860557993,37600.415,-12452.729999999998,8.25,0.1917493048635682,0.4856433191208357,301772.22000000003,451204.98,89294.55,273436.32,88474.11,0.0,28287.14,78027.78999999998,0.1960840724763277,0.0,0.1728354372329844,0.1352099659892938,0.2585651853573532,0.0,0.0,0.1052456912155535,0.1550003725579447,0.0626924374815189,1.4951839503318096,-0.4951839503318097,0.1979024034708127,0.6060135240528596,0.1960840724763277,0.0414410319673333,0.6735757995213508,Female,22,Bachelor's,Salaried - Private,1686826.96,140568.91,Savings,Affluent,169570.46,1,3.4,Android 14,0,9.6,4.0,VERIFIED,0.98,0.98,0.89,0.8,1,2.0,7504127.44,104196.97,11.925,0.7413,717.0,0.0,0.4228964392818138,-1228.4750000000058,0.7412518884865793,0.1428571428571428,0.926
100,5231.6613664,1101.365,104257.82,22728.35,15431.0868,108.19,107240.02,561778515.4291795,12,0.267190579392918,22026.186666666665,5598.08,1451019693.893988,0.3765476412955536,21570.991386666665,455.195280000002,8.333333333333334,0.0143300898378593,0.4708583103682299,264314.24,258851.89664,58962.86664,127095.64,72793.38999999998,13705.89664,37649.8,52707.02,0.2812163671384564,0.0529487974316895,0.0609858000073103,0.0293881176794301,0.1994104441743282,0.0,0.0,0.0884979028446495,0.1378953774854596,0.1454491950366572,0.9793339043707976,0.0206660956292026,0.2277861101477769,0.4909975227137667,0.2812163671384563,0.0050155321125793,0.7153628928496153,Male,47,Bachelor's,Salaried - Private,501529.64,41794.14,Savings,Mass Market,2000.85,0,0.9,Android 12,0,5.5,4.8,VERIFIED,0.94,0.92,0.94,0.84,1,1.0,635944.43,15075.72,14.84,0.3607,643.0,1.0,0.4142719089246242,5147.428613333337,0.3607137268526161,0.5,0.914
95,9812.753240421052,3065.66,121745.1,56356.72,36143.765578947365,134.87,193767.08,1648861608.4292288,12,0.3126683746044316,32351.385,3764.915,2938862049.3512454,0.3839784697258134,45332.91148666667,-12981.52648666667,7.916666666666667,0.1567059229345825,0.5205325528839682,388216.62,543994.93784,147805.59784000003,294626.35,101562.99,25741.62784000003,43537.12,77227.10999999999,0.1866984101051906,0.0473196091533689,0.0702485948706378,0.1443521704665133,0.198927882067491,0.0,0.0,0.152136746581899,0.1772493332067731,0.0800322153233072,1.401266483232995,-0.4012664832329951,0.2717039949431895,0.5415975949516199,0.1866984101051906,0.0029751012140411,0.7972963657888591,Male,66,Master's,Salaried - Private,829479.59,69123.3,Salary,Affluent,208914.92,1,0.4,Android 13,0,9.7,4.3,VERIFIED,0.98,0.93,0.84,0.98,1,1.0,903151.57,20282.32,12.42,0.2934,678.0,1.0,0.4386001029890753,3508.068513333332,0.2934223337138128,1.0,0.937
93,3871.7523655913974,1751.23,48126.22,18404.86,13500.510215053762,841.4,56054.2,153311504.2588543,12,0.3381671371826924,14571.031666666668,4781.465,429450519.4144879,0.4234458737340019,15435.049166666666,-864.0174999999996,7.75,0.0327729280132219,0.554947497830535,174852.38,185220.59,88192.03,82034.48,14994.08,0.0,51327.84,11827.63,0.0809525550048188,0.0,0.0868746827768986,0.1990285745229512,0.0676435173487487,0.0,0.0,0.2755346476328577,0.0166351915842617,0.277117355041359,1.059296933790664,-0.0592969337906638,0.4761459295643103,0.4429015154308708,0.0809525550048188,0.0545122980117923,0.8746658380725661,Male,50,High School,Salaried - Private,471879.46,39323.29,Current,Mass Market,27265.28,0,2.1,Android 13,0,2.3,3.0,VERIFIED,0.92,0.88,0.86,0.92,1,2.0,9692649.06,113103.13,9.11,2.8762,668.0,0.0,0.4760465233726151,-89214.88916666666,2.8762377206993612,0.2272727272727272,0.8960000000000001
93,6876.462580645161,2383.76,140187.97,36144.02,28605.10827956989,1434.09,141622.06,740851973.7670448,12,0.2881149751751669,26033.030833333338,8793.445,1799712040.3758628,0.3906024089393552,27259.55416666667,-1226.5233333333333,7.75,0.0270921388689566,0.6149829854215587,312396.37,327114.65,95561.33,203456.01,28097.31,0.0,32594.21,80089.99,0.0858943798451093,0.0,0.0923648635119216,0.1924925098891169,0.2563729853839211,0.0,0.0,0.2473855878970874,0.0373834372749737,0.0996415476958919,1.0471141197959504,-0.0471141197959502,0.2921340575850087,0.6219715625698818,0.0858943798451093,0.0526087107379629,1.04936082610436,Male,46,Bachelor's,Salaried - Private,199211.65,16600.97,Current,Mass Market,65622.19,0,4.8,Android 13,0,3.5,5.5,VERIFIED,0.97,0.97,0.92,0.78,1,0.0,0.0,0.0,0.0,0.0,650.0,0.0,0.4803546395322366,-10658.584166666667,0.0,0.1020408163265306,0.922
99,10336.771717171718,2863.64,61807.32,140300.53,63874.67040404041,273.0,669383.75,17178858904.205477,12,0.3136893936189023,14105.722500000002,3124.675,518220039.094366,0.3929227969595497,71172.64416666667,-57066.92166666666,8.25,0.3115104403176553,0.3726325434831787,169268.66999999998,854071.73,289611.2,515831.87,48628.66,0.0,39301.869999999995,29084.72,0.0569374424792165,0.0,0.137559476415406,0.293077643490202,0.1718257726016279,0.0,0.0,0.0958826959417097,0.336471492856929,0.0460170599488171,5.045657474593497,-4.045657474593496,0.3390947034390191,0.6039678540817643,0.0569374424792165,0.003835743398274,0.8974609718653079,Male,29,Diploma,Salaried - Private,4009029.23,334085.77,Salary,HNI,702904.04,0,0.4,Android 13,0,3.0,6.5,VERIFIED,0.93,0.99,0.95,0.85,1,0.0,0.0,0.0,0.0,0.0,650.0,0.0,0.3848066955690012,262913.12583333335,0.0,1.0,0.936
97,7068.784536082474,2099.47,127770.57,44168.73,22564.98010309278,225.48,136251.85,600165944.2213905,12,0.2918841863961008,28115.159166666668,4361.525,1915215403.2396636,0.4015664349512328,29024.1825,-909.0233333333332,8.083333333333334,0.0295456897675618,0.5469176925778528,337381.91000000003,348290.19,162921.43,141946.08,43422.67999999999,0.0,75766.77,22842.75,0.1246738531452751,0.0,0.1243749070279584,0.2502357588653301,0.0677059122701629,0.0,0.0,0.084216928418225,0.1333739546324862,0.217539202008532,1.0323321425265508,-0.0323321425265509,0.4677749608738621,0.4075511859808626,0.1246738531452751,0.0077686942603809,0.7774544589875282,Male,24,Master's,Salaried - Private,309556.68,25796.39,Savings,Mass Market,43832.08,1,2.7,Android 14,0,8.5,6.1,VERIFIED,0.97,0.95,0.94,0.75,1,0.0,0.0,0.0,0.0,0.0,650.0,0.0,0.4597069380018808,-3227.7924999999996,0.0,0.1785714285714285,0.914
95,5288.4349473684215,1655.46,80135.82,24429.51,16850.885894736843,694.84,82416.48,364826627.5315755,12,0.2905050636687897,22112.175,5314.969999999999,1073516304.3035364,0.4134629011612161,19754.601666666666,2357.5733333333355,7.916666666666667,0.0746852941795846,0.5344077966142095,265346.1,237055.22,61382.9,156869.26,18803.06,0.0,21531.23,50191.63,0.0793193248391661,0.0,0.143252403385169,0.1681113370969008,0.1891553333551915,0.0,0.0,0.2340560144594158,0.0727033135992533,0.0908279092103519,0.8933812104266843,0.1066187895733158,0.2589392463072528,0.6617414288535811,0.0793193248391661,0.0351735768569028,0.8530106645061101,Male,60,Diploma,Salaried - Private,479930.04,39994.17,Salary,Mass Market,16325.1,1,2.3,Android 14,0,5.1,3.4,VERIFIED,0.97,0.89,0.96,0.81,1,3.0,1780775.7000000002,40394.95,13.916666666666666,1.01,606.0,0.0,0.4618408593424135,-20155.381666666668,1.0100209605550008,0.2083333333333333,0.912
92,7151.796956521738,1634.86,148803.96,41678.13,22915.229782608694,670.3,150069.22,801585888.8694243,12,0.2723289650717748,27993.36083333333,5521.02,2272781204.851444,0.3801595670402464,26837.0825,1156.2783333333307,7.666666666666667,0.017464863758038,0.4462078725586618,335920.32999999996,322044.99,115224.71,176346.62,30473.66,0.0,51353.98,39512.3,0.0946254745338531,0.0,0.1175359380687773,0.198328593778155,0.1176240211481097,0.0,0.0,0.2576146270743103,0.0497413730920018,0.1594621298098753,0.9586945511752742,0.0413054488247257,0.3577907235880303,0.5475838018781165,0.0946254745338531,0.0249766344758227,0.8538644162460169,Female,38,Bachelor's,Retired,544821.73,45401.81,Salary,Mass Market,58691.57,0,3.8,Android 11,0,7.0,6.6,VERIFIED,0.95,0.98,0.85,0.79,1,1.0,4553483.64,38119.17,8.97,0.8396,640.0,0.0,0.4065788892476126,-19554.442500000005,0.8395958222810941,0.1282051282051282,0.907
95,7609.201473684211,1857.76,143340.1,38292.03,28597.142842105262,929.57,154114.55,1193179698.751784,12,0.2713573112800414,32226.285,4031.875,2716026244.963754,0.3924218419941943,28013.226666666666,4213.0583333333325,7.916666666666667,0.0962690235228989,0.5241405239627196,386715.42,336158.72,103611.78,187014.81,45532.13,0.0,24419.58,67168.40000000001,0.1354483084657152,0.0,0.1414483610599183,0.235579788023943,0.1736894794627015,0.0,0.0,0.0828556224869014,0.1322133485039448,0.0726430062560923,0.8692663974971568,0.130733602502843,0.3082227942800353,0.5563288972542495,0.1354483084657152,0.033183253434568,1.0208443026712597,Female,52,High School,Salaried - Private,304022.01,25335.17,Savings,Mass Market,18964.06,0,1.1,Android 12,0,7.8,1.3,VERIFIED,0.94,0.92,0.84,0.9,1,0.0,0.0,0.0,0.0,0.0,650.0,0.0,0.4451093147816044,-2678.0566666666673,0.0,0.4166666666666666,0.906
98,5922.575510204082,1478.385,126732.23,32343.99,21600.56224489796,1412.79,135322.93,838436175.1547827,12,0.2633060358285777,26147.02416666667,4576.4400000000005,1945725063.0014267,0.382390116606134,22220.67583333333,3926.348333333334,8.166666666666666,0.1304821389863915,0.5196018189876357,313764.29,266648.11,58559.51,162708.75,45379.850000000006,0.0,27526.789999999997,60566.12999999999,0.170186280337783,0.0,0.0941312503583843,0.1163807986488259,0.1930306664279736,0.0,0.0,0.1427401829324798,0.1461900479999652,0.1032326462017675,0.8498357477200481,0.1501642522799519,0.2196134448505935,0.6102002748116235,0.170186280337783,0.0635799743714665,0.9720929465383256,Female,27,Bachelor's,Self-Employed Business,334035.87,27836.32,Savings,Mass Market,19306.14,1,3.7,Android 13,0,7.6,6.4,VERIFIED,0.97,0.96,0.86,0.81,1,1.0,5312124.44,49411.95,9.47,1.7751,617.0,0.0,0.4372747975587346,-43796.305833333325,1.7750891640849078,0.131578947368421,0.913
94,10599.42414893617,2894.985,131947.29,62074.73,46891.969999999994,1504.93,327425.33,4323370671.168439,12,0.3365416830986767,28594.154166666664,2096.3450000000003,2313517004.9251537,0.38307442006376,54434.668333333335,-25840.514166666664,7.833333333333333,0.2205358811902093,0.4357491548542508,343129.85,653216.02,149793.91,420751.28,82670.83,0.0,90734.13,80462.98000000001,0.1265597099103601,0.0,0.0750599166260496,0.0904138572719021,0.2344971735918633,0.0,0.0,0.3194973846477311,0.1263856786610959,0.1389037121287993,1.9036991972572483,-0.9036991972572482,0.2293175694007014,0.6441227206889384,0.1265597099103601,0.02764653567437,0.8614357620929136,Female,28,Master's,Salaried - Private,2214591.52,184549.29,Savings,Affluent,388449.68,0,3.6,Android 11,0,4.7,5.0,VERIFIED,0.85,0.92,0.86,0.8,1,0.0,0.0,0.0,0.0,0.0,650.0,0.0,0.4041443139799563,130114.62166666667,0.0,0.1351351351351351,0.8630000000000001
95,6817.759789473685,2032.32,116735.97,29751.68,22332.45105263158,1686.32,119743.26,719701082.8545731,12,0.2917673358238662,25896.275000000005,4902.115,1707613071.4699,0.3956119945687996,28077.656666666662,-2181.381666666666,7.916666666666667,0.0470685038557267,0.5765354896800007,310755.3,336931.88,79194.44,230509.49,27227.95,0.0,31045.07,108925.1,0.0808114387988456,0.0,0.0380948813748345,0.1429053552308555,0.3505172719499876,0.0,0.0,0.111581901955968,0.211180699196526,0.0921404943931099,1.0842353453022362,-0.0842353453022361,0.2350458496239655,0.6841427115771888,0.0808114387988456,0.0600591431122516,0.7953815846442877,Female,47,Bachelor's,Salaried - Private,644256.45,53688.04,Savings,Affluent,58849.42,0,0.9,Android 14,0,4.0,6.0,VERIFIED,0.92,0.89,0.84,0.91,1,0.0,0.0,0.0,0.0,0.0,650.0,0.0,0.46798139261328,25610.383333333335,0.0,0.5,0.8930000000000001
91,4205.61978021978,961.07,111218.21,22059.64,12890.32923076923,281.09,112686.69,407331411.7909222,12,0.2504965067636837,16354.4,2585.24,1034600200.1868362,0.3468710764932022,15538.216666666667,816.1833333333337,7.583333333333333,0.0408244062587685,0.426531793882141,196252.8,186458.6,70973.81,97394.71,18090.08,0.0,20836.570000000003,19108.710000000003,0.0970192847098498,0.0,0.103141877070835,0.2688920757744614,0.097367833732818,0.0,0.0,0.2579843997541545,0.0587309998037097,0.1117490424147773,0.9500939604428572,0.0499060395571426,0.3806411181892388,0.5223395971009114,0.0970192847098498,0.0180902355804452,0.8295887171159214,Male,64,Bachelor's,Retired,245457.65,20454.8,Salary,Mass Market,19771.31,0,0.2,Android 12,0,5.9,2.5,VERIFIED,0.99,0.94,0.83,0.81,1,1.0,1537899.52,135800.19,10.83,6.639,626.0,0.0,0.3787353634487777,-130883.60666666667,6.6390377808631715,1.6666666666666663,0.907
99,3703.260202020202,1054.94,71786.72,18016.86,13077.94707070707,1035.33,73198.51,244047428.92722908,12,0.2843216043926067,15009.258333333331,4067.295,577585704.8012697,0.3947978018456113,15542.638333333336,-533.380000000001,8.25,0.0229193520351393,0.5541338414106814,180111.1,186511.66,63091.34,86709.51,36710.81,0.0,42873.759999999995,19471.63,0.1968284985507072,0.0,0.0820304210471345,0.1083984776072445,0.1081089949481181,0.0,0.0,0.201055312037864,0.0774165540106178,0.229871740994638,1.0355367326055973,-0.0355367326055973,0.3382702186018825,0.4649012828474101,0.1968284985507072,0.0666122429021327,0.8414238812119565,Male,50,Diploma,Self-Employed Business,395320.44,32943.37,Current,Mass Market,23424.68,1,4.4,Android 12,0,8.0,5.8,VERIFIED,0.87,0.93,0.84,0.95,1,0.0,0.0,0.0,0.0,0.0,650.0,0.0,0.4585322176716393,17400.731666666667,0.0,0.1111111111111111,0.8980000000000001
95,29244.81031578947,2525.86,130376.79,486871.85,202015.33042105264,194.42,1723417.72,169495335363.68304,12,0.3007093926069018,26064.847500000003,2510.6949999999997,2169174365.456893,0.3689045157291639,205456.5675,-179391.71999999997,7.916666666666667,0.3235664747800535,0.3605474638286139,312778.17,2465478.8099999996,1120040.1099999996,980448.79,364989.9099999999,58147.84999999977,881461.61,511171.58,0.1480401731783694,0.0235848102868098,0.0274596397768269,0.0731828029785419,1.6342942987357465,0.0,0.0,0.0463313412131901,0.1165481969808534,0.3575214706469126,7.882515618017714,-6.882515618017713,0.4542890839122644,0.3976707429093662,0.1480401731783693,0.0009462827222595,0.9832507808301268,Male,23,Master's,Unemployed,6004028.05,500335.67,Salary,HNI,2210289.57,1,0.9,Android 14,0,6.5,2.3,VERIFIED,0.95,0.91,0.84,0.83,1,2.0,1760630.38,54957.61,13.41,0.1098,774.0,2.0,0.365561694968944,239921.4925,0.1098414790214737,0.5,0.8920000000000001
90,6614.090508444444,1598.005,131559.99,45189.95,20679.620666666666,449.7,132824.74,711951209.2385542,12,0.2658719693830611,22686.7675,3131.5,2158157742.484838,0.3377865992279037,26918.911313333338,-4232.143813333336,7.5,0.1811209858625091,0.4728408668656701,272241.21,323026.93576,102181.36576000002,215697.57,5148.0,12438.725760000012,55708.8,33057.55,0.0159367514906707,0.0385067756988588,0.2861490475477741,0.1053591395402586,0.1214274282721561,0.0,0.0,0.1399465028934527,0.1393062776456311,0.1724586832640795,1.1865467970848351,-0.1865467970848353,0.316324598503197,0.6677386500061322,0.0159367514906707,0.0167057276115493,0.7682190570769385,Male,60,Bachelor's,Salaried - Private,476346.06,39695.5,Savings,Mass Market,52253.57,1,3.3,Android 14,0,2.8,4.5,VERIFIED,0.96,0.91,0.96,0.97,1,1.0,659776.85,10803.66,9.56,0.2722,653.0,1.0,0.3918083062830103,1972.9286866666664,0.2721633434520286,0.1470588235294117,0.9469999999999998
95,6238.859684210527,1173.4,142079.29,45286.6,22863.12136842105,218.33,144229.12,933346079.1857568,12,0.2697347754878514,20910.319166666668,2144.505,1759392946.2416267,0.3424115805128422,28480.653333333332,-7570.334166666665,7.916666666666667,0.1950798340531777,0.4786390674667827,250923.83,341767.84,127176.68,199702.38,14888.78,0.0,96912.82,46575.35,0.043564017023954,0.0,0.1388571551963461,0.0885509297773599,0.1856154913624584,0.0,0.0,0.1810309887554077,0.128155855741137,0.2835633101113317,1.3620381930245524,-0.3620381930245523,0.3721142398886916,0.5843217430873542,0.043564017023954,0.0076659056042253,0.8027597225679649,Male,20,Bachelor's,Self-Employed Business,1786281.74,148856.81,Salary,Affluent,134492.73,0,0.4,Android 12,0,10.0,0.7,VERIFIED,0.96,0.96,0.94,0.78,1,0.0,0.0,0.0,0.0,0.0,650.0,0.0,0.3969025752944184,120376.15666666666,0.0,1.0,0.92
97,4615.938474226804,1183.28,132343.5,27702.26,15010.367835051546,0.0,133164.38,675301306.9657129,12,0.243308663132841,19387.6,3972.575,1438488081.471709,0.3480814797013348,17924.569333333333,1463.0306666666663,8.083333333333334,0.0301182546722972,0.401511779668516,232651.2,215094.832,57868.962,123938.58,33287.29,7655.262000000002,6583.009999999999,26084.58,0.1547563448665284,0.035590171687621,0.0603973599886397,0.2028439716301505,0.1121188285295756,0.0,0.0,0.2289914152842128,0.1655454464847393,0.0306051518708734,0.9245378145481304,0.0754621854518695,0.269039295188645,0.5762043599448265,0.1547563448665284,0.0,0.8374186043699021,Male,51,Bachelor's,Salaried - Private,230803.48,19233.62,Savings,Mass Market,7744.93,0,0.3,Android 14,0,4.2,0.9,REJECTED,0.43,0.54,0.31,0.17,0,1.0,184752.18,4152.79,12.46,0.2159,634.0,1.0,0.3694535996882073,-2843.739333333335,0.2159130730460516,1.25,0.387
96,6029.808454166668,1180.87,90803.82,29804.66,20418.98125,47.12,93143.61,709551040.5068365,12,0.2830140620352384,22807.839999999997,797.185,1596193268.146273,0.3735459127542846,25430.627633333337,-2622.787633333333,8.0,0.0590933667495757,0.5263538082738068,273694.08,305167.5316,101236.8316,170566.39,33364.31,6210.091599999998,14263.82,34388.520000000004,0.1093311264965515,0.0203497782593067,0.203343290403965,0.264651090424195,0.1256458305565104,0.0,0.0,0.1768817924927633,0.0660146244732413,0.0467409488985098,1.114995003180193,-0.114995003180193,0.3317418175820117,0.5589270559214368,0.1093311264965515,0.0018528838799966,0.8029287182529349,Male,63,Bachelor's,Salaried - Govt,331221.2,27601.77,Savings,Mass Market,71846.39,1,0.2,Android 14,0,9.6,0.7,VERIFIED,0.96,0.95,0.84,0.94,1,2.0,963861.67,72733.79,12.595,2.6351,660.0,1.0,0.4346690709620935,-70562.64763333333,2.63511325541804,1.6666666666666663,0.929
92,7466.476304347825,1989.635,120669.36,41749.88,21653.840978260872,1222.82,121892.18,548215303.6227756,12,0.2867122892717811,28605.51833333333,6513.975,2134301741.24536,0.3927405019773216,28637.46666666667,-31.948333333334933,7.666666666666667,0.0006142597790156,0.5308554976475269,343266.22,343649.6,102757.43,181156.75,59735.420000000006,0.0,72030.0,40533.53,0.1738265372635382,0.0,0.1749624035645611,0.0894150029564998,0.1180819073895474,0.0,0.0,0.0857963460455068,0.1484464989919965,0.2096030375126291,1.001116859095544,-0.001116859095544,0.299018040469129,0.5271554222673328,0.1738265372635382,0.0427000060526769,0.7561367501639182,Male,50,High School,Salaried - Private,508155.18,42346.26,Savings,Mass Market,44215.78,0,0.7,Android 13,0,4.9,6.0,VERIFIED,0.88,0.9,0.97,0.77,1,2.0,1928177.76,58161.02,11.115,1.3735,665.0,0.0,0.4479865002454037,-44452.22666666668,1.3734629693389688,0.625,0.882
97,5605.806804123711,1759.97,83208.77,20952.9,24305.420515463917,1131.14,84377.53,607909780.8923258,12,0.3122793734495064,21981.11333333333,5783.885,1067821411.7656608,0.412666482479853,23332.49166666667,-1351.378333333333,8.083333333333334,0.0414446760006937,0.6003781645182292,263773.36,279989.9,74204.78,158687.55,47097.57,0.0,32391.379999999997,40934.9,0.1682116747782687,0.0,0.153001090396475,0.1493389582981386,0.1551896673720197,0.0,0.0,0.1087903527948686,0.158768905592666,0.1156876730196339,1.0614790667260714,-0.0614790667260712,0.2650266313177725,0.5667616939039586,0.1682116747782687,0.0484791772846091,1.0416984547855723,Male,66,High School,Salaried - Private,394443.92,32870.33,Current,Mass Market,46904.43,0,1.8,Android 12,1,6.0,4.9,VERIFIED,0.92,0.89,0.85,0.88,1,1.0,577221.61,19415.53,12.88,0.5907,599.0,0.0,0.4877511552952035,-9877.691666666666,0.590670370513469,0.763157894736842,0.8890000000000001
95,18334.820063157895,4321.34,143703.55,189809.28,141010.71757894737,1096.56,890280.34,49501997051.69068,12,0.3328940677558669,30695.009166666667,4691.045,2606708863.938917,0.3857331754227305,114455.64966666664,-83760.6405,7.916666666666667,0.3381422408643739,0.4354080382157886,368340.11,1373467.796,509797.2059999999,655745.11,207925.48,45247.85599999991,124823.87,147478.78000000003,0.1513872262644591,0.032944242399987,0.0347499156070492,0.2473487044904837,0.4003875114225275,0.0,0.0,0.3008040750596528,0.0345066190397958,0.0908822692192194,3.72880324111322,-2.7288032411132197,0.3711752161096902,0.4774375576258506,0.1513872262644591,0.009580654193948,1.2320118577773838,Male,39,High School,Self-Employed Professional,4225152.13,352096.01,Savings,HNI,1079401.69,0,0.3,Android 11,0,9.6,1.8,VERIFIED,0.86,0.89,0.86,0.86,1,1.0,879045.19,19301.62,11.43,0.0548,806.0,1.0,0.4056031205399537,218338.74033333335,0.0548191954802327,1.25,0.8690000000000001
92,5779.310217391305,1114.675,125242.79,42319.31,19863.335217391304,271.09,130476.63,1067123555.3859786,12,0.2483167766103036,25635.126666666667,2864.16,1900534606.552424,0.3804975292210117,18672.918333333335,6962.208333333332,7.666666666666667,0.1205643675950692,0.4705179414450289,307621.52,224075.02,33885.46,187671.19,2518.37,0.0,26482.85,55829.03999999999,0.0112389591664434,0.0,0.1301207961512175,0.0330363018599752,0.1814861326996888,0.0,0.0,0.2670937617231943,0.1911694128154044,0.118187426693078,0.7284113933251483,0.2715886066748516,0.1512237285530533,0.8375373122805032,0.0112389591664434,0.0145178163991684,1.0637509821875533,Male,61,Diploma,Self-Employed Professional,371192.46,30932.71,Savings,Mass Market,2848.3,1,0.8,iOS 16,0,9.2,6.0,VERIFIED,0.86,0.89,0.86,0.79,1,1.0,837439.2,22649.71,13.44,0.7322,630.0,0.0,0.4165056941106186,-10389.918333333337,0.7322252075553678,0.5555555555555556,0.8550000000000001
98,5750.38,1693.955,117685.89,34615.92,17604.186020408164,722.14,125927.87,570702051.3825542,12,0.2718936931183014,22759.781666666662,4993.12,1622182113.1706698,0.3711657193118804,24201.655,-1441.8733333333355,8.166666666666666,0.0401572133894307,0.4871124918468405,273117.38,290419.86,85931.09,156816.91,47671.86,0.0,60735.75,86052.31,0.1641480716917913,0.0,0.1230093561783274,0.0867548796421842,0.3150744562649217,0.0,0.0,0.0881695211890812,0.0324842109627075,0.209130842498168,1.063351808661902,-0.0633518086619021,0.2958857221403522,0.5399662061678565,0.1641480716917913,0.0298384552626669,0.7273959578552858,Male,19,Master's,Salaried - Private,209593.48,17466.12,Savings,Mass Market,22304.49,0,2.1,Android 12,0,0.6,2.4,VERIFIED,0.99,0.95,0.93,0.82,1,0.0,0.0,0.0,0.0,0.0,650.0,0.0,0.4175444283258644,-6735.535,0.0,0.2272727272727272,0.932
92,4826.707065217392,1131.085,86315.84,17695.41,15312.449782608694,580.27,87286.91,396777176.70501304,12,0.2674162881000609,20567.653333333332,2761.51,1131271354.879388,0.3897710346889857,16437.100833333334,4130.552499999999,7.666666666666667,0.0928342971456895,0.4957296478446541,246811.84,197245.21,88034.34,91814.17,17396.699999999997,0.0,55119.94,22179.13,0.0881983395186123,0.0,0.1704213248068229,0.1668704654475513,0.0898625041651162,0.0,0.0,0.1532071678698813,0.02940943407447,0.2794488139914779,0.799172397888205,0.2008276021117949,0.4463192794390292,0.4654823810423584,0.0881983395186123,0.0353024542395731,0.93157850267342,Male,53,Bachelor's,Salaried - Govt,505721.6,42143.47,Savings,Mass Market,35090.08,1,3.4,Android 13,0,5.7,6.0,VERIFIED,0.89,0.99,0.82,0.77,1,1.0,9087709.54,116401.89,9.26,2.762,651.0,0.0,0.4321544799512531,-90695.52083333334,2.762038579167781,0.1428571428571428,0.8820000000000001
96,7649.814583333333,1960.84,136986.24,31037.62,24092.970729166667,1651.34,139917.75,905407361.7074718,12,0.2809622422668872,30438.685833333333,3980.43,2498171292.405499,0.3887892912361924,30759.830833333337,-321.14500000000163,8.0,0.0066092262447639,0.556807067776076,365264.23,369117.97,162497.71,162573.62,44046.64,0.0,108401.49,32143.410000000003,0.119329438228109,0.0,0.0600353323356215,0.1465553681929926,0.0880004319065132,0.0,0.0,0.1649869823460505,0.1283341203897496,0.2936770864880949,1.010550554046861,-0.0105505540468608,0.4402324546810874,0.4404381070908034,0.119329438228109,0.053684950640577,0.7832608332506813,Male,58,Bachelor's,Self-Employed Professional,243669.93,20305.83,Savings,Mass Market,65939.47,0,2.5,Android 14,0,8.4,5.4,VERIFIED,0.98,0.88,0.93,0.76,1,1.0,1252790.28,22242.67,12.19,1.0954,641.0,0.0,0.4559964018521458,-32696.670833333337,1.0953834440650787,0.1923076923076923,0.8960000000000001
95,6368.089894736842,2769.5,103153.14,23882.41,22309.09389473684,1060.67,106755.67,564592112.8729261,12,0.3079094821881761,24151.534166666668,6334.575000000001,1343969436.4838085,0.4076239987936533,26262.510833333337,-2110.9766666666674,7.916666666666667,0.0494278286042787,0.6074519474752034,289818.41000000003,315150.13,87294.59,184768.48,43087.06,0.0,63593.17,53122.0,0.1367191566762165,0.0,0.0756675556503816,0.0752067593943242,0.1832940840438673,0.0,0.0,0.1703606785756363,0.1716980094534627,0.2017869070845695,1.0874054895270455,-0.0874054895270455,0.2769936664788937,0.5862871768448898,0.1367191566762165,0.0403872275096316,0.8494653857094778,Female,19,Diploma,Self-Employed Professional,574408.76,47867.4,Savings,Mass Market,48455.32,1,0.6,Android 14,0,4.6,1.4,VERIFIED,0.93,0.99,0.96,0.9,1,1.0,585237.95,52855.73,15.12,1.1042,663.0,0.0,0.4875551782662733,-31250.840833333343,1.1042114257302464,0.7142857142857143,0.948
92,5469.349347826087,1625.505,117190.83,25070.71,20637.17402173913,812.02,130024.44,702803611.5008092,12,0.2838930315390078,19863.048333333336,3968.96,1226648720.8130517,0.3720100282081705,22068.63,-2205.5816666666656,7.666666666666667,0.0480211484030505,0.4856966624060857,238356.58,264823.56,114871.25,103425.65,46526.65999999999,0.0,79917.16,35844.78,0.1756892777968847,0.0,0.1415296282551295,0.1319901069225109,0.1503830101942224,0.0,0.0,0.0444960788231983,0.0691663536280533,0.3017751139664461,1.1110394351185942,-0.1110394351185941,0.4337652208889571,0.390545501314158,0.1756892777968847,0.0367952156522629,0.9351361648520606,Female,24,Bachelor's,Salaried - Private,227295.88,18941.32,Savings,Mass Market,70181.08,0,0.5,Android 14,0,1.2,0.9,VERIFIED,0.98,0.92,0.88,0.84,1,0.0,0.0,0.0,0.0,0.0,650.0,0.0,0.4174846818873365,-3127.3100000000013,0.0,0.8333333333333334,0.914
97,9928.248144329898,3024.51,119564.98,67009.91,40321.58536082474,276.57,325343.74,3397158497.2423234,12,0.3412890077774463,27750.36666666667,2587.57,1916032301.453406,0.3983810932102466,52502.9725,-24752.605833333335,8.083333333333334,0.2560493190492675,0.4607028233420648,333004.4,630035.67,204763.7,400043.36,25228.61,0.0,142180.56,79802.54000000001,0.0400431454936511,0.0,0.1372637679387263,0.0993326933378232,0.2396441007986681,0.0,0.0,0.2873451117458159,0.0836811033254672,0.2256706513140755,1.8919740099530216,-0.8919740099530217,0.3250033446518988,0.6349535098544499,0.0400431454936511,0.0052677017477439,0.7679867146726739,Male,19,Bachelor's,Salaried - Private,1556329.23,129694.1,Savings,Affluent,320975.23,0,3.7,Android 13,0,9.8,4.3,VERIFIED,0.99,0.98,0.93,0.88,1,0.0,0.0,0.0,0.0,0.0,650.0,0.0,0.4233097852629739,77191.1275,0.0,0.131578947368421,0.953
95,9416.196842105262,2494.6,126471.22,120929.15,42402.83378947368,241.4,351243.83,4101668314.3925543,12,0.3150356888370562,23397.040833333333,3972.625,1696377290.472663,0.3723923650248049,51147.85083333333,-27750.81,7.916666666666667,0.2798661772546765,0.4668030574843294,280764.49,613774.21,124371.32,390422.66,98980.23,0.0,76546.58,210813.09000000003,0.1612648892497454,0.0,0.1658693512065292,0.077919109699966,0.7508538205810857,0.0,0.0,0.0719923699628891,0.0547696195967569,0.1247145591210161,2.1860820433524197,-1.1860820433524195,0.2026336688209822,0.6361014419292723,0.1612648892497454,0.0047196508957259,0.8290247409934091,Male,49,High School,Self-Employed Business,1912212.9,159351.07,Savings,Affluent,358508.14,1,1.3,Android 12,0,5.5,2.5,VERIFIED,0.96,0.89,0.88,0.78,1,0.0,0.0,0.0,0.0,0.0,650.0,0.0,0.4101566420086147,108203.21916666668,0.0,0.3571428571428571,0.887
93,5300.734301075268,1277.2,129510.68,28563.91,15702.50946236559,0.0,132473.74,610577184.6025592,12,0.2613676161209017,20232.578333333335,1881.795,1632439809.1501062,0.3434254269976249,20848.1125,-615.5341666666658,7.75,0.0118734641294716,0.4498243288473553,242790.94,250177.35,75727.1,131176.65,43273.6,0.0,59263.380000000005,49373.86,0.1729716938803612,0.0,0.0917590661184955,0.0658081956659945,0.2033595652292462,0.0,0.0,0.1455603794668062,0.0896597553695408,0.2368854734451379,1.0304229227004928,-0.0304229227004928,0.3026936691111326,0.5243346370085061,0.1729716938803612,0.0,0.7531861439430352,Female,28,Diploma,Salaried - Private,190811.81,15900.98,Salary,Mass Market,26896.49,0,0.3,Android 13,1,0.1,1.3,VERIFIED,0.95,0.98,0.88,0.83,1,1.0,1407257.99,124231.43,10.78,7.8128,560.0,0.0,0.385984987737517,-129178.5625,7.812815939646487,1.75,0.921
92,7692.468586956522,1971.965,118227.88,36991.79,22504.0275,811.13,120586.65,716952452.3510541,12,0.2729023536779369,31680.318333333333,4678.75,2604492418.1867976,0.3933472661361483,27295.274166666662,4385.044166666669,7.666666666666667,0.0693806199026806,0.5337893451576295,380163.82,327543.29,112356.42,190503.54,24683.32999999999,0.0,48606.83999999999,46072.02,0.0753589853725899,0.0,0.0756064030498075,0.1946294793582857,0.1211899122857088,0.0,0.0,0.2439430220048165,0.1214045630426439,0.1483982163090564,0.8615845926632365,0.1384154073367635,0.3430276956673422,0.581613318960068,0.0753589853725899,0.0297168658225299,0.8244660728662767,Female,40,Diploma,Self-Employed Business,269685.74,22473.81,Savings,Mass Market,51354.79,0,0.2,Android 14,0,4.0,3.0,VERIFIED,0.93,0.96,0.91,0.92,1,2.0,1311670.45,72662.66,14.815,3.2332,663.0,0.0,0.4495240977447408,-77484.12416666668,3.233215017836317,1.6666666666666663,0.933
91,4064.28923076923,1022.77,149231.05,12562.08,10365.567912087912,679.04,150568.6,303424560.45953226,12,0.2007451240327673,21523.471666666665,2667.115,1908792136.7213416,0.3397481438956662,9297.388333333334,12226.08333333333,7.583333333333333,0.2181366957658624,0.4846841981173581,258281.65999999997,111568.66,44610.82,63092.26,3865.58,0.0,36342.97,15568.55,0.0346475434947412,0.0,0.2485642473432951,0.0741054880465535,0.0602774118766311,0.0,0.0,0.0820664154252636,0.0953286523294265,0.3257453302746488,0.4319650880360611,0.5680349119639388,0.3998508183212024,0.5655016381840563,0.0346475434947412,0.0730355639298706,1.1148902832126415,Male,28,Bachelor's,Salaried - Private,359567.23,29963.94,Savings,Mass Market,3855.6,1,1.9,Android 13,0,3.6,2.3,REJECTED,0.42,0.56,0.56,0.21,0,0.0,0.0,0.0,0.0,0.0,650.0,0.0,0.3977225655843429,20666.551666666663,0.0,0.25,0.448
100,3565.1287,873.265,47071.05,31076.41,11989.9073,122.06,58594.83,197037150.727822,12,0.3156702613668672,11617.218333333332,2289.365,361606621.57028794,0.3895513777704414,18092.1875,-6474.969166666666,8.333333333333334,0.1822617822167875,0.4564308133805363,139406.62,217106.25,110898.5,90255.43,15952.320000000002,0.0,28327.76000000001,8532.67,0.0734770187408239,0.0,0.1721878573279212,0.3803241039813455,0.0612070646286381,0.0,0.0,0.1476279471456947,0.0566024699887727,0.130478786308547,1.5573596863620969,-0.5573596863620967,0.5108028902898927,0.4157200909692834,0.0734770187408239,0.0067465584247344,0.6627118638915277,Male,30,High School,Salaried - Private,2385257.91,198771.49,Savings,Affluent,89671.24,0,0.6,Android 13,0,8.0,3.4,VERIFIED,0.9,0.95,0.91,0.79,1,0.0,0.0,0.0,0.0,0.0,650.0,0.0,0.4163031520144794,180679.3025,0.0,0.7142857142857143,0.895
94,4910.443085106383,1417.02,105549.52,28444.12,17785.04819148936,1348.27,108592.03,432468206.0885826,12,0.2753727400925443,19249.815833333338,2744.26,1095854899.7965536,0.3778730439352618,19215.321666666667,34.49416666666699,7.833333333333333,0.0008379883933754,0.4925371619307053,230997.79,230583.86,49667.53,153081.19,27835.140000000003,0.0,25598.300000000003,57035.02,0.1207159078697008,0.0,0.0166628314748482,0.1043838454261282,0.2469072106707167,0.0,0.0,0.2325006182132608,0.1673712114976303,0.111015142169968,0.9982080780946,0.0017919219054,0.2153989875960962,0.6638851045342028,0.1207159078697008,0.0701664028002653,0.9255659884341962,Male,26,Bachelor's,Salaried - Private,374753.33,31229.44,Savings,Mass Market,27794.71,1,0.6,Android 12,0,1.6,3.2,REJECTED,0.44,0.66,0.59,0.17,0,1.0,396056.37,9168.38,13.77,0.2936,615.0,0.0,0.4237386911334392,2845.738333333331,0.2935813130174604,0.7142857142857143,0.482
99,6349.460909090909,1711.84,114650.68,25933.86,21960.13464646465,1667.66,118069.14,680557755.187727,12,0.2999121826117691,23912.8125,5140.97,1439421897.2595477,0.3969866898271195,28470.24,-4557.4275,8.25,0.0925387793461424,0.5644889158812091,286953.75,341642.88,114142.57,170121.88,57378.43,0.0,71377.55,34034.04,0.1679485607895589,0.0,0.1915357931650734,0.1251746267915784,0.1186046183400635,0.0,0.0,0.0574585953613316,0.1493392164355949,0.2089244476571559,1.1905851726976908,-0.1905851726976908,0.3340990744487343,0.4979523647617067,0.1679485607895589,0.0585755511720308,0.7713364778963805,Female,34,Diploma,Salaried - Govt,218464.47,18205.37,Savings,Mass Market,68963.89,0,1.0,Android 13,0,2.8,4.0,VERIFIED,0.87,0.89,0.93,0.83,1,2.0,2516761.95,221546.55,10.3,12.1693,638.0,0.0,0.4639875802487553,-231811.42,12.169296751453006,0.4545454545454545,0.8800000000000001
97,6531.39793814433,1531.93,133563.01,27320.15,21916.640618556703,711.05,135633.49,777003686.4924892,12,0.2757974552114478,25276.2325,2706.9300000000003,2095915782.9043472,0.3657569602888194,27519.234166666665,-2243.0016666666675,8.083333333333334,0.0545718944491955,0.5305724122541005,303314.79,330230.81,115893.75,152003.91999999998,62333.14000000001,0.0,56047.34,36635.66,0.1887562823105451,0.0,0.1468570119184215,0.1812260037154013,0.120784284867876,0.0,0.0,0.101304296834084,0.1011951307632379,0.1697217167592569,1.0887395566830091,-0.0887395566830091,0.3509477204746583,0.4602959972147964,0.1887562823105451,0.0258382917087597,0.7964117201017084,Male,53,High School,Self-Employed Professional,526948.4,43912.37,Salary,Mass Market,59088.05,1,2.3,Android 13,0,4.9,5.5,VERIFIED,0.91,0.89,0.98,0.76,1,1.0,61514.74,2060.55,12.59,0.0469,627.0,0.0,0.4316831410749318,14332.585833333338,0.0469241354998602,0.2083333333333333,0.888
97,6046.538453608247,1971.67,114121.71,39296.19,21490.35494845361,599.17,129318.04,680626841.3102087,12,0.3026849227078951,18250.9525,4192.43,1119900919.137766,0.3629183384231915,30625.233333333337,-12374.280833333332,8.083333333333334,0.1796479070479694,0.4247379185332627,219011.43,367502.8,170778.62,188684.49,8039.69,0.0,85130.17,31013.9,0.021876540804587,0.0,0.2149522670303464,0.2330552311438171,0.1416085909306194,0.0,0.0,0.1203617496247647,0.0937183335746013,0.2316449561744835,1.678007398974565,-0.6780073989745649,0.4647001873183007,0.5134232718771122,0.021876540804587,0.0195645856303679,0.7017205294257439,Male,23,High School,Retired,1235852.54,102987.71,Savings,Affluent,168614.23,0,1.3,Android 12,1,8.7,1.5,VERIFIED,0.95,0.95,0.91,0.87,1,1.0,586770.89,16211.54,14.6,0.1574,643.0,0.0,0.38764617046722,56150.936666666676,0.1574123747386945,0.8571428571428571,0.926
94,9994.146170212764,3026.4,122701.21,50074.89,37796.56797872341,2036.65,202381.05,1443183816.3873663,12,0.3356056819416071,31400.132500000003,8791.720000000001,2148043037.400584,0.4143996781211153,46887.34583333333,-15487.213333333331,7.833333333333333,0.1868152060874112,0.4916813088523357,376801.59,562648.15,151595.31,335849.32,75203.52,0.0,63655.829999999994,120131.87,0.1336599436077414,0.0,0.1325750204634992,0.1562956885222141,0.3188199657013125,0.0,0.0,0.1065849590014648,0.1442367312502494,0.1131361224594802,1.493221273296644,-0.4932212732966439,0.2694318109816943,0.5969082454105643,0.1336599436077413,0.0434370929683142,0.806114470908117,Male,26,High School,Self-Employed Professional,790433.74,65869.48,Salary,Affluent,252455.94,0,0.4,Android 13,0,8.3,1.7,VERIFIED,0.89,0.96,0.88,0.96,1,0.0,0.0,0.0,0.0,0.0,650.0,0.0,0.4453123304136035,18982.134166666663,0.0,1.0,0.923
95,6493.376210526316,1600.45,122725.51,31498.56,24107.18789473684,1540.92,128189.29,555667833.2038674,12,0.2870338147441179,25117.655833333338,4390.84,1670377736.6561172,0.3909582565949648,26288.239166666663,-1170.5833333333358,7.916666666666667,0.0381538023843936,0.5910297832903327,301411.87,315458.87,127738.2,147081.18,40639.490000000005,0.0,100174.59,48060.24,0.1288265883916974,0.0,0.1547571954467471,0.0873762402052603,0.1594503892630373,0.0,0.0,0.0941571875915234,0.0649805472263309,0.3175519838766936,1.0466040040161655,-0.0466040040161657,0.404928224081954,0.4662451875263485,0.1288265883916974,0.0586163261156676,0.9170331927482088,Female,44,Master's,Salaried - Private,378358.36,31529.86,Savings,Mass Market,66251.44,0,1.1,Android 14,0,6.2,4.7,VERIFIED,0.85,0.96,0.89,0.78,1,0.0,0.0,0.0,0.0,0.0,650.0,0.0,0.470986867273112,5241.620833333334,0.0,0.4166666666666666,0.877
95,5970.186526315789,1519.33,113934.8,31270.88,16773.95,693.13,116964.98,441413797.1978065,12,0.2863558264548642,23797.62,5254.57,1363931242.5013635,0.4022906095502475,23466.356666666663,331.26333333333423,7.916666666666667,0.0136710866357142,0.5317314162224611,285571.44,281596.27999999997,114609.96,139107.31,27879.01,0.0,44977.45,35631.89,0.0990034740515748,0.0,0.1815832936429415,0.2472778049482755,0.1247739970075439,0.0,0.0,0.0700761743017343,0.1158007129923733,0.1597231682179892,0.9860799805470742,0.0139200194529257,0.4070009731662649,0.4939955527821604,0.0990034740515748,0.0295371799655876,0.714808448463879,Female,33,High School,Self-Employed Business,347265.1,28938.76,Salary,Mass Market,38293.21,1,5.6,Android 13,0,5.0,6.2,VERIFIED,0.87,0.97,0.87,0.9,1,2.0,4572767.95,73660.47,9.37,2.5454,628.0,0.0,0.4540669322191329,-68188.06666666667,2.5453913712957985,0.087719298245614,0.906
100,5192.609646399999,1611.51,87386.22,23003.09,14877.6358,266.37,88724.43,296223867.674671,12,0.288474799929207,21455.359999999997,3725.72,1113310288.758527,0.4017882076849027,21816.387053333332,-361.0270533333333,8.333333333333334,0.0134443903876256,0.5689206253566809,257464.32,261796.64464,103895.33464,112523.79,45377.52,9735.144639999988,49382.53999999999,43445.78,0.1733311748987433,0.0371859030255598,0.0855808523856717,0.1710398162725666,0.1687448575398719,0.0,0.0,0.087212194913332,0.0910682794761735,0.1886293847192219,1.0168268932953506,-0.0168268932953505,0.3968551040173484,0.4298137210839083,0.1733311748987433,0.0122096293647898,0.6819477378921384,Male,65,Master's,Self-Employed Business,433363.08,36113.59,Savings,Mass Market,18590.06,0,5.2,Android 13,0,4.5,6.9,VERIFIED,0.95,0.89,0.94,0.81,1,1.0,368628.75,11898.07,10.02,0.3295,650.0,1.0,0.468641174753614,2399.132946666665,0.3294623990580831,0.0943396226415094,0.902
99,8001.247575757576,2255.84,142458.0,51747.27,33386.74545454545,1147.62,225615.54,1972754335.241803,12,0.3077654380885887,24304.5425,4154.4349999999995,1971550861.4029655,0.3637608713043282,41705.75,-17401.207499999997,8.25,0.2336349649703729,0.5192137193916108,291654.51,500469.0,197683.12,220379.64,82406.24000000002,0.0,117822.81999999998,64728.75,0.1646580307671404,0.0,0.023698630684418,0.1595709224747187,0.22193639316601,0.0,0.0,0.1700131476674879,0.1172982742187827,0.2354248115267878,1.715965235716739,-0.7159652357167389,0.3949957340015065,0.4403462352313529,0.1646580307671404,0.027517068989288,0.800530992837809,Female,44,Bachelor's,Self-Employed Professional,1215328.28,101277.36,Salary,Affluent,223477.73,1,0.8,Android 13,0,7.7,6.5,VERIFIED,0.94,0.95,0.86,0.83,1,0.0,0.0,0.0,0.0,0.0,650.0,0.0,0.4259420105392412,59571.61,0.0,0.5555555555555556,0.905
96,5571.4634375,1760.775,115341.77,30038.52,20175.83947916667,1673.32,119539.1,858368552.1873442,12,0.2647802566086775,23789.2125,5816.139999999999,1665999899.5997298,0.3784081209518734,20782.495,3006.717499999999,8.0,0.0624926496582228,0.4579101043704798,285470.55,249389.94,147007.42,96421.94,5960.58,0.0,91488.38999999998,33334.89,0.0239006433058205,0.0,0.1791108735179935,0.2226193646784629,0.1167717300436069,0.0,0.0,0.0365628220609059,0.0372918009443364,0.3668487590157004,0.8736100448890438,0.1263899551109562,0.5894681236941635,0.3866312330000159,0.0239006433058205,0.0805158379684441,0.9708093026928032,Male,48,High School,Salaried - Private,556633.55,46386.13,Savings,Mass Market,17381.59,1,5.2,Android 13,0,2.6,6.9,REJECTED,0.51,0.64,0.41,0.48,0,0.0,0.0,0.0,0.0,0.0,650.0,0.0,0.4102089143193159,25603.635,0.0,0.0943396226415094,0.523
99,6525.9773737373735,1287.44,148663.99,39292.02,19458.96222222222,102.89,151879.46,837805197.245587,12,0.2565479155342177,27783.828333333335,3548.085,2394688699.920524,0.3722658628381567,26055.485,1728.3433333333303,8.25,0.0258582383865625,0.4182996025715345,333405.94,312665.82,80990.69,201302.81,30372.319999999996,0.0,57868.62,48768.869999999995,0.0971398792487135,0.0,0.1497920047672623,0.0739513836210174,0.146274748434296,0.0,0.0,0.1277634056706294,0.2102943327799629,0.1850813753802702,0.9377931898873788,0.0622068101126211,0.2590327590012877,0.6438273617499988,0.0971398792487135,0.003948880629165,0.7468278645445372,Male,37,High School,Self-Employed Professional,419531.25,34960.94,Savings,Mass Market,5911.09,0,2.1,Android 13,0,8.3,4.4,VERIFIED,0.99,0.9,0.83,0.93,1,1.0,643696.58,22244.67,14.78,0.6363,647.0,0.0,0.3906793587315079,-13339.214999999997,0.6362720796408792,0.2272727272727272,0.919
91,10658.061995604396,3001.81,145155.63,73209.93,51012.4456043956,811.18,363618.5,4852470800.160199,12,0.3273583678745823,27187.01416666667,2616.16,2413557869.6836815,0.3662944938972254,53636.622633333325,-26449.60846666667,7.583333333333333,0.2199197131518158,0.430795161821245,326244.17,643639.4715999999,187711.0916,393059.76,62868.619999999995,24421.931600000004,134115.31,43311.71,0.0976767628059186,0.0379434958196246,0.0961678746117471,0.0453263842372466,0.1327585715937851,0.0,0.0,0.2354241103693057,0.2117992541090141,0.2083702381810233,1.972876547035308,-0.9728765470353078,0.2916401182378946,0.6106831189561869,0.0976767628059186,0.0151236218869582,0.9510749018095914,Female,38,Master's,Salaried - Private,2009757.14,167479.76,Savings,Affluent,362150.45,1,0.2,Android 13,0,7.6,0.6,VERIFIED,0.86,0.93,0.82,0.86,1,1.0,567272.11,15698.61,14.69,0.0937,739.0,1.0,0.3920947610668333,98144.52736666668,0.093734371245815,1.6666666666666663,0.8730000000000001
90,7467.187333333333,1572.49,141634.33,46990.24,27329.234777777776,1928.97,146663.17,1308739256.9889288,12,0.2608662250305277,25841.4225,2451.7349999999997,2889462712.1898932,0.3342800854669636,30162.4825,-4321.06,7.5,0.1345478473318569,0.495870803608814,310097.07,361949.79,164165.12,188993.83,8790.84,0.0,94664.23,33125.55,0.0242874571083464,0.0,0.1101181464976122,0.1920180420604747,0.1068231634694258,0.0,0.0,0.0426425720539857,0.2778743703650166,0.2615396737762991,1.167214479001688,-0.1672144790016881,0.4535577158367739,0.5221548270548797,0.0242874571083464,0.0639526272414745,0.9060671573627196,Female,52,Bachelor's,Salaried - Govt,541258.67,45104.89,Savings,Mass Market,54765.44,0,3.5,Android 14,0,8.2,6.3,VERIFIED,0.94,0.9,0.96,0.85,1,1.0,1337180.41,118794.35,11.98,2.6337,674.0,0.0,0.3989163727237038,-103851.94250000002,2.63373549963208,0.1388888888888889,0.914
94,5592.702765957446,2051.91,79989.35,23113.04,16844.466702127662,658.2,94101.76,328816199.14707834,12,0.3125859494798255,21237.108333333337,7280.110000000001,1007518888.0847424,0.4113662586008971,22572.396666666667,-1335.288333333334,7.833333333333333,0.0440805108771276,0.5679818198108134,254845.3,270868.76,60268.2,189775.77,20824.79,0.0,52852.02,59432.5,0.076881475737549,0.0,0.1003521040964635,0.0273792370888396,0.2332101082499854,0.0,0.0,0.3171382702087904,0.0637141396446013,0.1951203970513247,1.06287524235291,-0.0628752423529098,0.2224996341401643,0.7006188901222865,0.076881475737549,0.0291595088337244,0.7462418347008046,Female,62,Diploma,Salaried - Private,248117.02,20676.42,Salary,Mass Market,37510.29,0,0.6,Android 10,0,1.5,2.2,VERIFIED,0.94,0.88,0.95,0.87,1,0.0,0.0,0.0,0.0,0.0,650.0,0.0,0.4740124830848636,-1895.9766666666692,0.0,0.7142857142857143,0.91
94,3666.3201063829783,1486.44,77116.09,27033.85,13003.638936170211,1006.05,78492.41,156424175.69510427,12,0.2781159840879026,14342.028333333334,3524.04,558323506.1622515,0.3880064939284806,14377.479166666666,-35.45083333333363,7.833333333333333,0.0011836830386721,0.4788907919085803,172104.34,172529.75,57566.68,82604.78,32358.289999999997,0.0,37092.82,34853.119999999995,0.187551943940103,0.0,0.1998367817724189,0.1186685774482372,0.2025115694351461,0.0,0.0,0.0569260084130418,0.0200106938078795,0.2149937619454036,1.0024718144818427,-0.0024718144818428,0.3336623393936408,0.4787857166662561,0.187551943940103,0.0699740189735393,0.9044449854824608,Male,51,Doctorate,Salaried - Private,460017.72,38334.81,Savings,Mass Market,22753.05,0,1.2,Android 13,0,0.2,3.8,VERIFIED,0.88,0.94,0.91,0.82,1,3.0,5441560.64,109793.9,10.56,2.8641,664.0,0.0,0.4243602131205205,-85836.56916666667,2.8640783663724956,0.3846153846153846,0.8920000000000001
95,5837.098421052631,1100.15,144329.69,44805.79,21620.74221052632,219.38,151650.6,1236499595.824609,12,0.2377081815249193,26083.874166666665,3071.82,2450082065.6381536,0.3550126918946928,20126.488333333335,5957.385833333334,7.916666666666667,0.0924072110397484,0.3937166006503035,313006.49,241517.86,120609.71,86495.82,34412.33,0.0,111193.21,12453.59,0.1424835827876249,0.0,0.0847641660952113,0.0389888350285978,0.0397870024995328,0.0,0.0,0.186577588920339,0.0352286576239123,0.460393322464848,0.771606556784174,0.228393443215826,0.4993821574934459,0.3581342597189293,0.1424835827876249,0.0109000634570047,1.074243149249152,Male,27,Bachelor's,Self-Employed Business,386902.54,32241.88,Savings,Mass Market,2828.82,1,0.6,Android 14,0,3.7,0.7,VERIFIED,0.92,1.0,0.83,0.88,1,1.0,845263.69,18483.64,11.25,0.5733,652.0,0.0,0.3704942553969371,-6368.248333333333,0.5732804662755397,0.7142857142857143,0.918
98,7635.202551020408,2465.965,134493.38,47639.39,30337.840102040816,392.05,138760.02,887332034.2386566,12,0.2708899769105313,31233.73,4641.094999999999,2691018901.420309,0.3860844424117373,31120.424166666668,113.305833333335,8.166666666666666,0.0032325650826556,0.6085528781215624,374804.7599999999,373445.09,76201.37,253288.72,43955.0,0.0,42626.66,54438.27,0.1177013734468968,0.0,0.077399116426996,0.0899053459238144,0.1452443400131844,0.0,0.0,0.3747199086216397,0.080356713218535,0.1141443846537117,0.9963723246204238,0.0036276753795763,0.2040497305775261,0.6782488959755771,0.1177013734468968,0.0125978360031457,0.9748530399060537,Male,60,Bachelor's,Salaried - Private,322192.69,26849.39,Savings,Mass Market,36560.75,0,2.0,Android 14,0,8.6,2.5,VERIFIED,0.86,0.89,0.96,0.8,1,2.0,6588877.37,104782.76,9.42,3.9026,648.0,0.0,0.4750718166956673,-109053.79416666667,3.902612312607475,0.238095238095238,0.8770000000000001
91,5201.411868131868,2224.42,81339.47,25179.38,19092.55065934066,926.13,89439.46,395137724.73110414,12,0.3101866444307187,19776.349166666667,8585.11,794963992.2606994,0.4228449412037869,19667.690833333338,108.65833333333406,7.583333333333333,0.0041346776003428,0.5380565040049102,237316.19,236012.29,57682.12,124961.61,53368.56,0.0,11079.429999999998,19665.839999999997,0.2261261902928869,0.0,0.1745990854967764,0.1974587425087058,0.0828676711858554,0.0,0.0,0.1948002368859689,0.0767459609836419,0.0469442926044232,0.9945056424511114,0.0054943575488887,0.244403035113129,0.5294707745939841,0.2261261902928868,0.0470889037176835,0.9707571072340678,Male,33,High School,Self-Employed Professional,198841.43,16570.12,Savings,Mass Market,47445.93,0,0.9,Android 12,0,6.2,3.5,REJECTED,0.32,0.67,0.4,0.34,0,0.0,0.0,0.0,0.0,0.0,650.0,0.0,0.4689295663242362,-3097.570833333335,0.0,0.5,0.445
90,7679.702222222221,2069.99,149568.86,52770.9,26860.527,861.94,153513.26,977447467.9960824,12,0.2656006960603443,26063.576666666664,3062.335,2865572406.058478,0.3371146797486697,31534.19,-5470.613333333335,7.5,0.182445113447671,0.486843700766974,312762.92,378410.28,88381.95,244161.14,45867.19,0.0,78499.04,103630.44,0.1212102113082128,0.0,0.1979592362025682,0.0261169173311042,0.3313386382247614,0.0,0.0,0.1074721331566362,0.0659398840856014,0.2074442586496328,1.2098949581363416,-0.2098949581363418,0.2335611759807371,0.64522861271105,0.1212102113082128,0.0273335069015566,0.8517906120309418,Male,48,Diploma,Salaried - Private,543760.17,45313.35,Savings,Mass Market,71111.56,1,1.7,Android 14,0,5.2,5.9,VERIFIED,0.98,0.92,0.88,0.87,1,0.0,0.0,0.0,0.0,0.0,650.0,0.0,0.3970062881559914,13779.16,0.0,0.2777777777777778,0.9200000000000002
94,16064.221489361702,3054.105,88892.52,289903.48,72317.41414893616,3011.22,743428.95,17772718071.043774,12,0.2786471282355338,21536.78833333333,6173.235,1099393917.2385423,0.404212703869033,104299.61333333334,-82762.825,7.833333333333333,0.2787151493883236,0.337861648330524,258441.46,1251595.36,552456.4299999999,434614.63,264524.3,0.0,408497.56999999995,112045.32,0.2113496969180199,0.0,0.2336508821828805,0.1150202889854113,0.4335423581030691,0.0,0.0,0.0093203445560872,0.0147552880029852,0.3263814992091374,4.842858262757067,-3.8428582627570673,0.4414017881945486,0.3472485148874313,0.2113496969180198,0.0288708644621373,0.6933622459156719,Male,37,Master's,Salaried - Private,7543832.33,628652.69,Savings,HNI,1033332.43,1,1.4,Android 14,0,6.2,2.7,VERIFIED,0.89,0.95,0.84,0.97,1,0.0,0.0,0.0,0.0,0.0,650.0,0.0,0.3776722816536294,524353.0766666667,0.0,0.3333333333333333,0.914
96,6119.670729166667,2650.7650000000003,95745.85,23827.79,24227.65875,207.11,98719.49,434455828.0834151,12,0.3254351973252868,23084.955,10626.35,973380744.3973364,0.4359396223937574,25872.41083333333,-2787.455833333332,8.0,0.0912210426788942,0.5771120740780755,277019.46,310468.93,43429.95,245489.45,21549.53,0.0,15498.259999999998,72083.59,0.0694096185405734,0.0,0.1799589414631602,0.0899661360639211,0.260211286239602,0.0,0.0,0.1270379937857227,0.2515319326800269,0.0499188759403396,1.1207477265315584,-0.1207477265315584,0.1398850120042607,0.7907053694551658,0.0694096185405734,0.0080050522285756,0.9364283408326884,Male,21,Bachelor's,Salaried - Private,509706.95,42475.58,Current,Mass Market,67122.18,0,3.0,Android 14,0,4.9,6.0,VERIFIED,0.91,0.95,0.97,0.81,1,0.0,0.0,0.0,0.0,0.0,650.0,0.0,0.4924086030674847,16603.16916666667,0.0,0.1612903225806451,0.914
90,5229.4530888888885,1266.43,121244.64,29249.91,17271.115666666665,189.91,126377.61,893314542.5411116,12,0.2574983526872469,18693.9625,1631.23,1546696652.850384,0.3317726353247751,20526.935666666668,-1832.973166666667,7.5,0.0798986558735988,0.4562417512344373,224327.55,246323.228,57923.51800000001,158154.63,30245.08,15660.748000000009,2970.3199999999997,41872.15,0.1227861466641708,0.0635780398265973,0.2662568631164577,0.1595158131006629,0.1866562979001018,0.0,0.0,0.1694629870634855,0.0363528850799243,0.0120586272927537,1.0980516124747048,-0.098051612474705,0.235152480220014,0.6420613731158151,0.1227861466641708,0.0092517462461964,0.8413879181544339,Female,59,Doctorate,Salaried - Private,482591.83,40215.99,Savings,Mass Market,22573.23,1,1.2,Android 11,0,0.5,2.1,VERIFIED,0.91,0.97,0.93,0.98,1,1.0,206806.42,6917.43,12.49,0.172,644.0,1.0,0.38156028168864,12771.62433333333,0.1720069554423501,0.3846153846153846,0.9460000000000002
99,7098.381717171717,1762.17,127639.68,31756.68,29010.28090909091,828.56,131040.34,1043029836.8528104,12,0.2762898569973602,29773.8575,4408.605,2353623647.410074,0.3906250334503086,28787.791666666668,986.0658333333316,8.25,0.0152414038875871,0.491357333562955,357286.29,345453.5,121616.37,197682.58,26154.550000000003,0.0,44592.86000000001,67166.81,0.0757107685983786,0.0,0.2178209513002473,0.2229634668631233,0.1879915683302597,0.0,0.0,0.104488766216003,0.0555002337507074,0.1290849853887715,0.9668814887915236,0.0331185112084764,0.3520484522518949,0.5722407791497264,0.0757107685983786,0.0287816449970835,1.0077285970733858,Female,58,Bachelor's,Self-Employed Business,578028.19,48169.02,Savings,Mass Market,17970.33,0,4.9,Android 12,0,6.0,6.4,VERIFIED,0.99,0.99,0.86,0.83,1,1.0,1792581.08,58941.8,11.3,1.2236,653.0,0.0,0.4309179534953672,-39560.57166666668,1.223645405283313,0.1,0.932
91,5781.765934065934,1089.63,107607.4,38729.06,18886.876373626375,1078.89,119880.68,483617171.679401,12,0.2602710427529532,24075.783333333336,2732.75,1697700559.6006973,0.3790079064802321,19769.275,4306.508333333332,7.583333333333333,0.0854227883978045,0.4466558185899101,288909.4,237231.3,41385.74,184107.26,11738.3,0.0,25204.090000000004,71929.51000000001,0.0494804016164814,0.0,0.0934943238940224,0.0682104342892358,0.2489690885793262,0.0,0.0,0.1532026760381113,0.2261653500191585,0.1062426838279771,0.8211269692159547,0.178873030784045,0.174453118117213,0.7760664802663055,0.0494804016164814,0.0545740802330889,0.9553651498917576,Male,54,High School,Salaried - Govt,297030.09,24752.51,Savings,Mass Market,17965.82,0,3.1,Android 13,0,7.1,6.2,VERIFIED,0.98,0.98,0.94,0.76,1,1.0,8647724.04,74992.23,8.49,3.0297,656.0,0.0,0.4060670713241033,-70008.99500000001,3.0296818383266992,0.15625,0.928
91,6544.4800000000005,1445.57,127876.2,37436.24,19561.031978021976,864.3,131053.54,708389056.7871515,12,0.2727358483428772,26123.92916666667,3069.06,1925272440.606917,0.3834297850671794,23505.04416666667,2618.884999999999,7.583333333333333,0.0668765409567264,0.4358174242753408,313487.15,282060.52999999997,98111.45,100649.01,83300.06999999999,0.0,62947.100000000006,26101.39,0.2953269285851516,0.0,0.136862892514596,0.1246695168586685,0.0832614351178349,0.0,0.0,0.1076454759551079,0.0197881639093566,0.2231687645201545,0.8997514890163758,0.100248510983624,0.3478382813788232,0.3568347900360252,0.2953269285851516,0.0367708307149532,0.8322057103709749,Male,64,Bachelor's,Salaried - Private,386640.73,32220.06,Savings,Mass Market,24647.18,0,1.0,Android 14,0,1.1,3.5,VERIFIED,0.93,0.91,0.97,0.81,1,3.0,1232239.89,88622.64,12.256666666666666,2.7505,638.0,0.0,0.404384840750444,-79907.62416666668,2.7505423639807,0.4545454545454545,0.908
98,36685.219081632655,3624.28,131267.11,702145.49,187576.30581632652,2994.69,2618114.18,203044059112.2106,12,0.2542730139859246,25551.13,2854.705,2023591279.275527,0.3723640797595544,274044.8258333333,-248493.6958333333,8.166666666666666,0.2704738594660075,0.292899171333453,306613.56,3288537.91,320380.68,2800158.54,167998.69,0.0,266294.25,90867.98,0.0510861345065047,0.0,0.6342071878380748,0.0164469534730101,0.2963599522473827,0.0,0.0,0.146944603719043,0.0427069061825107,0.0809764878155228,10.72535053570364,-9.725350535703638,0.0974234412885329,0.8514904242049622,0.0510861345065047,0.0109277377921424,0.6844730793436158,Male,42,High School,Salaried - Govt,47495522.66,3957960.22,Savings,Ultra HNI,2992995.92,1,6.6,Android 11,0,7.5,6.8,VERIFIED,0.86,0.89,0.87,0.93,1,0.0,0.0,0.0,0.0,0.0,650.0,0.0,0.3405781163891138,3683915.394166667,0.0,0.0746268656716418,0.8850000000000001
100,5158.44816,1566.775,118308.28,23794.18,19730.599,745.29,119840.36,741868334.9525988,12,0.2773513347023344,21361.5125,4810.67,1306053397.3086205,0.3817234925351878,21625.5555,-264.0430000000003,8.333333333333334,0.006321022888419,0.5342271959806476,256338.15,259506.666,144176.366,72446.32,42883.98,23232.496,83944.16,3331.73,0.1652519400021886,0.0895256232069198,0.0563573576950042,0.1425771082119331,0.0129974020644215,0.0,0.0,0.186535747794625,0.0234375867631854,0.3234759295161998,1.0123606884109917,-0.0123606884109915,0.5555786609350528,0.2791693990627586,0.1652519400021886,0.0344633921658104,0.9123742046764995,Female,52,Bachelor's,Salaried - Govt,593521.88,49460.16,Savings,Mass Market,50647.73,0,2.0,Android 14,0,1.3,4.2,VERIFIED,0.9,0.97,0.91,0.77,1,1.0,486671.11,8850.86,12.99,0.1789,640.0,1.0,0.4427249739133717,18983.744500000004,0.1789492795817886,0.238095238095238,0.897
91,4998.541428571428,1250.88,91409.43,21007.18,13010.753186813186,931.73,100028.41,287594325.33694863,12,0.2842867494548085,19804.856666666663,3772.425,949758604.0466244,0.4016438121776146,18100.749166666665,1704.1074999999985,7.583333333333333,0.0591652388822016,0.4332005862530266,237658.28,217208.99,69298.65,129031.38,18878.96,0.0,38767.33,60413.97,0.0869161078461807,0.0,0.1826234264060617,0.1405619537202396,0.2542051974793388,0.0,0.0,0.0873404917540475,0.0459411003200189,0.1784793990340823,0.9139550702798992,0.0860449297201005,0.319041352754322,0.5940425393994972,0.0869161078461807,0.0514746650219219,0.7187963916307435,Male,54,Bachelor's,Retired,197724.2,16477.02,Savings,Mass Market,38229.54,0,1.2,Android 13,0,8.2,5.6,VERIFIED,0.89,0.97,0.98,0.85,1,2.0,1851079.94,75531.32999999999,14.015,4.584,612.0,0.0,0.4142665218077794,-77155.05916666664,4.584040682113634,0.3846153846153846,0.924
98,8520.39193877551,2201.99,140085.46,46339.28,30452.642142857145,3743.79,145791.61,994774711.7246252,12,0.2903694354958278,34869.1775,6712.11,2860139929.8402753,0.4051202674967172,34714.02333333334,155.15416666666715,8.166666666666666,0.0042915377763896,0.5740173086052258,418430.13,416568.28,169769.05,180584.5,66214.73000000001,0.0,66821.22,15283.05,0.1589528852268828,0.0,0.1584160944755563,0.2471331470557479,0.036524735921861,0.0,0.0,0.1933623942754354,0.0450386908960038,0.1604088050103094,0.9955503921287888,0.0044496078712113,0.4075419520660574,0.4335051627070597,0.1589528852268828,0.107846617606122,0.8772432354049754,Male,30,High School,Salaried - Govt,255329.52,21277.46,Savings,Mass Market,53475.16,0,0.5,Android 12,1,2.5,4.0,VERIFIED,0.88,0.95,0.88,0.9,1,2.0,5834566.0600000005,55761.25,10.895,2.6207,570.0,0.0,0.4726790839401206,-69197.81333333335,2.6206722982912436,1.3333333333333337,0.905
93,5564.256989247312,1433.4,118610.16,20847.95,24153.856666666667,914.49,126372.0,692065789.9498682,12,0.273634805939733,22422.4025,3255.675,1468531026.3733842,0.3793288035854928,20700.58916666667,1721.8133333333342,7.75,0.041425247679512,0.5536573245845838,269068.83,248407.07,81907.81,153275.23,13224.03,0.0,54677.369999999995,55737.77,0.0532353205566975,0.0,0.0716549251194823,0.1096202294081243,0.2071506015765557,0.0,0.0,0.1385945255100831,0.1824022561032582,0.220111971853297,0.9232101317718592,0.0767898682281407,0.3297322012614214,0.6170324781818811,0.0532353205566975,0.0441770034967201,1.1668197688576254,Female,69,Master's,Salaried - Private,272907.97,22742.33,Current,Mass Market,74099.76,0,3.0,Android 10,0,7.9,4.4,VERIFIED,0.85,0.98,0.9,0.97,1,0.0,0.0,0.0,0.0,0.0,650.0,0.0,0.4490602119851292,2041.7408333333333,0.0,0.1612903225806451,0.923
92,5874.156130434783,1439.8170000000005,113235.27,25007.16,19586.185108695652,0.0,113810.19,862304645.3112538,12,0.2591301091536568,24620.144166666665,4082.56,1833429457.1671903,0.375226234029493,20415.052833333335,4205.091333333334,7.666666666666667,0.0773955190058765,0.4999244096222565,295441.73,244980.634,71027.504,141405.23,32547.9,8057.404,24071.51,29518.74,0.1328590732604602,0.0328899630490792,0.1868353806284949,0.1587823060332189,0.0999139153429679,0.0,0.0,0.1377835033278589,0.1320967681061679,0.0982588280835292,0.8292011896897571,0.1707988103102429,0.2899310971658274,0.5772098295737124,0.1328590732604602,0.0,0.9593991878735516,Male,53,Doctorate,Retired,579760.95,48313.41,Salary,Mass Market,48655.76,0,2.3,Android 13,0,7.7,2.4,VERIFIED,0.9,0.93,0.86,0.84,1,3.0,2128478.63,130157.45,10.73,2.694,675.0,1.0,0.4251055042665984,-102259.09283333331,2.694023253585288,0.2083333333333333,0.8890000000000001
95,5888.811789473684,1524.7,117873.8,36293.17,21544.723789473683,908.23,122617.01,658503175.9543346,12,0.2801575106217177,21480.426666666663,3394.185,1502701677.6886425,0.3666035365416951,25139.333333333332,-3658.906666666668,7.916666666666667,0.0685155729025131,0.5059470692417359,257765.12,301672.0,73495.9,179650.3,48525.8,0.0,45773.50000000001,24401.129999999997,0.1608561616590204,0.0,0.2285213079105783,0.0918958338858097,0.0946642043733457,0.0,0.0,0.1783697525789599,0.1077379736932827,0.1517326765493648,1.1703367779162674,-0.1703367779162674,0.2436285104351746,0.595515327905805,0.1608561616590204,0.0361278474634702,0.8570125350502672,Male,31,High School,Self-Employed Business,268832.83,22402.74,Savings,Mass Market,55730.58,0,4.4,iOS 17,1,0.7,5.8,VERIFIED,0.92,0.98,0.95,0.84,1,1.0,637197.82,17345.32,13.79,0.7742,581.0,0.0,0.4223409496217114,-20081.913333333338,0.7742499354989613,0.6111111111111112,0.928
100,6757.9424,1470.855,126328.03,34005.35,22990.9628,277.02,129766.4,954250629.2681234,12,0.2653655289779522,30527.779166666664,9913.7,2236503651.5375714,0.4027165031907952,25788.4075,4739.371666666667,8.333333333333334,0.0966137081339237,0.4687564358552907,366333.35,309460.89,78991.89,208228.19,22240.80999999999,0.0,1635.36,46153.869999999995,0.0718695341437168,0.0,0.1941632753657498,0.249971910828538,0.1259887203826787,0.0,0.0,0.2009479453122493,0.1286199687462929,0.0052845450034089,0.8447521635690555,0.1552478364309446,0.2552564558319469,0.6728740100243362,0.0718695341437168,0.0107420359322304,0.8915231698583945,Female,22,Bachelor's,Salaried - Govt,478671.16,39889.26,Salary,Mass Market,5793.53,0,0.5,iOS 16,0,6.7,3.1,VERIFIED,0.9,0.93,0.9,0.83,1,0.0,0.0,0.0,0.0,0.0,650.0,0.0,0.4291324762565934,14100.8525,0.0,0.8333333333333334,0.8950000000000001
90,5306.521333333333,1062.4,138846.78,44589.27,16996.738333333335,154.1,140908.43,672998233.2030007,12,0.2462578704211443,19793.365833333333,3249.29,1790344095.5496633,0.3282350523228254,20005.544166666667,-212.1783333333332,7.5,0.0116827217655822,0.4225299877859929,237520.39,240066.53,49638.59,160017.36,30410.58,0.0,31198.789999999997,36574.03,0.1266756344584978,0.0,0.1786414790933163,0.0768112072932449,0.153982695969807,0.0,0.0,0.3109379304145396,0.0246252570068805,0.129958932634216,1.0107196691618772,-0.010719669161877,0.2067701399274609,0.6665542256140412,0.1266756344584978,0.0077028647017141,0.8496014000785533,Male,35,Diploma,Salaried - Govt,327263.31,27271.94,Savings,Mass Market,4423.83,1,1.0,iOS 17,0,7.4,2.8,VERIFIED,0.97,0.97,0.94,0.85,1,1.0,1001798.66,33696.68,12.88,1.2356,616.0,0.0,0.3659530265080923,-26430.284166666668,1.2355806004266656,0.4545454545454545,0.94
100,8513.019479999999,2021.18,119156.94,86863.39,58964.8892,253.21,409533.8,10483057809.594152,12,0.3171417663008811,19365.6675,3712.355,1262910564.7693658,0.3627315312843345,51576.161499999995,-32210.494,8.333333333333334,0.3175791242335417,0.4563513925078674,232388.01,618913.938,261274.298,227321.78,130317.86,17725.22800000002,126732.02,110097.88,0.2105589355785359,0.0286392451546308,0.083241783448089,0.18874522421888,0.4737674719104484,0.0,0.0,0.0335563617570364,0.0726044401992446,0.2047651736678129,2.663278273263754,-1.663278273263754,0.4221496430413238,0.3672914213801402,0.2105589355785359,0.0049094386366848,1.1432585808077247,Male,39,Bachelor's,Salaried - Private,1096381.62,91365.14,Current,Affluent,400836.23,1,1.0,Android 12,0,1.1,6.9,VERIFIED,0.99,0.95,0.88,0.9,1,1.0,150096.68,7279.11,15.02,0.0797,729.0,1.0,0.4001794757737477,32509.868500000004,0.0796705395515182,0.4545454545454545,0.938
100,7646.2724,2643.435,71258.93,91552.6,30051.961,832.7,226201.57,1427524061.0590954,12,0.3492962897263052,19486.383333333335,6705.950000000001,705457822.4031333,0.4338523707351525,44232.55333333334,-24746.17,8.333333333333334,0.2533050181301734,0.4051659219061465,233836.6,530790.64,210576.54,292684.15,27529.95,10538.58,138076.73,13428.11,0.0518659296629646,0.0198544947966678,0.2714176911635065,0.1167338406720962,0.0574251849368319,0.0,0.0,0.1888270863254107,0.0658685691970755,0.2601340709399096,2.269921132962077,-1.269921132962077,0.3967224064086737,0.5514116639283617,0.0518659296629646,0.0188255015197705,0.6794082352318797,Male,31,Master's,Self-Employed Professional,1889385.62,157448.8,Savings,Affluent,317754.17,0,0.5,Android 14,0,3.1,3.6,VERIFIED,0.9,0.91,0.84,0.87,1,1.0,193619.94,3512.86,12.91,0.0223,756.0,1.0,0.42237779120355,109703.38666666666,0.0223111259025156,0.8333333333333334,0.8850000000000001
95,6873.5419999999995,1710.4,146092.0,35998.34,25273.70610526316,1872.46,147964.46,1356715034.501681,12,0.2688870526625253,27027.21166666667,5383.49,2396332835.5900517,0.3657575654541364,27388.329166666663,-361.1174999999985,7.916666666666667,0.0068747134428036,0.4877390465078773,324326.54000000004,328659.95,63796.14,242010.77,22853.04,0.0,53681.53,159923.69999999998,0.069533997069007,0.0,0.1438998271617822,0.0307753043837559,0.493094706341331,0.0,0.0,0.0724259222944566,0.0334371741978297,0.1633345651029277,1.0133612562203511,-0.0133612562203511,0.1941098694866837,0.7363561334443092,0.069533997069007,0.0683670766699745,0.9227910892798404,Male,34,Bachelor's,Salaried - Private,291146.71,24262.23,Salary,Mass Market,50323.73,0,1.7,Android 12,0,8.4,4.5,VERIFIED,0.95,0.91,0.95,0.98,1,1.0,513442.6,11387.55,11.87,0.4694,624.0,0.0,0.4145501578756327,-14513.649166666666,0.4693529819806341,0.2777777777777778,0.944
96,7920.178229166667,1920.12,142305.76,48782.88,24975.374375,633.01,144760.56,997363589.2904586,12,0.2689503382151522,32305.225833333338,3271.41,2884171500.497372,0.3858641410485104,31056.2,1249.0258333333356,8.0,0.0304510763965834,0.5610652519348798,387662.71,372674.4,76307.84,259687.03,36679.53,0.0,30315.19,71389.12999999999,0.0984224567075173,0.0,0.1516147339339648,0.1234124211375935,0.1841526877836663,0.0,0.0,0.1513058584115249,0.2023405686035853,0.0813449756677679,0.961336724907072,0.0386632750929281,0.2047573968053614,0.6968201464871212,0.0984224567075173,0.020382725510526,0.8041993023937248,Male,61,Bachelor's,Salaried - Private,335221.16,27935.1,Salary,Mass Market,35889.41,0,3.7,Android 11,0,4.2,3.8,VERIFIED,0.9,0.91,0.92,0.96,1,0.0,0.0,0.0,0.0,0.0,650.0,0.0,0.4559445854030581,-3121.100000000002,0.0,0.131578947368421,0.919
98,6140.034795918367,1947.95,129975.29,32088.29,23777.068265306123,556.88,131950.85,784793530.7278477,12,0.2706608975285511,24512.954166666663,6541.49,1842905922.7717712,0.3736005112752872,25630.663333333338,-1117.7091666666686,8.166666666666666,0.0305210386117299,0.5444808528183527,294155.45,307567.96,108239.41,168963.12,30365.43,0.0,48441.06,45029.04,0.0987275462632713,0.0,0.1855936164482152,0.194423209751757,0.153079060748322,0.0,0.0,0.1330550490369673,0.0842999381339981,0.1574970943007197,1.0455966734595603,-0.0455966734595603,0.3519203040524767,0.5493521496842518,0.0987275462632713,0.0217271005731546,0.9276805658940336,Male,62,Master's,Salaried - Govt,206694.51,17224.54,Savings,Mass Market,24701.71,0,5.2,iOS 16,0,9.0,5.5,REJECTED,0.42,0.63,0.46,0.5,0,0.0,0.0,0.0,0.0,0.0,650.0,0.0,0.4419526478925134,-8406.123333333333,0.0,0.0943396226415094,0.507
93,8035.475268817204,1897.23,141201.21,54582.55,32692.661075268818,811.02,158961.7,1342740695.454627,12,0.2907121974597723,28352.9175,2280.575,2805176808.1592746,0.3586243106310308,33922.01583333333,-5569.098333333334,7.75,0.0720246151368842,0.4807907274890913,340235.01,407064.19,96387.78,276072.8,34603.61,0.0,93617.21,40776.67,0.0850077477952555,0.0,0.2631355511768304,0.0068062238537858,0.1198485423354874,0.0,0.0,0.1978979777120655,0.1169984763336711,0.2299814434671839,1.1964206446597014,-0.1964206446597015,0.2367876673209697,0.6782045848837747,0.0850077477952555,0.0239083668843481,0.9637593837552396,Male,46,Master's,Salaried - Private,2256068.7,188005.73,Savings,Affluent,158273.44,0,2.4,Android 14,0,2.4,4.3,VERIFIED,0.88,0.99,0.96,0.91,1,0.0,0.0,0.0,0.0,0.0,650.0,0.0,0.407490877374255,154083.71416666667,0.0,0.2,0.935
91,11411.552637362638,2612.4,135219.31,74450.8,49444.05252747253,1412.18,389663.93,6527588515.213807,12,0.3447016664190701,28993.060833333333,2806.045,2261727573.1315713,0.3890409309216957,57544.54666666666,-28551.485833333336,7.583333333333333,0.231739033877326,0.4204053103548607,347916.73,690534.5599999999,162978.26,312709.99,214846.31,0.0,139011.71,93264.9,0.311130423363604,0.0,0.2166054368082605,0.0347072418793926,0.2680667296453378,0.0,0.0,0.0421260740374819,0.0590586516046351,0.2013102863381667,1.9847696315149892,-0.9847696315149892,0.2360175282175594,0.4528520484188366,0.311130423363604,0.0245406399355305,0.8592308983487668,Male,55,Bachelor's,Salaried - Private,1574279.84,131189.99,Savings,Affluent,435196.8,0,2.4,Android 12,0,8.9,4.5,VERIFIED,0.89,1.0,0.89,0.96,1,1.0,6220590.18,79238.13,9.13,0.604,711.0,0.0,0.4015866826949617,-5592.686666666676,0.6039952438444428,0.2,0.937
96,5823.586875,1725.5,93347.21,21794.83,21481.775,853.09,96194.76,643860529.8513222,12,0.2867790238789056,25266.578333333335,4575.3949999999995,1313976439.5713243,0.4213146720715475,21322.116666666665,3944.4616666666698,8.0,0.0952644601421905,0.5491714491698984,303198.94,255865.4,80063.82,146922.76,28878.82,0.0,53865.96,59667.88,0.1128672341004293,0.0,0.2019597804157968,0.1023892249596858,0.1967944874741316,0.0,0.0,0.0373205990337107,0.1017382967763519,0.2105245961353118,0.8438861956443515,0.1561138043556485,0.3129138210949976,0.574218944804573,0.1128672341004293,0.0400096300633067,1.007487921383665,Male,47,Bachelor's,Salaried - Private,532441.58,44370.13,Savings,Mass Market,12608.85,1,1.0,iOS 16,0,4.8,5.4,VERIFIED,0.92,0.91,0.87,0.84,1,2.0,4556003.0,57087.56,9.53,1.2866,658.0,0.0,0.4724573829108878,-34039.54666666667,1.2866214275234262,0.4545454545454545,0.8910000000000001
95,4105.767157894737,899.34,104954.78,26973.84,10789.522,155.49,105170.02,248613783.87490553,12,0.2548099569735183,16668.030833333334,3423.755,911969464.7770082,0.3656915785419909,15835.959166666667,832.0716666666664,7.916666666666667,0.0567591661573215,0.4577934726552335,200016.37,190031.51,83030.48,97890.12,9110.910000000002,0.0,59629.8,19839.63,0.0479442067265581,0.0,0.2190113629050255,0.1231410517129501,0.0991900312959384,0.0,0.0,0.1397213020093352,0.0519912723947728,0.3137890132010212,0.9500797859695184,0.0499202140304815,0.4369300649139713,0.5151257283594705,0.0479442067265581,0.0098187926833818,0.6813305014521012,Male,34,Bachelor's,Salaried - Private,362627.48,30218.96,Salary,Mass Market,19987.35,0,3.3,Android 12,0,5.4,6.3,VERIFIED,0.92,0.98,0.96,0.82,1,3.0,5443602.9,121052.23,11.626666666666669,4.0058,636.0,0.0,0.402532336187288,-106669.22916666666,4.005837063883072,0.1470588235294117,0.926
100,6099.727576,1635.2,104169.74,37295.47,17000.897,282.28,109938.22,525625924.04988,12,0.2776797552933873,25381.455,4907.41,1649772113.4753726,0.3949307822287657,25449.60813333333,-68.15313333333143,8.333333333333334,0.0026357385694661,0.5293880069977303,304577.45999999996,305395.2976,71520.88759999999,198595.42,35278.99,12471.817599999982,35987.41,45065.91,0.115519100252184,0.0408382764830101,0.0841665546326342,0.0755141293308505,0.1479620652165134,0.0,0.0,0.3717885667929157,0.0467687620347956,0.1178387823349379,1.002685154705801,-0.0026851547058012,0.2341911881487987,0.6502897115990172,0.1155191002521841,0.011091722847798,0.6680219558167815,Female,50,High School,Salaried - Govt,343504.16,28625.35,Savings,Mass Market,23074.64,0,0.3,iOS 17,0,8.1,0.9,VERIFIED,0.93,0.98,0.94,0.94,1,1.0,73180.74,6619.68,15.42,0.2313,628.0,1.0,0.4487136721363515,-3443.938133333333,0.2312523689666676,1.25,0.9489999999999998
90,4485.096444444444,1729.83,89399.61,17585.91,18913.282444444445,973.85,90373.46,325728063.33909273,12,0.2889213898132166,15138.729166666666,3782.84,855233125.6844445,0.3509515929450716,18499.494166666667,-3360.7649999999994,7.5,0.1508784327212264,0.5603534108321612,181664.75,221993.93,80003.28,100485.68,41504.97,0.0,60185.04,15741.45,0.1869644363699494,0.0,0.1288070353995715,0.0892737923059427,0.0866510976950674,0.0,0.0,0.1707593986916669,0.0821747693731986,0.271111196598934,1.2219978284174555,-0.2219978284174557,0.3603849889048768,0.4526505747251738,0.1869644363699494,0.0526419798955764,1.0223675455150207,Male,49,Master's,Self-Employed Business,470880.58,39240.05,Current,Mass Market,43748.52,1,3.3,Android 13,0,9.3,4.8,VERIFIED,0.87,0.89,0.9,0.84,1,0.0,0.0,0.0,0.0,0.0,650.0,0.0,0.4347123200999074,20740.555833333336,0.0,0.1470588235294117,0.8760000000000001
93,10074.088494623657,2162.01,120210.84,101424.26,34094.044623655915,1038.08,285375.16,1983367296.1506393,12,0.310010941806817,24689.999166666665,3422.8999999999996,1876454908.5894265,0.3731737325133287,53384.18666666667,-28694.1875,7.75,0.2170774189056179,0.3863909218243889,296279.99,640610.24,218399.95,332821.38,89388.91000000002,0.0,195136.68000000005,15826.419999999998,0.1395371232280021,0.0,0.3775670054852698,0.0363142337531164,0.0534171072437257,0.0,0.0,0.0361666557187721,0.0810991407193241,0.3046106162773795,2.1621785527939297,-1.16217855279393,0.3409248500304959,0.519538026741502,0.1395371232280021,0.019445458755077,0.638654379742464,Female,19,Master's,Salaried - Private,1428971.1,119080.93,Salary,Affluent,386799.42,0,1.6,Android 14,0,6.2,4.3,VERIFIED,0.93,0.95,0.92,0.91,1,1.0,1996860.27,178569.67,13.23,1.4996,735.0,0.0,0.3784606082377528,-112872.9266666667,1.4995656315415071,0.2941176470588235,0.9300000000000002
100,6347.755,1234.845,133931.51,32200.71,18852.1076,1085.33,140379.59,781686398.8708345,12,0.2639144123081024,26189.881666666668,2273.115,2243598885.4520335,0.3660961600322374,26708.076666666664,-518.195000000001,8.333333333333334,0.011538650636762,0.5321817896653448,314278.58,320496.92,116681.35,183736.12,20079.449999999997,0.0,87626.28,92055.44,0.0626509920906572,0.0,0.0953545200996003,0.0906563158235654,0.2929103217915774,0.0,0.0,0.1396159126895821,0.0510874800294492,0.2734075572395515,1.0197860764166615,-0.0197860764166619,0.3640638730631171,0.5732851348462257,0.0626509920906572,0.0406367711739632,0.7058579258733595,Male,19,High School,Salaried - Private,564235.28,47019.61,Savings,Mass Market,28454.75,0,1.6,iOS 17,0,4.6,6.0,VERIFIED,0.89,0.96,0.89,0.76,1,0.0,0.0,0.0,0.0,0.0,650.0,0.0,0.4325304118854803,20311.533333333336,0.0,0.2941176470588235,0.885
93,7262.550752688172,2005.04,146227.6,30544.71,28759.49301075269,495.56,151714.03,1530430100.1704104,12,0.2735942057048882,27209.47,3673.035,2446405169.3965273,0.3649183461668701,29075.29833333333,-1865.828333333332,7.75,0.0271515200207546,0.4925490216100885,326513.64,348903.58,67780.54000000001,221306.14,59816.9,0.0,30035.78,44931.39,0.1714424942272017,0.0,0.118697234347667,0.1081810625158962,0.1376095344745781,0.0,0.0,0.1131688588577967,0.2736453435072234,0.086086190345195,1.0685727554903983,-0.0685727554903984,0.1942672528610913,0.6342902529117069,0.1714424942272016,0.0170440211590835,0.9891383634671572,Male,46,Bachelor's,Self-Employed Business,298004.54,24833.71,Salary,Mass Market,71380.04,0,0.1,Android 13,0,9.6,1.0,VERIFIED,0.97,0.99,0.94,0.89,1,1.0,427407.76,13845.49,10.27,0.5575,652.0,0.0,0.4159706163441575,-18087.07833333333,0.5575280536013346,2.5,0.954
92,6952.9636956521745,1900.21,142531.2,46148.93,21490.929347826088,699.17,151587.09,765085268.071694,12,0.2629802031275762,29219.744166666667,8452.31,2476153471.409445,0.3801654003629992,24086.310833333333,5133.433333333333,7.666666666666667,0.0926048116815468,0.5404438831398689,350636.93000000005,289035.73,97939.78,144450.13,46645.82,0.0,56511.68000000001,25449.6,0.1613842689967776,0.0,0.1539195863431832,0.1433321063800658,0.0725810598444379,0.0,0.0,0.0556364432867867,0.2021596084331857,0.1955179728125654,0.8243162806610244,0.1756837193389755,0.3388500791926313,0.499765651810591,0.1613842689967776,0.0290276914899068,0.8922466166169596,Female,59,Bachelor's,Salaried - Private,466654.93,38887.91,Salary,Mass Market,50342.95,1,2.2,Android 13,0,8.6,5.9,VERIFIED,0.99,0.9,0.87,0.77,1,0.0,0.0,0.0,0.0,0.0,650.0,0.0,0.4442767934737471,14801.59916666667,0.0,0.217391304347826,0.895
96,8178.523854166667,2102.7,144165.58,38977.98,25523.420416666664,1211.59,150297.87,1071802272.764198,12,0.2717143233312401,33056.02333333333,5038.665000000001,3066690582.228169,0.3840395066930893,32372.1675,683.8558333333307,8.0,0.0158713310229905,0.5351249741374043,396672.28,388466.01,117923.08,224186.24,46356.69,0.0,22523.22,105048.63,0.1193326798398655,0.0,0.1812031379527902,0.2455809711639894,0.2648247313878348,0.0,0.0,0.0996082256977901,0.0258759833324928,0.0579798989363316,0.9793122171279528,0.0206877828720473,0.303560870100321,0.5771064500598134,0.1193326798398655,0.0374269038364514,0.7884371788409492,Female,28,Bachelor's,Salaried - Private,183293.47,15274.46,Savings,Mass Market,48057.29,0,5.0,Android 13,0,9.6,5.6,VERIFIED,0.89,0.92,0.96,0.97,1,0.0,0.0,0.0,0.0,0.0,650.0,0.0,0.4444736936708153,-17097.7075,0.0,0.0980392156862745,0.929
96,4145.8628125000005,1137.05,63575.37,15275.6,13018.3753125,778.73,64354.1,210694392.93820193,12,0.2917074511582042,17643.4475,4038.305,707957665.5854931,0.4092019826269275,15523.455,2119.9925,8.0,0.0884010472958477,0.5855449033771475,211721.37,186281.46,74117.64,92989.8,19174.020000000004,0.0,26628.66,30426.090000000004,0.1029303721368729,0.0,0.1067232348297034,0.254931328109625,0.1437081670121443,0.0,0.0,0.0910460439809737,0.1380865277736174,0.1429485253121808,0.8798425024361026,0.1201574975638973,0.3978798534218059,0.4991897744413212,0.1029303721368729,0.0501647345903344,0.8386261507183806,Male,38,Bachelor's,Self-Employed Business,545252.87,45437.74,Salary,Mass Market,8433.81,0,4.6,Android 11,0,4.4,6.1,VERIFIED,0.9,0.96,0.94,0.96,1,0.0,0.0,0.0,0.0,0.0,650.0,0.0,0.4797391509270154,29914.284999999996,0.0,0.1063829787234042,0.938
91,6501.872197802198,1648.05,140172.83,22807.2,26217.566153846154,592.39,140765.22,1276405679.355131,12,0.266733414185788,26593.562499999996,2836.13,2322714976.20002,0.3656246511408881,22712.301666666663,3881.2608333333296,7.583333333333333,0.0687771640871445,0.4907594831486124,319122.75,272547.62,83526.1,131794.66,57226.85999999999,0.0,24136.45,13420.65,0.2099701329257617,0.0,0.2251828873060788,0.2179055902230957,0.04205482059803,0.0,0.0,0.1606466055363095,0.0484946447156647,0.0885586526127067,0.8540526176839476,0.1459473823160522,0.3064642428358024,0.4835656242384358,0.2099701329257617,0.0260823411336338,1.154333300896753,Female,43,High School,Salaried - Govt,297183.48,24765.29,Current,Mass Market,31562.71,0,6.1,Android 11,0,2.5,6.1,VERIFIED,0.86,0.97,0.95,0.93,1,2.0,10784345.63,140532.8,9.565,5.6746,648.0,0.0,0.4156785839439779,-138479.81166666665,5.674587295363793,0.0806451612903225,0.925
98,7735.650816326531,2346.5,144383.27,36775.38,25230.030612244896,1898.63,154079.39,992344676.4458556,12,0.27490968950819,31679.309166666662,8609.305,2838420460.5312076,0.3831260913389909,31495.1725,184.13666666666415,8.166666666666666,0.0055264763888434,0.5316267429757566,380151.71,377942.07,108356.21,193548.0,76037.86000000002,0.0,70020.98999999999,84196.22000000002,0.2011891928305308,0.0,0.0661215355041051,0.1014314707013167,0.2214805767939331,0.0,0.0,0.1657997745527508,0.0574134549244544,0.1852691075116353,0.994187478467478,0.0058125215325217,0.286700578212952,0.512110228956517,0.2011891928305309,0.0602832068946439,0.8010761208640752,Male,57,High School,Salaried - Private,574088.02,47840.67,Salary,Mass Market,65597.93,0,0.2,Android 14,0,7.4,1.6,VERIFIED,0.86,0.93,0.9,0.9,1,0.0,0.0,0.0,0.0,0.0,650.0,0.0,0.4425263519936972,16345.497499999998,0.0,1.6666666666666663,0.8970000000000001
91,6287.094945054945,1361.6,132721.32,32198.99,23007.972637362636,861.41,134549.06,986683651.8181596,12,0.250268012175579,26697.235,2088.35,2303740104.626264,0.3674803452358069,20979.90166666667,5717.333333333333,7.583333333333333,0.1042289385093385,0.5115958127732572,320366.82,251758.82,121523.83,117128.72,13106.27,0.0,44939.7,26214.36,0.0520588315436178,0.0,0.0730763275741441,0.3041964130591333,0.0818260767454008,0.0,0.0,0.233308449729785,0.0547321043211117,0.1785029815440031,0.7858454879940439,0.2141545120059561,0.4826993946031364,0.4652417738532457,0.0520588315436178,0.0410588197068924,1.096667324895913,Male,67,Bachelor's,Salaried - Private,338284.09,28190.34,Current,Mass Market,65941.06,0,0.6,Android 14,0,2.6,0.6,VERIFIED,0.88,0.92,0.94,0.86,1,1.0,5597147.39,57404.36,9.19,2.0363,663.0,0.0,0.425126532250787,-50193.92166666667,2.036313148404737,0.7142857142857143,0.9
99,6928.78696969697,1660.64,124228.66,36657.94,24741.085656565658,35.95,124264.61,947396500.3518596,12,0.2767989765861839,30112.950833333332,1772.125,2498899664.519554,0.3862012132233304,27049.541666666668,3063.4091666666664,8.25,0.0542885926457781,0.5332885190555798,361355.41,324594.5,76163.7,201963.95,46466.84999999999,0.0,33447.37,66115.44,0.1431535346409135,0.0,0.0816998131514859,0.1315990566691672,0.1829651311986722,0.0,0.0,0.0928624483778992,0.2439553350411051,0.103043551261651,0.8982693797223071,0.1017306202776928,0.2346426079308183,0.6222038574282682,0.1431535346409135,0.0013290428519275,0.9146582208841736,Male,36,Master's,Salaried - Private,356094.1,29674.51,Salary,Mass Market,3323.05,1,1.5,Android 12,0,5.3,6.8,PENDING_REVERIFICATION,0.39,0.58,0.22,0.4,0,2.0,2164694.58,57518.07,13.165,1.9383,658.0,0.0,0.4450361355562302,-54893.10166666667,1.938298896932081,0.3125,0.415
99,5727.527878787879,1822.1,97419.24,22432.39,25086.03939393939,149.5,106183.4,743602570.238396,12,0.3007100498559296,21238.856666666667,3849.265,1267263699.8976607,0.3839247589598535,26013.248333333333,-4774.3916666666655,8.25,0.1074449047481299,0.5863768553493801,254866.28,312158.98,94952.08,147992.44,69214.45999999999,0.0,64382.59,36433.09,0.2217282360417758,0.0,0.1454705227445323,0.0979292346483192,0.1429498245118969,0.0,0.0,0.1691042493795949,0.0428051437123481,0.206249360502139,1.224795135708027,-0.2247951357080269,0.3041785951504583,0.4740931688077658,0.2217282360417758,0.0057470715723122,0.9643562800188312,Male,53,Bachelor's,Salaried - Private,461184.52,38432.04,Salary,Mass Market,74572.17,0,2.0,Android 12,0,0.7,2.7,VERIFIED,0.9,1.0,0.92,0.94,1,0.0,0.0,0.0,0.0,0.0,650.0,0.0,0.4649055975156642,12418.791666666668,0.0,0.238095238095238,0.9420000000000002
97,5928.960618556702,1716.9,85039.86,43799.01,23487.290412371138,1262.59,172178.35,851400148.7462455,12,0.3294583696122648,15752.550833333333,2949.225,709407326.1379536,0.3818641220421062,32173.21416666667,-16420.663333333334,8.083333333333334,0.2629611788104333,0.4515100674025825,189030.61,386078.57,97655.51,206924.37,81498.69,0.0,77690.84,73345.87000000001,0.2110935346657546,0.0,0.212402775942731,0.0517114171864032,0.3880105449588297,0.0,0.0,0.0969258666700925,0.036659221981681,0.2012306458760453,2.042412972163609,-1.0424129721636088,0.2529420630624486,0.5359644022717966,0.2110935346657547,0.0392435146037761,0.7300262351998806,Male,40,Bachelor's,Salaried - Govt,813005.14,67750.43,Salary,Affluent,213961.96,1,0.9,Android 13,0,0.7,1.8,VERIFIED,0.87,0.91,0.86,0.95,1,0.0,0.0,0.0,0.0,0.0,650.0,0.0,0.4097225001862967,35577.21583333332,0.0,0.5,0.8960000000000001
95,6238.2395789473685,1569.38,121533.42,36867.77,21263.463894736844,1360.48,123583.08,780641002.4368726,12,0.2757065837727036,23616.013333333336,2289.0950000000003,1812451955.2598965,0.3668521882341439,25770.05,-2154.036666666667,7.916666666666667,0.0381806619069983,0.4815500505808273,283392.16,309240.6,72771.53,135350.3,101118.77,0.0,36876.72,63615.3,0.3269906021395638,0.0,0.1084003523470074,0.1160740536656571,0.2244779813245363,0.0,0.0,0.0818411618655506,0.0417299668930923,0.1192492835675522,1.0912108507165477,-0.0912108507165476,0.2353233372332093,0.4376860606272268,0.3269906021395638,0.0527930679218705,0.8251231136430408,Male,68,Bachelor's,Self-Employed Professional,524506.39,43708.87,Savings,Mass Market,49358.54,0,2.2,Android 14,0,0.8,5.3,VERIFIED,0.88,0.94,0.95,0.79,1,3.0,4656624.87,89105.83,11.216666666666669,2.0386,635.0,0.0,0.4127313331728173,-71167.01000000001,2.038621222648858,0.217391304347826,0.894
98,6387.175510204082,1561.4299999999998,114872.86,27914.86,20221.222857142857,853.53,117071.89,652177308.4707114,12,0.285568886220489,25344.114166666663,2606.395,1766710673.6802993,0.3864295074951999,26817.819166666668,-1473.7050000000006,8.166666666666666,0.0453381552446131,0.5085859083990637,304129.37,321813.83,122371.23,182122.11,17320.49,0.0,27904.65000000001,46419.15000000001,0.0538214594444247,0.0,0.0994545510986895,0.2935441898193126,0.1526296194280743,0.0,0.0,0.2236975645204558,0.0985294510183108,0.0867105369585887,1.0581478204489096,-0.0581478204489096,0.3802547267779013,0.5659238137776738,0.0538214594444247,0.0318269727562671,0.7540218960935093,Male,48,Master's,Unemployed,470546.61,39212.22,Current,Mass Market,51223.43,0,0.7,Android 14,0,8.0,1.6,VERIFIED,0.87,0.9,0.95,0.89,1,1.0,9320340.45,84157.47,9.05,2.1462,657.0,0.0,0.4352920678567454,-71763.06916666667,2.146205188076574,0.625,0.8990000000000001
100,6984.3324,1972.705,125990.83,38758.07,19945.1339,453.35,134324.73,706664657.8195473,12,0.2780111603265949,27201.727499999997,3475.4,2205013679.346457,0.3769717614124442,31001.0425,-3799.314999999999,8.333333333333334,0.0904535915150744,0.5508098398274932,326420.73,372012.51,142351.55,159088.9,70572.06,0.0,63984.28999999999,26716.8,0.1897034591659296,0.0,0.1077203828441145,0.2106575932083574,0.0818477429420613,0.0,0.0,0.2438337355913112,0.0042728939411204,0.171994995544639,1.1396718278278466,-0.1396718278278465,0.3826525887529964,0.4276439520810738,0.1897034591659296,0.0146237017674486,0.6433697802259392,Male,33,Bachelor's,Salaried - Private,544559.83,45379.99,Savings,Mass Market,62457.57,1,0.5,Android 14,0,3.1,1.0,VERIFIED,0.97,1.0,0.85,0.91,1,1.0,962348.44,45166.38,11.7,0.9953,670.0,0.0,0.4465069927784638,-30787.432500000003,0.9952928592536048,0.8333333333333334,0.943
94,5368.90755319149,1831.66,88469.65,19504.64,20124.313404255317,676.65,90493.98,456705056.14314747,12,0.3027831424602297,20278.441666666666,3527.7650000000003,971952845.7191604,0.4045504273966994,21778.000833333335,-1499.5591666666671,7.833333333333333,0.0385141955202784,0.5550351630316309,243341.3,261336.01,79868.09,145123.58,36344.34,0.0,53080.27,7918.969999999999,0.1390713051752799,0.0,0.1980011480239558,0.1025033633902958,0.0325426468914236,0.0,0.0,0.245789893248925,0.0812212216754973,0.2031111977258702,1.0739484419619687,-0.0739484419619686,0.3056145611161661,0.5553141337085539,0.1390713051752798,0.0310703450320527,0.9240661508954078,Female,40,Diploma,Self-Employed Business,555823.0,46318.58,Salary,Mass Market,41974.24,0,0.9,Android 14,0,9.6,4.8,VERIFIED,0.98,0.9,0.86,0.97,1,0.0,0.0,0.0,0.0,0.0,650.0,0.0,0.464744321650672,24540.579166666663,0.0,0.5,0.9300000000000002
100,6864.6633144,1420.9105999999952,121930.86,38245.42,21976.277,147.7,141002.77,820743384.2471281,12,0.3001564376692934,23753.959166666667,2908.255,1676454602.2977898,0.3773241986152753,33451.56845333333,-9697.609286666664,8.333333333333334,0.1649275104604589,0.5178167353492068,285047.51,401418.82144,191713.05144,141938.75,67767.02,5769.141439999973,82549.65000000001,43068.060000000005,0.1688187408774233,0.0143718757862535,0.1548162833448231,0.2575720282100781,0.1510908128964185,0.0,0.0,0.0529330685685748,0.0385537228784705,0.2056446922540195,1.4082523346371276,-0.4082523346371275,0.4775885962503512,0.3535926628722255,0.1688187408774233,0.0044153385574744,0.6569580446028426,Male,41,Master's,Salaried - Govt,2191571.63,182630.97,Savings,Affluent,141231.91,0,1.0,Android 14,0,9.5,6.5,VERIFIED,0.99,0.96,0.91,0.92,1,2.0,772005.74,25812.0,12.495,0.1413,752.0,2.0,0.4335212133088479,123367.40154666666,0.1413341888289812,0.4545454545454545,0.951
100,7401.3267,1798.66,142479.02,29426.05,31056.467,1432.63,143911.65,1117881728.380047,12,0.2808339459085461,30189.21416666666,6239.835,2394621462.9465904,0.3918680522545371,31488.50833333333,-1299.2941666666677,8.333333333333334,0.0217092252199079,0.5317243343081761,362270.57,377862.1,124327.73,212989.5,40544.869999999995,0.0,68692.02,27367.61,0.1073007057336525,0.0,0.1143422957740403,0.1472381326415112,0.0755446681743979,0.0,0.0,0.1604833615226295,0.2164167562716663,0.1817912407727581,1.0430383566625354,-0.0430383566625354,0.3290293734142694,0.5636699208520781,0.1073007057336525,0.045496915409087,0.9862793966370272,Male,61,Bachelor's,Self-Employed Professional,395978.46,32998.21,Savings,Mass Market,45246.26,0,1.4,Android 14,0,4.4,2.5,VERIFIED,0.93,0.89,0.92,0.79,1,2.0,2473223.58,220952.72,13.45,6.6959,634.0,0.0,0.4478105650759927,-219443.01833333337,6.695900171554761,0.3333333333333333,0.8880000000000001
92,29895.97463043478,4087.33,132275.3,434844.76,172609.22923913042,636.24,1770410.47,137673089355.08353,12,0.2991154218067475,27136.7175,6423.17,2308307415.299147,0.3710523965290663,202065.75466666665,-174929.03716666668,7.666666666666667,0.2895188132588103,0.3267884998599317,325640.61,2424789.056,807521.026,1456050.01,161218.01999999996,37195.47599999995,547993.1699999998,311836.37999999995,0.0664874412894084,0.0153396749741846,0.2507711623389973,0.0916914316525189,0.9576090033733814,0.0,0.0,0.1163229474753947,0.1047876100278803,0.2259962237308943,7.446212117094364,-6.4462121170943645,0.3330273303575979,0.6004852283529937,0.0664874412894083,0.0031486780184478,0.8542230697322832,Female,52,Bachelor's,Salaried - Private,4276904.87,356408.74,Savings,HNI,2205255.23,0,1.3,Android 12,0,5.9,6.2,VERIFIED,0.87,0.97,0.92,0.92,1,1.0,602635.45,16756.53,14.95,0.047,747.0,1.0,0.3533468378614124,137586.45533333335,0.0470149244937147,0.3571428571428571,0.9200000000000002
92,10308.218784347826,1914.705,149820.1,106670.44,31538.722173913044,387.92,224323.19,2067176993.5630896,12,0.2884348465703964,32198.59833333333,2067.6949999999997,3353154275.316379,0.3674042826860888,46831.079013333336,-14632.480680000002,7.666666666666667,0.1317439116106719,0.4167891018675674,386383.18,561972.94816,320372.16816000006,200534.6,41066.18,18287.42816000003,241510.20000000004,92438.84,0.0730750121237294,0.0325414741401278,0.0334232280423795,0.1077890674245653,0.2392413665625921,0.0,0.0,0.1439809696621963,0.0149462710393821,0.4297541381497945,1.454444647823438,-0.4544446478234379,0.5700846797144877,0.3568403081617828,0.0730750121237294,0.0082833880442847,0.6734570895736486,Male,59,Bachelor's,Self-Employed Business,1854628.33,154552.36,Savings,Affluent,330993.63,1,0.4,Android 12,0,2.3,0.6,VERIFIED,0.96,0.99,0.87,0.84,1,2.0,8675412.89,100327.25,8.955,0.6491,759.0,1.0,0.3871582103586802,7394.03098666665,0.6491473180998336,1.0,0.927
95,6325.3476842105265,1439.76,114844.41,34935.83,20016.39768421053,776.92,115621.33,582178760.3360412,12,0.2746299270220678,22856.96416666667,3766.894999999999,1801754484.2919176,0.3599795729654846,27218.705,-4361.740833333333,7.916666666666667,0.1032620802741851,0.537823044546784,274283.57,326624.46,131221.44,175543.23,19859.789999999997,0.0,45376.46,26615.73,0.0608031315229729,0.0,0.1749324285143862,0.2628247131277308,0.0970372742341074,0.0,0.0,0.2020232654957929,0.0790037280122866,0.138925480351349,1.190827653293269,-0.1908276532932687,0.4017501934790799,0.5374466749979472,0.0608031315229728,0.0285436063177877,0.7353912570127978,Male,19,Master's,Self-Employed Business,406112.5,33842.71,Savings,Mass Market,68665.77,0,0.1,Android 12,0,8.1,3.6,VERIFIED,0.87,0.93,0.88,0.85,1,2.0,5628495.649999999,70839.43,10.03,2.0932,653.0,0.0,0.4311169615980044,-64215.425,2.093196141798337,2.5,0.8860000000000001
98,5998.848775510203,1984.56,97784.68,19717.75,19853.22142857143,1757.83,101330.35,429644302.5245979,12,0.3035630125116437,23665.105,7066.975,1247332545.8351362,0.411726725890416,25325.493333333332,-1660.3883333333335,8.166666666666666,0.058951587189626,0.5424354763648832,283981.26,303905.92,102530.7,180571.54,20803.68,0.0,53929.79,102464.67,0.0684543427123762,0.0,0.0851732009695632,0.15992090578558,0.3608149002508123,0.0,0.0,0.1009854957744817,0.0708513345182614,0.1774555428206203,1.0701618832172235,-0.0701618832172235,0.3373764486062002,0.5941692086814235,0.0684543427123762,0.0694095067315569,0.7839223965852892,Male,54,Bachelor's,Salaried - Private,364616.44,30384.7,Savings,Mass Market,39263.59,1,0.1,Android 13,0,3.7,1.3,VERIFIED,0.94,0.94,0.9,0.76,1,0.0,0.0,0.0,0.0,0.0,650.0,0.0,0.4640102260802028,5059.206666666669,0.0,2.5,0.896
100,8182.6023,1570.275,132473.43,41951.87,24956.0496,1127.92,137970.56,925997784.5136968,12,0.2816952195446358,33207.214166666665,2520.815,2982716748.4860625,0.3884120611373468,34981.13833333333,-1773.9241666666685,8.333333333333334,0.0357595352563608,0.5823664457246653,398486.57,419773.66,163112.31,218414.0,38247.350000000006,0.0,71419.76,75367.09,0.0911142209351582,0.0,0.0676123175522732,0.2184333099890069,0.1891333251205931,0.0,0.0,0.2598927002709031,0.013266506526398,0.170138736194167,1.0534198429824122,-0.0534198429824122,0.3885720461831741,0.5203137328816677,0.0911142209351582,0.0322436619772665,0.713414451016293,Female,45,Diploma,Salaried - Private,583826.78,48652.23,Current,Mass Market,50754.36,1,4.2,Android 12,0,4.4,6.0,VERIFIED,0.98,0.89,0.97,0.91,1,3.0,9337564.33,87196.97000000002,11.403333333333334,1.7923,655.0,0.0,0.4659938149722742,-73525.87833333333,1.7922502216239629,0.1162790697674418,0.937
90,7114.229020444444,1430.215,81921.72,91503.92,21653.35744444444,397.75,183854.22,913252880.5038894,12,0.3085997131813903,15404.8075,1086.17,989163992.682366,0.3384565750087147,37951.91015333334,-22547.102653333335,7.5,0.2433243061456113,0.3702623827585133,184857.69,455422.92184,166088.91184000004,209543.48,79790.53000000001,16974.651840000035,106637.62,24889.43,0.175200953165972,0.0372722825882786,0.2201154908826009,0.0932685597562499,0.1346410311629448,0.0,0.0,0.1492009003970865,0.0361398146880766,0.2341507528192972,2.4636406623927845,-1.4636406623927845,0.364691595163826,0.460107451670202,0.1752009531659721,0.0104803684028817,0.5705472361459681,Male,67,Bachelor's,Salaried - Private,1715147.16,142928.93,Savings,Affluent,275358.14,0,3.0,Android 13,0,5.5,3.5,VERIFIED,0.94,0.91,0.9,0.77,1,1.0,798042.38,70104.94,9.85,0.4905,775.0,1.0,0.3511788981086342,34872.07984666666,0.4904881048224457,0.1612903225806451,0.889
91,4433.86952967033,1338.22,82607.55,26183.02,11672.003186813186,37.74,88316.95,231294725.09739527,12,0.2638162873710692,19025.053333333333,2959.1800000000003,998827429.7706786,0.3860430182445701,14598.457266666666,4426.596066666664,7.583333333333333,0.10594483693353,0.4902927060273414,228300.64,175181.4872,52007.64720000001,108022.9,15150.94,9638.877200000006,26099.359999999997,27704.929999999997,0.0864871068408191,0.0550222363907412,0.0753539669687197,0.0928717426712198,0.1213528354541625,0.0,0.0,0.3193439609068463,0.0637864204637257,0.148984692487529,0.7673280600527446,0.2326719399472553,0.2968786715494901,0.6166342216096907,0.0864871068408192,0.0025852046768101,0.7995367574534339,Male,63,Master's,Self-Employed Professional,202406.16,16867.18,Salary,Mass Market,35197.8,0,0.2,Android 12,0,9.6,5.7,VERIFIED,0.92,0.98,0.88,0.95,1,2.0,4785449.77,42174.58,9.91,2.5004,622.0,1.0,0.4277428933576787,-39905.857266666666,2.500393071040921,1.6666666666666663,0.9360000000000002
93,6293.744838709677,1263.39,138216.33,44530.02,24471.342795698925,238.64,141631.4,1232456110.834329,12,0.2617277792850656,24830.670833333337,3022.465,1996267413.383899,0.3672827541578595,23945.851666666666,884.8191666666638,7.75,0.0152626169746529,0.4900859009955516,297968.05,287350.22,113196.55,118744.09,55409.58,0.0,74140.20000000001,43589.68,0.1928294330173124,0.0,0.0466047668242606,0.1359189841580771,0.1462897783839576,0.0,0.0,0.1453299739947997,0.069608159687506,0.2580133747592049,0.9643658774825018,0.0356341225174979,0.3939323589172822,0.4132382080654054,0.1928294330173124,0.0099658180181661,1.0219449755367758,Male,36,Bachelor's,Salaried - Private,226619.2,18884.93,Current,Mass Market,61001.17,0,0.6,Android 14,0,9.9,3.1,VERIFIED,0.91,0.93,0.85,0.83,1,0.0,0.0,0.0,0.0,0.0,650.0,0.0,0.4164040128929364,-5060.921666666665,0.0,0.7142857142857143,0.8880000000000001
98,7862.266020408163,2593.29,133166.47,36743.67,26612.13234693878,789.25,134383.75,998964185.357756,12,0.2809763541146222,31990.971666666668,3669.345,2554848900.383051,0.3979812956984375,32217.534166666668,-226.5625,8.166666666666666,0.00462730129622,0.4889071951405499,383891.66,386610.41,147556.04,227504.85,11549.52,0.0,95978.61999999998,69528.43,0.0298737946554517,0.0,0.0947909809257334,0.133409289211845,0.1811147186682825,0.0,0.0,0.1596500466710143,0.1541781298646355,0.2482566881735026,1.0070820762295278,-0.0070820762295278,0.3816659773853477,0.5884602279592006,0.0298737946554517,0.0244975296966266,0.8260139403987217,Female,67,Master's,Self-Employed Professional,461044.75,38420.4,Savings,Mass Market,31952.17,1,0.4,Android 11,0,6.9,0.8,VERIFIED,0.88,0.98,0.85,0.8,1,3.0,11710041.34,132140.97,10.283333333333331,3.4393,664.0,0.0,0.4343516554752824,-125938.10416666669,3.4393439422806633,1.0,0.8880000000000001
92,4366.702173913043,1353.475,81703.65,23832.72,15050.716847826086,1076.48,84665.11,244606269.6620569,12,0.2862402409981602,17222.088333333333,5102.8150000000005,706395064.6398877,0.4036376664617364,16255.961666666668,966.1266666666664,7.666666666666667,0.0271122509007644,0.5172370392410062,206665.06,195071.54,39322.68,117845.46,37903.4,0.0,26636.069999999996,49700.05,0.1943051251863803,0.0,0.076412171657639,0.0650356787053611,0.2404859824877993,0.0,0.0,0.1049915328499482,0.167931775183607,0.1365451362100283,0.9439018864630528,0.0560981135369471,0.2015808149153894,0.6041140598982302,0.1943051251863803,0.0662206285960525,0.9258582885740946,Male,32,High School,Retired,305013.12,25417.76,Savings,Mass Market,23758.83,1,1.5,Android 12,0,2.8,4.5,VERIFIED,0.91,0.94,0.96,0.87,1,1.0,1259689.71,27824.17,11.69,1.0947,655.0,0.0,0.4490774155734443,-18662.37166666667,1.0946743536802614,0.3125,0.921
98,6507.014951836734,2535.0494400000025,129307.28,24392.55,27139.57846938775,121.1,135982.7,1067064707.7382052,12,0.2936486905620051,24957.040833333333,5301.235000000001,1833138793.215317,0.3784362744669583,28183.581273333333,-3226.5404399999993,8.166666666666666,0.0690247296203049,0.5530987057757129,299484.49,338202.97528,139020.28527999998,157835.68,41347.009999999995,23101.665279999994,49338.59,32875.47,0.1222550155443446,0.0683071024460207,0.1329100962603453,0.1968641167183051,0.1097735311768566,0.0,0.0,0.0838899775394075,0.1526828081782805,0.145884553378492,1.129283774528691,-0.1292837745286909,0.411055772542818,0.4666892119128373,0.1222550155443446,0.0042968279589997,0.962957056669963,Male,33,Bachelor's,Salaried - Private,1105390.25,92115.85,Savings,Affluent,59726.39,1,0.4,iOS 17,0,4.9,2.1,VERIFIED,0.99,1.0,0.96,0.82,1,1.0,783033.19,25513.31,10.67,0.277,683.0,1.0,0.4483012469904601,38418.95872666667,0.2769698157266095,1.0,0.953
96,7536.204999999999,2296.34,128847.89,38303.35,29324.564375,1506.65,131409.09,1075553665.0424397,12,0.2802847955769844,30705.375833333335,4061.66,2450275425.5420995,0.3931711316470132,29584.264166666664,1121.1116666666676,8.0,0.0245403840045954,0.6042678147815731,368464.51,355011.17,174337.97,161702.94,18970.26,0.0,57692.01000000001,32128.319999999996,0.0534356707705845,0.0,0.1677901853060004,0.3285698306337797,0.0871951548332293,0.0,0.0,0.0875200349329853,0.1096772250856219,0.1625075909583352,0.9634880982160262,0.0365119017839737,0.491077421592115,0.4554869076373005,0.0534356707705845,0.0509274116642583,0.991221691700574,Male,43,Master's,Salaried - Private,432758.83,36063.24,Savings,Mass Market,44466.78,1,0.5,Android 13,0,1.5,2.0,VERIFIED,0.9,0.97,0.98,0.81,1,1.0,910349.52,16050.69,11.96,0.4451,613.0,0.0,0.4776098049008371,-9571.714166666665,0.4450706592086568,0.8333333333333334,0.919
95,4925.706421052631,1119.36,118005.39,25642.96,15828.87852631579,316.79,122210.46,670046779.0772849,12,0.248959220234431,21525.646666666667,3286.72,1479069279.301806,0.3689353436084471,17469.529166666664,4056.1175000000017,7.916666666666667,0.1011901152727312,0.4867570977673852,258307.76,209634.35,103362.02,62893.89,43378.44,0.0,51764.23,10973.28,0.2069242946110692,0.0,0.0266339462020417,0.2461323251652222,0.0424814182895628,0.0,0.0,0.1536488652742263,0.067389433077165,0.2469262790186818,0.8115681464621891,0.1884318535378109,0.493058604183904,0.3000171012050267,0.2069242946110692,0.0181338602189956,0.906085010952592,Male,61,Bachelor's,Retired,448180.9,37348.41,Savings,Mass Market,31024.39,0,1.8,iOS 17,0,4.7,4.3,VERIFIED,0.88,1.0,0.84,0.86,1,0.0,0.0,0.0,0.0,0.0,650.0,0.0,0.4160640452720223,19878.88083333334,0.0,0.2631578947368421,0.904
90,5124.520310222222,1578.775,108930.16,23470.3,15914.575,396.95,116000.33,527115859.5856253,12,0.2735621076864525,17880.993333333336,4026.48,1148386864.0618424,0.3553150656430042,20552.908993333334,-2671.915659999999,7.5,0.1651559191333988,0.4664911598507564,214571.92,246634.90792,35132.61792,181389.78,30112.51,18513.617920000004,5605.129999999999,31077.51,0.1220934629811911,0.075064872511904,0.1258434593130161,0.0446565739330481,0.1448349345990845,0.0,0.0,0.4229493338138329,0.0606597424759222,0.022726426065438,1.1494276973426905,-0.1494276973426904,0.1424478725103902,0.7354586645084187,0.1220934629811911,0.0193135677352902,0.7743222628564234,Male,35,High School,Salaried - Private,598414.29,49867.86,Salary,Mass Market,36640.95,1,3.1,Android 14,0,5.1,6.8,VERIFIED,0.87,0.93,0.85,0.91,1,2.0,1591844.73,43361.6,10.55,0.8695,666.0,1.0,0.3997855033261051,-14046.648993333336,0.8695299938677937,0.15625,0.8920000000000001
92,8373.156739130436,1746.85,147957.26,45442.55,23856.94695652174,662.04,155438.24,1073503303.1850828,12,0.2624066278136217,36974.87666666667,2665.8,3733214962.1643143,0.3872845066345954,27219.325,9755.551666666664,7.666666666666667,0.1201594742866324,0.474244894045592,443698.52,326631.9,109325.76,156485.31,60820.83000000001,0.0,73182.37,29144.98,0.1862060319276837,0.0,0.0748976141032152,0.110654807445323,0.0656864485371733,0.0,0.0,0.1270488583631911,0.1879123563865011,0.2240515087473085,0.736157289864298,0.263842710135702,0.3347063161926314,0.4790876518796847,0.1862060319276837,0.024322425335676,0.876470924849229,Female,61,Bachelor's,Salaried - Govt,264551.09,22045.92,Savings,Mass Market,30845.06,0,1.8,Android 14,0,5.0,3.0,VERIFIED,0.96,0.96,0.83,0.77,1,1.0,816904.3,27666.6,13.36,1.255,663.0,0.0,0.422068661598994,-32840.005000000005,1.2549532974808943,0.2631578947368421,0.896
90,7897.889666666668,2769.66,146606.64,28093.55,35574.80944444444,792.58,147399.22,1662211939.4135852,12,0.287471408690062,27040.244166666667,4627.889999999999,2693386384.3489537,0.3524223649828936,32193.928333333333,-5153.684166666666,7.5,0.1151607865728327,0.5551229362964878,324482.93,386327.14,178056.59,175502.86000000002,32767.69,0.0,58553.17000000001,72758.64,0.0848185038203632,0.0,0.1548568914935668,0.3093321892942857,0.2242294841210907,0.0,0.0,0.0616403755635703,0.0494540714897741,0.1515636980616997,1.1905931076251068,-0.1905931076251067,0.4608958873559853,0.4542856088236514,0.0848185038203632,0.0246189278858327,1.1050161097491968,Male,30,High School,Salaried - Private,512992.82,42749.4,Current,Mass Market,68120.25,1,0.7,Android 14,0,6.5,1.4,VERIFIED,0.89,0.98,0.86,0.79,1,0.0,0.0,0.0,0.0,0.0,650.0,0.0,0.4335025935083313,10555.471666666668,0.0,0.625,0.891
95,8514.477578947368,2721.42,146009.06,44000.76,34344.677894736844,3483.22,154973.06,1167285275.0752578,12,0.2837124317356885,35280.12583333333,7016.07,3034306097.7850084,0.400828264908478,32126.155,3153.970833333334,7.916666666666667,0.0626660187661462,0.5932052272173886,423361.51,385513.86,173814.76,171694.25,40004.850000000006,0.0,65180.55,25075.72,0.1037701990792237,0.0,0.0521050786604663,0.2817906728437727,0.0592300419563412,0.0,0.0,0.0754285462006476,0.2527861125408046,0.1690744659608347,0.9106020526051128,0.0893979473948872,0.4508651388046075,0.4453646621161688,0.1037701990792237,0.1084231835400159,1.0690565956223783,Male,21,Bachelor's,Salaried - Private,347371.99,28947.67,Savings,Mass Market,46957.06,1,0.5,Android 12,0,3.7,4.2,VERIFIED,0.9,0.96,0.89,0.88,1,0.0,0.0,0.0,0.0,0.0,650.0,0.0,0.4777790498320422,-3178.4850000000006,0.0,0.8333333333333334,0.912
91,5991.525824175824,1346.05,116801.37,25412.07,19253.399120879123,1042.45,118855.69,590180282.606686,12,0.2679915163290369,24405.632499999996,2357.385,1644051437.5434382,0.3860139204578085,21030.105,3375.5275000000006,7.583333333333333,0.0852338732067854,0.4752002054072546,292867.58999999997,252361.26,92053.47,139909.75,20398.04,0.0,51044.009999999995,55124.54,0.0808287294175025,0.0,0.0143182039905808,0.1625029927335122,0.188223422059095,0.0,0.0,0.1412193377065877,0.1804300707644271,0.2022656330056364,0.8616906363725669,0.1383093636274331,0.3647686257391487,0.5544026448433488,0.0808287294175025,0.0495694148935537,0.9155160718826236,Male,66,High School,Self-Employed Professional,264220.39,22018.37,Savings,Mass Market,37886.4,0,6.1,Android 12,0,4.6,6.6,VERIFIED,0.86,0.99,0.91,0.94,1,0.0,0.0,0.0,0.0,0.0,650.0,0.0,0.4216884344375869,988.2649999999994,0.0,0.0806451612903225,0.925
97,25576.54649484536,1958.71,95961.5,661871.5,129694.0948453608,353.02,1400719.47,87100661111.91222,12,0.2378265710653405,18461.130833333333,6350.945,860272889.9773539,0.3966609354879297,188282.62,-169821.48916666667,8.083333333333334,0.2835287940033393,0.3071427278316025,221533.57,2259391.44,307140.66,1819113.59,133137.19000000003,0.0,189446.26,599637.56,0.0589261283560497,0.0,0.2993208604879905,0.0520911949635429,2.7067570842649267,0.0,0.0,0.1527242751703087,0.0876913652465639,0.0838483569717339,10.198867106235864,-9.198867106235864,0.1359395519352768,0.8051343197086734,0.0589261283560497,0.0018749473530801,0.688826694919376,Female,34,Master's,Salaried - Private,8674064.8,722838.73,Savings,HNI,2061752.5,0,2.4,Android 13,0,3.3,2.9,VERIFIED,0.87,0.9,0.93,0.9,1,0.0,0.0,0.0,0.0,0.0,650.0,0.0,0.3608536524253988,534556.11,0.0,0.2,0.8970000000000001
95,7294.795894736842,2035.53,125246.4,30480.09,22425.921578947367,890.79,127607.67,740710898.7487901,12,0.296064205776307,29220.905833333338,5706.305,1974132435.2811356,0.4072083933955212,28529.561666666665,691.3441666666671,7.916666666666667,0.0199383171883895,0.5578434213065016,350650.87,342354.74,121347.62,183885.77,37121.350000000006,0.0,79086.72,37054.619999999995,0.1084294904168699,0.0,0.2038000408582045,0.1234418428090115,0.1056738287858803,0.0,0.0,0.0833450414619642,0.1417409030177295,0.2310081058027705,0.9763407688108688,0.0236592311891312,0.354449948611782,0.537120560971348,0.1084294904168699,0.0312234029533226,0.7860591004154592,Male,41,High School,Self-Employed Business,579192.85,48266.07,Savings,Mass Market,44458.43,0,0.5,Android 12,0,9.3,1.3,VERIFIED,0.9,0.88,0.95,0.75,1,3.0,2459742.13,181970.94,13.23,3.7702,654.0,0.0,0.4674624045599134,-162234.43166666667,3.7701627665148623,0.8333333333333334,0.874
100,7776.4658,2067.73,114205.46,63176.95,34359.7214,766.98,261380.56,2417524596.4857206,12,0.3180734958202961,20296.953333333335,3086.305,1284393482.9494607,0.3716849336872139,44506.92833333334,-24209.974999999995,8.333333333333334,0.2298224678671175,0.3932183822974563,243563.44,534083.14,132993.88999999998,322796.77999999997,78292.47000000002,0.0,46441.600000000006,67244.49,0.146592288983322,0.0,0.2906554960712671,0.1620577088428592,0.2760861400216716,0.0,0.0,0.0804867571741733,0.1073455904262396,0.0869557499980246,2.1927886221347506,-1.1927886221347503,0.2490134588408838,0.6043942521757941,0.146592288983322,0.0172328225901308,0.7720083745762879,Male,36,Bachelor's,Salaried - Govt,1923937.27,160328.11,Savings,Affluent,315516.65,0,2.4,iOS 17,0,0.5,6.7,VERIFIED,0.91,0.95,0.93,0.84,1,0.0,0.0,0.0,0.0,0.0,650.0,0.0,0.3802983131313109,115821.18166666664,0.0,0.2,0.912
96,6279.344375000001,2575.115,104904.28,33120.29,25801.9478125,2368.6,111446.74,678736277.6445038,12,0.3063480839929118,25370.375,8414.11,1334148535.9204998,0.4204571516115713,24864.38,505.994999999999,8.0,0.0131901163224399,0.5715704457297234,304444.5,298372.56,84013.03,189565.74,24793.79,0.0,40985.83,48456.19,0.0830967499156088,0.0,0.144498073147209,0.14420629028353,0.1591626388389345,0.0,0.0,0.219722416833505,0.1087102312625531,0.137364608863496,0.980055675172322,0.0199443248276779,0.2815708991470261,0.635332350937365,0.0830967499156088,0.0952607706285055,1.037707266881378,Male,39,Bachelor's,Salaried - Private,355620.81,29635.07,Salary,Mass Market,57281.66,1,1.8,Android 14,0,0.2,1.9,VERIFIED,0.88,0.89,0.84,0.89,1,0.0,0.0,0.0,0.0,0.0,650.0,0.0,0.4809024692588321,4770.689999999999,0.0,0.2631578947368421,0.8770000000000001
95,9460.044526315787,1896.59,119172.19,81417.0,36342.36210526316,0.0,355293.23,3145079879.65297,12,0.3273615768957422,22318.814166666663,5057.085,1557289211.3381355,0.3713638196410176,52573.204999999994,-30254.390833333324,7.916666666666667,0.2320272595278038,0.3736628286469203,267825.76999999996,630878.46,227226.62999999995,332643.45,71008.37999999999,31906.559999999943,149577.13,42834.05,0.1125547700582454,0.0505748127777257,0.2106254982932845,0.0725067392537066,0.1599325188162438,0.0,0.0,0.0715199247728318,0.1772289546864542,0.2370934173279588,2.355555479220689,-1.3555554792206888,0.3601749693593913,0.5272702605823633,0.1125547700582454,0.0,0.6912715727577035,Female,47,High School,Salaried - Private,1634051.6,136170.97,Savings,Affluent,386731.51,0,2.1,Android 13,0,2.3,2.4,VERIFIED,0.96,0.9,0.87,0.81,1,2.0,7153654.93,98992.95,10.635,0.727,771.0,1.0,0.3722834232433787,-15395.184999999998,0.726975433897548,0.2272727272727272,0.8940000000000001
99,5285.260808080809,1899.46,125555.99,33951.28,17621.944646464646,652.98,130666.77,504505157.7183882,12,0.2789860703309831,19348.210833333334,6342.280000000001,1294548485.2156267,0.3596689453703497,24255.19083333333,-4906.979999999999,8.25,0.1485880431042401,0.5085994583076443,232178.53,291062.29,64211.64,202078.4,24772.25,0.0,42943.56,36791.0,0.0851097886984947,0.0,0.3117090846773727,0.0730705444528729,0.1584599575163129,0.0,0.0,0.1750224324834385,0.0811448642144607,0.1475407892929036,1.2536141476991864,-0.2536141476991864,0.2206113337457765,0.6942788775557287,0.0851097886984947,0.0269212476820683,0.7265226139654704,Male,50,High School,Salaried - Govt,199145.77,16595.48,Salary,Mass Market,71055.87,0,0.1,Android 12,0,0.2,3.7,VERIFIED,0.95,0.99,0.98,0.92,1,0.0,0.0,0.0,0.0,0.0,650.0,0.0,0.4192411505452675,-7659.710833333331,0.0,2.5,0.962
91,6283.086153846153,1551.26,99138.93,21809.37,20361.21538461538,1020.14,100602.42,611213913.7126963,12,0.285181784057361,25402.443333333333,4379.135,1577601185.7157514,0.4004861362095269,22244.293333333335,3158.150000000001,7.583333333333333,0.0733936364439792,0.4866422498866878,304829.31999999995,266931.52,67559.16,118368.41,81003.95000000001,0.0,16378.419999999998,48735.32,0.3034634126385674,0.0,0.0624961787952206,0.1917373414724495,0.1598774028692516,0.0,0.0,0.1098832764298498,0.0884855411605193,0.0613581341012106,0.8756753451406842,0.124324654859316,0.2530954755736602,0.4434411117877723,0.3034634126385674,0.0458607511020054,0.915345571086489,Male,57,Master's,Self-Employed Business,199725.06,16643.76,Salary,Mass Market,43341.57,0,1.4,iOS 16,0,3.4,1.7,VERIFIED,0.87,0.97,0.97,0.97,1,1.0,190080.36,16873.3,11.83,1.0138,600.0,0.0,0.4349485816803913,-22473.83333333334,1.0137913548380897,0.3333333333333333,0.94
90,6752.458666666667,2592.755,73336.44,88498.08,34085.537333333334,2888.15,277636.53,2183465404.378344,12,0.3258263832926811,14036.465833333335,4868.1900000000005,580007670.5533538,0.3784140828493448,36606.97416666667,-22570.50833333333,7.5,0.27710581447568,0.4064027035995749,168437.59,439283.69,111510.71,320138.19,7634.790000000001,0.0,84548.18,92821.06,0.0173800898458123,0.0,0.0513321584964832,0.0613783999128217,0.5510709337505958,0.0,0.0,0.0943289972819159,0.3718111182320472,0.1924682885449264,2.607990829125494,-1.6079908291254936,0.2538466884577481,0.7287732216964395,0.0173800898458123,0.0788961684418558,0.931121408126944,Male,38,Bachelor's,Salaried - Private,2277812.91,189817.74,Salary,Affluent,276053.27,0,3.0,Android 13,0,8.7,3.2,VERIFIED,0.91,0.9,0.85,0.86,1,0.0,0.0,0.0,0.0,0.0,650.0,0.0,0.3896095311494368,153210.7658333333,0.0,0.1612903225806451,0.8850000000000001
96,5414.059895833333,1590.15,83230.84,24952.75,21578.588958333337,1117.94,93485.58,592733567.6542537,12,0.2965045559419578,21597.951666666664,4977.425,1229448587.375415,0.3915003198451746,21714.5275,-116.57583333333484,8.0,0.0031027639861706,0.5723680936015042,259175.42,260574.33,93565.33,129361.04,37647.96,0.0,38023.29,38530.99999999999,0.1444806938580634,0.0,0.1351646956167938,0.2131523853481653,0.1486676475724433,0.0,0.0,0.1467099617986161,0.0667016586015974,0.1459210890036635,1.0053975411711495,-0.0053975411711497,0.3590734743518289,0.4964458317901076,0.1444806938580634,0.0514835056853067,0.9937397421303932,Female,59,Master's,Retired,464379.39,38698.28,Savings,Mass Market,58831.66,0,3.8,Android 11,0,6.0,4.3,REJECTED,0.47,0.7,0.3,0.34,0,1.0,887631.44,21355.06,15.51,0.5518,657.0,0.0,0.4638474293477064,-4371.307500000003,0.5518348619111755,0.1282051282051282,0.479
99,8952.545555555556,2442.38,128119.29,42753.13,35906.26818181818,2788.25,213492.5,2009016169.2797952,12,0.3272048812436265,27640.591666666664,4864.755,2117391519.0076692,0.3855295903462978,46217.90916666666,-18577.3175,8.25,0.2014336180467745,0.4820964434073435,331687.1,554614.91,191467.76,287134.17,76012.98,0.0,77155.39000000001,90604.88,0.1370554210307833,0.0,0.0909949391732003,0.206111245729041,0.2731637136325169,0.0,0.0,0.103493340992221,0.1598644183583163,0.1391152466492471,1.6721027438209086,-0.6721027438209084,0.3452264923782882,0.5177180865909284,0.1370554210307833,0.0603283456623984,0.776890794699007,Male,20,High School,Salaried - Private,1486624.33,123885.36,Salary,Affluent,243272.35,1,0.2,Android 14,0,1.2,1.9,VERIFIED,0.9,0.89,0.89,0.81,1,0.0,0.0,0.0,0.0,0.0,650.0,0.0,0.4241563315707161,77667.45083333334,0.0,1.6666666666666663,0.8770000000000001
97,7022.2499381443295,2076.73,134924.25,31379.4,23056.01659793814,5.81,148327.71,743931464.5940708,12,0.2935288204767507,27278.665833333333,5780.92,2050716790.9603903,0.3861973240701132,29484.52116666667,-2205.8553333333325,8.083333333333334,0.0654599901513052,0.5899251987189202,327343.99,353814.254,145767.614,184560.31,23486.33,18270.904,68971.6,89621.61,0.0663803951776346,0.0516398188977428,0.0868834131255774,0.1654119621760631,0.2737841925859094,0.0,0.0,0.0878145514171399,0.0936312475415419,0.1949373130682292,1.080863754364331,-0.0808637543643309,0.4119890941420353,0.52163051068033,0.0663803951776346,0.0001970525472385,0.7819701892938934,Male,55,High School,Salaried - Private,500750.75,41729.23,Savings,Mass Market,40208.3,0,0.7,Android 13,0,9.8,1.0,VERIFIED,0.91,0.97,0.97,0.88,1,2.0,1115378.22,21490.25,11.32,0.515,620.0,1.0,0.467688473929636,-9245.54116666667,0.5149927281188749,0.625,0.934
99,9607.469121616165,4082.98,111045.96,45914.22,40807.89878787879,1356.87,243024.33,2262026316.77296,12,0.3547563283871111,29334.445000000003,6203.6900000000005,1705750766.2641366,0.4259051122390337,49927.17525333334,-20592.73025333333,8.25,0.2247575674918,0.498028026097016,352013.34,599126.10304,283175.68304000003,289210.26,26740.160000000003,37239.22304000001,150463.90999999997,39861.899999999994,0.0446319395271194,0.0621559014889287,0.0937384629296488,0.159353013523475,0.113239742562029,0.0,0.0,0.1189167516462612,0.2035315593516357,0.2511389659648237,1.701998290860227,-0.7019982908602269,0.4726478809772275,0.4827201794956532,0.0446319395271194,0.0271769831382441,0.8173484396186481,Female,38,Bachelor's,Salaried - Private,816376.3,68031.36,Savings,Affluent,267795.64,1,0.9,Android 13,0,9.2,4.8,VERIFIED,0.98,0.94,0.95,0.88,1,1.0,3471550.32,34614.41,8.71,0.5088,701.0,1.0,0.4547542777822266,-16510.225253333352,0.5088007942219589,0.5,0.942
90,9507.054222222225,2877.145,137997.02,73555.3,42176.565444444444,573.44,269913.53,2548320311.3074527,12,0.3206374473877091,25347.766666666663,4737.365,2404969686.3009152,0.350598261285816,45955.14000000001,-20607.373333333337,7.5,0.2697717156118172,0.4675000217274544,304173.2,551461.68,148355.03,370738.67,32367.980000000003,0.0,81168.68000000001,134246.64,0.0586948852003642,0.0,0.1204171793042809,0.1218332160450387,0.4413493364964435,0.0,0.0,0.1312084458887515,0.1772201832772859,0.1471882506867929,1.8129857594291672,-0.8129857594291675,0.2690214667318316,0.672283648067804,0.0586948852003642,0.0124782559687556,0.9177768894718727,Male,44,High School,Salaried - Private,1797355.0,149779.58,Savings,Affluent,259226.17,0,0.4,Android 14,0,8.9,6.8,VERIFIED,0.97,0.92,0.95,0.78,1,0.0,0.0,0.0,0.0,0.0,650.0,0.0,0.3973589654624714,103824.43999999996,0.0,1.0,0.913
95,6602.893789473685,1233.24,102495.3,29318.21,24013.880421052632,481.45,106771.94,785632783.6993382,12,0.2832260772769835,25693.92,1999.48,1803812833.713691,0.3872159655438106,26578.989166666663,-885.0691666666668,7.916666666666667,0.0206008587749489,0.5837729157595778,308327.04,318947.87,106940.49,134961.72,77045.66,0.0,86942.95999999999,26866.28,0.241561920448003,0.0,0.1037982163041252,0.0626984278026374,0.0871356595905438,0.0,0.0,0.1223263224802222,0.1127880239488666,0.2725930102621472,1.034446638218951,-0.0344466382189508,0.3352914380647847,0.4231466414872123,0.241561920448003,0.0181139319099387,0.90349110985639,Female,20,Bachelor's,Self-Employed Business,434977.62,36248.14,Savings,Mass Market,48085.45,0,3.9,Android 13,1,5.7,4.5,VERIFIED,0.98,0.95,0.96,0.92,1,0.0,0.0,0.0,0.0,0.0,650.0,0.0,0.4658387456301174,9669.150833333331,0.0,0.625,0.955
94,5286.457234042554,1411.8649999999998,123718.09,22020.59,18021.008191489364,870.45,125943.95,555852095.3796234,12,0.266212998721874,21106.44,3149.56,1522193043.4244912,0.3610470798360297,20304.141666666663,802.2983333333341,7.833333333333333,0.0165802406690454,0.4548999954431048,253277.28,243649.7,84555.57999999999,138332.49,20761.63,0.0,32740.23,37272.12,0.0852109811750229,0.0,0.1024740026357512,0.2126633030945656,0.147159350416271,0.0,0.0,0.199355509159256,0.112947809909062,0.1343741855623052,0.9619879840781612,0.0380120159218387,0.3470374886568708,0.567751530168106,0.0852109811750229,0.0428705637642894,0.8875533123901748,Male,48,Bachelor's,Self-Employed Professional,374667.5,31222.29,Salary,Mass Market,29724.36,0,1.2,Android 14,0,4.0,4.4,VERIFIED,0.9,0.91,0.94,0.81,1,0.0,0.0,0.0,0.0,0.0,650.0,0.0,0.3985882460788598,10918.148333333334,0.0,0.3846153846153846,0.8930000000000001
96,4402.989583333333,1581.82,61143.79,20608.1,18576.603125,250.7,79346.0,400990808.06048286,12,0.3368414551979286,17091.99166666667,3777.335,621370447.2808878,0.4173188673789031,18131.925,-1039.9333333333336,8.0,0.0352186473465442,0.5489656472898309,205103.9,217583.1,45030.1,106259.26,66293.73999999999,0.0,38339.01999999999,22688.58,0.3046823949102665,0.0,0.1635299340803582,0.0307518368843903,0.1106199345794984,0.0,0.0,0.1595299451106267,0.0610263848616919,0.1762040342287613,1.0608433091715956,-0.0608433091715954,0.2069558711131517,0.4883617339765818,0.3046823949102664,0.0138264414837365,1.0245245954304354,Female,31,Master's,Self-Employed Business,186491.78,15540.98,Savings,Mass Market,69767.26,0,3.8,Android 14,0,2.5,4.9,VERIFIED,0.93,0.99,0.93,0.88,1,1.0,1334931.47,118800.72,12.31,7.6444,644.0,0.0,0.4699775793432743,-121391.665,7.644351900587994,0.1282051282051282,0.9380000000000002
94,12351.864295319148,2836.7,140734.37,129192.97,48088.95531914893,603.65,401084.23,4859161649.991757,12,0.3091094578122757,29643.253333333338,3224.9449999999997,2514803406.899788,0.3817325313785124,67113.01698,-37469.763646666666,7.833333333333333,0.2272229638166507,0.3815215081049978,355719.04,805356.20376,555621.59376,205504.6,44230.009999999995,24478.613759999997,448136.1599999999,109666.97,0.0549198103814206,0.0303947664967571,0.048457166925394,0.1030684554392983,0.3082965983490791,0.0,0.0,0.0591285443356327,0.0114145889198855,0.5564446612663665,2.264023325150096,-1.264023325150096,0.6899078832024219,0.2551723064161574,0.0549198103814206,0.0089945293351942,0.7165369325220422,Male,50,High School,Salaried - Govt,5271578.02,439298.17,Savings,HNI,530277.2,0,0.3,Android 14,0,2.5,0.9,REJECTED,0.55,0.61,0.36,0.32,0,1.0,431377.61,38204.39,11.39,0.087,748.0,1.0,0.3816481220691066,333980.76301999995,0.0869668771895862,1.25,0.484
97,4975.89027628866,826.11,111359.37,27543.47,17406.08020618557,0.0,111359.37,712486840.4910022,12,0.252482758802408,21629.458333333332,1995.405,1559961045.8016877,0.3638714668814923,18592.3214,3037.136933333333,8.083333333333334,0.0707737064989809,0.4562196689037223,259553.5,223107.8568,57083.47679999998,138290.72,27733.660000000003,7503.516799999981,34015.479999999996,68594.81,0.1243060661232617,0.033631790953585,0.1612732537350966,0.069762133092213,0.264280042457528,0.0,0.0,0.1385587242125307,0.0125546452741506,0.1524620445370169,0.8595833105698825,0.1404166894301174,0.255855968582815,0.6198379652939233,0.1243060661232617,0.0,0.9361972521723708,Female,27,High School,Salaried - Govt,449776.72,37481.39,Savings,Mass Market,6734.31,0,2.9,Android 13,0,9.7,6.1,VERIFIED,0.89,0.97,0.89,0.93,1,1.0,158391.0,14086.19,12.18,0.3758,632.0,1.0,0.4008107476903843,4802.878599999996,0.3758182393982721,0.1666666666666666,0.9220000000000002
100,7277.831999999999,2164.015,142091.25,40971.46,25756.6514,2389.51,157459.89,1118474207.114202,12,0.2806547825705637,31277.405833333338,7703.39,2231512743.732681,0.4088349167660579,29371.194166666668,1906.211666666666,8.333333333333334,0.0329369264655408,0.4756047425442858,375328.87,352454.33,174622.11,152781.89,25050.33,0.0,105718.51,59550.490000000005,0.0710739743217227,0.0,0.0791269041864232,0.1954965342601976,0.1586621620660302,0.0,0.0,0.0250140777104369,0.1603795305905306,0.2999495282126339,0.9390546749041714,0.0609453250958286,0.4954460624728315,0.4334799632054457,0.0710739743217227,0.0813555617262525,0.8769357913690549,Male,31,Master's,Self-Employed Professional,245527.83,20460.65,Savings,Mass Market,13387.6,0,4.9,Android 13,0,6.0,6.7,VERIFIED,0.87,0.9,0.83,0.95,1,1.0,1490788.49,132378.05,11.89,6.4699,652.0,0.0,0.4355428470773491,-141288.59416666665,6.469884876580166,0.1,0.887
97,4544.362164948454,1687.2,75753.83,17490.0,16265.132783505154,462.73,83448.92,398220515.63802034,12,0.2994058285884081,18474.658333333336,5969.799999999999,765155877.9088516,0.4109402005560614,18258.935833333333,215.72250000000045,8.083333333333334,0.0081957009724051,0.5382073001920998,221695.9,219107.23,62919.02,127065.77,29122.44,0.0,43667.79000000001,69190.04,0.1329140987269109,0.0,0.1674852993212501,0.0878621394647725,0.3120943598866735,0.0,0.0,0.0263701476213267,0.0702879590052779,0.1992987178013249,0.9883233293894926,0.0116766706105074,0.2871608572660975,0.5799250440069914,0.132914098726911,0.025342659847418,0.8908039839765299,Female,49,Diploma,Retired,242961.89,20246.82,Savings,Mass Market,41243.42,0,1.7,Android 14,0,8.4,3.5,VERIFIED,0.88,0.98,0.85,0.77,1,0.0,0.0,0.0,0.0,0.0,650.0,0.0,0.4618470404104767,1987.8841666666667,0.0,0.2777777777777778,0.8820000000000001
91,10824.021868131867,2851.88,149978.05,51516.66,40520.82835164835,827.4,239839.53,2089987974.651952,12,0.3115692201490656,35167.424999999996,3948.3,3170186281.0290637,0.3948146255174466,46914.74083333334,-11747.315833333332,7.583333333333333,0.1209929334125421,0.4544027425394314,422009.1,562976.89,267875.91000000003,210414.68,84686.29999999999,0.0,149769.68,49353.99,0.1504258904837106,0.0,0.1157333651830717,0.2097887712584437,0.1169500610294896,0.0,0.0,0.1030534308433158,0.0673007732164636,0.2660316660600402,1.3340396925090006,-0.3340396925090004,0.4758204373184839,0.3737536721978055,0.1504258904837106,0.017636247910638,0.8637120792290074,Male,47,Diploma,Salaried - Private,1606592.64,133882.72,Savings,Affluent,255896.88,1,2.4,Android 14,0,9.0,3.0,VERIFIED,0.89,0.93,0.98,0.76,1,0.0,0.0,0.0,0.0,0.0,650.0,0.0,0.4186498723262405,86967.97916666666,0.0,0.2,0.894
92,4855.343695652174,1157.79,121834.28,24770.99,14584.51141304348,231.88,123937.74,392275873.4138957,12,0.2544814041131982,20973.5925,1926.465,1445855866.908966,0.3655371435606593,16250.709166666667,4722.883333333334,7.666666666666667,0.111478726527285,0.542356846805472,251683.11,195008.51,44975.85,105063.88,44968.78,0.0,25426.76,35796.39,0.230599064625436,0.0,0.1166821899208398,0.100247368691756,0.1422280183998044,0.0,0.0,0.1476252497903809,0.0908949563278033,0.1303879507617385,0.7748176268165154,0.2251823731834846,0.2306353194534946,0.5387656159210693,0.230599064625436,0.0142689157514202,0.8974692281712308,Female,42,Master's,Salaried - Govt,515909.01,42992.42,Salary,Mass Market,42492.15,0,1.4,Android 14,0,9.5,6.7,REJECTED,0.66,0.46,0.39,0.14,0,1.0,286112.83,9630.63,12.93,0.224,604.0,0.0,0.4362650248585844,17111.080833333333,0.224007627391061,0.3333333333333333,0.442
95,6080.507263157894,2143.54,137858.1,29059.58,19520.813684210527,830.5,139010.88,652928611.5018895,12,0.2699754872173779,25786.41416666667,5706.215,1832072582.228463,0.3862247550969282,22350.935,3435.4791666666674,7.916666666666667,0.084359194029789,0.5399257564774125,309436.97,268211.22000000003,68703.38,155463.33,44044.51,0.0,40404.02,20217.85,0.1642157624874902,0.0,0.1023265171382464,0.1055114696544014,0.0653375386916437,0.0,0.0,0.3057060401872822,0.0962173394535843,0.1506425420979778,0.8667717370681339,0.1332282629318662,0.2561540117523793,0.5796302257601302,0.1642157624874902,0.0371572822345016,0.873377945227371,Male,61,High School,Self-Employed Business,340918.18,28409.85,Savings,Mass Market,39880.99,1,3.6,Android 14,0,0.9,5.7,VERIFIED,0.93,0.92,0.83,0.96,1,1.0,349525.82,31371.4,13.93,1.1042,605.0,0.0,0.4477051556491219,-25312.485,1.1042437746063427,0.1351351351351351,0.913
98,9605.678163265306,3565.62,96271.59,100159.78,43595.09959183673,3780.22,390984.23,3525875724.5814424,12,0.3416009137799394,24084.91916666667,7364.685,1181497317.0938995,0.422593494828035,54361.45249999999,-30276.53333333333,8.166666666666666,0.2399022858545712,0.391041032543471,289019.03,652337.4299999999,140159.16,391086.42,121091.85,0.0,78421.18999999999,73505.59,0.18562762832726,0.0,0.2472527753006599,0.0946411583342688,0.25432785515888,0.0,0.0,0.1098541747021936,0.1297282604188449,0.1202156834692131,2.2570743179091006,-1.2570743179091006,0.214856841803482,0.599515529869258,0.18562762832726,0.0695386128617516,0.8019487630842229,Female,50,Master's,Salaried - Govt,2049175.16,170764.6,Savings,Affluent,388015.86,1,0.4,Android 12,0,1.7,2.2,VERIFIED,0.85,1.0,0.88,0.89,1,0.0,0.0,0.0,0.0,0.0,650.0,0.0,0.4099725099142094,116403.14750000002,0.0,1.0,0.909
90,8641.741019555557,2182.43,73331.32,144698.64,32346.89344444445,322.44,416550.11,3866231259.5639615,12,0.305500947814445,15824.405833333332,5132.58,639317462.4317539,0.395302205625635,48988.65181333333,-33164.24598,7.5,0.2747582651612777,0.3572029378117545,189892.87,587863.82176,204457.47176,356576.4,26829.949999999997,12921.941759999983,174939.09,219303.77,0.0456397366309667,0.0219811821746626,0.0484866544681444,0.0282317764517504,1.1548815392594785,0.0,0.0,0.1703044417672518,0.0147198376217353,0.2975843784301125,3.095765637540788,-2.0957656375407883,0.3477973370565256,0.6065629263125077,0.0456397366309667,0.0065819325101786,0.6602936036635434,Male,46,High School,Salaried - Private,1904842.94,158736.91,Savings,Affluent,407904.79,0,0.5,Android 13,0,3.4,5.8,VERIFIED,0.9,0.88,0.95,0.76,1,3.0,2980020.21,133909.39,12.226666666666668,0.8436,745.0,2.0,0.3800624985000828,-24161.13181333334,0.843593276447173,0.8333333333333334,0.876
96,5957.0625,915.55,139969.03,38568.67,17723.736041666667,446.81,147021.89,683950020.779024,12,0.2527474459777723,26733.102499999997,5327.094999999999,2048488594.8841836,0.381547962517369,20923.397500000003,5809.704999999998,8.0,0.1634870234521378,0.497072026467951,320797.23000000004,251080.77,56935.2,143095.38,51050.19,0.0,50680.1,33204.6,0.20332178366348,0.0,0.1321234597137805,0.0249127004031411,0.1035065047163904,0.0,0.0,0.1908778199142849,0.1146697534821165,0.2018477958307997,0.7826774875830441,0.2173225124169556,0.2267604962339409,0.569917720102579,0.2033217836634801,0.0213545625178702,0.847077346863322,Male,45,Master's,Salaried - Private,584661.58,48721.8,Savings,Mass Market,9887.25,0,1.6,Android 13,0,7.8,4.9,REJECTED,0.59,0.57,0.29,0.4,0,1.0,5916699.24,61783.63,9.5,1.2681,627.0,0.0,0.4277575880976019,-33985.22749999999,1.2680900541441409,0.2941176470588235,0.486
95,6447.353157894736,1726.34,144808.37,36059.7,21655.03452631579,550.69,146725.5,763172131.8014697,12,0.2728305857798153,26362.7375,3743.56,1963866483.5559113,0.3832349103302154,24678.808333333334,1683.929166666666,7.916666666666667,0.0524821815313385,0.5460531836789992,316352.85,296145.7,82454.52,193238.58,20452.6,0.0,58124.95,45260.149999999994,0.0690626269434268,0.0,0.2298140746261046,0.0821540545751635,0.1430685704269773,0.0,0.0,0.2164395431032765,0.0534275527215151,0.196271463674806,0.9361246468934926,0.0638753531065074,0.2784255182499695,0.6525118548066036,0.0690626269434268,0.0223142865150498,0.8774748858949817,Female,35,High School,Self-Employed Professional,342812.5,28567.71,Salary,Mass Market,48187.97,1,3.2,Android 11,0,6.1,6.5,VERIFIED,0.92,0.97,0.9,0.76,1,1.0,1047901.76,17153.73,9.55,0.6005,649.0,0.0,0.448362219669729,-13264.828333333331,0.600458699699766,0.1515151515151515,0.899
97,6123.561595876288,1429.84,115430.98,27175.19,22893.97701030928,167.87,121733.26,833258079.3459544,12,0.2793711643419107,26405.171666666665,5896.43,1701838239.6455789,0.4006809342163738,23093.6179,3311.553766666664,8.083333333333334,0.0844669345255234,0.5771367408056105,316862.06,277123.4148,132194.2248,125257.15,19672.04,18248.024800000007,66165.42,41789.36,0.0709865675341699,0.0658480078746489,0.00762577208254,0.1724169718191564,0.1318850227761569,0.0,0.0,0.1948393644000376,0.0987284312289009,0.2387579557207448,0.8745869253011863,0.1254130746988136,0.4770229354145501,0.4519904970512797,0.0709865675341699,0.0072691078862961,0.9913551488313694,Male,50,Master's,Self-Employed Business,394513.87,32876.16,Savings,Mass Market,32471.0,1,1.6,Android 11,0,0.7,4.6,VERIFIED,0.9,0.94,0.93,0.83,1,2.0,910235.51,51531.34,14.125,1.5674,663.0,1.0,0.4712632568520685,-41748.797900000005,1.5674379246238004,0.2941176470588235,0.904
92,3919.4025,1612.29,46127.02,20549.66,14706.543695652172,1132.0,51065.52,159247780.1114566,12,0.3561302895395256,13593.893333333332,5484.24,253510624.54356968,0.4714054983076153,16454.859166666665,-2860.9658333333336,7.666666666666667,0.1063765347400006,0.5467852267357232,163126.72,197458.31,71983.88,110021.35,15453.08,0.0,52859.96,22618.55,0.0782599628245577,0.0,0.2409383023687379,0.0968504187035734,0.1386563157770842,0.0,0.0,0.14798784614332,0.0537131103775779,0.2677018759048429,1.2104596353068338,-0.2104596353068338,0.3645522946084163,0.5571877425670259,0.0782599628245577,0.0687942685217958,0.8937508092104409,Male,31,Bachelor's,Salaried - Private,581372.78,48447.73,Savings,Mass Market,71615.18,1,4.9,Android 14,0,4.4,5.4,REJECTED,0.51,0.67,0.47,0.3,0,2.0,1561791.22,48157.600000000006,10.75,0.994,668.0,0.0,0.5015573896788585,-16164.729166666664,0.9940114841293908,0.1,0.508
98,6187.4624489795915,2200.66,114744.58,24497.76,28504.020204081633,1180.23,117820.63,568141696.0198557,12,0.3077970125009619,23329.0975,7319.87,1290119914.104566,0.4041999913652359,27201.845833333336,-3872.7483333333334,8.166666666666666,0.1173494468870203,0.6263016695333016,279949.17,326422.15,81068.81,178402.21,66951.13,0.0,58895.259999999995,81424.37,0.205105964775981,0.0,0.1057109022779244,0.0679290605738611,0.2908541218393324,0.0,0.0,0.1333952980825596,0.0579871188275673,0.1804266652860414,1.1660050644193731,-0.166005064419373,0.2483557258599025,0.5465383093641163,0.205105964775981,0.0433878644571148,1.0478708091622446,Female,24,Master's,Salaried - Private,332275.11,27689.59,Savings,Mass Market,60817.16,1,3.8,Android 14,0,3.5,6.8,VERIFIED,0.85,0.97,0.87,0.76,1,1.0,1193182.43,39187.69,11.22,1.4152,654.0,0.0,0.4930406626324622,-38699.945833333346,1.4152499188323122,0.1282051282051282,0.8720000000000001
98,6619.829387755102,2309.93,110279.13,29375.65,23825.597653061224,1583.37,112658.02,752502854.0525438,12,0.2899498982624865,26779.0925,6822.05,1734413768.4507475,0.4017814450324751,27282.847500000003,-503.7550000000004,8.166666666666666,0.0182356200134695,0.5721620418724181,321349.11,327394.17,60297.22,181416.75,85680.2,0.0,24797.550000000003,28051.57,0.2617034994850397,0.0,0.1580501876377334,0.108430977863778,0.0872931311370366,0.0,0.0,0.1964058797992645,0.1139859332253839,0.0757421856351321,1.0188115037878898,-0.0188115037878897,0.1841731634989102,0.5541233370160501,0.2617034994850397,0.058035364527108,0.8732811944596773,Male,63,Bachelor's,Salaried - Private,202152.46,16846.04,Savings,Mass Market,62893.98,0,1.7,Android 14,0,0.3,3.8,VERIFIED,0.92,0.9,0.96,0.86,1,2.0,2143965.22,43922.23,11.96,2.6073,619.0,0.0,0.4699336837684523,-54359.03750000001,2.6072732820294857,0.2777777777777778,0.91
93,9168.481182795698,2337.25,118142.45,90259.06,45270.4970967742,1833.54,294333.2,4173333129.237408,12,0.3216550143581902,22084.895,4409.075,1652201487.0798814,0.3620478031115389,48970.83416666667,-26885.939166666667,7.75,0.2200685158858497,0.384169343083317,265018.74,587650.01,348349.29,200590.69,38710.03,0.0,228218.7499999999,22883.93,0.0658725931103106,0.0,0.0858623655941059,0.2044253177158969,0.0863483465357959,0.0,0.0,0.0846052227583557,0.1319347888720362,0.3883582848913761,2.217390400392063,-1.2173904003920628,0.5927836026072729,0.3413438042824163,0.0658725931103106,0.0374414696257726,0.9244379408098544,Male,62,Bachelor's,Self-Employed Professional,1085677.3,90473.11,Savings,Affluent,380019.76,1,4.3,Android 11,0,8.5,5.5,PENDING_REVERIFICATION,0.35,0.57,0.36,0.26,0,0.0,0.0,0.0,0.0,0.0,650.0,0.0,0.3708964191002502,41502.27583333333,0.0,0.1136363636363636,0.3999999999999999
94,4923.728404255319,1710.39,80806.79,21576.1,20205.395319148935,229.53,86025.4,547102334.8292401,12,0.293241462481668,19275.683333333334,4290.665,971518367.7491512,0.3924493287561373,19293.5225,-17.83916666666725,7.833333333333333,0.0004774409952819,0.5114995902604699,231308.2,231522.27,85006.11,95839.99,50676.17,6864.09,28962.29,19426.79,0.2188824859051356,0.0296476446952597,0.0912479823215278,0.2124190040120114,0.0839866031554436,0.0,0.0,0.1493364331647232,0.0894624521433726,0.1250950502515373,1.0009254751885148,-0.0009254751885147,0.3671616989588086,0.4139558151360558,0.2188824859051356,0.0118967389184634,1.047263158873603,Female,44,High School,Salaried - Govt,209624.97,17468.75,Savings,Mass Market,68388.35,0,0.8,Android 11,0,1.6,6.7,VERIFIED,0.88,0.88,0.83,0.97,1,1.0,65226.75,2288.03,15.84,0.131,667.0,1.0,0.4400694333578704,-4112.802499999998,0.1309784615384615,0.5555555555555556,0.8880000000000001
96,5584.938333333333,2305.15,83911.36,17089.17,24360.3565625,878.6,97157.82,499855284.5113049,12,0.3192212847632084,22805.911666666667,9294.4,939630205.5687604,0.437288506175545,21873.595,932.316666666667,8.0,0.0282012161749442,0.5938192739274548,273670.94,262483.14,126952.88,110137.41,25392.85,0.0,77808.76000000001,15517.22,0.0967408801952003,0.0,0.1443419946896398,0.1872277206071216,0.0567002839249209,0.0,0.0,0.1351393845715195,0.0809996405864391,0.2964333633009724,0.9591195177683096,0.0408804822316903,0.483661083908094,0.4195980358967056,0.0967408801952003,0.0401671513073182,1.1136878305783755,Male,51,Bachelor's,Self-Employed Professional,596327.52,49693.96,Savings,Mass Market,11372.78,0,2.2,Android 12,0,9.7,2.4,VERIFIED,0.93,0.92,0.88,0.85,1,2.0,1424575.35,26903.83,11.87,0.5414,607.0,0.0,0.499900813276309,916.5349999999962,0.5413903420053464,0.217391304347826,0.901
94,3223.271808510638,1588.31,41983.52,9377.8,13344.36574468085,315.53,46545.79,167229614.6588462,12,0.3398997310649785,13088.981666666668,5027.665,300520386.08090603,0.4409259641277597,12159.980833333331,929.0008333333328,7.833333333333333,0.0406800506791282,0.5845916296608524,157067.78,145919.77,66521.35,57907.47,21490.95,0.0,46320.01,10277.83,0.147279220629254,0.0,0.0548049794760504,0.1384414188701092,0.0654356354944343,0.0,0.0,0.1699808737363004,0.1016239266276255,0.3174347793996659,0.9290242085295914,0.0709757914704084,0.4558761982697753,0.3968445811009708,0.147279220629254,0.0259482316892358,1.09740022846918,Female,19,Diploma,Self-Employed Professional,497626.59,41468.88,Savings,Mass Market,35155.41,0,4.4,Android 10,0,4.6,5.6,VERIFIED,0.9,1.0,0.93,0.97,1,1.0,3949568.47,31034.88,8.21,0.7484,654.0,0.0,0.4983922303409968,-1725.9808333333349,0.7483896357943596,0.1111111111111111,0.9500000000000002
91,34145.95781714286,3761.492799999995,136297.39,710004.69,165442.57714285713,876.88,1785419.11,137035413783.2136,12,0.2708554901395427,30858.27666666667,3638.3899999999994,2751454065.030751,0.3806007090520024,228081.90344666663,-197223.62678,7.583333333333333,0.2709248319390979,0.3064111772980847,370299.32,2736982.84136,617171.32136,2105570.53,14240.99,66327.99136000001,136090.40999999997,461092.58,0.0052031710921956,0.0242339814330154,0.1605919165286381,0.1515365437197663,1.2451888380459355,0.0,0.0,0.1164034444007297,0.3238406856652329,0.0497227852303147,7.39127158364752,-6.391271583647521,0.2254933103830965,0.7693035185247077,0.0052031710921956,0.0038445838391779,0.7253647687202122,Female,62,Diploma,Salaried - Private,2467360.97,205613.41,Salary,HNI,2495423.8,0,0.5,Android 13,0,9.6,0.9,VERIFIED,0.9,1.0,0.83,0.91,1,2.0,6041527.17,195839.75,10.005,0.9525,740.0,1.0,0.3509248963504353,-218308.24344666663,0.9524658435459048,0.8333333333333334,0.918
92,6111.203695652174,1206.48,145696.02,29746.0,20368.44597826087,224.87,146502.96,1052829215.0115916,12,0.2260366049623029,28229.760833333337,3856.135,2887372406.09099,0.3543132200501294,18622.800833333335,9606.96,7.666666666666667,0.1479680503306203,0.4589113214203685,338757.13,223473.61,91274.88,69197.17,63001.56,0.0,52785.14,13611.44,0.2819194624367503,0.0,0.0745526507581812,0.1722339384950196,0.0401805269751813,0.0,0.0,0.1489566486172573,0.0252257973547749,0.23620301296426,0.6596868086584627,0.3403131913415372,0.4084369514592797,0.3096435861039699,0.2819194624367503,0.0120749828134069,1.0937369819153608,Male,25,Bachelor's,Salaried - Govt,215552.48,17962.71,Savings,Mass Market,10706.83,0,1.0,Android 14,0,4.0,2.4,VERIFIED,0.99,0.92,0.84,0.77,1,2.0,2335345.9,174148.87,11.74,9.695,617.0,0.0,0.396152460598225,-174808.96083333337,9.69502207629027,0.4545454545454545,0.895
95,6647.684,1581.24,115833.87,36171.02,19834.010315789474,431.85,124595.03,672306939.3250029,12,0.2784205044459454,26535.82083333333,3786.105000000001,2069004262.8593535,0.3786287757085165,26091.6775,444.14333333333224,7.916666666666667,0.0118516698188638,0.5564303732670719,318429.85,313100.13,50132.53,213206.16,49761.44,0.0,31642.460000000003,118755.52,0.1589313936088113,0.0,0.1912929579428791,0.0590548141899525,0.3729409161860925,0.0,0.0,0.0318558475207276,0.0785139246029696,0.1010617913189623,0.98326249878898,0.0167375012110202,0.160116605508915,0.6809520008822737,0.1589313936088113,0.0165512547056432,0.7601661608683257,Female,51,Bachelor's,Self-Employed Business,230229.58,19185.8,Salary,Mass Market,54066.87,0,0.3,iOS 17,0,0.5,1.1,VERIFIED,0.93,0.97,0.9,0.87,1,0.0,0.0,0.0,0.0,0.0,650.0,0.0,0.4497494147319387,-6905.877500000002,0.0,1.25,0.9240000000000002
98,6270.638673469388,1780.235,148681.92,31323.46,23483.61642857143,1056.43,160671.9,989248975.3702976,12,0.2691305115724445,24310.5425,5782.945,2074905517.3839664,0.3579257191355822,26899.673333333336,-2589.130833333334,8.166666666666666,0.0788518954436599,0.5193194965871293,291726.51,322796.08,58951.869999999995,199659.99,64184.22,0.0,17795.32,52100.66,0.1988382882468709,0.0,0.2293727668564004,0.1275001542769664,0.1785941908399068,0.0,0.0,0.173225523680461,0.0545303400214773,0.0551286744250425,1.106502388144293,-0.1065023881442931,0.182628828702009,0.61853288305112,0.1988382882468709,0.0392729676271161,0.8730074948334475,Male,57,High School,Salaried - Private,492208.22,41017.35,Savings,Mass Market,54803.11,0,0.6,Android 12,0,4.0,6.3,VERIFIED,0.93,0.94,0.82,0.81,1,1.0,426188.57,38012.04,12.73,0.9267,693.0,0.0,0.422483230116201,-23894.363333333335,0.9267307614948308,0.7142857142857143,0.887
94,5699.223617021276,2330.96,94301.91,22429.17,28527.771808510635,1150.68,111935.31,746034514.7482927,12,0.3156332373567934,20569.055,4025.74,1181260762.0649548,0.3846572553974982,24074.86333333333,-3505.808333333331,7.833333333333333,0.0828819661428395,0.6091502797942291,246828.66,288898.36,108236.34,150212.43,30449.59,0.0,73949.91999999998,22370.35,0.1053989714583357,0.0,0.1608928482667745,0.1186798706645479,0.090631087978195,0.0,0.0,0.2326774025300801,0.0489455184169269,0.2559721003608328,1.1704409042288686,-0.1704409042288686,0.3746519710253806,0.5199490575162836,0.1053989714583357,0.0477959099525521,1.1849609035583577,Male,56,Master's,Salaried - Govt,494190.74,41182.56,Salary,Mass Market,61259.19,1,0.7,Android 13,0,7.6,5.6,VERIFIED,0.98,0.92,0.87,0.78,1,3.0,12379072.03,111240.0,9.8,2.7011,640.0,0.0,0.4744544651561906,-94132.30333333334,2.7011433966222596,0.625,0.9000000000000001
98,7167.677551020409,1905.285,145551.36,30366.85,24895.936938775507,2324.38,150573.31,1015034961.7403622,12,0.2749405230032827,29932.700833333332,6659.3949999999995,2429865747.589444,0.3881001997156834,28603.3325,1329.3683333333329,8.166666666666666,0.0331162526903611,0.5473711991817547,359192.41,343239.99,151850.83,161671.63,29717.529999999995,0.0,82282.48000000001,23825.84,0.0865794513046105,0.0,0.0865218531209023,0.2026813658863001,0.0663316911401329,0.0,0.0,0.2235331320222914,0.0915467920856191,0.2397228831057826,0.955588092743942,0.0444119072560581,0.4424042489920827,0.4710162997033067,0.0865794513046105,0.0812625591790746,0.8703858873358727,Male,23,Bachelor's,Retired,500676.65,41723.05,Current,Mass Market,9933.83,1,0.1,Android 13,0,5.9,5.2,VERIFIED,0.89,0.89,0.94,0.78,1,2.0,6867480.44,76903.64,11.92,1.8432,660.0,0.0,0.4518085995021119,-63783.9225,1.8431931510280288,2.5,0.878
95,8214.773684210526,1924.34,142741.41,44416.49,29260.92652631579,2003.61,150489.53,1116788339.1402442,12,0.2833089196440187,32813.0375,4717.445,3007668147.647475,0.3845930265806108,32220.5875,592.4500000000002,7.916666666666667,0.0150436572181348,0.5795084788614085,393756.45,386647.05,168653.06,172744.26,45249.73,0.0,100822.02,44247.91,0.1170311011037068,0.0,0.233649370918516,0.1754340036992394,0.1123738036545179,0.0,0.0,0.0709234429694989,0.0277621929353916,0.2607598325139167,0.9819446767157718,0.0180553232842281,0.4361938362131561,0.446775062683137,0.1170311011037068,0.0621841547737141,0.908143792422028,Male,28,Bachelor's,Salaried - Private,519202.87,43266.91,Current,Mass Market,58317.55,0,0.3,Android 13,0,3.2,2.1,VERIFIED,0.92,1.0,0.93,0.77,1,2.0,1525541.2,52145.240000000005,13.625,1.2052,651.0,0.0,0.4625592074929299,-41098.9175,1.2051990770776098,1.25,0.916
94,8541.214653617022,2300.935,79355.17,85109.58,37289.30776595745,121.27,388011.65,5018131069.666594,12,0.3449661799213342,18195.83166666667,5493.95,713191029.4896333,0.4157799706411144,48710.349786666666,-30514.518119999997,7.833333333333333,0.2548871350410518,0.3820854126097585,218349.98,584524.19744,249402.47744,206272.6,128849.12,22715.67744,28264.610000000004,67665.51999999999,0.2204341934248599,0.0388618256343984,0.0136869953973483,0.3394593258397443,0.3098947845106282,0.0,0.0,0.0800031208370979,0.1434379284334183,0.0483549015144087,2.677005958232742,-1.6770059582327417,0.4266760529885515,0.3528897535865885,0.2204341934248599,0.0024896146410591,0.7655315128975841,Male,34,Bachelor's,Self-Employed Business,1834282.98,152856.92,Savings,Affluent,393592.22,0,3.2,Android 12,0,3.6,7.0,VERIFIED,0.92,0.94,0.96,0.96,1,2.0,4282526.86,59290.58,10.785,0.3879,750.0,2.0,0.402302147428572,44855.99021333334,0.3878828645768866,0.1515151515151515,0.942
95,7604.337578947368,2008.02,118015.65,53174.37,35993.316526315786,200.36,218803.22,2354588541.2339215,12,0.3149586606904547,21658.48833333333,3556.035,1661846132.4300878,0.3568889173809615,38542.5175,-16884.029166666667,7.916666666666667,0.2368776231569871,0.5089264455940357,259901.86,462510.21,101406.2,191424.01,169680.00000000003,0.0,30694.81,81960.45999999999,0.3668675768260337,0.0,0.070745594999946,0.1528861168275614,0.3153515715508923,0.0,0.0,0.1031685332957298,0.0627585929400347,0.066365691689271,1.779557137451806,-0.779557137451806,0.2192518085168325,0.4138806146571337,0.3668675768260337,0.0051984149712067,0.9338600294159763,Female,28,Bachelor's,Salaried - Private,1288254.0,107354.5,Savings,Affluent,227250.94,1,5.5,iOS 16,0,6.6,6.9,REJECTED,0.4,0.61,0.56,0.31,0,0.0,0.0,0.0,0.0,0.0,650.0,0.0,0.4177039286661912,68811.9825,0.0,0.0892857142857142,0.477
91,4503.098791208791,2047.83,68451.21,17786.31,15418.61021978022,450.78,68901.99,254085117.1255532,12,0.3154675335219707,17154.725000000002,4626.785,564310596.0535002,0.4299721511542803,16993.774166666666,160.95083333333483,7.583333333333333,0.0055228482787941,0.50369543464179,205856.7,203925.29,29189.94,146772.62,27962.73,0.0,12529.63,63912.350000000006,0.137122423609156,0.0,0.2440308409025677,0.0816981062035022,0.3104700988600322,0.0,0.0,0.1114725888093624,0.0508231715644489,0.0614422566225111,0.990617696679292,0.0093823033207081,0.1431403628260134,0.7197372135648304,0.137122423609156,0.0265261851533961,0.9073093515638136,Male,64,Diploma,Self-Employed Business,284459.99,23705.0,Salary,Mass Market,47051.58,0,2.2,Android 14,0,0.2,2.4,VERIFIED,0.95,0.96,0.85,0.9,1,1.0,1277031.66,27989.19,11.35,1.1807,661.0,0.0,0.4594614645492842,-21277.964166666665,1.1807293819869225,0.217391304347826,0.923
99,7924.733434343434,2282.31,58157.34,108547.87,31872.48494949495,1291.81,349297.33,2469484126.6087985,12,0.3327443050898009,16770.215833333332,4994.155000000001,542947360.9597173,0.4291459688813448,48608.835,-31838.61916666666,8.25,0.2407254127237073,0.3452246573731928,201242.59,583306.02,219004.69,294547.35,69753.98,0.0,110249.09,126673.42,0.1195838506861286,0.0,0.0529443190042852,0.1864469014052006,0.6294563193606284,0.0,0.0,0.2003471351110005,0.0345059013791765,0.1890072898613321,2.898521729421193,-1.8985217294211925,0.3754541912665328,0.5049619580473385,0.1195838506861286,0.0265756214893856,0.6556932489637933,Male,33,Diploma,Self-Employed Business,8641106.95,720092.25,Savings,HNI,403286.72,1,0.7,Android 14,0,0.8,2.9,VERIFIED,0.98,0.93,0.83,0.76,1,0.0,0.0,0.0,0.0,0.0,650.0,0.0,0.395577444278084,671483.415,0.0,0.625,0.891
93,6241.1650537634405,1073.2,142689.63,40249.36,18724.98010752688,142.9,142832.53,645722114.7052988,12,0.2617059120735785,24083.974166666667,1866.7,1957373886.6915724,0.3624870955189384,24285.054999999997,-201.08083333333403,7.75,0.003337534851661,0.4238341371814623,289007.69,291420.66,102967.39,87064.85,101388.41999999998,0.0,88523.23,23024.21,0.3479108859337564,0.0,0.0622020415436572,0.0495646396518352,0.0796664268691258,0.0,0.0,0.0400299004195515,0.1175213178091079,0.3037644276833358,1.0083491549999932,-0.0083491549999932,0.3533290673351711,0.2987600467310726,0.3479108859337563,0.0058842773878832,0.7710495243896661,Female,51,Bachelor's,Salaried - Private,298139.52,24844.96,Savings,Mass Market,32012.29,0,5.4,Android 14,0,9.8,6.6,REJECTED,0.31,0.64,0.49,0.16,0,0.0,0.0,0.0,0.0,0.0,650.0,0.0,0.387025912183948,559.9050000000025,0.0,0.0909090909090909,0.415
93,7052.061075268816,2173.54,130208.78,39339.34,27014.66129032258,784.69,137407.11,1205157654.9394207,12,0.2729969589523016,29041.805000000004,5239.4400000000005,2317746397.0047727,0.3865354627085471,25611.668333333335,3430.136666666666,7.75,0.0680188990909192,0.5579535280961112,348501.66000000003,307340.02,91982.1,177880.13,37477.79,0.0,77039.54,72234.05,0.1219424336602828,0.0,0.0895674439013832,0.048618985578253,0.2072703183106789,0.0,0.0,0.0218883957904343,0.2322874840705743,0.2506655007050497,0.8818896874121058,0.118110312587894,0.2992844862833028,0.5787730800564144,0.1219424336602828,0.0306379885053693,1.054779444225555,Male,24,Master's,Retired,314818.76,26234.9,Salary,Mass Market,40404.86,1,1.0,Android 14,0,6.0,1.5,VERIFIED,0.94,0.88,0.92,0.95,1,2.0,3910987.34,54120.1,9.635000000000002,2.0629,638.0,0.0,0.4551026888635727,-53496.86833333334,2.062904756640963,0.4545454545454545,0.9200000000000002
94,8561.712787234042,2305.415,133876.34,36916.36,31949.689574468084,333.63,134209.97,1450649374.615924,12,0.272816827359809,35367.85833333334,7324.59,3185172649.303851,0.3956093625609586,31698.89183333333,3668.966499999999,7.833333333333333,0.0581632374144353,0.579816851439832,424414.3,380386.702,134660.202,140600.19,105126.30999999998,24902.252,17935.800000000003,59348.98,0.2763669430273616,0.0654656218765502,0.0503591211240607,0.2413915878689155,0.1398373711724604,0.0,0.0,0.1281881562726133,0.0350543274249371,0.0471514905902257,0.8962626895465116,0.1037373104534884,0.3540087003356915,0.3696243566369468,0.2763669430273616,0.0105249736096189,1.0079118772496338,Male,53,Bachelor's,Salaried - Private,452284.96,37690.41,Savings,Mass Market,39309.85,0,4.1,Android 13,0,6.0,5.7,VERIFIED,0.91,0.88,0.88,0.94,1,3.0,2733941.7,161565.89,12.03,4.2867,636.0,1.0,0.4692923581125079,-155574.37183333334,4.286657799689629,0.119047619047619,0.901
98,6109.28612244898,2220.21,111170.36,18112.01,22487.488367346938,1413.51,112583.87,584370480.8830343,12,0.3051005294481299,22979.284166666665,5130.24,1284292842.9730449,0.4011106726338871,26913.219166666662,-3933.934999999999,8.166666666666666,0.1094542955129815,0.603989770971147,275751.41,322958.63,101460.12,156269.49,65229.02,0.0,72985.43000000001,51666.59,0.201973299180765,0.0,0.0537929269764365,0.0881682276147877,0.1873665487331506,0.0,0.0,0.1055555629524437,0.1645409816111741,0.2259900285061278,1.1711948453862848,-0.1711948453862846,0.3141582561209155,0.4838684446983193,0.201973299180765,0.0525210303251534,0.8355555025984699,Male,19,High School,Salaried - Private,383312.37,31942.7,Savings,Mass Market,56563.44,1,0.1,Android 13,0,2.5,1.9,VERIFIED,0.98,1.0,0.83,0.93,1,0.0,0.0,0.0,0.0,0.0,650.0,0.0,0.4822623119687911,5029.480833333335,0.0,2.5,0.946
